2026-03-26 08:57:22.797 | INFO     | ao_compensation_model.utils:setup_logger:421 - Logging to 'data\logs\log_file_2026-03-26_08-57-22.log'.
2026-03-26 08:57:31.829 | INFO     | ao_compensation_model.app:_run_train:41 - Starting GRU training pipeline...
2026-03-26 08:57:31.832 | WARNING  | ao_compensation_model.training_search:setup_gpu:68 - No compatible GPU found. TensorFlow will fall back to CPU for training.
2026-03-26 08:57:32.721 | INFO     | ao_compensation_model.training_search:train:235 - Starting hyperparameter search with 72 combinations.
2026-03-26 08:57:32.723 | INFO     | ao_compensation_model.training_search:train:241 - --- Testing Config: GRU=16 | BATCH=32 | KERNEL=10 | FILTERS=8 | POOL=5 ---
2026-03-26 08:57:32.891 | INFO     | ao_compensation_model.training_search:train:259 - Model architecture:
Model: "functional"
┏━━━━━━━━━━━━━━━━━━━━━━━━━━━━━━━━━━━━━━┳━━━━━━━━━━━━━━━━━━━━━━━━━━━━━┳━━━━━━━━━━━━━━━━━┓
┃ Layer (type)                         ┃ Output Shape                ┃         Param # ┃
┡━━━━━━━━━━━━━━━━━━━━━━━━━━━━━━━━━━━━━━╇━━━━━━━━━━━━━━━━━━━━━━━━━━━━━╇━━━━━━━━━━━━━━━━━┩
│ input_layer (InputLayer)             │ (None, 200, 2)              │               0 │
├──────────────────────────────────────┼─────────────────────────────┼─────────────────┤
│ conv1d (Conv1D)                      │ (None, 200, 8)              │             168 │
├──────────────────────────────────────┼─────────────────────────────┼─────────────────┤
│ batch_normalization                  │ (None, 200, 8)              │              32 │
│ (BatchNormalization)                 │                             │                 │
├──────────────────────────────────────┼─────────────────────────────┼─────────────────┤
│ zero_padding1d (ZeroPadding1D)       │ (None, 204, 8)              │               0 │
├──────────────────────────────────────┼─────────────────────────────┼─────────────────┤
│ average_pooling1d (AveragePooling1D) │ (None, 200, 8)              │               0 │
├──────────────────────────────────────┼─────────────────────────────┼─────────────────┤
│ gru (GRU)                            │ (None, 16)                  │           1,248 │
├──────────────────────────────────────┼─────────────────────────────┼─────────────────┤
│ dense (Dense)                        │ (None, 2)                   │              34 │
├──────────────────────────────────────┼─────────────────────────────┼─────────────────┤
│ phase (UnitNormalization)            │ (None, 2)                   │               0 │
└──────────────────────────────────────┴─────────────────────────────┴─────────────────┘
 Total params: 1,482 (5.79 KB)
 Trainable params: 1,466 (5.73 KB)
 Non-trainable params: 16 (64.00 B)


2026-03-26 08:57:32.903 | INFO     | ao_compensation_model.training_search:train:262 - Parameters — trainable: 1466  non-trainable: 16  total: 1482
2026-03-26 08:57:32.999 | INFO     | ao_compensation_model.training_search:on_train_begin:130 - Training started.
2026-03-26 08:57:33.000 | INFO     | ao_compensation_model.training_search:on_train_begin:131 - Hyperparameters:
  WINDOW_SIZE: 200
  STRIDE: 20
  TARGET_LEAD: 0
  GRU_UNITS: 16
  DROPOUT_RATE: 0.2
  FILTERS: 8
  KERNEL_SIZE: 10
  POOL_SIZE: 5
  BATCH_SIZE: 32
  MAX_EPOCHS: 100
  LEARNING_RATE: 0.0005
  TRAINING_DATA_DIR: D:\01_Code\ao_compensation_model\src\ao_compensation_model\dataset\training
  MODEL_DIR: D:\01_Code\ao_compensation_model\src\ao_compensation_model\model
2026-03-26 08:58:00.777 | INFO     | ao_compensation_model.training_search:on_epoch_end:150 - Epoch   1 | val_loss: 0.236720
2026-03-26 08:58:29.652 | INFO     | ao_compensation_model.training_search:on_epoch_end:150 - Epoch   2 | val_loss: 0.193476
2026-03-26 08:58:56.920 | INFO     | ao_compensation_model.training_search:on_epoch_end:150 - Epoch   3 | val_loss: 0.194717
2026-03-26 08:59:27.236 | INFO     | ao_compensation_model.training_search:on_epoch_end:150 - Epoch   4 | val_loss: 0.194635
2026-03-26 08:59:27.274 | INFO     | ao_compensation_model.training_search:train:294 - Best model for this run saved as: gru_model.keras (val_loss=0.193476)
2026-03-26 08:59:31.528 | INFO     | ao_compensation_model.training_search:train:311 - TFLite model saved as: gru_model_edge.tflite
2026-03-26 08:59:31.531 | INFO     | ao_compensation_model.training_search:train:317 - *** New best overall config! Val Loss: 0.193476 ***
2026-03-26 08:59:34.086 | INFO     | ao_compensation_model.training_search:train:241 - --- Testing Config: GRU=16 | BATCH=32 | KERNEL=10 | FILTERS=8 | POOL=3 ---
2026-03-26 08:59:34.238 | INFO     | ao_compensation_model.training_search:train:259 - Model architecture:
Model: "functional"
┏━━━━━━━━━━━━━━━━━━━━━━━━━━━━━━━━━━━━━━┳━━━━━━━━━━━━━━━━━━━━━━━━━━━━━┳━━━━━━━━━━━━━━━━━┓
┃ Layer (type)                         ┃ Output Shape                ┃         Param # ┃
┡━━━━━━━━━━━━━━━━━━━━━━━━━━━━━━━━━━━━━━╇━━━━━━━━━━━━━━━━━━━━━━━━━━━━━╇━━━━━━━━━━━━━━━━━┩
│ input_layer (InputLayer)             │ (None, 200, 2)              │               0 │
├──────────────────────────────────────┼─────────────────────────────┼─────────────────┤
│ conv1d (Conv1D)                      │ (None, 200, 8)              │             168 │
├──────────────────────────────────────┼─────────────────────────────┼─────────────────┤
│ batch_normalization                  │ (None, 200, 8)              │              32 │
│ (BatchNormalization)                 │                             │                 │
├──────────────────────────────────────┼─────────────────────────────┼─────────────────┤
│ zero_padding1d (ZeroPadding1D)       │ (None, 202, 8)              │               0 │
├──────────────────────────────────────┼─────────────────────────────┼─────────────────┤
│ average_pooling1d (AveragePooling1D) │ (None, 200, 8)              │               0 │
├──────────────────────────────────────┼─────────────────────────────┼─────────────────┤
│ gru (GRU)                            │ (None, 16)                  │           1,248 │
├──────────────────────────────────────┼─────────────────────────────┼─────────────────┤
│ dense (Dense)                        │ (None, 2)                   │              34 │
├──────────────────────────────────────┼─────────────────────────────┼─────────────────┤
│ phase (UnitNormalization)            │ (None, 2)                   │               0 │
└──────────────────────────────────────┴─────────────────────────────┴─────────────────┘
 Total params: 1,482 (5.79 KB)
 Trainable params: 1,466 (5.73 KB)
 Non-trainable params: 16 (64.00 B)


2026-03-26 08:59:34.254 | INFO     | ao_compensation_model.training_search:train:262 - Parameters — trainable: 1466  non-trainable: 16  total: 1482
2026-03-26 08:59:34.363 | INFO     | ao_compensation_model.training_search:on_train_begin:130 - Training started.
2026-03-26 08:59:34.364 | INFO     | ao_compensation_model.training_search:on_train_begin:131 - Hyperparameters:
  WINDOW_SIZE: 200
  STRIDE: 20
  TARGET_LEAD: 0
  GRU_UNITS: 16
  DROPOUT_RATE: 0.2
  FILTERS: 8
  KERNEL_SIZE: 10
  POOL_SIZE: 3
  BATCH_SIZE: 32
  MAX_EPOCHS: 100
  LEARNING_RATE: 0.0005
  TRAINING_DATA_DIR: D:\01_Code\ao_compensation_model\src\ao_compensation_model\dataset\training
  MODEL_DIR: D:\01_Code\ao_compensation_model\src\ao_compensation_model\model
2026-03-26 09:00:08.154 | INFO     | ao_compensation_model.training_search:on_epoch_end:150 - Epoch   1 | val_loss: 0.262733
2026-03-26 09:00:36.365 | INFO     | ao_compensation_model.training_search:on_epoch_end:150 - Epoch   2 | val_loss: 0.203453
2026-03-26 09:01:04.092 | INFO     | ao_compensation_model.training_search:on_epoch_end:150 - Epoch   3 | val_loss: 0.197663
2026-03-26 09:01:44.015 | INFO     | ao_compensation_model.training_search:on_epoch_end:150 - Epoch   4 | val_loss: 0.195187
2026-03-26 09:02:11.213 | INFO     | ao_compensation_model.training_search:on_epoch_end:150 - Epoch   5 | val_loss: 0.196448
2026-03-26 09:02:37.089 | INFO     | ao_compensation_model.training_search:on_epoch_end:150 - Epoch   6 | val_loss: 0.197386
2026-03-26 09:02:37.162 | INFO     | ao_compensation_model.training_search:train:294 - Best model for this run saved as: gru_model.keras (val_loss=0.195187)
2026-03-26 09:02:39.847 | INFO     | ao_compensation_model.training_search:train:311 - TFLite model saved as: gru_model_edge.tflite
2026-03-26 09:02:40.137 | INFO     | ao_compensation_model.training_search:train:241 - --- Testing Config: GRU=16 | BATCH=32 | KERNEL=10 | FILTERS=16 | POOL=5 ---
2026-03-26 09:02:40.244 | INFO     | ao_compensation_model.training_search:train:259 - Model architecture:
Model: "functional"
┏━━━━━━━━━━━━━━━━━━━━━━━━━━━━━━━━━━━━━━┳━━━━━━━━━━━━━━━━━━━━━━━━━━━━━┳━━━━━━━━━━━━━━━━━┓
┃ Layer (type)                         ┃ Output Shape                ┃         Param # ┃
┡━━━━━━━━━━━━━━━━━━━━━━━━━━━━━━━━━━━━━━╇━━━━━━━━━━━━━━━━━━━━━━━━━━━━━╇━━━━━━━━━━━━━━━━━┩
│ input_layer (InputLayer)             │ (None, 200, 2)              │               0 │
├──────────────────────────────────────┼─────────────────────────────┼─────────────────┤
│ conv1d (Conv1D)                      │ (None, 200, 16)             │             336 │
├──────────────────────────────────────┼─────────────────────────────┼─────────────────┤
│ batch_normalization                  │ (None, 200, 16)             │              64 │
│ (BatchNormalization)                 │                             │                 │
├──────────────────────────────────────┼─────────────────────────────┼─────────────────┤
│ zero_padding1d (ZeroPadding1D)       │ (None, 204, 16)             │               0 │
├──────────────────────────────────────┼─────────────────────────────┼─────────────────┤
│ average_pooling1d (AveragePooling1D) │ (None, 200, 16)             │               0 │
├──────────────────────────────────────┼─────────────────────────────┼─────────────────┤
│ gru (GRU)                            │ (None, 16)                  │           1,632 │
├──────────────────────────────────────┼─────────────────────────────┼─────────────────┤
│ dense (Dense)                        │ (None, 2)                   │              34 │
├──────────────────────────────────────┼─────────────────────────────┼─────────────────┤
│ phase (UnitNormalization)            │ (None, 2)                   │               0 │
└──────────────────────────────────────┴─────────────────────────────┴─────────────────┘
 Total params: 2,066 (8.07 KB)
 Trainable params: 2,034 (7.95 KB)
 Non-trainable params: 32 (128.00 B)


2026-03-26 09:02:40.256 | INFO     | ao_compensation_model.training_search:train:262 - Parameters — trainable: 2034  non-trainable: 32  total: 2066
2026-03-26 09:02:40.325 | INFO     | ao_compensation_model.training_search:on_train_begin:130 - Training started.
2026-03-26 09:02:40.325 | INFO     | ao_compensation_model.training_search:on_train_begin:131 - Hyperparameters:
  WINDOW_SIZE: 200
  STRIDE: 20
  TARGET_LEAD: 0
  GRU_UNITS: 16
  DROPOUT_RATE: 0.2
  FILTERS: 16
  KERNEL_SIZE: 10
  POOL_SIZE: 5
  BATCH_SIZE: 32
  MAX_EPOCHS: 100
  LEARNING_RATE: 0.0005
  TRAINING_DATA_DIR: D:\01_Code\ao_compensation_model\src\ao_compensation_model\dataset\training
  MODEL_DIR: D:\01_Code\ao_compensation_model\src\ao_compensation_model\model
2026-03-26 09:03:14.954 | INFO     | ao_compensation_model.training_search:on_epoch_end:150 - Epoch   1 | val_loss: 0.206158
2026-03-26 09:03:42.538 | INFO     | ao_compensation_model.training_search:on_epoch_end:150 - Epoch   2 | val_loss: 0.188533
2026-03-26 09:04:09.651 | INFO     | ao_compensation_model.training_search:on_epoch_end:150 - Epoch   3 | val_loss: 0.186728
2026-03-26 09:04:43.880 | INFO     | ao_compensation_model.training_search:on_epoch_end:150 - Epoch   4 | val_loss: 0.188737
2026-03-26 09:05:13.487 | INFO     | ao_compensation_model.training_search:on_epoch_end:150 - Epoch   5 | val_loss: 0.191619
2026-03-26 09:05:13.522 | INFO     | ao_compensation_model.training_search:train:294 - Best model for this run saved as: gru_model.keras (val_loss=0.186728)
2026-03-26 09:05:16.220 | INFO     | ao_compensation_model.training_search:train:311 - TFLite model saved as: gru_model_edge.tflite
2026-03-26 09:05:16.222 | INFO     | ao_compensation_model.training_search:train:317 - *** New best overall config! Val Loss: 0.186728 ***
2026-03-26 09:05:16.629 | INFO     | ao_compensation_model.training_search:train:241 - --- Testing Config: GRU=16 | BATCH=32 | KERNEL=10 | FILTERS=16 | POOL=3 ---
2026-03-26 09:05:16.770 | INFO     | ao_compensation_model.training_search:train:259 - Model architecture:
Model: "functional"
┏━━━━━━━━━━━━━━━━━━━━━━━━━━━━━━━━━━━━━━┳━━━━━━━━━━━━━━━━━━━━━━━━━━━━━┳━━━━━━━━━━━━━━━━━┓
┃ Layer (type)                         ┃ Output Shape                ┃         Param # ┃
┡━━━━━━━━━━━━━━━━━━━━━━━━━━━━━━━━━━━━━━╇━━━━━━━━━━━━━━━━━━━━━━━━━━━━━╇━━━━━━━━━━━━━━━━━┩
│ input_layer (InputLayer)             │ (None, 200, 2)              │               0 │
├──────────────────────────────────────┼─────────────────────────────┼─────────────────┤
│ conv1d (Conv1D)                      │ (None, 200, 16)             │             336 │
├──────────────────────────────────────┼─────────────────────────────┼─────────────────┤
│ batch_normalization                  │ (None, 200, 16)             │              64 │
│ (BatchNormalization)                 │                             │                 │
├──────────────────────────────────────┼─────────────────────────────┼─────────────────┤
│ zero_padding1d (ZeroPadding1D)       │ (None, 202, 16)             │               0 │
├──────────────────────────────────────┼─────────────────────────────┼─────────────────┤
│ average_pooling1d (AveragePooling1D) │ (None, 200, 16)             │               0 │
├──────────────────────────────────────┼─────────────────────────────┼─────────────────┤
│ gru (GRU)                            │ (None, 16)                  │           1,632 │
├──────────────────────────────────────┼─────────────────────────────┼─────────────────┤
│ dense (Dense)                        │ (None, 2)                   │              34 │
├──────────────────────────────────────┼─────────────────────────────┼─────────────────┤
│ phase (UnitNormalization)            │ (None, 2)                   │               0 │
└──────────────────────────────────────┴─────────────────────────────┴─────────────────┘
 Total params: 2,066 (8.07 KB)
 Trainable params: 2,034 (7.95 KB)
 Non-trainable params: 32 (128.00 B)


2026-03-26 09:05:16.787 | INFO     | ao_compensation_model.training_search:train:262 - Parameters — trainable: 2034  non-trainable: 32  total: 2066
2026-03-26 09:05:16.895 | INFO     | ao_compensation_model.training_search:on_train_begin:130 - Training started.
2026-03-26 09:05:16.896 | INFO     | ao_compensation_model.training_search:on_train_begin:131 - Hyperparameters:
  WINDOW_SIZE: 200
  STRIDE: 20
  TARGET_LEAD: 0
  GRU_UNITS: 16
  DROPOUT_RATE: 0.2
  FILTERS: 16
  KERNEL_SIZE: 10
  POOL_SIZE: 3
  BATCH_SIZE: 32
  MAX_EPOCHS: 100
  LEARNING_RATE: 0.0005
  TRAINING_DATA_DIR: D:\01_Code\ao_compensation_model\src\ao_compensation_model\dataset\training
  MODEL_DIR: D:\01_Code\ao_compensation_model\src\ao_compensation_model\model
2026-03-26 09:05:52.468 | INFO     | ao_compensation_model.training_search:on_epoch_end:150 - Epoch   1 | val_loss: 0.234246
2026-03-26 09:06:20.926 | INFO     | ao_compensation_model.training_search:on_epoch_end:150 - Epoch   2 | val_loss: 0.194177
2026-03-26 09:06:46.319 | INFO     | ao_compensation_model.training_search:on_epoch_end:150 - Epoch   3 | val_loss: 0.187468
2026-03-26 09:07:19.031 | INFO     | ao_compensation_model.training_search:on_epoch_end:150 - Epoch   4 | val_loss: 0.196395
2026-03-26 09:07:48.553 | INFO     | ao_compensation_model.training_search:on_epoch_end:150 - Epoch   5 | val_loss: 0.193542
2026-03-26 09:07:48.588 | INFO     | ao_compensation_model.training_search:train:294 - Best model for this run saved as: gru_model.keras (val_loss=0.187468)
2026-03-26 09:07:50.842 | INFO     | ao_compensation_model.training_search:train:311 - TFLite model saved as: gru_model_edge.tflite
2026-03-26 09:07:51.169 | INFO     | ao_compensation_model.training_search:train:241 - --- Testing Config: GRU=16 | BATCH=32 | KERNEL=10 | FILTERS=32 | POOL=5 ---
2026-03-26 09:07:51.279 | INFO     | ao_compensation_model.training_search:train:259 - Model architecture:
Model: "functional"
┏━━━━━━━━━━━━━━━━━━━━━━━━━━━━━━━━━━━━━━┳━━━━━━━━━━━━━━━━━━━━━━━━━━━━━┳━━━━━━━━━━━━━━━━━┓
┃ Layer (type)                         ┃ Output Shape                ┃         Param # ┃
┡━━━━━━━━━━━━━━━━━━━━━━━━━━━━━━━━━━━━━━╇━━━━━━━━━━━━━━━━━━━━━━━━━━━━━╇━━━━━━━━━━━━━━━━━┩
│ input_layer (InputLayer)             │ (None, 200, 2)              │               0 │
├──────────────────────────────────────┼─────────────────────────────┼─────────────────┤
│ conv1d (Conv1D)                      │ (None, 200, 32)             │             672 │
├──────────────────────────────────────┼─────────────────────────────┼─────────────────┤
│ batch_normalization                  │ (None, 200, 32)             │             128 │
│ (BatchNormalization)                 │                             │                 │
├──────────────────────────────────────┼─────────────────────────────┼─────────────────┤
│ zero_padding1d (ZeroPadding1D)       │ (None, 204, 32)             │               0 │
├──────────────────────────────────────┼─────────────────────────────┼─────────────────┤
│ average_pooling1d (AveragePooling1D) │ (None, 200, 32)             │               0 │
├──────────────────────────────────────┼─────────────────────────────┼─────────────────┤
│ gru (GRU)                            │ (None, 16)                  │           2,400 │
├──────────────────────────────────────┼─────────────────────────────┼─────────────────┤
│ dense (Dense)                        │ (None, 2)                   │              34 │
├──────────────────────────────────────┼─────────────────────────────┼─────────────────┤
│ phase (UnitNormalization)            │ (None, 2)                   │               0 │
└──────────────────────────────────────┴─────────────────────────────┴─────────────────┘
 Total params: 3,234 (12.63 KB)
 Trainable params: 3,170 (12.38 KB)
 Non-trainable params: 64 (256.00 B)


2026-03-26 09:07:51.291 | INFO     | ao_compensation_model.training_search:train:262 - Parameters — trainable: 3170  non-trainable: 64  total: 3234
2026-03-26 09:07:51.360 | INFO     | ao_compensation_model.training_search:on_train_begin:130 - Training started.
2026-03-26 09:07:51.361 | INFO     | ao_compensation_model.training_search:on_train_begin:131 - Hyperparameters:
  WINDOW_SIZE: 200
  STRIDE: 20
  TARGET_LEAD: 0
  GRU_UNITS: 16
  DROPOUT_RATE: 0.2
  FILTERS: 32
  KERNEL_SIZE: 10
  POOL_SIZE: 5
  BATCH_SIZE: 32
  MAX_EPOCHS: 100
  LEARNING_RATE: 0.0005
  TRAINING_DATA_DIR: D:\01_Code\ao_compensation_model\src\ao_compensation_model\dataset\training
  MODEL_DIR: D:\01_Code\ao_compensation_model\src\ao_compensation_model\model
2026-03-26 09:08:25.467 | INFO     | ao_compensation_model.training_search:on_epoch_end:150 - Epoch   1 | val_loss: 0.221405
2026-03-26 09:08:53.789 | INFO     | ao_compensation_model.training_search:on_epoch_end:150 - Epoch   2 | val_loss: 0.187376
2026-03-26 09:09:22.083 | INFO     | ao_compensation_model.training_search:on_epoch_end:150 - Epoch   3 | val_loss: 0.191516
2026-03-26 09:09:52.239 | INFO     | ao_compensation_model.training_search:on_epoch_end:150 - Epoch   4 | val_loss: 0.191279
2026-03-26 09:09:52.270 | INFO     | ao_compensation_model.training_search:train:294 - Best model for this run saved as: gru_model.keras (val_loss=0.187376)
2026-03-26 09:09:55.029 | INFO     | ao_compensation_model.training_search:train:311 - TFLite model saved as: gru_model_edge.tflite
2026-03-26 09:09:55.402 | INFO     | ao_compensation_model.training_search:train:241 - --- Testing Config: GRU=16 | BATCH=32 | KERNEL=10 | FILTERS=32 | POOL=3 ---
2026-03-26 09:09:55.546 | INFO     | ao_compensation_model.training_search:train:259 - Model architecture:
Model: "functional"
┏━━━━━━━━━━━━━━━━━━━━━━━━━━━━━━━━━━━━━━┳━━━━━━━━━━━━━━━━━━━━━━━━━━━━━┳━━━━━━━━━━━━━━━━━┓
┃ Layer (type)                         ┃ Output Shape                ┃         Param # ┃
┡━━━━━━━━━━━━━━━━━━━━━━━━━━━━━━━━━━━━━━╇━━━━━━━━━━━━━━━━━━━━━━━━━━━━━╇━━━━━━━━━━━━━━━━━┩
│ input_layer (InputLayer)             │ (None, 200, 2)              │               0 │
├──────────────────────────────────────┼─────────────────────────────┼─────────────────┤
│ conv1d (Conv1D)                      │ (None, 200, 32)             │             672 │
├──────────────────────────────────────┼─────────────────────────────┼─────────────────┤
│ batch_normalization                  │ (None, 200, 32)             │             128 │
│ (BatchNormalization)                 │                             │                 │
├──────────────────────────────────────┼─────────────────────────────┼─────────────────┤
│ zero_padding1d (ZeroPadding1D)       │ (None, 202, 32)             │               0 │
├──────────────────────────────────────┼─────────────────────────────┼─────────────────┤
│ average_pooling1d (AveragePooling1D) │ (None, 200, 32)             │               0 │
├──────────────────────────────────────┼─────────────────────────────┼─────────────────┤
│ gru (GRU)                            │ (None, 16)                  │           2,400 │
├──────────────────────────────────────┼─────────────────────────────┼─────────────────┤
│ dense (Dense)                        │ (None, 2)                   │              34 │
├──────────────────────────────────────┼─────────────────────────────┼─────────────────┤
│ phase (UnitNormalization)            │ (None, 2)                   │               0 │
└──────────────────────────────────────┴─────────────────────────────┴─────────────────┘
 Total params: 3,234 (12.63 KB)
 Trainable params: 3,170 (12.38 KB)
 Non-trainable params: 64 (256.00 B)


2026-03-26 09:09:55.563 | INFO     | ao_compensation_model.training_search:train:262 - Parameters — trainable: 3170  non-trainable: 64  total: 3234
2026-03-26 09:09:55.667 | INFO     | ao_compensation_model.training_search:on_train_begin:130 - Training started.
2026-03-26 09:09:55.667 | INFO     | ao_compensation_model.training_search:on_train_begin:131 - Hyperparameters:
  WINDOW_SIZE: 200
  STRIDE: 20
  TARGET_LEAD: 0
  GRU_UNITS: 16
  DROPOUT_RATE: 0.2
  FILTERS: 32
  KERNEL_SIZE: 10
  POOL_SIZE: 3
  BATCH_SIZE: 32
  MAX_EPOCHS: 100
  LEARNING_RATE: 0.0005
  TRAINING_DATA_DIR: D:\01_Code\ao_compensation_model\src\ao_compensation_model\dataset\training
  MODEL_DIR: D:\01_Code\ao_compensation_model\src\ao_compensation_model\model
2026-03-26 09:10:33.061 | INFO     | ao_compensation_model.training_search:on_epoch_end:150 - Epoch   1 | val_loss: 0.210685
2026-03-26 09:11:04.615 | INFO     | ao_compensation_model.training_search:on_epoch_end:150 - Epoch   2 | val_loss: 0.194194
2026-03-26 09:11:38.206 | INFO     | ao_compensation_model.training_search:on_epoch_end:150 - Epoch   3 | val_loss: 0.187752
2026-03-26 09:12:08.112 | INFO     | ao_compensation_model.training_search:on_epoch_end:150 - Epoch   4 | val_loss: 0.182571
2026-03-26 09:12:37.768 | INFO     | ao_compensation_model.training_search:on_epoch_end:150 - Epoch   5 | val_loss: 0.183567
2026-03-26 09:13:06.930 | INFO     | ao_compensation_model.training_search:on_epoch_end:150 - Epoch   6 | val_loss: 0.184123
2026-03-26 09:13:06.964 | INFO     | ao_compensation_model.training_search:train:294 - Best model for this run saved as: gru_model.keras (val_loss=0.182571)
2026-03-26 09:13:09.155 | INFO     | ao_compensation_model.training_search:train:311 - TFLite model saved as: gru_model_edge.tflite
2026-03-26 09:13:09.158 | INFO     | ao_compensation_model.training_search:train:317 - *** New best overall config! Val Loss: 0.182571 ***
2026-03-26 09:13:09.533 | INFO     | ao_compensation_model.training_search:train:241 - --- Testing Config: GRU=16 | BATCH=32 | KERNEL=20 | FILTERS=8 | POOL=5 ---
2026-03-26 09:13:09.676 | INFO     | ao_compensation_model.training_search:train:259 - Model architecture:
Model: "functional"
┏━━━━━━━━━━━━━━━━━━━━━━━━━━━━━━━━━━━━━━┳━━━━━━━━━━━━━━━━━━━━━━━━━━━━━┳━━━━━━━━━━━━━━━━━┓
┃ Layer (type)                         ┃ Output Shape                ┃         Param # ┃
┡━━━━━━━━━━━━━━━━━━━━━━━━━━━━━━━━━━━━━━╇━━━━━━━━━━━━━━━━━━━━━━━━━━━━━╇━━━━━━━━━━━━━━━━━┩
│ input_layer (InputLayer)             │ (None, 200, 2)              │               0 │
├──────────────────────────────────────┼─────────────────────────────┼─────────────────┤
│ conv1d (Conv1D)                      │ (None, 200, 8)              │             328 │
├──────────────────────────────────────┼─────────────────────────────┼─────────────────┤
│ batch_normalization                  │ (None, 200, 8)              │              32 │
│ (BatchNormalization)                 │                             │                 │
├──────────────────────────────────────┼─────────────────────────────┼─────────────────┤
│ zero_padding1d (ZeroPadding1D)       │ (None, 204, 8)              │               0 │
├──────────────────────────────────────┼─────────────────────────────┼─────────────────┤
│ average_pooling1d (AveragePooling1D) │ (None, 200, 8)              │               0 │
├──────────────────────────────────────┼─────────────────────────────┼─────────────────┤
│ gru (GRU)                            │ (None, 16)                  │           1,248 │
├──────────────────────────────────────┼─────────────────────────────┼─────────────────┤
│ dense (Dense)                        │ (None, 2)                   │              34 │
├──────────────────────────────────────┼─────────────────────────────┼─────────────────┤
│ phase (UnitNormalization)            │ (None, 2)                   │               0 │
└──────────────────────────────────────┴─────────────────────────────┴─────────────────┘
 Total params: 1,642 (6.41 KB)
 Trainable params: 1,626 (6.35 KB)
 Non-trainable params: 16 (64.00 B)


2026-03-26 09:13:09.689 | INFO     | ao_compensation_model.training_search:train:262 - Parameters — trainable: 1626  non-trainable: 16  total: 1642
2026-03-26 09:13:09.770 | INFO     | ao_compensation_model.training_search:on_train_begin:130 - Training started.
2026-03-26 09:13:09.771 | INFO     | ao_compensation_model.training_search:on_train_begin:131 - Hyperparameters:
  WINDOW_SIZE: 200
  STRIDE: 20
  TARGET_LEAD: 0
  GRU_UNITS: 16
  DROPOUT_RATE: 0.2
  FILTERS: 8
  KERNEL_SIZE: 20
  POOL_SIZE: 5
  BATCH_SIZE: 32
  MAX_EPOCHS: 100
  LEARNING_RATE: 0.0005
  TRAINING_DATA_DIR: D:\01_Code\ao_compensation_model\src\ao_compensation_model\dataset\training
  MODEL_DIR: D:\01_Code\ao_compensation_model\src\ao_compensation_model\model
2026-03-26 09:13:46.664 | INFO     | ao_compensation_model.training_search:on_epoch_end:150 - Epoch   1 | val_loss: 0.201322
2026-03-26 09:14:16.834 | INFO     | ao_compensation_model.training_search:on_epoch_end:150 - Epoch   2 | val_loss: 0.188099
2026-03-26 09:14:46.621 | INFO     | ao_compensation_model.training_search:on_epoch_end:150 - Epoch   3 | val_loss: 0.186622
2026-03-26 09:15:16.264 | INFO     | ao_compensation_model.training_search:on_epoch_end:150 - Epoch   4 | val_loss: 0.188819
2026-03-26 09:15:45.886 | INFO     | ao_compensation_model.training_search:on_epoch_end:150 - Epoch   5 | val_loss: 0.192215
2026-03-26 09:15:45.927 | INFO     | ao_compensation_model.training_search:train:294 - Best model for this run saved as: gru_model.keras (val_loss=0.186622)
2026-03-26 09:15:48.186 | INFO     | ao_compensation_model.training_search:train:311 - TFLite model saved as: gru_model_edge.tflite
2026-03-26 09:15:48.563 | INFO     | ao_compensation_model.training_search:train:241 - --- Testing Config: GRU=16 | BATCH=32 | KERNEL=20 | FILTERS=8 | POOL=3 ---
2026-03-26 09:15:48.691 | INFO     | ao_compensation_model.training_search:train:259 - Model architecture:
Model: "functional"
┏━━━━━━━━━━━━━━━━━━━━━━━━━━━━━━━━━━━━━━┳━━━━━━━━━━━━━━━━━━━━━━━━━━━━━┳━━━━━━━━━━━━━━━━━┓
┃ Layer (type)                         ┃ Output Shape                ┃         Param # ┃
┡━━━━━━━━━━━━━━━━━━━━━━━━━━━━━━━━━━━━━━╇━━━━━━━━━━━━━━━━━━━━━━━━━━━━━╇━━━━━━━━━━━━━━━━━┩
│ input_layer (InputLayer)             │ (None, 200, 2)              │               0 │
├──────────────────────────────────────┼─────────────────────────────┼─────────────────┤
│ conv1d (Conv1D)                      │ (None, 200, 8)              │             328 │
├──────────────────────────────────────┼─────────────────────────────┼─────────────────┤
│ batch_normalization                  │ (None, 200, 8)              │              32 │
│ (BatchNormalization)                 │                             │                 │
├──────────────────────────────────────┼─────────────────────────────┼─────────────────┤
│ zero_padding1d (ZeroPadding1D)       │ (None, 202, 8)              │               0 │
├──────────────────────────────────────┼─────────────────────────────┼─────────────────┤
│ average_pooling1d (AveragePooling1D) │ (None, 200, 8)              │               0 │
├──────────────────────────────────────┼─────────────────────────────┼─────────────────┤
│ gru (GRU)                            │ (None, 16)                  │           1,248 │
├──────────────────────────────────────┼─────────────────────────────┼─────────────────┤
│ dense (Dense)                        │ (None, 2)                   │              34 │
├──────────────────────────────────────┼─────────────────────────────┼─────────────────┤
│ phase (UnitNormalization)            │ (None, 2)                   │               0 │
└──────────────────────────────────────┴─────────────────────────────┴─────────────────┘
 Total params: 1,642 (6.41 KB)
 Trainable params: 1,626 (6.35 KB)
 Non-trainable params: 16 (64.00 B)


2026-03-26 09:15:48.708 | INFO     | ao_compensation_model.training_search:train:262 - Parameters — trainable: 1626  non-trainable: 16  total: 1642
2026-03-26 09:15:48.798 | INFO     | ao_compensation_model.training_search:on_train_begin:130 - Training started.
2026-03-26 09:15:48.798 | INFO     | ao_compensation_model.training_search:on_train_begin:131 - Hyperparameters:
  WINDOW_SIZE: 200
  STRIDE: 20
  TARGET_LEAD: 0
  GRU_UNITS: 16
  DROPOUT_RATE: 0.2
  FILTERS: 8
  KERNEL_SIZE: 20
  POOL_SIZE: 3
  BATCH_SIZE: 32
  MAX_EPOCHS: 100
  LEARNING_RATE: 0.0005
  TRAINING_DATA_DIR: D:\01_Code\ao_compensation_model\src\ao_compensation_model\dataset\training
  MODEL_DIR: D:\01_Code\ao_compensation_model\src\ao_compensation_model\model
2026-03-26 09:16:25.413 | INFO     | ao_compensation_model.training_search:on_epoch_end:150 - Epoch   1 | val_loss: 0.210286
2026-03-26 09:16:54.235 | INFO     | ao_compensation_model.training_search:on_epoch_end:150 - Epoch   2 | val_loss: 0.200947
2026-03-26 09:17:23.258 | INFO     | ao_compensation_model.training_search:on_epoch_end:150 - Epoch   3 | val_loss: 0.188205
2026-03-26 09:17:52.414 | INFO     | ao_compensation_model.training_search:on_epoch_end:150 - Epoch   4 | val_loss: 0.186886
2026-03-26 09:18:21.425 | INFO     | ao_compensation_model.training_search:on_epoch_end:150 - Epoch   5 | val_loss: 0.195994
2026-03-26 09:18:50.260 | INFO     | ao_compensation_model.training_search:on_epoch_end:150 - Epoch   6 | val_loss: 0.192655
2026-03-26 09:18:50.297 | INFO     | ao_compensation_model.training_search:train:294 - Best model for this run saved as: gru_model.keras (val_loss=0.186886)
2026-03-26 09:18:52.677 | INFO     | ao_compensation_model.training_search:train:311 - TFLite model saved as: gru_model_edge.tflite
2026-03-26 09:18:53.127 | INFO     | ao_compensation_model.training_search:train:241 - --- Testing Config: GRU=16 | BATCH=32 | KERNEL=20 | FILTERS=16 | POOL=5 ---
2026-03-26 09:18:53.284 | INFO     | ao_compensation_model.training_search:train:259 - Model architecture:
Model: "functional"
┏━━━━━━━━━━━━━━━━━━━━━━━━━━━━━━━━━━━━━━┳━━━━━━━━━━━━━━━━━━━━━━━━━━━━━┳━━━━━━━━━━━━━━━━━┓
┃ Layer (type)                         ┃ Output Shape                ┃         Param # ┃
┡━━━━━━━━━━━━━━━━━━━━━━━━━━━━━━━━━━━━━━╇━━━━━━━━━━━━━━━━━━━━━━━━━━━━━╇━━━━━━━━━━━━━━━━━┩
│ input_layer (InputLayer)             │ (None, 200, 2)              │               0 │
├──────────────────────────────────────┼─────────────────────────────┼─────────────────┤
│ conv1d (Conv1D)                      │ (None, 200, 16)             │             656 │
├──────────────────────────────────────┼─────────────────────────────┼─────────────────┤
│ batch_normalization                  │ (None, 200, 16)             │              64 │
│ (BatchNormalization)                 │                             │                 │
├──────────────────────────────────────┼─────────────────────────────┼─────────────────┤
│ zero_padding1d (ZeroPadding1D)       │ (None, 204, 16)             │               0 │
├──────────────────────────────────────┼─────────────────────────────┼─────────────────┤
│ average_pooling1d (AveragePooling1D) │ (None, 200, 16)             │               0 │
├──────────────────────────────────────┼─────────────────────────────┼─────────────────┤
│ gru (GRU)                            │ (None, 16)                  │           1,632 │
├──────────────────────────────────────┼─────────────────────────────┼─────────────────┤
│ dense (Dense)                        │ (None, 2)                   │              34 │
├──────────────────────────────────────┼─────────────────────────────┼─────────────────┤
│ phase (UnitNormalization)            │ (None, 2)                   │               0 │
└──────────────────────────────────────┴─────────────────────────────┴─────────────────┘
 Total params: 2,386 (9.32 KB)
 Trainable params: 2,354 (9.20 KB)
 Non-trainable params: 32 (128.00 B)


2026-03-26 09:18:53.300 | INFO     | ao_compensation_model.training_search:train:262 - Parameters — trainable: 2354  non-trainable: 32  total: 2386
2026-03-26 09:18:53.389 | INFO     | ao_compensation_model.training_search:on_train_begin:130 - Training started.
2026-03-26 09:18:53.390 | INFO     | ao_compensation_model.training_search:on_train_begin:131 - Hyperparameters:
  WINDOW_SIZE: 200
  STRIDE: 20
  TARGET_LEAD: 0
  GRU_UNITS: 16
  DROPOUT_RATE: 0.2
  FILTERS: 16
  KERNEL_SIZE: 20
  POOL_SIZE: 5
  BATCH_SIZE: 32
  MAX_EPOCHS: 100
  LEARNING_RATE: 0.0005
  TRAINING_DATA_DIR: D:\01_Code\ao_compensation_model\src\ao_compensation_model\dataset\training
  MODEL_DIR: D:\01_Code\ao_compensation_model\src\ao_compensation_model\model
2026-03-26 09:19:28.743 | INFO     | ao_compensation_model.training_search:on_epoch_end:150 - Epoch   1 | val_loss: 0.207548
2026-03-26 09:19:58.736 | INFO     | ao_compensation_model.training_search:on_epoch_end:150 - Epoch   2 | val_loss: 0.197520
2026-03-26 09:20:28.837 | INFO     | ao_compensation_model.training_search:on_epoch_end:150 - Epoch   3 | val_loss: 0.192708
2026-03-26 09:20:57.035 | INFO     | ao_compensation_model.training_search:on_epoch_end:150 - Epoch   4 | val_loss: 0.189540
2026-03-26 09:21:25.949 | INFO     | ao_compensation_model.training_search:on_epoch_end:150 - Epoch   5 | val_loss: 0.186496
2026-03-26 09:21:56.727 | INFO     | ao_compensation_model.training_search:on_epoch_end:150 - Epoch   6 | val_loss: 0.191393
2026-03-26 09:22:26.872 | INFO     | ao_compensation_model.training_search:on_epoch_end:150 - Epoch   7 | val_loss: 0.188393
2026-03-26 09:22:26.905 | INFO     | ao_compensation_model.training_search:train:294 - Best model for this run saved as: gru_model.keras (val_loss=0.186496)
2026-03-26 09:22:29.246 | INFO     | ao_compensation_model.training_search:train:311 - TFLite model saved as: gru_model_edge.tflite
2026-03-26 09:22:29.667 | INFO     | ao_compensation_model.training_search:train:241 - --- Testing Config: GRU=16 | BATCH=32 | KERNEL=20 | FILTERS=16 | POOL=3 ---
2026-03-26 09:22:29.776 | INFO     | ao_compensation_model.training_search:train:259 - Model architecture:
Model: "functional"
┏━━━━━━━━━━━━━━━━━━━━━━━━━━━━━━━━━━━━━━┳━━━━━━━━━━━━━━━━━━━━━━━━━━━━━┳━━━━━━━━━━━━━━━━━┓
┃ Layer (type)                         ┃ Output Shape                ┃         Param # ┃
┡━━━━━━━━━━━━━━━━━━━━━━━━━━━━━━━━━━━━━━╇━━━━━━━━━━━━━━━━━━━━━━━━━━━━━╇━━━━━━━━━━━━━━━━━┩
│ input_layer (InputLayer)             │ (None, 200, 2)              │               0 │
├──────────────────────────────────────┼─────────────────────────────┼─────────────────┤
│ conv1d (Conv1D)                      │ (None, 200, 16)             │             656 │
├──────────────────────────────────────┼─────────────────────────────┼─────────────────┤
│ batch_normalization                  │ (None, 200, 16)             │              64 │
│ (BatchNormalization)                 │                             │                 │
├──────────────────────────────────────┼─────────────────────────────┼─────────────────┤
│ zero_padding1d (ZeroPadding1D)       │ (None, 202, 16)             │               0 │
├──────────────────────────────────────┼─────────────────────────────┼─────────────────┤
│ average_pooling1d (AveragePooling1D) │ (None, 200, 16)             │               0 │
├──────────────────────────────────────┼─────────────────────────────┼─────────────────┤
│ gru (GRU)                            │ (None, 16)                  │           1,632 │
├──────────────────────────────────────┼─────────────────────────────┼─────────────────┤
│ dense (Dense)                        │ (None, 2)                   │              34 │
├──────────────────────────────────────┼─────────────────────────────┼─────────────────┤
│ phase (UnitNormalization)            │ (None, 2)                   │               0 │
└──────────────────────────────────────┴─────────────────────────────┴─────────────────┘
 Total params: 2,386 (9.32 KB)
 Trainable params: 2,354 (9.20 KB)
 Non-trainable params: 32 (128.00 B)


2026-03-26 09:22:29.791 | INFO     | ao_compensation_model.training_search:train:262 - Parameters — trainable: 2354  non-trainable: 32  total: 2386
2026-03-26 09:22:29.879 | INFO     | ao_compensation_model.training_search:on_train_begin:130 - Training started.
2026-03-26 09:22:29.881 | INFO     | ao_compensation_model.training_search:on_train_begin:131 - Hyperparameters:
  WINDOW_SIZE: 200
  STRIDE: 20
  TARGET_LEAD: 0
  GRU_UNITS: 16
  DROPOUT_RATE: 0.2
  FILTERS: 16
  KERNEL_SIZE: 20
  POOL_SIZE: 3
  BATCH_SIZE: 32
  MAX_EPOCHS: 100
  LEARNING_RATE: 0.0005
  TRAINING_DATA_DIR: D:\01_Code\ao_compensation_model\src\ao_compensation_model\dataset\training
  MODEL_DIR: D:\01_Code\ao_compensation_model\src\ao_compensation_model\model
2026-03-26 09:23:04.960 | INFO     | ao_compensation_model.training_search:on_epoch_end:150 - Epoch   1 | val_loss: 0.194821
2026-03-26 09:23:33.140 | INFO     | ao_compensation_model.training_search:on_epoch_end:150 - Epoch   2 | val_loss: 0.187557
2026-03-26 09:24:01.051 | INFO     | ao_compensation_model.training_search:on_epoch_end:150 - Epoch   3 | val_loss: 0.188067
2026-03-26 09:24:30.328 | INFO     | ao_compensation_model.training_search:on_epoch_end:150 - Epoch   4 | val_loss: 0.188825
2026-03-26 09:24:30.367 | INFO     | ao_compensation_model.training_search:train:294 - Best model for this run saved as: gru_model.keras (val_loss=0.187557)
2026-03-26 09:24:32.420 | INFO     | ao_compensation_model.training_search:train:311 - TFLite model saved as: gru_model_edge.tflite
2026-03-26 09:24:32.928 | INFO     | ao_compensation_model.training_search:train:241 - --- Testing Config: GRU=16 | BATCH=32 | KERNEL=20 | FILTERS=32 | POOL=5 ---
2026-03-26 09:24:33.052 | INFO     | ao_compensation_model.training_search:train:259 - Model architecture:
Model: "functional"
┏━━━━━━━━━━━━━━━━━━━━━━━━━━━━━━━━━━━━━━┳━━━━━━━━━━━━━━━━━━━━━━━━━━━━━┳━━━━━━━━━━━━━━━━━┓
┃ Layer (type)                         ┃ Output Shape                ┃         Param # ┃
┡━━━━━━━━━━━━━━━━━━━━━━━━━━━━━━━━━━━━━━╇━━━━━━━━━━━━━━━━━━━━━━━━━━━━━╇━━━━━━━━━━━━━━━━━┩
│ input_layer (InputLayer)             │ (None, 200, 2)              │               0 │
├──────────────────────────────────────┼─────────────────────────────┼─────────────────┤
│ conv1d (Conv1D)                      │ (None, 200, 32)             │           1,312 │
├──────────────────────────────────────┼─────────────────────────────┼─────────────────┤
│ batch_normalization                  │ (None, 200, 32)             │             128 │
│ (BatchNormalization)                 │                             │                 │
├──────────────────────────────────────┼─────────────────────────────┼─────────────────┤
│ zero_padding1d (ZeroPadding1D)       │ (None, 204, 32)             │               0 │
├──────────────────────────────────────┼─────────────────────────────┼─────────────────┤
│ average_pooling1d (AveragePooling1D) │ (None, 200, 32)             │               0 │
├──────────────────────────────────────┼─────────────────────────────┼─────────────────┤
│ gru (GRU)                            │ (None, 16)                  │           2,400 │
├──────────────────────────────────────┼─────────────────────────────┼─────────────────┤
│ dense (Dense)                        │ (None, 2)                   │              34 │
├──────────────────────────────────────┼─────────────────────────────┼─────────────────┤
│ phase (UnitNormalization)            │ (None, 2)                   │               0 │
└──────────────────────────────────────┴─────────────────────────────┴─────────────────┘
 Total params: 3,874 (15.13 KB)
 Trainable params: 3,810 (14.88 KB)
 Non-trainable params: 64 (256.00 B)


2026-03-26 09:24:33.069 | INFO     | ao_compensation_model.training_search:train:262 - Parameters — trainable: 3810  non-trainable: 64  total: 3874
2026-03-26 09:24:33.139 | INFO     | ao_compensation_model.training_search:on_train_begin:130 - Training started.
2026-03-26 09:24:33.140 | INFO     | ao_compensation_model.training_search:on_train_begin:131 - Hyperparameters:
  WINDOW_SIZE: 200
  STRIDE: 20
  TARGET_LEAD: 0
  GRU_UNITS: 16
  DROPOUT_RATE: 0.2
  FILTERS: 32
  KERNEL_SIZE: 20
  POOL_SIZE: 5
  BATCH_SIZE: 32
  MAX_EPOCHS: 100
  LEARNING_RATE: 0.0005
  TRAINING_DATA_DIR: D:\01_Code\ao_compensation_model\src\ao_compensation_model\dataset\training
  MODEL_DIR: D:\01_Code\ao_compensation_model\src\ao_compensation_model\model
2026-03-26 09:25:08.535 | INFO     | ao_compensation_model.training_search:on_epoch_end:150 - Epoch   1 | val_loss: 0.193126
2026-03-26 09:25:37.417 | INFO     | ao_compensation_model.training_search:on_epoch_end:150 - Epoch   2 | val_loss: 0.184630
2026-03-26 09:26:08.529 | INFO     | ao_compensation_model.training_search:on_epoch_end:150 - Epoch   3 | val_loss: 0.184200
2026-03-26 09:26:37.667 | INFO     | ao_compensation_model.training_search:on_epoch_end:150 - Epoch   4 | val_loss: 0.184716
2026-03-26 09:27:05.749 | INFO     | ao_compensation_model.training_search:on_epoch_end:150 - Epoch   5 | val_loss: 0.193101
2026-03-26 09:27:05.781 | INFO     | ao_compensation_model.training_search:train:294 - Best model for this run saved as: gru_model.keras (val_loss=0.184200)
2026-03-26 09:27:07.957 | INFO     | ao_compensation_model.training_search:train:311 - TFLite model saved as: gru_model_edge.tflite
2026-03-26 09:27:08.445 | INFO     | ao_compensation_model.training_search:train:241 - --- Testing Config: GRU=16 | BATCH=32 | KERNEL=20 | FILTERS=32 | POOL=3 ---
2026-03-26 09:27:08.572 | INFO     | ao_compensation_model.training_search:train:259 - Model architecture:
Model: "functional"
┏━━━━━━━━━━━━━━━━━━━━━━━━━━━━━━━━━━━━━━┳━━━━━━━━━━━━━━━━━━━━━━━━━━━━━┳━━━━━━━━━━━━━━━━━┓
┃ Layer (type)                         ┃ Output Shape                ┃         Param # ┃
┡━━━━━━━━━━━━━━━━━━━━━━━━━━━━━━━━━━━━━━╇━━━━━━━━━━━━━━━━━━━━━━━━━━━━━╇━━━━━━━━━━━━━━━━━┩
│ input_layer (InputLayer)             │ (None, 200, 2)              │               0 │
├──────────────────────────────────────┼─────────────────────────────┼─────────────────┤
│ conv1d (Conv1D)                      │ (None, 200, 32)             │           1,312 │
├──────────────────────────────────────┼─────────────────────────────┼─────────────────┤
│ batch_normalization                  │ (None, 200, 32)             │             128 │
│ (BatchNormalization)                 │                             │                 │
├──────────────────────────────────────┼─────────────────────────────┼─────────────────┤
│ zero_padding1d (ZeroPadding1D)       │ (None, 202, 32)             │               0 │
├──────────────────────────────────────┼─────────────────────────────┼─────────────────┤
│ average_pooling1d (AveragePooling1D) │ (None, 200, 32)             │               0 │
├──────────────────────────────────────┼─────────────────────────────┼─────────────────┤
│ gru (GRU)                            │ (None, 16)                  │           2,400 │
├──────────────────────────────────────┼─────────────────────────────┼─────────────────┤
│ dense (Dense)                        │ (None, 2)                   │              34 │
├──────────────────────────────────────┼─────────────────────────────┼─────────────────┤
│ phase (UnitNormalization)            │ (None, 2)                   │               0 │
└──────────────────────────────────────┴─────────────────────────────┴─────────────────┘
 Total params: 3,874 (15.13 KB)
 Trainable params: 3,810 (14.88 KB)
 Non-trainable params: 64 (256.00 B)


2026-03-26 09:27:08.588 | INFO     | ao_compensation_model.training_search:train:262 - Parameters — trainable: 3810  non-trainable: 64  total: 3874
2026-03-26 09:27:08.683 | INFO     | ao_compensation_model.training_search:on_train_begin:130 - Training started.
2026-03-26 09:27:08.683 | INFO     | ao_compensation_model.training_search:on_train_begin:131 - Hyperparameters:
  WINDOW_SIZE: 200
  STRIDE: 20
  TARGET_LEAD: 0
  GRU_UNITS: 16
  DROPOUT_RATE: 0.2
  FILTERS: 32
  KERNEL_SIZE: 20
  POOL_SIZE: 3
  BATCH_SIZE: 32
  MAX_EPOCHS: 100
  LEARNING_RATE: 0.0005
  TRAINING_DATA_DIR: D:\01_Code\ao_compensation_model\src\ao_compensation_model\dataset\training
  MODEL_DIR: D:\01_Code\ao_compensation_model\src\ao_compensation_model\model
2026-03-26 09:27:43.648 | INFO     | ao_compensation_model.training_search:on_epoch_end:150 - Epoch   1 | val_loss: 0.204888
2026-03-26 09:28:12.160 | INFO     | ao_compensation_model.training_search:on_epoch_end:150 - Epoch   2 | val_loss: 0.192263
2026-03-26 09:28:40.675 | INFO     | ao_compensation_model.training_search:on_epoch_end:150 - Epoch   3 | val_loss: 0.182044
2026-03-26 09:29:09.557 | INFO     | ao_compensation_model.training_search:on_epoch_end:150 - Epoch   4 | val_loss: 0.182824
2026-03-26 09:29:39.207 | INFO     | ao_compensation_model.training_search:on_epoch_end:150 - Epoch   5 | val_loss: 0.183972
2026-03-26 09:29:39.244 | INFO     | ao_compensation_model.training_search:train:294 - Best model for this run saved as: gru_model.keras (val_loss=0.182044)
2026-03-26 09:29:41.747 | INFO     | ao_compensation_model.training_search:train:311 - TFLite model saved as: gru_model_edge.tflite
2026-03-26 09:29:41.750 | INFO     | ao_compensation_model.training_search:train:317 - *** New best overall config! Val Loss: 0.182044 ***
2026-03-26 09:29:42.225 | INFO     | ao_compensation_model.training_search:train:241 - --- Testing Config: GRU=16 | BATCH=32 | KERNEL=30 | FILTERS=8 | POOL=5 ---
2026-03-26 09:29:42.383 | INFO     | ao_compensation_model.training_search:train:259 - Model architecture:
Model: "functional"
┏━━━━━━━━━━━━━━━━━━━━━━━━━━━━━━━━━━━━━━┳━━━━━━━━━━━━━━━━━━━━━━━━━━━━━┳━━━━━━━━━━━━━━━━━┓
┃ Layer (type)                         ┃ Output Shape                ┃         Param # ┃
┡━━━━━━━━━━━━━━━━━━━━━━━━━━━━━━━━━━━━━━╇━━━━━━━━━━━━━━━━━━━━━━━━━━━━━╇━━━━━━━━━━━━━━━━━┩
│ input_layer (InputLayer)             │ (None, 200, 2)              │               0 │
├──────────────────────────────────────┼─────────────────────────────┼─────────────────┤
│ conv1d (Conv1D)                      │ (None, 200, 8)              │             488 │
├──────────────────────────────────────┼─────────────────────────────┼─────────────────┤
│ batch_normalization                  │ (None, 200, 8)              │              32 │
│ (BatchNormalization)                 │                             │                 │
├──────────────────────────────────────┼─────────────────────────────┼─────────────────┤
│ zero_padding1d (ZeroPadding1D)       │ (None, 204, 8)              │               0 │
├──────────────────────────────────────┼─────────────────────────────┼─────────────────┤
│ average_pooling1d (AveragePooling1D) │ (None, 200, 8)              │               0 │
├──────────────────────────────────────┼─────────────────────────────┼─────────────────┤
│ gru (GRU)                            │ (None, 16)                  │           1,248 │
├──────────────────────────────────────┼─────────────────────────────┼─────────────────┤
│ dense (Dense)                        │ (None, 2)                   │              34 │
├──────────────────────────────────────┼─────────────────────────────┼─────────────────┤
│ phase (UnitNormalization)            │ (None, 2)                   │               0 │
└──────────────────────────────────────┴─────────────────────────────┴─────────────────┘
 Total params: 1,802 (7.04 KB)
 Trainable params: 1,786 (6.98 KB)
 Non-trainable params: 16 (64.00 B)


2026-03-26 09:29:42.398 | INFO     | ao_compensation_model.training_search:train:262 - Parameters — trainable: 1786  non-trainable: 16  total: 1802
2026-03-26 09:29:42.503 | INFO     | ao_compensation_model.training_search:on_train_begin:130 - Training started.
2026-03-26 09:29:42.504 | INFO     | ao_compensation_model.training_search:on_train_begin:131 - Hyperparameters:
  WINDOW_SIZE: 200
  STRIDE: 20
  TARGET_LEAD: 0
  GRU_UNITS: 16
  DROPOUT_RATE: 0.2
  FILTERS: 8
  KERNEL_SIZE: 30
  POOL_SIZE: 5
  BATCH_SIZE: 32
  MAX_EPOCHS: 100
  LEARNING_RATE: 0.0005
  TRAINING_DATA_DIR: D:\01_Code\ao_compensation_model\src\ao_compensation_model\dataset\training
  MODEL_DIR: D:\01_Code\ao_compensation_model\src\ao_compensation_model\model
2026-03-26 09:30:16.598 | INFO     | ao_compensation_model.training_search:on_epoch_end:150 - Epoch   1 | val_loss: 0.208822
2026-03-26 09:30:43.651 | INFO     | ao_compensation_model.training_search:on_epoch_end:150 - Epoch   2 | val_loss: 0.202471
2026-03-26 09:31:11.223 | INFO     | ao_compensation_model.training_search:on_epoch_end:150 - Epoch   3 | val_loss: 0.190551
2026-03-26 09:31:38.682 | INFO     | ao_compensation_model.training_search:on_epoch_end:150 - Epoch   4 | val_loss: 0.194777
2026-03-26 09:32:06.119 | INFO     | ao_compensation_model.training_search:on_epoch_end:150 - Epoch   5 | val_loss: 0.197584
2026-03-26 09:32:06.149 | INFO     | ao_compensation_model.training_search:train:294 - Best model for this run saved as: gru_model.keras (val_loss=0.190551)
2026-03-26 09:32:08.082 | INFO     | ao_compensation_model.training_search:train:311 - TFLite model saved as: gru_model_edge.tflite
2026-03-26 09:32:09.038 | INFO     | ao_compensation_model.training_search:train:241 - --- Testing Config: GRU=16 | BATCH=32 | KERNEL=30 | FILTERS=8 | POOL=3 ---
2026-03-26 09:32:09.369 | INFO     | ao_compensation_model.training_search:train:259 - Model architecture:
Model: "functional"
┏━━━━━━━━━━━━━━━━━━━━━━━━━━━━━━━━━━━━━━┳━━━━━━━━━━━━━━━━━━━━━━━━━━━━━┳━━━━━━━━━━━━━━━━━┓
┃ Layer (type)                         ┃ Output Shape                ┃         Param # ┃
┡━━━━━━━━━━━━━━━━━━━━━━━━━━━━━━━━━━━━━━╇━━━━━━━━━━━━━━━━━━━━━━━━━━━━━╇━━━━━━━━━━━━━━━━━┩
│ input_layer (InputLayer)             │ (None, 200, 2)              │               0 │
├──────────────────────────────────────┼─────────────────────────────┼─────────────────┤
│ conv1d (Conv1D)                      │ (None, 200, 8)              │             488 │
├──────────────────────────────────────┼─────────────────────────────┼─────────────────┤
│ batch_normalization                  │ (None, 200, 8)              │              32 │
│ (BatchNormalization)                 │                             │                 │
├──────────────────────────────────────┼─────────────────────────────┼─────────────────┤
│ zero_padding1d (ZeroPadding1D)       │ (None, 202, 8)              │               0 │
├──────────────────────────────────────┼─────────────────────────────┼─────────────────┤
│ average_pooling1d (AveragePooling1D) │ (None, 200, 8)              │               0 │
├──────────────────────────────────────┼─────────────────────────────┼─────────────────┤
│ gru (GRU)                            │ (None, 16)                  │           1,248 │
├──────────────────────────────────────┼─────────────────────────────┼─────────────────┤
│ dense (Dense)                        │ (None, 2)                   │              34 │
├──────────────────────────────────────┼─────────────────────────────┼─────────────────┤
│ phase (UnitNormalization)            │ (None, 2)                   │               0 │
└──────────────────────────────────────┴─────────────────────────────┴─────────────────┘
 Total params: 1,802 (7.04 KB)
 Trainable params: 1,786 (6.98 KB)
 Non-trainable params: 16 (64.00 B)


2026-03-26 09:32:09.396 | INFO     | ao_compensation_model.training_search:train:262 - Parameters — trainable: 1786  non-trainable: 16  total: 1802
2026-03-26 09:32:09.582 | INFO     | ao_compensation_model.training_search:on_train_begin:130 - Training started.
2026-03-26 09:32:09.583 | INFO     | ao_compensation_model.training_search:on_train_begin:131 - Hyperparameters:
  WINDOW_SIZE: 200
  STRIDE: 20
  TARGET_LEAD: 0
  GRU_UNITS: 16
  DROPOUT_RATE: 0.2
  FILTERS: 8
  KERNEL_SIZE: 30
  POOL_SIZE: 3
  BATCH_SIZE: 32
  MAX_EPOCHS: 100
  LEARNING_RATE: 0.0005
  TRAINING_DATA_DIR: D:\01_Code\ao_compensation_model\src\ao_compensation_model\dataset\training
  MODEL_DIR: D:\01_Code\ao_compensation_model\src\ao_compensation_model\model
2026-03-26 09:32:42.679 | INFO     | ao_compensation_model.training_search:on_epoch_end:150 - Epoch   1 | val_loss: 0.206212
2026-03-26 09:33:10.392 | INFO     | ao_compensation_model.training_search:on_epoch_end:150 - Epoch   2 | val_loss: 0.198890
2026-03-26 09:33:38.020 | INFO     | ao_compensation_model.training_search:on_epoch_end:150 - Epoch   3 | val_loss: 0.196864
2026-03-26 09:34:05.575 | INFO     | ao_compensation_model.training_search:on_epoch_end:150 - Epoch   4 | val_loss: 0.193383
2026-03-26 09:34:33.251 | INFO     | ao_compensation_model.training_search:on_epoch_end:150 - Epoch   5 | val_loss: 0.198466
2026-03-26 09:35:01.283 | INFO     | ao_compensation_model.training_search:on_epoch_end:150 - Epoch   6 | val_loss: 0.197682
2026-03-26 09:35:01.314 | INFO     | ao_compensation_model.training_search:train:294 - Best model for this run saved as: gru_model.keras (val_loss=0.193383)
2026-03-26 09:35:04.393 | INFO     | ao_compensation_model.training_search:train:311 - TFLite model saved as: gru_model_edge.tflite
2026-03-26 09:35:04.910 | INFO     | ao_compensation_model.training_search:train:241 - --- Testing Config: GRU=16 | BATCH=32 | KERNEL=30 | FILTERS=16 | POOL=5 ---
2026-03-26 09:35:05.042 | INFO     | ao_compensation_model.training_search:train:259 - Model architecture:
Model: "functional"
┏━━━━━━━━━━━━━━━━━━━━━━━━━━━━━━━━━━━━━━┳━━━━━━━━━━━━━━━━━━━━━━━━━━━━━┳━━━━━━━━━━━━━━━━━┓
┃ Layer (type)                         ┃ Output Shape                ┃         Param # ┃
┡━━━━━━━━━━━━━━━━━━━━━━━━━━━━━━━━━━━━━━╇━━━━━━━━━━━━━━━━━━━━━━━━━━━━━╇━━━━━━━━━━━━━━━━━┩
│ input_layer (InputLayer)             │ (None, 200, 2)              │               0 │
├──────────────────────────────────────┼─────────────────────────────┼─────────────────┤
│ conv1d (Conv1D)                      │ (None, 200, 16)             │             976 │
├──────────────────────────────────────┼─────────────────────────────┼─────────────────┤
│ batch_normalization                  │ (None, 200, 16)             │              64 │
│ (BatchNormalization)                 │                             │                 │
├──────────────────────────────────────┼─────────────────────────────┼─────────────────┤
│ zero_padding1d (ZeroPadding1D)       │ (None, 204, 16)             │               0 │
├──────────────────────────────────────┼─────────────────────────────┼─────────────────┤
│ average_pooling1d (AveragePooling1D) │ (None, 200, 16)             │               0 │
├──────────────────────────────────────┼─────────────────────────────┼─────────────────┤
│ gru (GRU)                            │ (None, 16)                  │           1,632 │
├──────────────────────────────────────┼─────────────────────────────┼─────────────────┤
│ dense (Dense)                        │ (None, 2)                   │              34 │
├──────────────────────────────────────┼─────────────────────────────┼─────────────────┤
│ phase (UnitNormalization)            │ (None, 2)                   │               0 │
└──────────────────────────────────────┴─────────────────────────────┴─────────────────┘
 Total params: 2,706 (10.57 KB)
 Trainable params: 2,674 (10.45 KB)
 Non-trainable params: 32 (128.00 B)


2026-03-26 09:35:05.056 | INFO     | ao_compensation_model.training_search:train:262 - Parameters — trainable: 2674  non-trainable: 32  total: 2706
2026-03-26 09:35:05.139 | INFO     | ao_compensation_model.training_search:on_train_begin:130 - Training started.
2026-03-26 09:35:05.140 | INFO     | ao_compensation_model.training_search:on_train_begin:131 - Hyperparameters:
  WINDOW_SIZE: 200
  STRIDE: 20
  TARGET_LEAD: 0
  GRU_UNITS: 16
  DROPOUT_RATE: 0.2
  FILTERS: 16
  KERNEL_SIZE: 30
  POOL_SIZE: 5
  BATCH_SIZE: 32
  MAX_EPOCHS: 100
  LEARNING_RATE: 0.0005
  TRAINING_DATA_DIR: D:\01_Code\ao_compensation_model\src\ao_compensation_model\dataset\training
  MODEL_DIR: D:\01_Code\ao_compensation_model\src\ao_compensation_model\model
2026-03-26 09:35:39.049 | INFO     | ao_compensation_model.training_search:on_epoch_end:150 - Epoch   1 | val_loss: 0.205983
2026-03-26 09:36:07.664 | INFO     | ao_compensation_model.training_search:on_epoch_end:150 - Epoch   2 | val_loss: 0.199442
2026-03-26 09:36:36.767 | INFO     | ao_compensation_model.training_search:on_epoch_end:150 - Epoch   3 | val_loss: 0.189304
2026-03-26 09:37:02.346 | INFO     | ao_compensation_model.training_search:on_epoch_end:150 - Epoch   4 | val_loss: 0.193044
2026-03-26 09:37:28.607 | INFO     | ao_compensation_model.training_search:on_epoch_end:150 - Epoch   5 | val_loss: 0.192864
2026-03-26 09:37:28.637 | INFO     | ao_compensation_model.training_search:train:294 - Best model for this run saved as: gru_model.keras (val_loss=0.189304)
2026-03-26 09:37:30.369 | INFO     | ao_compensation_model.training_search:train:311 - TFLite model saved as: gru_model_edge.tflite
2026-03-26 09:37:30.847 | INFO     | ao_compensation_model.training_search:train:241 - --- Testing Config: GRU=16 | BATCH=32 | KERNEL=30 | FILTERS=16 | POOL=3 ---
2026-03-26 09:37:30.941 | INFO     | ao_compensation_model.training_search:train:259 - Model architecture:
Model: "functional"
┏━━━━━━━━━━━━━━━━━━━━━━━━━━━━━━━━━━━━━━┳━━━━━━━━━━━━━━━━━━━━━━━━━━━━━┳━━━━━━━━━━━━━━━━━┓
┃ Layer (type)                         ┃ Output Shape                ┃         Param # ┃
┡━━━━━━━━━━━━━━━━━━━━━━━━━━━━━━━━━━━━━━╇━━━━━━━━━━━━━━━━━━━━━━━━━━━━━╇━━━━━━━━━━━━━━━━━┩
│ input_layer (InputLayer)             │ (None, 200, 2)              │               0 │
├──────────────────────────────────────┼─────────────────────────────┼─────────────────┤
│ conv1d (Conv1D)                      │ (None, 200, 16)             │             976 │
├──────────────────────────────────────┼─────────────────────────────┼─────────────────┤
│ batch_normalization                  │ (None, 200, 16)             │              64 │
│ (BatchNormalization)                 │                             │                 │
├──────────────────────────────────────┼─────────────────────────────┼─────────────────┤
│ zero_padding1d (ZeroPadding1D)       │ (None, 202, 16)             │               0 │
├──────────────────────────────────────┼─────────────────────────────┼─────────────────┤
│ average_pooling1d (AveragePooling1D) │ (None, 200, 16)             │               0 │
├──────────────────────────────────────┼─────────────────────────────┼─────────────────┤
│ gru (GRU)                            │ (None, 16)                  │           1,632 │
├──────────────────────────────────────┼─────────────────────────────┼─────────────────┤
│ dense (Dense)                        │ (None, 2)                   │              34 │
├──────────────────────────────────────┼─────────────────────────────┼─────────────────┤
│ phase (UnitNormalization)            │ (None, 2)                   │               0 │
└──────────────────────────────────────┴─────────────────────────────┴─────────────────┘
 Total params: 2,706 (10.57 KB)
 Trainable params: 2,674 (10.45 KB)
 Non-trainable params: 32 (128.00 B)


2026-03-26 09:37:30.955 | INFO     | ao_compensation_model.training_search:train:262 - Parameters — trainable: 2674  non-trainable: 32  total: 2706
2026-03-26 09:37:31.021 | INFO     | ao_compensation_model.training_search:on_train_begin:130 - Training started.
2026-03-26 09:37:31.022 | INFO     | ao_compensation_model.training_search:on_train_begin:131 - Hyperparameters:
  WINDOW_SIZE: 200
  STRIDE: 20
  TARGET_LEAD: 0
  GRU_UNITS: 16
  DROPOUT_RATE: 0.2
  FILTERS: 16
  KERNEL_SIZE: 30
  POOL_SIZE: 3
  BATCH_SIZE: 32
  MAX_EPOCHS: 100
  LEARNING_RATE: 0.0005
  TRAINING_DATA_DIR: D:\01_Code\ao_compensation_model\src\ao_compensation_model\dataset\training
  MODEL_DIR: D:\01_Code\ao_compensation_model\src\ao_compensation_model\model
2026-03-26 09:38:01.977 | INFO     | ao_compensation_model.training_search:on_epoch_end:150 - Epoch   1 | val_loss: 0.211033
2026-03-26 09:38:31.514 | INFO     | ao_compensation_model.training_search:on_epoch_end:150 - Epoch   2 | val_loss: 0.204317
2026-03-26 09:39:00.278 | INFO     | ao_compensation_model.training_search:on_epoch_end:150 - Epoch   3 | val_loss: 0.195705
2026-03-26 09:39:29.265 | INFO     | ao_compensation_model.training_search:on_epoch_end:150 - Epoch   4 | val_loss: 0.194702
2026-03-26 09:39:57.180 | INFO     | ao_compensation_model.training_search:on_epoch_end:150 - Epoch   5 | val_loss: 0.196583
2026-03-26 09:40:26.609 | INFO     | ao_compensation_model.training_search:on_epoch_end:150 - Epoch   6 | val_loss: 0.192297
2026-03-26 09:40:57.003 | INFO     | ao_compensation_model.training_search:on_epoch_end:150 - Epoch   7 | val_loss: 0.193216
2026-03-26 09:41:27.491 | INFO     | ao_compensation_model.training_search:on_epoch_end:150 - Epoch   8 | val_loss: 0.188061
2026-03-26 09:41:57.184 | INFO     | ao_compensation_model.training_search:on_epoch_end:150 - Epoch   9 | val_loss: 0.186789
2026-03-26 09:42:26.643 | INFO     | ao_compensation_model.training_search:on_epoch_end:150 - Epoch  10 | val_loss: 0.188870
2026-03-26 09:42:57.242 | INFO     | ao_compensation_model.training_search:on_epoch_end:150 - Epoch  11 | val_loss: 0.187836
2026-03-26 09:42:57.307 | INFO     | ao_compensation_model.training_search:train:294 - Best model for this run saved as: gru_model.keras (val_loss=0.186789)
2026-03-26 09:42:59.853 | INFO     | ao_compensation_model.training_search:train:311 - TFLite model saved as: gru_model_edge.tflite
2026-03-26 09:43:00.439 | INFO     | ao_compensation_model.training_search:train:241 - --- Testing Config: GRU=16 | BATCH=32 | KERNEL=30 | FILTERS=32 | POOL=5 ---
2026-03-26 09:43:00.617 | INFO     | ao_compensation_model.training_search:train:259 - Model architecture:
Model: "functional"
┏━━━━━━━━━━━━━━━━━━━━━━━━━━━━━━━━━━━━━━┳━━━━━━━━━━━━━━━━━━━━━━━━━━━━━┳━━━━━━━━━━━━━━━━━┓
┃ Layer (type)                         ┃ Output Shape                ┃         Param # ┃
┡━━━━━━━━━━━━━━━━━━━━━━━━━━━━━━━━━━━━━━╇━━━━━━━━━━━━━━━━━━━━━━━━━━━━━╇━━━━━━━━━━━━━━━━━┩
│ input_layer (InputLayer)             │ (None, 200, 2)              │               0 │
├──────────────────────────────────────┼─────────────────────────────┼─────────────────┤
│ conv1d (Conv1D)                      │ (None, 200, 32)             │           1,952 │
├──────────────────────────────────────┼─────────────────────────────┼─────────────────┤
│ batch_normalization                  │ (None, 200, 32)             │             128 │
│ (BatchNormalization)                 │                             │                 │
├──────────────────────────────────────┼─────────────────────────────┼─────────────────┤
│ zero_padding1d (ZeroPadding1D)       │ (None, 204, 32)             │               0 │
├──────────────────────────────────────┼─────────────────────────────┼─────────────────┤
│ average_pooling1d (AveragePooling1D) │ (None, 200, 32)             │               0 │
├──────────────────────────────────────┼─────────────────────────────┼─────────────────┤
│ gru (GRU)                            │ (None, 16)                  │           2,400 │
├──────────────────────────────────────┼─────────────────────────────┼─────────────────┤
│ dense (Dense)                        │ (None, 2)                   │              34 │
├──────────────────────────────────────┼─────────────────────────────┼─────────────────┤
│ phase (UnitNormalization)            │ (None, 2)                   │               0 │
└──────────────────────────────────────┴─────────────────────────────┴─────────────────┘
 Total params: 4,514 (17.63 KB)
 Trainable params: 4,450 (17.38 KB)
 Non-trainable params: 64 (256.00 B)


2026-03-26 09:43:00.632 | INFO     | ao_compensation_model.training_search:train:262 - Parameters — trainable: 4450  non-trainable: 64  total: 4514
2026-03-26 09:43:00.728 | INFO     | ao_compensation_model.training_search:on_train_begin:130 - Training started.
2026-03-26 09:43:00.729 | INFO     | ao_compensation_model.training_search:on_train_begin:131 - Hyperparameters:
  WINDOW_SIZE: 200
  STRIDE: 20
  TARGET_LEAD: 0
  GRU_UNITS: 16
  DROPOUT_RATE: 0.2
  FILTERS: 32
  KERNEL_SIZE: 30
  POOL_SIZE: 5
  BATCH_SIZE: 32
  MAX_EPOCHS: 100
  LEARNING_RATE: 0.0005
  TRAINING_DATA_DIR: D:\01_Code\ao_compensation_model\src\ao_compensation_model\dataset\training
  MODEL_DIR: D:\01_Code\ao_compensation_model\src\ao_compensation_model\model
2026-03-26 09:43:39.413 | INFO     | ao_compensation_model.training_search:on_epoch_end:150 - Epoch   1 | val_loss: 0.212223
2026-03-26 09:44:11.231 | INFO     | ao_compensation_model.training_search:on_epoch_end:150 - Epoch   2 | val_loss: 0.200860
2026-03-26 09:44:42.362 | INFO     | ao_compensation_model.training_search:on_epoch_end:150 - Epoch   3 | val_loss: 0.198210
2026-03-26 09:45:13.963 | INFO     | ao_compensation_model.training_search:on_epoch_end:150 - Epoch   4 | val_loss: 0.193703
2026-03-26 09:45:44.638 | INFO     | ao_compensation_model.training_search:on_epoch_end:150 - Epoch   5 | val_loss: 0.194449
2026-03-26 09:46:15.607 | INFO     | ao_compensation_model.training_search:on_epoch_end:150 - Epoch   6 | val_loss: 0.191875
2026-03-26 09:46:46.576 | INFO     | ao_compensation_model.training_search:on_epoch_end:150 - Epoch   7 | val_loss: 0.187353
2026-03-26 09:47:19.166 | INFO     | ao_compensation_model.training_search:on_epoch_end:150 - Epoch   8 | val_loss: 0.186929
2026-03-26 09:47:50.121 | INFO     | ao_compensation_model.training_search:on_epoch_end:150 - Epoch   9 | val_loss: 0.189699
2026-03-26 09:48:20.820 | INFO     | ao_compensation_model.training_search:on_epoch_end:150 - Epoch  10 | val_loss: 0.187457
2026-03-26 09:48:20.887 | INFO     | ao_compensation_model.training_search:train:294 - Best model for this run saved as: gru_model.keras (val_loss=0.186929)
2026-03-26 09:48:22.927 | INFO     | ao_compensation_model.training_search:train:311 - TFLite model saved as: gru_model_edge.tflite
2026-03-26 09:48:23.481 | INFO     | ao_compensation_model.training_search:train:241 - --- Testing Config: GRU=16 | BATCH=32 | KERNEL=30 | FILTERS=32 | POOL=3 ---
2026-03-26 09:48:23.588 | INFO     | ao_compensation_model.training_search:train:259 - Model architecture:
Model: "functional"
┏━━━━━━━━━━━━━━━━━━━━━━━━━━━━━━━━━━━━━━┳━━━━━━━━━━━━━━━━━━━━━━━━━━━━━┳━━━━━━━━━━━━━━━━━┓
┃ Layer (type)                         ┃ Output Shape                ┃         Param # ┃
┡━━━━━━━━━━━━━━━━━━━━━━━━━━━━━━━━━━━━━━╇━━━━━━━━━━━━━━━━━━━━━━━━━━━━━╇━━━━━━━━━━━━━━━━━┩
│ input_layer (InputLayer)             │ (None, 200, 2)              │               0 │
├──────────────────────────────────────┼─────────────────────────────┼─────────────────┤
│ conv1d (Conv1D)                      │ (None, 200, 32)             │           1,952 │
├──────────────────────────────────────┼─────────────────────────────┼─────────────────┤
│ batch_normalization                  │ (None, 200, 32)             │             128 │
│ (BatchNormalization)                 │                             │                 │
├──────────────────────────────────────┼─────────────────────────────┼─────────────────┤
│ zero_padding1d (ZeroPadding1D)       │ (None, 202, 32)             │               0 │
├──────────────────────────────────────┼─────────────────────────────┼─────────────────┤
│ average_pooling1d (AveragePooling1D) │ (None, 200, 32)             │               0 │
├──────────────────────────────────────┼─────────────────────────────┼─────────────────┤
│ gru (GRU)                            │ (None, 16)                  │           2,400 │
├──────────────────────────────────────┼─────────────────────────────┼─────────────────┤
│ dense (Dense)                        │ (None, 2)                   │              34 │
├──────────────────────────────────────┼─────────────────────────────┼─────────────────┤
│ phase (UnitNormalization)            │ (None, 2)                   │               0 │
└──────────────────────────────────────┴─────────────────────────────┴─────────────────┘
 Total params: 4,514 (17.63 KB)
 Trainable params: 4,450 (17.38 KB)
 Non-trainable params: 64 (256.00 B)


2026-03-26 09:48:23.600 | INFO     | ao_compensation_model.training_search:train:262 - Parameters — trainable: 4450  non-trainable: 64  total: 4514
2026-03-26 09:48:23.687 | INFO     | ao_compensation_model.training_search:on_train_begin:130 - Training started.
2026-03-26 09:48:23.688 | INFO     | ao_compensation_model.training_search:on_train_begin:131 - Hyperparameters:
  WINDOW_SIZE: 200
  STRIDE: 20
  TARGET_LEAD: 0
  GRU_UNITS: 16
  DROPOUT_RATE: 0.2
  FILTERS: 32
  KERNEL_SIZE: 30
  POOL_SIZE: 3
  BATCH_SIZE: 32
  MAX_EPOCHS: 100
  LEARNING_RATE: 0.0005
  TRAINING_DATA_DIR: D:\01_Code\ao_compensation_model\src\ao_compensation_model\dataset\training
  MODEL_DIR: D:\01_Code\ao_compensation_model\src\ao_compensation_model\model
2026-03-26 09:49:01.007 | INFO     | ao_compensation_model.training_search:on_epoch_end:150 - Epoch   1 | val_loss: 0.201401
2026-03-26 09:49:31.590 | INFO     | ao_compensation_model.training_search:on_epoch_end:150 - Epoch   2 | val_loss: 0.192614
2026-03-26 09:50:02.576 | INFO     | ao_compensation_model.training_search:on_epoch_end:150 - Epoch   3 | val_loss: 0.191399
2026-03-26 09:50:32.779 | INFO     | ao_compensation_model.training_search:on_epoch_end:150 - Epoch   4 | val_loss: 0.187769
2026-03-26 09:51:03.371 | INFO     | ao_compensation_model.training_search:on_epoch_end:150 - Epoch   5 | val_loss: 0.191653
2026-03-26 09:51:34.388 | INFO     | ao_compensation_model.training_search:on_epoch_end:150 - Epoch   6 | val_loss: 0.191744
2026-03-26 09:51:34.423 | INFO     | ao_compensation_model.training_search:train:294 - Best model for this run saved as: gru_model.keras (val_loss=0.187769)
2026-03-26 09:51:36.366 | INFO     | ao_compensation_model.training_search:train:311 - TFLite model saved as: gru_model_edge.tflite
2026-03-26 09:51:36.952 | INFO     | ao_compensation_model.training_search:train:241 - --- Testing Config: GRU=16 | BATCH=256 | KERNEL=10 | FILTERS=8 | POOL=5 ---
2026-03-26 09:51:37.073 | INFO     | ao_compensation_model.training_search:train:259 - Model architecture:
Model: "functional"
┏━━━━━━━━━━━━━━━━━━━━━━━━━━━━━━━━━━━━━━┳━━━━━━━━━━━━━━━━━━━━━━━━━━━━━┳━━━━━━━━━━━━━━━━━┓
┃ Layer (type)                         ┃ Output Shape                ┃         Param # ┃
┡━━━━━━━━━━━━━━━━━━━━━━━━━━━━━━━━━━━━━━╇━━━━━━━━━━━━━━━━━━━━━━━━━━━━━╇━━━━━━━━━━━━━━━━━┩
│ input_layer (InputLayer)             │ (None, 200, 2)              │               0 │
├──────────────────────────────────────┼─────────────────────────────┼─────────────────┤
│ conv1d (Conv1D)                      │ (None, 200, 8)              │             168 │
├──────────────────────────────────────┼─────────────────────────────┼─────────────────┤
│ batch_normalization                  │ (None, 200, 8)              │              32 │
│ (BatchNormalization)                 │                             │                 │
├──────────────────────────────────────┼─────────────────────────────┼─────────────────┤
│ zero_padding1d (ZeroPadding1D)       │ (None, 204, 8)              │               0 │
├──────────────────────────────────────┼─────────────────────────────┼─────────────────┤
│ average_pooling1d (AveragePooling1D) │ (None, 200, 8)              │               0 │
├──────────────────────────────────────┼─────────────────────────────┼─────────────────┤
│ gru (GRU)                            │ (None, 16)                  │           1,248 │
├──────────────────────────────────────┼─────────────────────────────┼─────────────────┤
│ dense (Dense)                        │ (None, 2)                   │              34 │
├──────────────────────────────────────┼─────────────────────────────┼─────────────────┤
│ phase (UnitNormalization)            │ (None, 2)                   │               0 │
└──────────────────────────────────────┴─────────────────────────────┴─────────────────┘
 Total params: 1,482 (5.79 KB)
 Trainable params: 1,466 (5.73 KB)
 Non-trainable params: 16 (64.00 B)


2026-03-26 09:51:37.086 | INFO     | ao_compensation_model.training_search:train:262 - Parameters — trainable: 1466  non-trainable: 16  total: 1482
2026-03-26 09:51:37.166 | INFO     | ao_compensation_model.training_search:on_train_begin:130 - Training started.
2026-03-26 09:51:37.167 | INFO     | ao_compensation_model.training_search:on_train_begin:131 - Hyperparameters:
  WINDOW_SIZE: 200
  STRIDE: 20
  TARGET_LEAD: 0
  GRU_UNITS: 16
  DROPOUT_RATE: 0.2
  FILTERS: 8
  KERNEL_SIZE: 10
  POOL_SIZE: 5
  BATCH_SIZE: 256
  MAX_EPOCHS: 100
  LEARNING_RATE: 0.0005
  TRAINING_DATA_DIR: D:\01_Code\ao_compensation_model\src\ao_compensation_model\dataset\training
  MODEL_DIR: D:\01_Code\ao_compensation_model\src\ao_compensation_model\model
2026-03-26 09:51:49.570 | INFO     | ao_compensation_model.training_search:on_epoch_end:150 - Epoch   1 | val_loss: 0.400185
2026-03-26 09:51:55.684 | INFO     | ao_compensation_model.training_search:on_epoch_end:150 - Epoch   2 | val_loss: 0.355207
2026-03-26 09:52:02.531 | INFO     | ao_compensation_model.training_search:on_epoch_end:150 - Epoch   3 | val_loss: 0.319770
2026-03-26 09:52:08.572 | INFO     | ao_compensation_model.training_search:on_epoch_end:150 - Epoch   4 | val_loss: 0.298455
2026-03-26 09:52:15.047 | INFO     | ao_compensation_model.training_search:on_epoch_end:150 - Epoch   5 | val_loss: 0.268719
2026-03-26 09:52:21.078 | INFO     | ao_compensation_model.training_search:on_epoch_end:150 - Epoch   6 | val_loss: 0.247968
2026-03-26 09:52:27.782 | INFO     | ao_compensation_model.training_search:on_epoch_end:150 - Epoch   7 | val_loss: 0.230954
2026-03-26 09:52:33.802 | INFO     | ao_compensation_model.training_search:on_epoch_end:150 - Epoch   8 | val_loss: 0.219567
2026-03-26 09:52:39.891 | INFO     | ao_compensation_model.training_search:on_epoch_end:150 - Epoch   9 | val_loss: 0.207602
2026-03-26 09:52:49.971 | INFO     | ao_compensation_model.training_search:on_epoch_end:150 - Epoch  10 | val_loss: 0.200965
2026-03-26 09:52:56.519 | INFO     | ao_compensation_model.training_search:on_epoch_end:150 - Epoch  11 | val_loss: 0.199781
2026-03-26 09:53:02.523 | INFO     | ao_compensation_model.training_search:on_epoch_end:150 - Epoch  12 | val_loss: 0.196108
2026-03-26 09:53:09.096 | INFO     | ao_compensation_model.training_search:on_epoch_end:150 - Epoch  13 | val_loss: 0.192505
2026-03-26 09:53:15.061 | INFO     | ao_compensation_model.training_search:on_epoch_end:150 - Epoch  14 | val_loss: 0.192422
2026-03-26 09:53:21.063 | INFO     | ao_compensation_model.training_search:on_epoch_end:150 - Epoch  15 | val_loss: 0.192383
2026-03-26 09:53:27.543 | INFO     | ao_compensation_model.training_search:on_epoch_end:150 - Epoch  16 | val_loss: 0.194914
2026-03-26 09:53:33.641 | INFO     | ao_compensation_model.training_search:on_epoch_end:150 - Epoch  17 | val_loss: 0.194299
2026-03-26 09:53:33.671 | INFO     | ao_compensation_model.training_search:train:294 - Best model for this run saved as: gru_model.keras (val_loss=0.192383)
2026-03-26 09:53:36.411 | INFO     | ao_compensation_model.training_search:train:311 - TFLite model saved as: gru_model_edge.tflite
2026-03-26 09:53:37.002 | INFO     | ao_compensation_model.training_search:train:241 - --- Testing Config: GRU=16 | BATCH=256 | KERNEL=10 | FILTERS=8 | POOL=3 ---
2026-03-26 09:53:37.112 | INFO     | ao_compensation_model.training_search:train:259 - Model architecture:
Model: "functional"
┏━━━━━━━━━━━━━━━━━━━━━━━━━━━━━━━━━━━━━━┳━━━━━━━━━━━━━━━━━━━━━━━━━━━━━┳━━━━━━━━━━━━━━━━━┓
┃ Layer (type)                         ┃ Output Shape                ┃         Param # ┃
┡━━━━━━━━━━━━━━━━━━━━━━━━━━━━━━━━━━━━━━╇━━━━━━━━━━━━━━━━━━━━━━━━━━━━━╇━━━━━━━━━━━━━━━━━┩
│ input_layer (InputLayer)             │ (None, 200, 2)              │               0 │
├──────────────────────────────────────┼─────────────────────────────┼─────────────────┤
│ conv1d (Conv1D)                      │ (None, 200, 8)              │             168 │
├──────────────────────────────────────┼─────────────────────────────┼─────────────────┤
│ batch_normalization                  │ (None, 200, 8)              │              32 │
│ (BatchNormalization)                 │                             │                 │
├──────────────────────────────────────┼─────────────────────────────┼─────────────────┤
│ zero_padding1d (ZeroPadding1D)       │ (None, 202, 8)              │               0 │
├──────────────────────────────────────┼─────────────────────────────┼─────────────────┤
│ average_pooling1d (AveragePooling1D) │ (None, 200, 8)              │               0 │
├──────────────────────────────────────┼─────────────────────────────┼─────────────────┤
│ gru (GRU)                            │ (None, 16)                  │           1,248 │
├──────────────────────────────────────┼─────────────────────────────┼─────────────────┤
│ dense (Dense)                        │ (None, 2)                   │              34 │
├──────────────────────────────────────┼─────────────────────────────┼─────────────────┤
│ phase (UnitNormalization)            │ (None, 2)                   │               0 │
└──────────────────────────────────────┴─────────────────────────────┴─────────────────┘
 Total params: 1,482 (5.79 KB)
 Trainable params: 1,466 (5.73 KB)
 Non-trainable params: 16 (64.00 B)


2026-03-26 09:53:37.123 | INFO     | ao_compensation_model.training_search:train:262 - Parameters — trainable: 1466  non-trainable: 16  total: 1482
2026-03-26 09:53:37.194 | INFO     | ao_compensation_model.training_search:on_train_begin:130 - Training started.
2026-03-26 09:53:37.195 | INFO     | ao_compensation_model.training_search:on_train_begin:131 - Hyperparameters:
  WINDOW_SIZE: 200
  STRIDE: 20
  TARGET_LEAD: 0
  GRU_UNITS: 16
  DROPOUT_RATE: 0.2
  FILTERS: 8
  KERNEL_SIZE: 10
  POOL_SIZE: 3
  BATCH_SIZE: 256
  MAX_EPOCHS: 100
  LEARNING_RATE: 0.0005
  TRAINING_DATA_DIR: D:\01_Code\ao_compensation_model\src\ao_compensation_model\dataset\training
  MODEL_DIR: D:\01_Code\ao_compensation_model\src\ao_compensation_model\model
2026-03-26 09:53:49.388 | INFO     | ao_compensation_model.training_search:on_epoch_end:150 - Epoch   1 | val_loss: 0.307805
2026-03-26 09:53:55.422 | INFO     | ao_compensation_model.training_search:on_epoch_end:150 - Epoch   2 | val_loss: 0.289779
2026-03-26 09:54:02.136 | INFO     | ao_compensation_model.training_search:on_epoch_end:150 - Epoch   3 | val_loss: 0.279160
2026-03-26 09:54:08.091 | INFO     | ao_compensation_model.training_search:on_epoch_end:150 - Epoch   4 | val_loss: 0.264940
2026-03-26 09:54:14.078 | INFO     | ao_compensation_model.training_search:on_epoch_end:150 - Epoch   5 | val_loss: 0.255577
2026-03-26 09:54:20.820 | INFO     | ao_compensation_model.training_search:on_epoch_end:150 - Epoch   6 | val_loss: 0.240660
2026-03-26 09:54:26.727 | INFO     | ao_compensation_model.training_search:on_epoch_end:150 - Epoch   7 | val_loss: 0.225695
2026-03-26 09:54:33.274 | INFO     | ao_compensation_model.training_search:on_epoch_end:150 - Epoch   8 | val_loss: 0.212599
2026-03-26 09:54:39.579 | INFO     | ao_compensation_model.training_search:on_epoch_end:150 - Epoch   9 | val_loss: 0.209900
2026-03-26 09:54:46.393 | INFO     | ao_compensation_model.training_search:on_epoch_end:150 - Epoch  10 | val_loss: 0.203243
2026-03-26 09:54:52.622 | INFO     | ao_compensation_model.training_search:on_epoch_end:150 - Epoch  11 | val_loss: 0.204392
2026-03-26 09:54:59.094 | INFO     | ao_compensation_model.training_search:on_epoch_end:150 - Epoch  12 | val_loss: 0.206235
2026-03-26 09:54:59.139 | INFO     | ao_compensation_model.training_search:train:294 - Best model for this run saved as: gru_model.keras (val_loss=0.203243)
2026-03-26 09:55:02.045 | INFO     | ao_compensation_model.training_search:train:311 - TFLite model saved as: gru_model_edge.tflite
2026-03-26 09:55:02.774 | INFO     | ao_compensation_model.training_search:train:241 - --- Testing Config: GRU=16 | BATCH=256 | KERNEL=10 | FILTERS=16 | POOL=5 ---
2026-03-26 09:55:02.908 | INFO     | ao_compensation_model.training_search:train:259 - Model architecture:
Model: "functional"
┏━━━━━━━━━━━━━━━━━━━━━━━━━━━━━━━━━━━━━━┳━━━━━━━━━━━━━━━━━━━━━━━━━━━━━┳━━━━━━━━━━━━━━━━━┓
┃ Layer (type)                         ┃ Output Shape                ┃         Param # ┃
┡━━━━━━━━━━━━━━━━━━━━━━━━━━━━━━━━━━━━━━╇━━━━━━━━━━━━━━━━━━━━━━━━━━━━━╇━━━━━━━━━━━━━━━━━┩
│ input_layer (InputLayer)             │ (None, 200, 2)              │               0 │
├──────────────────────────────────────┼─────────────────────────────┼─────────────────┤
│ conv1d (Conv1D)                      │ (None, 200, 16)             │             336 │
├──────────────────────────────────────┼─────────────────────────────┼─────────────────┤
│ batch_normalization                  │ (None, 200, 16)             │              64 │
│ (BatchNormalization)                 │                             │                 │
├──────────────────────────────────────┼─────────────────────────────┼─────────────────┤
│ zero_padding1d (ZeroPadding1D)       │ (None, 204, 16)             │               0 │
├──────────────────────────────────────┼─────────────────────────────┼─────────────────┤
│ average_pooling1d (AveragePooling1D) │ (None, 200, 16)             │               0 │
├──────────────────────────────────────┼─────────────────────────────┼─────────────────┤
│ gru (GRU)                            │ (None, 16)                  │           1,632 │
├──────────────────────────────────────┼─────────────────────────────┼─────────────────┤
│ dense (Dense)                        │ (None, 2)                   │              34 │
├──────────────────────────────────────┼─────────────────────────────┼─────────────────┤
│ phase (UnitNormalization)            │ (None, 2)                   │               0 │
└──────────────────────────────────────┴─────────────────────────────┴─────────────────┘
 Total params: 2,066 (8.07 KB)
 Trainable params: 2,034 (7.95 KB)
 Non-trainable params: 32 (128.00 B)


2026-03-26 09:55:02.922 | INFO     | ao_compensation_model.training_search:train:262 - Parameters — trainable: 2034  non-trainable: 32  total: 2066
2026-03-26 09:55:03.028 | INFO     | ao_compensation_model.training_search:on_train_begin:130 - Training started.
2026-03-26 09:55:03.028 | INFO     | ao_compensation_model.training_search:on_train_begin:131 - Hyperparameters:
  WINDOW_SIZE: 200
  STRIDE: 20
  TARGET_LEAD: 0
  GRU_UNITS: 16
  DROPOUT_RATE: 0.2
  FILTERS: 16
  KERNEL_SIZE: 10
  POOL_SIZE: 5
  BATCH_SIZE: 256
  MAX_EPOCHS: 100
  LEARNING_RATE: 0.0005
  TRAINING_DATA_DIR: D:\01_Code\ao_compensation_model\src\ao_compensation_model\dataset\training
  MODEL_DIR: D:\01_Code\ao_compensation_model\src\ao_compensation_model\model
2026-03-26 09:55:16.223 | INFO     | ao_compensation_model.training_search:on_epoch_end:150 - Epoch   1 | val_loss: 0.361103
2026-03-26 09:55:24.188 | INFO     | ao_compensation_model.training_search:on_epoch_end:150 - Epoch   2 | val_loss: 0.358771
2026-03-26 09:55:33.019 | INFO     | ao_compensation_model.training_search:on_epoch_end:150 - Epoch   3 | val_loss: 0.331476
2026-03-26 09:55:40.438 | INFO     | ao_compensation_model.training_search:on_epoch_end:150 - Epoch   4 | val_loss: 0.293017
2026-03-26 09:55:48.017 | INFO     | ao_compensation_model.training_search:on_epoch_end:150 - Epoch   5 | val_loss: 0.258712
2026-03-26 09:55:54.847 | INFO     | ao_compensation_model.training_search:on_epoch_end:150 - Epoch   6 | val_loss: 0.234647
2026-03-26 09:56:02.094 | INFO     | ao_compensation_model.training_search:on_epoch_end:150 - Epoch   7 | val_loss: 0.210440
2026-03-26 09:56:09.015 | INFO     | ao_compensation_model.training_search:on_epoch_end:150 - Epoch   8 | val_loss: 0.193040
2026-03-26 09:56:16.588 | INFO     | ao_compensation_model.training_search:on_epoch_end:150 - Epoch   9 | val_loss: 0.186417
2026-03-26 09:56:23.404 | INFO     | ao_compensation_model.training_search:on_epoch_end:150 - Epoch  10 | val_loss: 0.188263
2026-03-26 09:56:30.558 | INFO     | ao_compensation_model.training_search:on_epoch_end:150 - Epoch  11 | val_loss: 0.191386
2026-03-26 09:56:30.603 | INFO     | ao_compensation_model.training_search:train:294 - Best model for this run saved as: gru_model.keras (val_loss=0.186417)
2026-03-26 09:56:32.654 | INFO     | ao_compensation_model.training_search:train:311 - TFLite model saved as: gru_model_edge.tflite
2026-03-26 09:56:33.287 | INFO     | ao_compensation_model.training_search:train:241 - --- Testing Config: GRU=16 | BATCH=256 | KERNEL=10 | FILTERS=16 | POOL=3 ---
2026-03-26 09:56:33.407 | INFO     | ao_compensation_model.training_search:train:259 - Model architecture:
Model: "functional"
┏━━━━━━━━━━━━━━━━━━━━━━━━━━━━━━━━━━━━━━┳━━━━━━━━━━━━━━━━━━━━━━━━━━━━━┳━━━━━━━━━━━━━━━━━┓
┃ Layer (type)                         ┃ Output Shape                ┃         Param # ┃
┡━━━━━━━━━━━━━━━━━━━━━━━━━━━━━━━━━━━━━━╇━━━━━━━━━━━━━━━━━━━━━━━━━━━━━╇━━━━━━━━━━━━━━━━━┩
│ input_layer (InputLayer)             │ (None, 200, 2)              │               0 │
├──────────────────────────────────────┼─────────────────────────────┼─────────────────┤
│ conv1d (Conv1D)                      │ (None, 200, 16)             │             336 │
├──────────────────────────────────────┼─────────────────────────────┼─────────────────┤
│ batch_normalization                  │ (None, 200, 16)             │              64 │
│ (BatchNormalization)                 │                             │                 │
├──────────────────────────────────────┼─────────────────────────────┼─────────────────┤
│ zero_padding1d (ZeroPadding1D)       │ (None, 202, 16)             │               0 │
├──────────────────────────────────────┼─────────────────────────────┼─────────────────┤
│ average_pooling1d (AveragePooling1D) │ (None, 200, 16)             │               0 │
├──────────────────────────────────────┼─────────────────────────────┼─────────────────┤
│ gru (GRU)                            │ (None, 16)                  │           1,632 │
├──────────────────────────────────────┼─────────────────────────────┼─────────────────┤
│ dense (Dense)                        │ (None, 2)                   │              34 │
├──────────────────────────────────────┼─────────────────────────────┼─────────────────┤
│ phase (UnitNormalization)            │ (None, 2)                   │               0 │
└──────────────────────────────────────┴─────────────────────────────┴─────────────────┘
 Total params: 2,066 (8.07 KB)
 Trainable params: 2,034 (7.95 KB)
 Non-trainable params: 32 (128.00 B)


2026-03-26 09:56:33.422 | INFO     | ao_compensation_model.training_search:train:262 - Parameters — trainable: 2034  non-trainable: 32  total: 2066
2026-03-26 09:56:33.500 | INFO     | ao_compensation_model.training_search:on_train_begin:130 - Training started.
2026-03-26 09:56:33.500 | INFO     | ao_compensation_model.training_search:on_train_begin:131 - Hyperparameters:
  WINDOW_SIZE: 200
  STRIDE: 20
  TARGET_LEAD: 0
  GRU_UNITS: 16
  DROPOUT_RATE: 0.2
  FILTERS: 16
  KERNEL_SIZE: 10
  POOL_SIZE: 3
  BATCH_SIZE: 256
  MAX_EPOCHS: 100
  LEARNING_RATE: 0.0005
  TRAINING_DATA_DIR: D:\01_Code\ao_compensation_model\src\ao_compensation_model\dataset\training
  MODEL_DIR: D:\01_Code\ao_compensation_model\src\ao_compensation_model\model
2026-03-26 09:56:46.308 | INFO     | ao_compensation_model.training_search:on_epoch_end:150 - Epoch   1 | val_loss: 0.394933
2026-03-26 09:56:53.708 | INFO     | ao_compensation_model.training_search:on_epoch_end:150 - Epoch   2 | val_loss: 0.310336
2026-03-26 09:57:00.759 | INFO     | ao_compensation_model.training_search:on_epoch_end:150 - Epoch   3 | val_loss: 0.313379
2026-03-26 09:57:08.799 | INFO     | ao_compensation_model.training_search:on_epoch_end:150 - Epoch   4 | val_loss: 0.277749
2026-03-26 09:57:15.950 | INFO     | ao_compensation_model.training_search:on_epoch_end:150 - Epoch   5 | val_loss: 0.260263
2026-03-26 09:57:23.567 | INFO     | ao_compensation_model.training_search:on_epoch_end:150 - Epoch   6 | val_loss: 0.243080
2026-03-26 09:57:30.970 | INFO     | ao_compensation_model.training_search:on_epoch_end:150 - Epoch   7 | val_loss: 0.232842
2026-03-26 09:57:39.235 | INFO     | ao_compensation_model.training_search:on_epoch_end:150 - Epoch   8 | val_loss: 0.229120
2026-03-26 09:57:48.383 | INFO     | ao_compensation_model.training_search:on_epoch_end:150 - Epoch   9 | val_loss: 0.223562
2026-03-26 09:57:56.024 | INFO     | ao_compensation_model.training_search:on_epoch_end:150 - Epoch  10 | val_loss: 0.218328
2026-03-26 09:58:03.435 | INFO     | ao_compensation_model.training_search:on_epoch_end:150 - Epoch  11 | val_loss: 0.211180
2026-03-26 09:58:11.396 | INFO     | ao_compensation_model.training_search:on_epoch_end:150 - Epoch  12 | val_loss: 0.207642
2026-03-26 09:58:18.744 | INFO     | ao_compensation_model.training_search:on_epoch_end:150 - Epoch  13 | val_loss: 0.203778
2026-03-26 09:58:26.510 | INFO     | ao_compensation_model.training_search:on_epoch_end:150 - Epoch  14 | val_loss: 0.200452
2026-03-26 09:58:33.705 | INFO     | ao_compensation_model.training_search:on_epoch_end:150 - Epoch  15 | val_loss: 0.197969
2026-03-26 09:58:41.645 | INFO     | ao_compensation_model.training_search:on_epoch_end:150 - Epoch  16 | val_loss: 0.196868
2026-03-26 09:58:48.855 | INFO     | ao_compensation_model.training_search:on_epoch_end:150 - Epoch  17 | val_loss: 0.197856
2026-03-26 09:58:56.699 | INFO     | ao_compensation_model.training_search:on_epoch_end:150 - Epoch  18 | val_loss: 0.196171
2026-03-26 09:59:03.857 | INFO     | ao_compensation_model.training_search:on_epoch_end:150 - Epoch  19 | val_loss: 0.194958
2026-03-26 09:59:11.704 | INFO     | ao_compensation_model.training_search:on_epoch_end:150 - Epoch  20 | val_loss: 0.195533
2026-03-26 09:59:18.598 | INFO     | ao_compensation_model.training_search:on_epoch_end:150 - Epoch  21 | val_loss: 0.195226
2026-03-26 09:59:18.629 | INFO     | ao_compensation_model.training_search:train:294 - Best model for this run saved as: gru_model.keras (val_loss=0.194958)
2026-03-26 09:59:21.953 | INFO     | ao_compensation_model.training_search:train:311 - TFLite model saved as: gru_model_edge.tflite
2026-03-26 09:59:22.643 | INFO     | ao_compensation_model.training_search:train:241 - --- Testing Config: GRU=16 | BATCH=256 | KERNEL=10 | FILTERS=32 | POOL=5 ---
2026-03-26 09:59:22.760 | INFO     | ao_compensation_model.training_search:train:259 - Model architecture:
Model: "functional"
┏━━━━━━━━━━━━━━━━━━━━━━━━━━━━━━━━━━━━━━┳━━━━━━━━━━━━━━━━━━━━━━━━━━━━━┳━━━━━━━━━━━━━━━━━┓
┃ Layer (type)                         ┃ Output Shape                ┃         Param # ┃
┡━━━━━━━━━━━━━━━━━━━━━━━━━━━━━━━━━━━━━━╇━━━━━━━━━━━━━━━━━━━━━━━━━━━━━╇━━━━━━━━━━━━━━━━━┩
│ input_layer (InputLayer)             │ (None, 200, 2)              │               0 │
├──────────────────────────────────────┼─────────────────────────────┼─────────────────┤
│ conv1d (Conv1D)                      │ (None, 200, 32)             │             672 │
├──────────────────────────────────────┼─────────────────────────────┼─────────────────┤
│ batch_normalization                  │ (None, 200, 32)             │             128 │
│ (BatchNormalization)                 │                             │                 │
├──────────────────────────────────────┼─────────────────────────────┼─────────────────┤
│ zero_padding1d (ZeroPadding1D)       │ (None, 204, 32)             │               0 │
├──────────────────────────────────────┼─────────────────────────────┼─────────────────┤
│ average_pooling1d (AveragePooling1D) │ (None, 200, 32)             │               0 │
├──────────────────────────────────────┼─────────────────────────────┼─────────────────┤
│ gru (GRU)                            │ (None, 16)                  │           2,400 │
├──────────────────────────────────────┼─────────────────────────────┼─────────────────┤
│ dense (Dense)                        │ (None, 2)                   │              34 │
├──────────────────────────────────────┼─────────────────────────────┼─────────────────┤
│ phase (UnitNormalization)            │ (None, 2)                   │               0 │
└──────────────────────────────────────┴─────────────────────────────┴─────────────────┘
 Total params: 3,234 (12.63 KB)
 Trainable params: 3,170 (12.38 KB)
 Non-trainable params: 64 (256.00 B)


2026-03-26 09:59:22.773 | INFO     | ao_compensation_model.training_search:train:262 - Parameters — trainable: 3170  non-trainable: 64  total: 3234
2026-03-26 09:59:22.844 | INFO     | ao_compensation_model.training_search:on_train_begin:130 - Training started.
2026-03-26 09:59:22.845 | INFO     | ao_compensation_model.training_search:on_train_begin:131 - Hyperparameters:
  WINDOW_SIZE: 200
  STRIDE: 20
  TARGET_LEAD: 0
  GRU_UNITS: 16
  DROPOUT_RATE: 0.2
  FILTERS: 32
  KERNEL_SIZE: 10
  POOL_SIZE: 5
  BATCH_SIZE: 256
  MAX_EPOCHS: 100
  LEARNING_RATE: 0.0005
  TRAINING_DATA_DIR: D:\01_Code\ao_compensation_model\src\ao_compensation_model\dataset\training
  MODEL_DIR: D:\01_Code\ao_compensation_model\src\ao_compensation_model\model
2026-03-26 09:59:37.719 | INFO     | ao_compensation_model.training_search:on_epoch_end:150 - Epoch   1 | val_loss: 0.321774
2026-03-26 09:59:46.380 | INFO     | ao_compensation_model.training_search:on_epoch_end:150 - Epoch   2 | val_loss: 0.319405
2026-03-26 09:59:55.898 | INFO     | ao_compensation_model.training_search:on_epoch_end:150 - Epoch   3 | val_loss: 0.296199
2026-03-26 10:00:05.292 | INFO     | ao_compensation_model.training_search:on_epoch_end:150 - Epoch   4 | val_loss: 0.261574
2026-03-26 10:00:14.062 | INFO     | ao_compensation_model.training_search:on_epoch_end:150 - Epoch   5 | val_loss: 0.233359
2026-03-26 10:00:23.528 | INFO     | ao_compensation_model.training_search:on_epoch_end:150 - Epoch   6 | val_loss: 0.215893
2026-03-26 10:00:31.974 | INFO     | ao_compensation_model.training_search:on_epoch_end:150 - Epoch   7 | val_loss: 0.202591
2026-03-26 10:00:40.959 | INFO     | ao_compensation_model.training_search:on_epoch_end:150 - Epoch   8 | val_loss: 0.201599
2026-03-26 10:00:49.731 | INFO     | ao_compensation_model.training_search:on_epoch_end:150 - Epoch   9 | val_loss: 0.192030
2026-03-26 10:00:57.942 | INFO     | ao_compensation_model.training_search:on_epoch_end:150 - Epoch  10 | val_loss: 0.190539
2026-03-26 10:01:06.800 | INFO     | ao_compensation_model.training_search:on_epoch_end:150 - Epoch  11 | val_loss: 0.191686
2026-03-26 10:01:15.196 | INFO     | ao_compensation_model.training_search:on_epoch_end:150 - Epoch  12 | val_loss: 0.190696
2026-03-26 10:01:15.235 | INFO     | ao_compensation_model.training_search:train:294 - Best model for this run saved as: gru_model.keras (val_loss=0.190539)
2026-03-26 10:01:17.929 | INFO     | ao_compensation_model.training_search:train:311 - TFLite model saved as: gru_model_edge.tflite
2026-03-26 10:01:18.891 | INFO     | ao_compensation_model.training_search:train:241 - --- Testing Config: GRU=16 | BATCH=256 | KERNEL=10 | FILTERS=32 | POOL=3 ---
2026-03-26 10:01:19.029 | INFO     | ao_compensation_model.training_search:train:259 - Model architecture:
Model: "functional"
┏━━━━━━━━━━━━━━━━━━━━━━━━━━━━━━━━━━━━━━┳━━━━━━━━━━━━━━━━━━━━━━━━━━━━━┳━━━━━━━━━━━━━━━━━┓
┃ Layer (type)                         ┃ Output Shape                ┃         Param # ┃
┡━━━━━━━━━━━━━━━━━━━━━━━━━━━━━━━━━━━━━━╇━━━━━━━━━━━━━━━━━━━━━━━━━━━━━╇━━━━━━━━━━━━━━━━━┩
│ input_layer (InputLayer)             │ (None, 200, 2)              │               0 │
├──────────────────────────────────────┼─────────────────────────────┼─────────────────┤
│ conv1d (Conv1D)                      │ (None, 200, 32)             │             672 │
├──────────────────────────────────────┼─────────────────────────────┼─────────────────┤
│ batch_normalization                  │ (None, 200, 32)             │             128 │
│ (BatchNormalization)                 │                             │                 │
├──────────────────────────────────────┼─────────────────────────────┼─────────────────┤
│ zero_padding1d (ZeroPadding1D)       │ (None, 202, 32)             │               0 │
├──────────────────────────────────────┼─────────────────────────────┼─────────────────┤
│ average_pooling1d (AveragePooling1D) │ (None, 200, 32)             │               0 │
├──────────────────────────────────────┼─────────────────────────────┼─────────────────┤
│ gru (GRU)                            │ (None, 16)                  │           2,400 │
├──────────────────────────────────────┼─────────────────────────────┼─────────────────┤
│ dense (Dense)                        │ (None, 2)                   │              34 │
├──────────────────────────────────────┼─────────────────────────────┼─────────────────┤
│ phase (UnitNormalization)            │ (None, 2)                   │               0 │
└──────────────────────────────────────┴─────────────────────────────┴─────────────────┘
 Total params: 3,234 (12.63 KB)
 Trainable params: 3,170 (12.38 KB)
 Non-trainable params: 64 (256.00 B)


2026-03-26 10:01:19.048 | INFO     | ao_compensation_model.training_search:train:262 - Parameters — trainable: 3170  non-trainable: 64  total: 3234
2026-03-26 10:01:19.123 | INFO     | ao_compensation_model.training_search:on_train_begin:130 - Training started.
2026-03-26 10:01:19.124 | INFO     | ao_compensation_model.training_search:on_train_begin:131 - Hyperparameters:
  WINDOW_SIZE: 200
  STRIDE: 20
  TARGET_LEAD: 0
  GRU_UNITS: 16
  DROPOUT_RATE: 0.2
  FILTERS: 32
  KERNEL_SIZE: 10
  POOL_SIZE: 3
  BATCH_SIZE: 256
  MAX_EPOCHS: 100
  LEARNING_RATE: 0.0005
  TRAINING_DATA_DIR: D:\01_Code\ao_compensation_model\src\ao_compensation_model\dataset\training
  MODEL_DIR: D:\01_Code\ao_compensation_model\src\ao_compensation_model\model
2026-03-26 10:01:33.767 | INFO     | ao_compensation_model.training_search:on_epoch_end:150 - Epoch   1 | val_loss: 0.327565
2026-03-26 10:01:42.273 | INFO     | ao_compensation_model.training_search:on_epoch_end:150 - Epoch   2 | val_loss: 0.324476
2026-03-26 10:01:51.472 | INFO     | ao_compensation_model.training_search:on_epoch_end:150 - Epoch   3 | val_loss: 0.314838
2026-03-26 10:02:00.671 | INFO     | ao_compensation_model.training_search:on_epoch_end:150 - Epoch   4 | val_loss: 0.300450
2026-03-26 10:02:09.294 | INFO     | ao_compensation_model.training_search:on_epoch_end:150 - Epoch   5 | val_loss: 0.258818
2026-03-26 10:02:18.379 | INFO     | ao_compensation_model.training_search:on_epoch_end:150 - Epoch   6 | val_loss: 0.242518
2026-03-26 10:02:27.042 | INFO     | ao_compensation_model.training_search:on_epoch_end:150 - Epoch   7 | val_loss: 0.219003
2026-03-26 10:02:35.848 | INFO     | ao_compensation_model.training_search:on_epoch_end:150 - Epoch   8 | val_loss: 0.216851
2026-03-26 10:02:44.612 | INFO     | ao_compensation_model.training_search:on_epoch_end:150 - Epoch   9 | val_loss: 0.200441
2026-03-26 10:02:53.170 | INFO     | ao_compensation_model.training_search:on_epoch_end:150 - Epoch  10 | val_loss: 0.196384
2026-03-26 10:03:02.270 | INFO     | ao_compensation_model.training_search:on_epoch_end:150 - Epoch  11 | val_loss: 0.195113
2026-03-26 10:03:10.606 | INFO     | ao_compensation_model.training_search:on_epoch_end:150 - Epoch  12 | val_loss: 0.184834
2026-03-26 10:03:19.738 | INFO     | ao_compensation_model.training_search:on_epoch_end:150 - Epoch  13 | val_loss: 0.183971
2026-03-26 10:03:29.553 | INFO     | ao_compensation_model.training_search:on_epoch_end:150 - Epoch  14 | val_loss: 0.180653
2026-03-26 10:03:39.195 | INFO     | ao_compensation_model.training_search:on_epoch_end:150 - Epoch  15 | val_loss: 0.179759
2026-03-26 10:03:48.454 | INFO     | ao_compensation_model.training_search:on_epoch_end:150 - Epoch  16 | val_loss: 0.181454
2026-03-26 10:03:57.601 | INFO     | ao_compensation_model.training_search:on_epoch_end:150 - Epoch  17 | val_loss: 0.182499
2026-03-26 10:03:57.638 | INFO     | ao_compensation_model.training_search:train:294 - Best model for this run saved as: gru_model.keras (val_loss=0.179759)
2026-03-26 10:04:00.753 | INFO     | ao_compensation_model.training_search:train:311 - TFLite model saved as: gru_model_edge.tflite
2026-03-26 10:04:00.788 | INFO     | ao_compensation_model.training_search:train:317 - *** New best overall config! Val Loss: 0.179759 ***
2026-03-26 10:04:01.522 | INFO     | ao_compensation_model.training_search:train:241 - --- Testing Config: GRU=16 | BATCH=256 | KERNEL=20 | FILTERS=8 | POOL=5 ---
2026-03-26 10:04:01.658 | INFO     | ao_compensation_model.training_search:train:259 - Model architecture:
Model: "functional"
┏━━━━━━━━━━━━━━━━━━━━━━━━━━━━━━━━━━━━━━┳━━━━━━━━━━━━━━━━━━━━━━━━━━━━━┳━━━━━━━━━━━━━━━━━┓
┃ Layer (type)                         ┃ Output Shape                ┃         Param # ┃
┡━━━━━━━━━━━━━━━━━━━━━━━━━━━━━━━━━━━━━━╇━━━━━━━━━━━━━━━━━━━━━━━━━━━━━╇━━━━━━━━━━━━━━━━━┩
│ input_layer (InputLayer)             │ (None, 200, 2)              │               0 │
├──────────────────────────────────────┼─────────────────────────────┼─────────────────┤
│ conv1d (Conv1D)                      │ (None, 200, 8)              │             328 │
├──────────────────────────────────────┼─────────────────────────────┼─────────────────┤
│ batch_normalization                  │ (None, 200, 8)              │              32 │
│ (BatchNormalization)                 │                             │                 │
├──────────────────────────────────────┼─────────────────────────────┼─────────────────┤
│ zero_padding1d (ZeroPadding1D)       │ (None, 204, 8)              │               0 │
├──────────────────────────────────────┼─────────────────────────────┼─────────────────┤
│ average_pooling1d (AveragePooling1D) │ (None, 200, 8)              │               0 │
├──────────────────────────────────────┼─────────────────────────────┼─────────────────┤
│ gru (GRU)                            │ (None, 16)                  │           1,248 │
├──────────────────────────────────────┼─────────────────────────────┼─────────────────┤
│ dense (Dense)                        │ (None, 2)                   │              34 │
├──────────────────────────────────────┼─────────────────────────────┼─────────────────┤
│ phase (UnitNormalization)            │ (None, 2)                   │               0 │
└──────────────────────────────────────┴─────────────────────────────┴─────────────────┘
 Total params: 1,642 (6.41 KB)
 Trainable params: 1,626 (6.35 KB)
 Non-trainable params: 16 (64.00 B)


2026-03-26 10:04:01.673 | INFO     | ao_compensation_model.training_search:train:262 - Parameters — trainable: 1626  non-trainable: 16  total: 1642
2026-03-26 10:04:01.756 | INFO     | ao_compensation_model.training_search:on_train_begin:130 - Training started.
2026-03-26 10:04:01.756 | INFO     | ao_compensation_model.training_search:on_train_begin:131 - Hyperparameters:
  WINDOW_SIZE: 200
  STRIDE: 20
  TARGET_LEAD: 0
  GRU_UNITS: 16
  DROPOUT_RATE: 0.2
  FILTERS: 8
  KERNEL_SIZE: 20
  POOL_SIZE: 5
  BATCH_SIZE: 256
  MAX_EPOCHS: 100
  LEARNING_RATE: 0.0005
  TRAINING_DATA_DIR: D:\01_Code\ao_compensation_model\src\ao_compensation_model\dataset\training
  MODEL_DIR: D:\01_Code\ao_compensation_model\src\ao_compensation_model\model
2026-03-26 10:04:14.905 | INFO     | ao_compensation_model.training_search:on_epoch_end:150 - Epoch   1 | val_loss: 0.226297
2026-03-26 10:04:21.212 | INFO     | ao_compensation_model.training_search:on_epoch_end:150 - Epoch   2 | val_loss: 0.220824
2026-03-26 10:04:28.257 | INFO     | ao_compensation_model.training_search:on_epoch_end:150 - Epoch   3 | val_loss: 0.216044
2026-03-26 10:04:34.571 | INFO     | ao_compensation_model.training_search:on_epoch_end:150 - Epoch   4 | val_loss: 0.204713
2026-03-26 10:04:40.809 | INFO     | ao_compensation_model.training_search:on_epoch_end:150 - Epoch   5 | val_loss: 0.200351
2026-03-26 10:04:47.744 | INFO     | ao_compensation_model.training_search:on_epoch_end:150 - Epoch   6 | val_loss: 0.197014
2026-03-26 10:04:54.428 | INFO     | ao_compensation_model.training_search:on_epoch_end:150 - Epoch   7 | val_loss: 0.193312
2026-03-26 10:05:02.293 | INFO     | ao_compensation_model.training_search:on_epoch_end:150 - Epoch   8 | val_loss: 0.192865
2026-03-26 10:05:08.781 | INFO     | ao_compensation_model.training_search:on_epoch_end:150 - Epoch   9 | val_loss: 0.188814
2026-03-26 10:05:15.588 | INFO     | ao_compensation_model.training_search:on_epoch_end:150 - Epoch  10 | val_loss: 0.190773
2026-03-26 10:05:22.419 | INFO     | ao_compensation_model.training_search:on_epoch_end:150 - Epoch  11 | val_loss: 0.189647
2026-03-26 10:05:22.454 | INFO     | ao_compensation_model.training_search:train:294 - Best model for this run saved as: gru_model.keras (val_loss=0.188814)
2026-03-26 10:05:24.505 | INFO     | ao_compensation_model.training_search:train:311 - TFLite model saved as: gru_model_edge.tflite
2026-03-26 10:05:25.345 | INFO     | ao_compensation_model.training_search:train:241 - --- Testing Config: GRU=16 | BATCH=256 | KERNEL=20 | FILTERS=8 | POOL=3 ---
2026-03-26 10:05:25.475 | INFO     | ao_compensation_model.training_search:train:259 - Model architecture:
Model: "functional"
┏━━━━━━━━━━━━━━━━━━━━━━━━━━━━━━━━━━━━━━┳━━━━━━━━━━━━━━━━━━━━━━━━━━━━━┳━━━━━━━━━━━━━━━━━┓
┃ Layer (type)                         ┃ Output Shape                ┃         Param # ┃
┡━━━━━━━━━━━━━━━━━━━━━━━━━━━━━━━━━━━━━━╇━━━━━━━━━━━━━━━━━━━━━━━━━━━━━╇━━━━━━━━━━━━━━━━━┩
│ input_layer (InputLayer)             │ (None, 200, 2)              │               0 │
├──────────────────────────────────────┼─────────────────────────────┼─────────────────┤
│ conv1d (Conv1D)                      │ (None, 200, 8)              │             328 │
├──────────────────────────────────────┼─────────────────────────────┼─────────────────┤
│ batch_normalization                  │ (None, 200, 8)              │              32 │
│ (BatchNormalization)                 │                             │                 │
├──────────────────────────────────────┼─────────────────────────────┼─────────────────┤
│ zero_padding1d (ZeroPadding1D)       │ (None, 202, 8)              │               0 │
├──────────────────────────────────────┼─────────────────────────────┼─────────────────┤
│ average_pooling1d (AveragePooling1D) │ (None, 200, 8)              │               0 │
├──────────────────────────────────────┼─────────────────────────────┼─────────────────┤
│ gru (GRU)                            │ (None, 16)                  │           1,248 │
├──────────────────────────────────────┼─────────────────────────────┼─────────────────┤
│ dense (Dense)                        │ (None, 2)                   │              34 │
├──────────────────────────────────────┼─────────────────────────────┼─────────────────┤
│ phase (UnitNormalization)            │ (None, 2)                   │               0 │
└──────────────────────────────────────┴─────────────────────────────┴─────────────────┘
 Total params: 1,642 (6.41 KB)
 Trainable params: 1,626 (6.35 KB)
 Non-trainable params: 16 (64.00 B)


2026-03-26 10:05:25.487 | INFO     | ao_compensation_model.training_search:train:262 - Parameters — trainable: 1626  non-trainable: 16  total: 1642
2026-03-26 10:05:25.557 | INFO     | ao_compensation_model.training_search:on_train_begin:130 - Training started.
2026-03-26 10:05:25.558 | INFO     | ao_compensation_model.training_search:on_train_begin:131 - Hyperparameters:
  WINDOW_SIZE: 200
  STRIDE: 20
  TARGET_LEAD: 0
  GRU_UNITS: 16
  DROPOUT_RATE: 0.2
  FILTERS: 8
  KERNEL_SIZE: 20
  POOL_SIZE: 3
  BATCH_SIZE: 256
  MAX_EPOCHS: 100
  LEARNING_RATE: 0.0005
  TRAINING_DATA_DIR: D:\01_Code\ao_compensation_model\src\ao_compensation_model\dataset\training
  MODEL_DIR: D:\01_Code\ao_compensation_model\src\ao_compensation_model\model
2026-03-26 10:05:38.618 | INFO     | ao_compensation_model.training_search:on_epoch_end:150 - Epoch   1 | val_loss: 0.250211
2026-03-26 10:05:45.833 | INFO     | ao_compensation_model.training_search:on_epoch_end:150 - Epoch   2 | val_loss: 0.240711
2026-03-26 10:05:52.560 | INFO     | ao_compensation_model.training_search:on_epoch_end:150 - Epoch   3 | val_loss: 0.231646
2026-03-26 10:05:59.696 | INFO     | ao_compensation_model.training_search:on_epoch_end:150 - Epoch   4 | val_loss: 0.223460
2026-03-26 10:06:05.934 | INFO     | ao_compensation_model.training_search:on_epoch_end:150 - Epoch   5 | val_loss: 0.214582
2026-03-26 10:06:13.265 | INFO     | ao_compensation_model.training_search:on_epoch_end:150 - Epoch   6 | val_loss: 0.212343
2026-03-26 10:06:19.755 | INFO     | ao_compensation_model.training_search:on_epoch_end:150 - Epoch   7 | val_loss: 0.209623
2026-03-26 10:06:26.560 | INFO     | ao_compensation_model.training_search:on_epoch_end:150 - Epoch   8 | val_loss: 0.207179
2026-03-26 10:06:33.119 | INFO     | ao_compensation_model.training_search:on_epoch_end:150 - Epoch   9 | val_loss: 0.203886
2026-03-26 10:06:40.424 | INFO     | ao_compensation_model.training_search:on_epoch_end:150 - Epoch  10 | val_loss: 0.202896
2026-03-26 10:06:47.009 | INFO     | ao_compensation_model.training_search:on_epoch_end:150 - Epoch  11 | val_loss: 0.200398
2026-03-26 10:06:53.971 | INFO     | ao_compensation_model.training_search:on_epoch_end:150 - Epoch  12 | val_loss: 0.203027
2026-03-26 10:07:00.422 | INFO     | ao_compensation_model.training_search:on_epoch_end:150 - Epoch  13 | val_loss: 0.204077
2026-03-26 10:07:00.458 | INFO     | ao_compensation_model.training_search:train:294 - Best model for this run saved as: gru_model.keras (val_loss=0.200398)
2026-03-26 10:07:02.403 | INFO     | ao_compensation_model.training_search:train:311 - TFLite model saved as: gru_model_edge.tflite
2026-03-26 10:07:03.158 | INFO     | ao_compensation_model.training_search:train:241 - --- Testing Config: GRU=16 | BATCH=256 | KERNEL=20 | FILTERS=16 | POOL=5 ---
2026-03-26 10:07:03.288 | INFO     | ao_compensation_model.training_search:train:259 - Model architecture:
Model: "functional"
┏━━━━━━━━━━━━━━━━━━━━━━━━━━━━━━━━━━━━━━┳━━━━━━━━━━━━━━━━━━━━━━━━━━━━━┳━━━━━━━━━━━━━━━━━┓
┃ Layer (type)                         ┃ Output Shape                ┃         Param # ┃
┡━━━━━━━━━━━━━━━━━━━━━━━━━━━━━━━━━━━━━━╇━━━━━━━━━━━━━━━━━━━━━━━━━━━━━╇━━━━━━━━━━━━━━━━━┩
│ input_layer (InputLayer)             │ (None, 200, 2)              │               0 │
├──────────────────────────────────────┼─────────────────────────────┼─────────────────┤
│ conv1d (Conv1D)                      │ (None, 200, 16)             │             656 │
├──────────────────────────────────────┼─────────────────────────────┼─────────────────┤
│ batch_normalization                  │ (None, 200, 16)             │              64 │
│ (BatchNormalization)                 │                             │                 │
├──────────────────────────────────────┼─────────────────────────────┼─────────────────┤
│ zero_padding1d (ZeroPadding1D)       │ (None, 204, 16)             │               0 │
├──────────────────────────────────────┼─────────────────────────────┼─────────────────┤
│ average_pooling1d (AveragePooling1D) │ (None, 200, 16)             │               0 │
├──────────────────────────────────────┼─────────────────────────────┼─────────────────┤
│ gru (GRU)                            │ (None, 16)                  │           1,632 │
├──────────────────────────────────────┼─────────────────────────────┼─────────────────┤
│ dense (Dense)                        │ (None, 2)                   │              34 │
├──────────────────────────────────────┼─────────────────────────────┼─────────────────┤
│ phase (UnitNormalization)            │ (None, 2)                   │               0 │
└──────────────────────────────────────┴─────────────────────────────┴─────────────────┘
 Total params: 2,386 (9.32 KB)
 Trainable params: 2,354 (9.20 KB)
 Non-trainable params: 32 (128.00 B)


2026-03-26 10:07:03.305 | INFO     | ao_compensation_model.training_search:train:262 - Parameters — trainable: 2354  non-trainable: 32  total: 2386
2026-03-26 10:07:03.389 | INFO     | ao_compensation_model.training_search:on_train_begin:130 - Training started.
2026-03-26 10:07:03.390 | INFO     | ao_compensation_model.training_search:on_train_begin:131 - Hyperparameters:
  WINDOW_SIZE: 200
  STRIDE: 20
  TARGET_LEAD: 0
  GRU_UNITS: 16
  DROPOUT_RATE: 0.2
  FILTERS: 16
  KERNEL_SIZE: 20
  POOL_SIZE: 5
  BATCH_SIZE: 256
  MAX_EPOCHS: 100
  LEARNING_RATE: 0.0005
  TRAINING_DATA_DIR: D:\01_Code\ao_compensation_model\src\ao_compensation_model\dataset\training
  MODEL_DIR: D:\01_Code\ao_compensation_model\src\ao_compensation_model\model
2026-03-26 10:07:16.955 | INFO     | ao_compensation_model.training_search:on_epoch_end:150 - Epoch   1 | val_loss: 0.288437
2026-03-26 10:07:24.943 | INFO     | ao_compensation_model.training_search:on_epoch_end:150 - Epoch   2 | val_loss: 0.239562
2026-03-26 10:07:32.410 | INFO     | ao_compensation_model.training_search:on_epoch_end:150 - Epoch   3 | val_loss: 0.221538
2026-03-26 10:07:40.605 | INFO     | ao_compensation_model.training_search:on_epoch_end:150 - Epoch   4 | val_loss: 0.220385
2026-03-26 10:07:49.217 | INFO     | ao_compensation_model.training_search:on_epoch_end:150 - Epoch   5 | val_loss: 0.209479
2026-03-26 10:07:57.100 | INFO     | ao_compensation_model.training_search:on_epoch_end:150 - Epoch   6 | val_loss: 0.198376
2026-03-26 10:08:05.499 | INFO     | ao_compensation_model.training_search:on_epoch_end:150 - Epoch   7 | val_loss: 0.196451
2026-03-26 10:08:13.463 | INFO     | ao_compensation_model.training_search:on_epoch_end:150 - Epoch   8 | val_loss: 0.194177
2026-03-26 10:08:21.843 | INFO     | ao_compensation_model.training_search:on_epoch_end:150 - Epoch   9 | val_loss: 0.193508
2026-03-26 10:08:29.795 | INFO     | ao_compensation_model.training_search:on_epoch_end:150 - Epoch  10 | val_loss: 0.192637
2026-03-26 10:08:38.661 | INFO     | ao_compensation_model.training_search:on_epoch_end:150 - Epoch  11 | val_loss: 0.189881
2026-03-26 10:08:46.538 | INFO     | ao_compensation_model.training_search:on_epoch_end:150 - Epoch  12 | val_loss: 0.187907
2026-03-26 10:08:54.729 | INFO     | ao_compensation_model.training_search:on_epoch_end:150 - Epoch  13 | val_loss: 0.189987
2026-03-26 10:09:02.450 | INFO     | ao_compensation_model.training_search:on_epoch_end:150 - Epoch  14 | val_loss: 0.186288
2026-03-26 10:09:10.390 | INFO     | ao_compensation_model.training_search:on_epoch_end:150 - Epoch  15 | val_loss: 0.186645
2026-03-26 10:09:17.979 | INFO     | ao_compensation_model.training_search:on_epoch_end:150 - Epoch  16 | val_loss: 0.185015
2026-03-26 10:09:25.879 | INFO     | ao_compensation_model.training_search:on_epoch_end:150 - Epoch  17 | val_loss: 0.184458
2026-03-26 10:09:33.204 | INFO     | ao_compensation_model.training_search:on_epoch_end:150 - Epoch  18 | val_loss: 0.184010
2026-03-26 10:09:41.383 | INFO     | ao_compensation_model.training_search:on_epoch_end:150 - Epoch  19 | val_loss: 0.183669
2026-03-26 10:09:48.830 | INFO     | ao_compensation_model.training_search:on_epoch_end:150 - Epoch  20 | val_loss: 0.184072
2026-03-26 10:09:57.251 | INFO     | ao_compensation_model.training_search:on_epoch_end:150 - Epoch  21 | val_loss: 0.183313
2026-03-26 10:10:05.124 | INFO     | ao_compensation_model.training_search:on_epoch_end:150 - Epoch  22 | val_loss: 0.182924
2026-03-26 10:10:13.189 | INFO     | ao_compensation_model.training_search:on_epoch_end:150 - Epoch  23 | val_loss: 0.183360
2026-03-26 10:10:20.875 | INFO     | ao_compensation_model.training_search:on_epoch_end:150 - Epoch  24 | val_loss: 0.183660
2026-03-26 10:10:20.910 | INFO     | ao_compensation_model.training_search:train:294 - Best model for this run saved as: gru_model.keras (val_loss=0.182924)
2026-03-26 10:10:23.776 | INFO     | ao_compensation_model.training_search:train:311 - TFLite model saved as: gru_model_edge.tflite
2026-03-26 10:10:24.526 | INFO     | ao_compensation_model.training_search:train:241 - --- Testing Config: GRU=16 | BATCH=256 | KERNEL=20 | FILTERS=16 | POOL=3 ---
2026-03-26 10:10:24.651 | INFO     | ao_compensation_model.training_search:train:259 - Model architecture:
Model: "functional"
┏━━━━━━━━━━━━━━━━━━━━━━━━━━━━━━━━━━━━━━┳━━━━━━━━━━━━━━━━━━━━━━━━━━━━━┳━━━━━━━━━━━━━━━━━┓
┃ Layer (type)                         ┃ Output Shape                ┃         Param # ┃
┡━━━━━━━━━━━━━━━━━━━━━━━━━━━━━━━━━━━━━━╇━━━━━━━━━━━━━━━━━━━━━━━━━━━━━╇━━━━━━━━━━━━━━━━━┩
│ input_layer (InputLayer)             │ (None, 200, 2)              │               0 │
├──────────────────────────────────────┼─────────────────────────────┼─────────────────┤
│ conv1d (Conv1D)                      │ (None, 200, 16)             │             656 │
├──────────────────────────────────────┼─────────────────────────────┼─────────────────┤
│ batch_normalization                  │ (None, 200, 16)             │              64 │
│ (BatchNormalization)                 │                             │                 │
├──────────────────────────────────────┼─────────────────────────────┼─────────────────┤
│ zero_padding1d (ZeroPadding1D)       │ (None, 202, 16)             │               0 │
├──────────────────────────────────────┼─────────────────────────────┼─────────────────┤
│ average_pooling1d (AveragePooling1D) │ (None, 200, 16)             │               0 │
├──────────────────────────────────────┼─────────────────────────────┼─────────────────┤
│ gru (GRU)                            │ (None, 16)                  │           1,632 │
├──────────────────────────────────────┼─────────────────────────────┼─────────────────┤
│ dense (Dense)                        │ (None, 2)                   │              34 │
├──────────────────────────────────────┼─────────────────────────────┼─────────────────┤
│ phase (UnitNormalization)            │ (None, 2)                   │               0 │
└──────────────────────────────────────┴─────────────────────────────┴─────────────────┘
 Total params: 2,386 (9.32 KB)
 Trainable params: 2,354 (9.20 KB)
 Non-trainable params: 32 (128.00 B)


2026-03-26 10:10:24.662 | INFO     | ao_compensation_model.training_search:train:262 - Parameters — trainable: 2354  non-trainable: 32  total: 2386
2026-03-26 10:10:24.733 | INFO     | ao_compensation_model.training_search:on_train_begin:130 - Training started.
2026-03-26 10:10:24.734 | INFO     | ao_compensation_model.training_search:on_train_begin:131 - Hyperparameters:
  WINDOW_SIZE: 200
  STRIDE: 20
  TARGET_LEAD: 0
  GRU_UNITS: 16
  DROPOUT_RATE: 0.2
  FILTERS: 16
  KERNEL_SIZE: 20
  POOL_SIZE: 3
  BATCH_SIZE: 256
  MAX_EPOCHS: 100
  LEARNING_RATE: 0.0005
  TRAINING_DATA_DIR: D:\01_Code\ao_compensation_model\src\ao_compensation_model\dataset\training
  MODEL_DIR: D:\01_Code\ao_compensation_model\src\ao_compensation_model\model
2026-03-26 10:10:38.459 | INFO     | ao_compensation_model.training_search:on_epoch_end:150 - Epoch   1 | val_loss: 0.258795
2026-03-26 10:10:45.992 | INFO     | ao_compensation_model.training_search:on_epoch_end:150 - Epoch   2 | val_loss: 0.272398
2026-03-26 10:10:54.322 | INFO     | ao_compensation_model.training_search:on_epoch_end:150 - Epoch   3 | val_loss: 0.250750
2026-03-26 10:11:02.610 | INFO     | ao_compensation_model.training_search:on_epoch_end:150 - Epoch   4 | val_loss: 0.238107
2026-03-26 10:11:10.545 | INFO     | ao_compensation_model.training_search:on_epoch_end:150 - Epoch   5 | val_loss: 0.231228
2026-03-26 10:11:18.977 | INFO     | ao_compensation_model.training_search:on_epoch_end:150 - Epoch   6 | val_loss: 0.220851
2026-03-26 10:11:26.627 | INFO     | ao_compensation_model.training_search:on_epoch_end:150 - Epoch   7 | val_loss: 0.218110
2026-03-26 10:11:34.971 | INFO     | ao_compensation_model.training_search:on_epoch_end:150 - Epoch   8 | val_loss: 0.215723
2026-03-26 10:11:42.684 | INFO     | ao_compensation_model.training_search:on_epoch_end:150 - Epoch   9 | val_loss: 0.209414
2026-03-26 10:11:51.014 | INFO     | ao_compensation_model.training_search:on_epoch_end:150 - Epoch  10 | val_loss: 0.208283
2026-03-26 10:11:58.652 | INFO     | ao_compensation_model.training_search:on_epoch_end:150 - Epoch  11 | val_loss: 0.205273
2026-03-26 10:12:07.036 | INFO     | ao_compensation_model.training_search:on_epoch_end:150 - Epoch  12 | val_loss: 0.203528
2026-03-26 10:12:15.324 | INFO     | ao_compensation_model.training_search:on_epoch_end:150 - Epoch  13 | val_loss: 0.201035
2026-03-26 10:12:23.259 | INFO     | ao_compensation_model.training_search:on_epoch_end:150 - Epoch  14 | val_loss: 0.200778
2026-03-26 10:12:31.498 | INFO     | ao_compensation_model.training_search:on_epoch_end:150 - Epoch  15 | val_loss: 0.199180
2026-03-26 10:12:39.193 | INFO     | ao_compensation_model.training_search:on_epoch_end:150 - Epoch  16 | val_loss: 0.198488
2026-03-26 10:12:47.606 | INFO     | ao_compensation_model.training_search:on_epoch_end:150 - Epoch  17 | val_loss: 0.197068
2026-03-26 10:12:55.296 | INFO     | ao_compensation_model.training_search:on_epoch_end:150 - Epoch  18 | val_loss: 0.196136
2026-03-26 10:13:03.773 | INFO     | ao_compensation_model.training_search:on_epoch_end:150 - Epoch  19 | val_loss: 0.195450
2026-03-26 10:13:11.532 | INFO     | ao_compensation_model.training_search:on_epoch_end:150 - Epoch  20 | val_loss: 0.194356
2026-03-26 10:13:19.926 | INFO     | ao_compensation_model.training_search:on_epoch_end:150 - Epoch  21 | val_loss: 0.195113
2026-03-26 10:13:28.425 | INFO     | ao_compensation_model.training_search:on_epoch_end:150 - Epoch  22 | val_loss: 0.193565
2026-03-26 10:13:36.390 | INFO     | ao_compensation_model.training_search:on_epoch_end:150 - Epoch  23 | val_loss: 0.193556
2026-03-26 10:13:44.847 | INFO     | ao_compensation_model.training_search:on_epoch_end:150 - Epoch  24 | val_loss: 0.193913
2026-03-26 10:13:52.654 | INFO     | ao_compensation_model.training_search:on_epoch_end:150 - Epoch  25 | val_loss: 0.194379
2026-03-26 10:13:52.690 | INFO     | ao_compensation_model.training_search:train:294 - Best model for this run saved as: gru_model.keras (val_loss=0.193556)
2026-03-26 10:13:55.050 | INFO     | ao_compensation_model.training_search:train:311 - TFLite model saved as: gru_model_edge.tflite
2026-03-26 10:13:56.477 | INFO     | ao_compensation_model.training_search:train:241 - --- Testing Config: GRU=16 | BATCH=256 | KERNEL=20 | FILTERS=32 | POOL=5 ---
2026-03-26 10:13:56.605 | INFO     | ao_compensation_model.training_search:train:259 - Model architecture:
Model: "functional"
┏━━━━━━━━━━━━━━━━━━━━━━━━━━━━━━━━━━━━━━┳━━━━━━━━━━━━━━━━━━━━━━━━━━━━━┳━━━━━━━━━━━━━━━━━┓
┃ Layer (type)                         ┃ Output Shape                ┃         Param # ┃
┡━━━━━━━━━━━━━━━━━━━━━━━━━━━━━━━━━━━━━━╇━━━━━━━━━━━━━━━━━━━━━━━━━━━━━╇━━━━━━━━━━━━━━━━━┩
│ input_layer (InputLayer)             │ (None, 200, 2)              │               0 │
├──────────────────────────────────────┼─────────────────────────────┼─────────────────┤
│ conv1d (Conv1D)                      │ (None, 200, 32)             │           1,312 │
├──────────────────────────────────────┼─────────────────────────────┼─────────────────┤
│ batch_normalization                  │ (None, 200, 32)             │             128 │
│ (BatchNormalization)                 │                             │                 │
├──────────────────────────────────────┼─────────────────────────────┼─────────────────┤
│ zero_padding1d (ZeroPadding1D)       │ (None, 204, 32)             │               0 │
├──────────────────────────────────────┼─────────────────────────────┼─────────────────┤
│ average_pooling1d (AveragePooling1D) │ (None, 200, 32)             │               0 │
├──────────────────────────────────────┼─────────────────────────────┼─────────────────┤
│ gru (GRU)                            │ (None, 16)                  │           2,400 │
├──────────────────────────────────────┼─────────────────────────────┼─────────────────┤
│ dense (Dense)                        │ (None, 2)                   │              34 │
├──────────────────────────────────────┼─────────────────────────────┼─────────────────┤
│ phase (UnitNormalization)            │ (None, 2)                   │               0 │
└──────────────────────────────────────┴─────────────────────────────┴─────────────────┘
 Total params: 3,874 (15.13 KB)
 Trainable params: 3,810 (14.88 KB)
 Non-trainable params: 64 (256.00 B)


2026-03-26 10:13:56.617 | INFO     | ao_compensation_model.training_search:train:262 - Parameters — trainable: 3810  non-trainable: 64  total: 3874
2026-03-26 10:13:56.701 | INFO     | ao_compensation_model.training_search:on_train_begin:130 - Training started.
2026-03-26 10:13:56.702 | INFO     | ao_compensation_model.training_search:on_train_begin:131 - Hyperparameters:
  WINDOW_SIZE: 200
  STRIDE: 20
  TARGET_LEAD: 0
  GRU_UNITS: 16
  DROPOUT_RATE: 0.2
  FILTERS: 32
  KERNEL_SIZE: 20
  POOL_SIZE: 5
  BATCH_SIZE: 256
  MAX_EPOCHS: 100
  LEARNING_RATE: 0.0005
  TRAINING_DATA_DIR: D:\01_Code\ao_compensation_model\src\ao_compensation_model\dataset\training
  MODEL_DIR: D:\01_Code\ao_compensation_model\src\ao_compensation_model\model
2026-03-26 10:14:12.234 | INFO     | ao_compensation_model.training_search:on_epoch_end:150 - Epoch   1 | val_loss: 0.284818
2026-03-26 10:14:22.813 | INFO     | ao_compensation_model.training_search:on_epoch_end:150 - Epoch   2 | val_loss: 0.278302
2026-03-26 10:14:32.548 | INFO     | ao_compensation_model.training_search:on_epoch_end:150 - Epoch   3 | val_loss: 0.265376
2026-03-26 10:14:43.018 | INFO     | ao_compensation_model.training_search:on_epoch_end:150 - Epoch   4 | val_loss: 0.254807
2026-03-26 10:14:53.644 | INFO     | ao_compensation_model.training_search:on_epoch_end:150 - Epoch   5 | val_loss: 0.230500
2026-03-26 10:15:03.524 | INFO     | ao_compensation_model.training_search:on_epoch_end:150 - Epoch   6 | val_loss: 0.205768
2026-03-26 10:15:13.859 | INFO     | ao_compensation_model.training_search:on_epoch_end:150 - Epoch   7 | val_loss: 0.203641
2026-03-26 10:15:23.994 | INFO     | ao_compensation_model.training_search:on_epoch_end:150 - Epoch   8 | val_loss: 0.189387
2026-03-26 10:15:33.094 | INFO     | ao_compensation_model.training_search:on_epoch_end:150 - Epoch   9 | val_loss: 0.186229
2026-03-26 10:15:43.853 | INFO     | ao_compensation_model.training_search:on_epoch_end:150 - Epoch  10 | val_loss: 0.184881
2026-03-26 10:15:55.380 | INFO     | ao_compensation_model.training_search:on_epoch_end:150 - Epoch  11 | val_loss: 0.185935
2026-03-26 10:16:05.407 | INFO     | ao_compensation_model.training_search:on_epoch_end:150 - Epoch  12 | val_loss: 0.182900
2026-03-26 10:16:16.244 | INFO     | ao_compensation_model.training_search:on_epoch_end:150 - Epoch  13 | val_loss: 0.184485
2026-03-26 10:16:26.630 | INFO     | ao_compensation_model.training_search:on_epoch_end:150 - Epoch  14 | val_loss: 0.185510
2026-03-26 10:16:26.665 | INFO     | ao_compensation_model.training_search:train:294 - Best model for this run saved as: gru_model.keras (val_loss=0.182900)
2026-03-26 10:16:28.935 | INFO     | ao_compensation_model.training_search:train:311 - TFLite model saved as: gru_model_edge.tflite
2026-03-26 10:16:29.768 | INFO     | ao_compensation_model.training_search:train:241 - --- Testing Config: GRU=16 | BATCH=256 | KERNEL=20 | FILTERS=32 | POOL=3 ---
2026-03-26 10:16:29.883 | INFO     | ao_compensation_model.training_search:train:259 - Model architecture:
Model: "functional"
┏━━━━━━━━━━━━━━━━━━━━━━━━━━━━━━━━━━━━━━┳━━━━━━━━━━━━━━━━━━━━━━━━━━━━━┳━━━━━━━━━━━━━━━━━┓
┃ Layer (type)                         ┃ Output Shape                ┃         Param # ┃
┡━━━━━━━━━━━━━━━━━━━━━━━━━━━━━━━━━━━━━━╇━━━━━━━━━━━━━━━━━━━━━━━━━━━━━╇━━━━━━━━━━━━━━━━━┩
│ input_layer (InputLayer)             │ (None, 200, 2)              │               0 │
├──────────────────────────────────────┼─────────────────────────────┼─────────────────┤
│ conv1d (Conv1D)                      │ (None, 200, 32)             │           1,312 │
├──────────────────────────────────────┼─────────────────────────────┼─────────────────┤
│ batch_normalization                  │ (None, 200, 32)             │             128 │
│ (BatchNormalization)                 │                             │                 │
├──────────────────────────────────────┼─────────────────────────────┼─────────────────┤
│ zero_padding1d (ZeroPadding1D)       │ (None, 202, 32)             │               0 │
├──────────────────────────────────────┼─────────────────────────────┼─────────────────┤
│ average_pooling1d (AveragePooling1D) │ (None, 200, 32)             │               0 │
├──────────────────────────────────────┼─────────────────────────────┼─────────────────┤
│ gru (GRU)                            │ (None, 16)                  │           2,400 │
├──────────────────────────────────────┼─────────────────────────────┼─────────────────┤
│ dense (Dense)                        │ (None, 2)                   │              34 │
├──────────────────────────────────────┼─────────────────────────────┼─────────────────┤
│ phase (UnitNormalization)            │ (None, 2)                   │               0 │
└──────────────────────────────────────┴─────────────────────────────┴─────────────────┘
 Total params: 3,874 (15.13 KB)
 Trainable params: 3,810 (14.88 KB)
 Non-trainable params: 64 (256.00 B)


2026-03-26 10:16:29.898 | INFO     | ao_compensation_model.training_search:train:262 - Parameters — trainable: 3810  non-trainable: 64  total: 3874
2026-03-26 10:16:29.975 | INFO     | ao_compensation_model.training_search:on_train_begin:130 - Training started.
2026-03-26 10:16:29.975 | INFO     | ao_compensation_model.training_search:on_train_begin:131 - Hyperparameters:
  WINDOW_SIZE: 200
  STRIDE: 20
  TARGET_LEAD: 0
  GRU_UNITS: 16
  DROPOUT_RATE: 0.2
  FILTERS: 32
  KERNEL_SIZE: 20
  POOL_SIZE: 3
  BATCH_SIZE: 256
  MAX_EPOCHS: 100
  LEARNING_RATE: 0.0005
  TRAINING_DATA_DIR: D:\01_Code\ao_compensation_model\src\ao_compensation_model\dataset\training
  MODEL_DIR: D:\01_Code\ao_compensation_model\src\ao_compensation_model\model
2026-03-26 10:16:46.355 | INFO     | ao_compensation_model.training_search:on_epoch_end:150 - Epoch   1 | val_loss: 0.260404
2026-03-26 10:16:56.914 | INFO     | ao_compensation_model.training_search:on_epoch_end:150 - Epoch   2 | val_loss: 0.265518
2026-03-26 10:17:06.735 | INFO     | ao_compensation_model.training_search:on_epoch_end:150 - Epoch   3 | val_loss: 0.250797
2026-03-26 10:17:16.757 | INFO     | ao_compensation_model.training_search:on_epoch_end:150 - Epoch   4 | val_loss: 0.233386
2026-03-26 10:17:26.751 | INFO     | ao_compensation_model.training_search:on_epoch_end:150 - Epoch   5 | val_loss: 0.224977
2026-03-26 10:17:36.511 | INFO     | ao_compensation_model.training_search:on_epoch_end:150 - Epoch   6 | val_loss: 0.217734
2026-03-26 10:17:46.544 | INFO     | ao_compensation_model.training_search:on_epoch_end:150 - Epoch   7 | val_loss: 0.206359
2026-03-26 10:17:56.641 | INFO     | ao_compensation_model.training_search:on_epoch_end:150 - Epoch   8 | val_loss: 0.200022
2026-03-26 10:18:06.509 | INFO     | ao_compensation_model.training_search:on_epoch_end:150 - Epoch   9 | val_loss: 0.199394
2026-03-26 10:18:15.653 | INFO     | ao_compensation_model.training_search:on_epoch_end:150 - Epoch  10 | val_loss: 0.197008
2026-03-26 10:18:25.819 | INFO     | ao_compensation_model.training_search:on_epoch_end:150 - Epoch  11 | val_loss: 0.194965
2026-03-26 10:18:35.414 | INFO     | ao_compensation_model.training_search:on_epoch_end:150 - Epoch  12 | val_loss: 0.195876
2026-03-26 10:18:44.475 | INFO     | ao_compensation_model.training_search:on_epoch_end:150 - Epoch  13 | val_loss: 0.193534
2026-03-26 10:18:54.062 | INFO     | ao_compensation_model.training_search:on_epoch_end:150 - Epoch  14 | val_loss: 0.194695
2026-03-26 10:19:03.647 | INFO     | ao_compensation_model.training_search:on_epoch_end:150 - Epoch  15 | val_loss: 0.195427
2026-03-26 10:19:03.679 | INFO     | ao_compensation_model.training_search:train:294 - Best model for this run saved as: gru_model.keras (val_loss=0.193534)
2026-03-26 10:19:05.756 | INFO     | ao_compensation_model.training_search:train:311 - TFLite model saved as: gru_model_edge.tflite
2026-03-26 10:19:06.583 | INFO     | ao_compensation_model.training_search:train:241 - --- Testing Config: GRU=16 | BATCH=256 | KERNEL=30 | FILTERS=8 | POOL=5 ---
2026-03-26 10:19:06.709 | INFO     | ao_compensation_model.training_search:train:259 - Model architecture:
Model: "functional"
┏━━━━━━━━━━━━━━━━━━━━━━━━━━━━━━━━━━━━━━┳━━━━━━━━━━━━━━━━━━━━━━━━━━━━━┳━━━━━━━━━━━━━━━━━┓
┃ Layer (type)                         ┃ Output Shape                ┃         Param # ┃
┡━━━━━━━━━━━━━━━━━━━━━━━━━━━━━━━━━━━━━━╇━━━━━━━━━━━━━━━━━━━━━━━━━━━━━╇━━━━━━━━━━━━━━━━━┩
│ input_layer (InputLayer)             │ (None, 200, 2)              │               0 │
├──────────────────────────────────────┼─────────────────────────────┼─────────────────┤
│ conv1d (Conv1D)                      │ (None, 200, 8)              │             488 │
├──────────────────────────────────────┼─────────────────────────────┼─────────────────┤
│ batch_normalization                  │ (None, 200, 8)              │              32 │
│ (BatchNormalization)                 │                             │                 │
├──────────────────────────────────────┼─────────────────────────────┼─────────────────┤
│ zero_padding1d (ZeroPadding1D)       │ (None, 204, 8)              │               0 │
├──────────────────────────────────────┼─────────────────────────────┼─────────────────┤
│ average_pooling1d (AveragePooling1D) │ (None, 200, 8)              │               0 │
├──────────────────────────────────────┼─────────────────────────────┼─────────────────┤
│ gru (GRU)                            │ (None, 16)                  │           1,248 │
├──────────────────────────────────────┼─────────────────────────────┼─────────────────┤
│ dense (Dense)                        │ (None, 2)                   │              34 │
├──────────────────────────────────────┼─────────────────────────────┼─────────────────┤
│ phase (UnitNormalization)            │ (None, 2)                   │               0 │
└──────────────────────────────────────┴─────────────────────────────┴─────────────────┘
 Total params: 1,802 (7.04 KB)
 Trainable params: 1,786 (6.98 KB)
 Non-trainable params: 16 (64.00 B)


2026-03-26 10:19:06.722 | INFO     | ao_compensation_model.training_search:train:262 - Parameters — trainable: 1786  non-trainable: 16  total: 1802
2026-03-26 10:19:06.795 | INFO     | ao_compensation_model.training_search:on_train_begin:130 - Training started.
2026-03-26 10:19:06.795 | INFO     | ao_compensation_model.training_search:on_train_begin:131 - Hyperparameters:
  WINDOW_SIZE: 200
  STRIDE: 20
  TARGET_LEAD: 0
  GRU_UNITS: 16
  DROPOUT_RATE: 0.2
  FILTERS: 8
  KERNEL_SIZE: 30
  POOL_SIZE: 5
  BATCH_SIZE: 256
  MAX_EPOCHS: 100
  LEARNING_RATE: 0.0005
  TRAINING_DATA_DIR: D:\01_Code\ao_compensation_model\src\ao_compensation_model\dataset\training
  MODEL_DIR: D:\01_Code\ao_compensation_model\src\ao_compensation_model\model
2026-03-26 10:19:19.935 | INFO     | ao_compensation_model.training_search:on_epoch_end:150 - Epoch   1 | val_loss: 0.215743
2026-03-26 10:19:26.658 | INFO     | ao_compensation_model.training_search:on_epoch_end:150 - Epoch   2 | val_loss: 0.201968
2026-03-26 10:19:33.892 | INFO     | ao_compensation_model.training_search:on_epoch_end:150 - Epoch   3 | val_loss: 0.200578
2026-03-26 10:19:40.779 | INFO     | ao_compensation_model.training_search:on_epoch_end:150 - Epoch   4 | val_loss: 0.202863
2026-03-26 10:19:48.398 | INFO     | ao_compensation_model.training_search:on_epoch_end:150 - Epoch   5 | val_loss: 0.203040
2026-03-26 10:19:48.430 | INFO     | ao_compensation_model.training_search:train:294 - Best model for this run saved as: gru_model.keras (val_loss=0.200578)
2026-03-26 10:19:50.537 | INFO     | ao_compensation_model.training_search:train:311 - TFLite model saved as: gru_model_edge.tflite
2026-03-26 10:19:51.398 | INFO     | ao_compensation_model.training_search:train:241 - --- Testing Config: GRU=16 | BATCH=256 | KERNEL=30 | FILTERS=8 | POOL=3 ---
2026-03-26 10:19:51.531 | INFO     | ao_compensation_model.training_search:train:259 - Model architecture:
Model: "functional"
┏━━━━━━━━━━━━━━━━━━━━━━━━━━━━━━━━━━━━━━┳━━━━━━━━━━━━━━━━━━━━━━━━━━━━━┳━━━━━━━━━━━━━━━━━┓
┃ Layer (type)                         ┃ Output Shape                ┃         Param # ┃
┡━━━━━━━━━━━━━━━━━━━━━━━━━━━━━━━━━━━━━━╇━━━━━━━━━━━━━━━━━━━━━━━━━━━━━╇━━━━━━━━━━━━━━━━━┩
│ input_layer (InputLayer)             │ (None, 200, 2)              │               0 │
├──────────────────────────────────────┼─────────────────────────────┼─────────────────┤
│ conv1d (Conv1D)                      │ (None, 200, 8)              │             488 │
├──────────────────────────────────────┼─────────────────────────────┼─────────────────┤
│ batch_normalization                  │ (None, 200, 8)              │              32 │
│ (BatchNormalization)                 │                             │                 │
├──────────────────────────────────────┼─────────────────────────────┼─────────────────┤
│ zero_padding1d (ZeroPadding1D)       │ (None, 202, 8)              │               0 │
├──────────────────────────────────────┼─────────────────────────────┼─────────────────┤
│ average_pooling1d (AveragePooling1D) │ (None, 200, 8)              │               0 │
├──────────────────────────────────────┼─────────────────────────────┼─────────────────┤
│ gru (GRU)                            │ (None, 16)                  │           1,248 │
├──────────────────────────────────────┼─────────────────────────────┼─────────────────┤
│ dense (Dense)                        │ (None, 2)                   │              34 │
├──────────────────────────────────────┼─────────────────────────────┼─────────────────┤
│ phase (UnitNormalization)            │ (None, 2)                   │               0 │
└──────────────────────────────────────┴─────────────────────────────┴─────────────────┘
 Total params: 1,802 (7.04 KB)
 Trainable params: 1,786 (6.98 KB)
 Non-trainable params: 16 (64.00 B)


2026-03-26 10:19:51.544 | INFO     | ao_compensation_model.training_search:train:262 - Parameters — trainable: 1786  non-trainable: 16  total: 1802
2026-03-26 10:19:51.624 | INFO     | ao_compensation_model.training_search:on_train_begin:130 - Training started.
2026-03-26 10:19:51.624 | INFO     | ao_compensation_model.training_search:on_train_begin:131 - Hyperparameters:
  WINDOW_SIZE: 200
  STRIDE: 20
  TARGET_LEAD: 0
  GRU_UNITS: 16
  DROPOUT_RATE: 0.2
  FILTERS: 8
  KERNEL_SIZE: 30
  POOL_SIZE: 3
  BATCH_SIZE: 256
  MAX_EPOCHS: 100
  LEARNING_RATE: 0.0005
  TRAINING_DATA_DIR: D:\01_Code\ao_compensation_model\src\ao_compensation_model\dataset\training
  MODEL_DIR: D:\01_Code\ao_compensation_model\src\ao_compensation_model\model
2026-03-26 10:20:05.075 | INFO     | ao_compensation_model.training_search:on_epoch_end:150 - Epoch   1 | val_loss: 0.216073
2026-03-26 10:20:13.171 | INFO     | ao_compensation_model.training_search:on_epoch_end:150 - Epoch   2 | val_loss: 0.228772
2026-03-26 10:20:20.527 | INFO     | ao_compensation_model.training_search:on_epoch_end:150 - Epoch   3 | val_loss: 0.214268
2026-03-26 10:20:28.268 | INFO     | ao_compensation_model.training_search:on_epoch_end:150 - Epoch   4 | val_loss: 0.210890
2026-03-26 10:20:35.516 | INFO     | ao_compensation_model.training_search:on_epoch_end:150 - Epoch   5 | val_loss: 0.210450
2026-03-26 10:20:45.473 | INFO     | ao_compensation_model.training_search:on_epoch_end:150 - Epoch   6 | val_loss: 0.211134
2026-03-26 10:20:53.093 | INFO     | ao_compensation_model.training_search:on_epoch_end:150 - Epoch   7 | val_loss: 0.210527
2026-03-26 10:20:53.128 | INFO     | ao_compensation_model.training_search:train:294 - Best model for this run saved as: gru_model.keras (val_loss=0.210450)
2026-03-26 10:20:55.142 | INFO     | ao_compensation_model.training_search:train:311 - TFLite model saved as: gru_model_edge.tflite
2026-03-26 10:20:55.968 | INFO     | ao_compensation_model.training_search:train:241 - --- Testing Config: GRU=16 | BATCH=256 | KERNEL=30 | FILTERS=16 | POOL=5 ---
2026-03-26 10:20:56.067 | INFO     | ao_compensation_model.training_search:train:259 - Model architecture:
Model: "functional"
┏━━━━━━━━━━━━━━━━━━━━━━━━━━━━━━━━━━━━━━┳━━━━━━━━━━━━━━━━━━━━━━━━━━━━━┳━━━━━━━━━━━━━━━━━┓
┃ Layer (type)                         ┃ Output Shape                ┃         Param # ┃
┡━━━━━━━━━━━━━━━━━━━━━━━━━━━━━━━━━━━━━━╇━━━━━━━━━━━━━━━━━━━━━━━━━━━━━╇━━━━━━━━━━━━━━━━━┩
│ input_layer (InputLayer)             │ (None, 200, 2)              │               0 │
├──────────────────────────────────────┼─────────────────────────────┼─────────────────┤
│ conv1d (Conv1D)                      │ (None, 200, 16)             │             976 │
├──────────────────────────────────────┼─────────────────────────────┼─────────────────┤
│ batch_normalization                  │ (None, 200, 16)             │              64 │
│ (BatchNormalization)                 │                             │                 │
├──────────────────────────────────────┼─────────────────────────────┼─────────────────┤
│ zero_padding1d (ZeroPadding1D)       │ (None, 204, 16)             │               0 │
├──────────────────────────────────────┼─────────────────────────────┼─────────────────┤
│ average_pooling1d (AveragePooling1D) │ (None, 200, 16)             │               0 │
├──────────────────────────────────────┼─────────────────────────────┼─────────────────┤
│ gru (GRU)                            │ (None, 16)                  │           1,632 │
├──────────────────────────────────────┼─────────────────────────────┼─────────────────┤
│ dense (Dense)                        │ (None, 2)                   │              34 │
├──────────────────────────────────────┼─────────────────────────────┼─────────────────┤
│ phase (UnitNormalization)            │ (None, 2)                   │               0 │
└──────────────────────────────────────┴─────────────────────────────┴─────────────────┘
 Total params: 2,706 (10.57 KB)
 Trainable params: 2,674 (10.45 KB)
 Non-trainable params: 32 (128.00 B)


2026-03-26 10:20:56.078 | INFO     | ao_compensation_model.training_search:train:262 - Parameters — trainable: 2674  non-trainable: 32  total: 2706
2026-03-26 10:20:56.146 | INFO     | ao_compensation_model.training_search:on_train_begin:130 - Training started.
2026-03-26 10:20:56.147 | INFO     | ao_compensation_model.training_search:on_train_begin:131 - Hyperparameters:
  WINDOW_SIZE: 200
  STRIDE: 20
  TARGET_LEAD: 0
  GRU_UNITS: 16
  DROPOUT_RATE: 0.2
  FILTERS: 16
  KERNEL_SIZE: 30
  POOL_SIZE: 5
  BATCH_SIZE: 256
  MAX_EPOCHS: 100
  LEARNING_RATE: 0.0005
  TRAINING_DATA_DIR: D:\01_Code\ao_compensation_model\src\ao_compensation_model\dataset\training
  MODEL_DIR: D:\01_Code\ao_compensation_model\src\ao_compensation_model\model
2026-03-26 10:21:10.089 | INFO     | ao_compensation_model.training_search:on_epoch_end:150 - Epoch   1 | val_loss: 0.376036
2026-03-26 10:21:17.896 | INFO     | ao_compensation_model.training_search:on_epoch_end:150 - Epoch   2 | val_loss: 0.212886
2026-03-26 10:21:25.785 | INFO     | ao_compensation_model.training_search:on_epoch_end:150 - Epoch   3 | val_loss: 0.210570
2026-03-26 10:21:33.411 | INFO     | ao_compensation_model.training_search:on_epoch_end:150 - Epoch   4 | val_loss: 0.207964
2026-03-26 10:21:41.296 | INFO     | ao_compensation_model.training_search:on_epoch_end:150 - Epoch   5 | val_loss: 0.205485
2026-03-26 10:21:49.651 | INFO     | ao_compensation_model.training_search:on_epoch_end:150 - Epoch   6 | val_loss: 0.203119
2026-03-26 10:21:57.969 | INFO     | ao_compensation_model.training_search:on_epoch_end:150 - Epoch   7 | val_loss: 0.199814
2026-03-26 10:22:06.838 | INFO     | ao_compensation_model.training_search:on_epoch_end:150 - Epoch   8 | val_loss: 0.197827
2026-03-26 10:22:14.931 | INFO     | ao_compensation_model.training_search:on_epoch_end:150 - Epoch   9 | val_loss: 0.196989
2026-03-26 10:22:23.373 | INFO     | ao_compensation_model.training_search:on_epoch_end:150 - Epoch  10 | val_loss: 0.196362
2026-03-26 10:22:31.593 | INFO     | ao_compensation_model.training_search:on_epoch_end:150 - Epoch  11 | val_loss: 0.194864
2026-03-26 10:22:40.546 | INFO     | ao_compensation_model.training_search:on_epoch_end:150 - Epoch  12 | val_loss: 0.196284
2026-03-26 10:22:49.326 | INFO     | ao_compensation_model.training_search:on_epoch_end:150 - Epoch  13 | val_loss: 0.196022
2026-03-26 10:22:49.408 | INFO     | ao_compensation_model.training_search:train:294 - Best model for this run saved as: gru_model.keras (val_loss=0.194864)
2026-03-26 10:22:52.018 | INFO     | ao_compensation_model.training_search:train:311 - TFLite model saved as: gru_model_edge.tflite
2026-03-26 10:22:52.899 | INFO     | ao_compensation_model.training_search:train:241 - --- Testing Config: GRU=16 | BATCH=256 | KERNEL=30 | FILTERS=16 | POOL=3 ---
2026-03-26 10:22:53.005 | INFO     | ao_compensation_model.training_search:train:259 - Model architecture:
Model: "functional"
┏━━━━━━━━━━━━━━━━━━━━━━━━━━━━━━━━━━━━━━┳━━━━━━━━━━━━━━━━━━━━━━━━━━━━━┳━━━━━━━━━━━━━━━━━┓
┃ Layer (type)                         ┃ Output Shape                ┃         Param # ┃
┡━━━━━━━━━━━━━━━━━━━━━━━━━━━━━━━━━━━━━━╇━━━━━━━━━━━━━━━━━━━━━━━━━━━━━╇━━━━━━━━━━━━━━━━━┩
│ input_layer (InputLayer)             │ (None, 200, 2)              │               0 │
├──────────────────────────────────────┼─────────────────────────────┼─────────────────┤
│ conv1d (Conv1D)                      │ (None, 200, 16)             │             976 │
├──────────────────────────────────────┼─────────────────────────────┼─────────────────┤
│ batch_normalization                  │ (None, 200, 16)             │              64 │
│ (BatchNormalization)                 │                             │                 │
├──────────────────────────────────────┼─────────────────────────────┼─────────────────┤
│ zero_padding1d (ZeroPadding1D)       │ (None, 202, 16)             │               0 │
├──────────────────────────────────────┼─────────────────────────────┼─────────────────┤
│ average_pooling1d (AveragePooling1D) │ (None, 200, 16)             │               0 │
├──────────────────────────────────────┼─────────────────────────────┼─────────────────┤
│ gru (GRU)                            │ (None, 16)                  │           1,632 │
├──────────────────────────────────────┼─────────────────────────────┼─────────────────┤
│ dense (Dense)                        │ (None, 2)                   │              34 │
├──────────────────────────────────────┼─────────────────────────────┼─────────────────┤
│ phase (UnitNormalization)            │ (None, 2)                   │               0 │
└──────────────────────────────────────┴─────────────────────────────┴─────────────────┘
 Total params: 2,706 (10.57 KB)
 Trainable params: 2,674 (10.45 KB)
 Non-trainable params: 32 (128.00 B)


2026-03-26 10:22:53.016 | INFO     | ao_compensation_model.training_search:train:262 - Parameters — trainable: 2674  non-trainable: 32  total: 2706
2026-03-26 10:22:53.092 | INFO     | ao_compensation_model.training_search:on_train_begin:130 - Training started.
2026-03-26 10:22:53.092 | INFO     | ao_compensation_model.training_search:on_train_begin:131 - Hyperparameters:
  WINDOW_SIZE: 200
  STRIDE: 20
  TARGET_LEAD: 0
  GRU_UNITS: 16
  DROPOUT_RATE: 0.2
  FILTERS: 16
  KERNEL_SIZE: 30
  POOL_SIZE: 3
  BATCH_SIZE: 256
  MAX_EPOCHS: 100
  LEARNING_RATE: 0.0005
  TRAINING_DATA_DIR: D:\01_Code\ao_compensation_model\src\ao_compensation_model\dataset\training
  MODEL_DIR: D:\01_Code\ao_compensation_model\src\ao_compensation_model\model
2026-03-26 10:23:07.467 | INFO     | ao_compensation_model.training_search:on_epoch_end:150 - Epoch   1 | val_loss: 0.220009
2026-03-26 10:23:16.447 | INFO     | ao_compensation_model.training_search:on_epoch_end:150 - Epoch   2 | val_loss: 0.210057
2026-03-26 10:23:24.904 | INFO     | ao_compensation_model.training_search:on_epoch_end:150 - Epoch   3 | val_loss: 0.213409
2026-03-26 10:23:34.029 | INFO     | ao_compensation_model.training_search:on_epoch_end:150 - Epoch   4 | val_loss: 0.216076
2026-03-26 10:23:34.058 | INFO     | ao_compensation_model.training_search:train:294 - Best model for this run saved as: gru_model.keras (val_loss=0.210057)
2026-03-26 10:23:36.001 | INFO     | ao_compensation_model.training_search:train:311 - TFLite model saved as: gru_model_edge.tflite
2026-03-26 10:23:36.876 | INFO     | ao_compensation_model.training_search:train:241 - --- Testing Config: GRU=16 | BATCH=256 | KERNEL=30 | FILTERS=32 | POOL=5 ---
2026-03-26 10:23:37.005 | INFO     | ao_compensation_model.training_search:train:259 - Model architecture:
Model: "functional"
┏━━━━━━━━━━━━━━━━━━━━━━━━━━━━━━━━━━━━━━┳━━━━━━━━━━━━━━━━━━━━━━━━━━━━━┳━━━━━━━━━━━━━━━━━┓
┃ Layer (type)                         ┃ Output Shape                ┃         Param # ┃
┡━━━━━━━━━━━━━━━━━━━━━━━━━━━━━━━━━━━━━━╇━━━━━━━━━━━━━━━━━━━━━━━━━━━━━╇━━━━━━━━━━━━━━━━━┩
│ input_layer (InputLayer)             │ (None, 200, 2)              │               0 │
├──────────────────────────────────────┼─────────────────────────────┼─────────────────┤
│ conv1d (Conv1D)                      │ (None, 200, 32)             │           1,952 │
├──────────────────────────────────────┼─────────────────────────────┼─────────────────┤
│ batch_normalization                  │ (None, 200, 32)             │             128 │
│ (BatchNormalization)                 │                             │                 │
├──────────────────────────────────────┼─────────────────────────────┼─────────────────┤
│ zero_padding1d (ZeroPadding1D)       │ (None, 204, 32)             │               0 │
├──────────────────────────────────────┼─────────────────────────────┼─────────────────┤
│ average_pooling1d (AveragePooling1D) │ (None, 200, 32)             │               0 │
├──────────────────────────────────────┼─────────────────────────────┼─────────────────┤
│ gru (GRU)                            │ (None, 16)                  │           2,400 │
├──────────────────────────────────────┼─────────────────────────────┼─────────────────┤
│ dense (Dense)                        │ (None, 2)                   │              34 │
├──────────────────────────────────────┼─────────────────────────────┼─────────────────┤
│ phase (UnitNormalization)            │ (None, 2)                   │               0 │
└──────────────────────────────────────┴─────────────────────────────┴─────────────────┘
 Total params: 4,514 (17.63 KB)
 Trainable params: 4,450 (17.38 KB)
 Non-trainable params: 64 (256.00 B)


2026-03-26 10:23:37.022 | INFO     | ao_compensation_model.training_search:train:262 - Parameters — trainable: 4450  non-trainable: 64  total: 4514
2026-03-26 10:23:37.114 | INFO     | ao_compensation_model.training_search:on_train_begin:130 - Training started.
2026-03-26 10:23:37.114 | INFO     | ao_compensation_model.training_search:on_train_begin:131 - Hyperparameters:
  WINDOW_SIZE: 200
  STRIDE: 20
  TARGET_LEAD: 0
  GRU_UNITS: 16
  DROPOUT_RATE: 0.2
  FILTERS: 32
  KERNEL_SIZE: 30
  POOL_SIZE: 5
  BATCH_SIZE: 256
  MAX_EPOCHS: 100
  LEARNING_RATE: 0.0005
  TRAINING_DATA_DIR: D:\01_Code\ao_compensation_model\src\ao_compensation_model\dataset\training
  MODEL_DIR: D:\01_Code\ao_compensation_model\src\ao_compensation_model\model
2026-03-26 10:23:52.672 | INFO     | ao_compensation_model.training_search:on_epoch_end:150 - Epoch   1 | val_loss: 0.207731
2026-03-26 10:24:03.356 | INFO     | ao_compensation_model.training_search:on_epoch_end:150 - Epoch   2 | val_loss: 0.203830
2026-03-26 10:24:13.676 | INFO     | ao_compensation_model.training_search:on_epoch_end:150 - Epoch   3 | val_loss: 0.203049
2026-03-26 10:24:24.116 | INFO     | ao_compensation_model.training_search:on_epoch_end:150 - Epoch   4 | val_loss: 0.202799
2026-03-26 10:24:34.822 | INFO     | ao_compensation_model.training_search:on_epoch_end:150 - Epoch   5 | val_loss: 0.202531
2026-03-26 10:24:45.373 | INFO     | ao_compensation_model.training_search:on_epoch_end:150 - Epoch   6 | val_loss: 0.204684
2026-03-26 10:24:56.174 | INFO     | ao_compensation_model.training_search:on_epoch_end:150 - Epoch   7 | val_loss: 0.201773
2026-03-26 10:25:06.596 | INFO     | ao_compensation_model.training_search:on_epoch_end:150 - Epoch   8 | val_loss: 0.202876
2026-03-26 10:25:18.069 | INFO     | ao_compensation_model.training_search:on_epoch_end:150 - Epoch   9 | val_loss: 0.203048
2026-03-26 10:25:18.103 | INFO     | ao_compensation_model.training_search:train:294 - Best model for this run saved as: gru_model.keras (val_loss=0.201773)
2026-03-26 10:25:20.047 | INFO     | ao_compensation_model.training_search:train:311 - TFLite model saved as: gru_model_edge.tflite
2026-03-26 10:25:20.954 | INFO     | ao_compensation_model.training_search:train:241 - --- Testing Config: GRU=16 | BATCH=256 | KERNEL=30 | FILTERS=32 | POOL=3 ---
2026-03-26 10:25:21.077 | INFO     | ao_compensation_model.training_search:train:259 - Model architecture:
Model: "functional"
┏━━━━━━━━━━━━━━━━━━━━━━━━━━━━━━━━━━━━━━┳━━━━━━━━━━━━━━━━━━━━━━━━━━━━━┳━━━━━━━━━━━━━━━━━┓
┃ Layer (type)                         ┃ Output Shape                ┃         Param # ┃
┡━━━━━━━━━━━━━━━━━━━━━━━━━━━━━━━━━━━━━━╇━━━━━━━━━━━━━━━━━━━━━━━━━━━━━╇━━━━━━━━━━━━━━━━━┩
│ input_layer (InputLayer)             │ (None, 200, 2)              │               0 │
├──────────────────────────────────────┼─────────────────────────────┼─────────────────┤
│ conv1d (Conv1D)                      │ (None, 200, 32)             │           1,952 │
├──────────────────────────────────────┼─────────────────────────────┼─────────────────┤
│ batch_normalization                  │ (None, 200, 32)             │             128 │
│ (BatchNormalization)                 │                             │                 │
├──────────────────────────────────────┼─────────────────────────────┼─────────────────┤
│ zero_padding1d (ZeroPadding1D)       │ (None, 202, 32)             │               0 │
├──────────────────────────────────────┼─────────────────────────────┼─────────────────┤
│ average_pooling1d (AveragePooling1D) │ (None, 200, 32)             │               0 │
├──────────────────────────────────────┼─────────────────────────────┼─────────────────┤
│ gru (GRU)                            │ (None, 16)                  │           2,400 │
├──────────────────────────────────────┼─────────────────────────────┼─────────────────┤
│ dense (Dense)                        │ (None, 2)                   │              34 │
├──────────────────────────────────────┼─────────────────────────────┼─────────────────┤
│ phase (UnitNormalization)            │ (None, 2)                   │               0 │
└──────────────────────────────────────┴─────────────────────────────┴─────────────────┘
 Total params: 4,514 (17.63 KB)
 Trainable params: 4,450 (17.38 KB)
 Non-trainable params: 64 (256.00 B)


2026-03-26 10:25:21.089 | INFO     | ao_compensation_model.training_search:train:262 - Parameters — trainable: 4450  non-trainable: 64  total: 4514
2026-03-26 10:25:21.184 | INFO     | ao_compensation_model.training_search:on_train_begin:130 - Training started.
2026-03-26 10:25:21.185 | INFO     | ao_compensation_model.training_search:on_train_begin:131 - Hyperparameters:
  WINDOW_SIZE: 200
  STRIDE: 20
  TARGET_LEAD: 0
  GRU_UNITS: 16
  DROPOUT_RATE: 0.2
  FILTERS: 32
  KERNEL_SIZE: 30
  POOL_SIZE: 3
  BATCH_SIZE: 256
  MAX_EPOCHS: 100
  LEARNING_RATE: 0.0005
  TRAINING_DATA_DIR: D:\01_Code\ao_compensation_model\src\ao_compensation_model\dataset\training
  MODEL_DIR: D:\01_Code\ao_compensation_model\src\ao_compensation_model\model
2026-03-26 10:25:39.110 | INFO     | ao_compensation_model.training_search:on_epoch_end:150 - Epoch   1 | val_loss: 0.267325
2026-03-26 10:25:50.376 | INFO     | ao_compensation_model.training_search:on_epoch_end:150 - Epoch   2 | val_loss: 0.214904
2026-03-26 10:26:00.963 | INFO     | ao_compensation_model.training_search:on_epoch_end:150 - Epoch   3 | val_loss: 0.207290
2026-03-26 10:26:12.141 | INFO     | ao_compensation_model.training_search:on_epoch_end:150 - Epoch   4 | val_loss: 0.203217
2026-03-26 10:26:22.961 | INFO     | ao_compensation_model.training_search:on_epoch_end:150 - Epoch   5 | val_loss: 0.198569
2026-03-26 10:26:34.263 | INFO     | ao_compensation_model.training_search:on_epoch_end:150 - Epoch   6 | val_loss: 0.192830
2026-03-26 10:26:45.265 | INFO     | ao_compensation_model.training_search:on_epoch_end:150 - Epoch   7 | val_loss: 0.192800
2026-03-26 10:26:57.974 | INFO     | ao_compensation_model.training_search:on_epoch_end:150 - Epoch   8 | val_loss: 0.191662
2026-03-26 10:27:12.749 | INFO     | ao_compensation_model.training_search:on_epoch_end:150 - Epoch   9 | val_loss: 0.193845
2026-03-26 10:27:27.524 | INFO     | ao_compensation_model.training_search:on_epoch_end:150 - Epoch  10 | val_loss: 0.194026
2026-03-26 10:27:27.557 | INFO     | ao_compensation_model.training_search:train:294 - Best model for this run saved as: gru_model.keras (val_loss=0.191662)
2026-03-26 10:27:29.622 | INFO     | ao_compensation_model.training_search:train:311 - TFLite model saved as: gru_model_edge.tflite
2026-03-26 10:27:30.585 | INFO     | ao_compensation_model.training_search:train:241 - --- Testing Config: GRU=32 | BATCH=32 | KERNEL=10 | FILTERS=8 | POOL=5 ---
2026-03-26 10:27:30.709 | INFO     | ao_compensation_model.training_search:train:259 - Model architecture:
Model: "functional"
┏━━━━━━━━━━━━━━━━━━━━━━━━━━━━━━━━━━━━━━┳━━━━━━━━━━━━━━━━━━━━━━━━━━━━━┳━━━━━━━━━━━━━━━━━┓
┃ Layer (type)                         ┃ Output Shape                ┃         Param # ┃
┡━━━━━━━━━━━━━━━━━━━━━━━━━━━━━━━━━━━━━━╇━━━━━━━━━━━━━━━━━━━━━━━━━━━━━╇━━━━━━━━━━━━━━━━━┩
│ input_layer (InputLayer)             │ (None, 200, 2)              │               0 │
├──────────────────────────────────────┼─────────────────────────────┼─────────────────┤
│ conv1d (Conv1D)                      │ (None, 200, 8)              │             168 │
├──────────────────────────────────────┼─────────────────────────────┼─────────────────┤
│ batch_normalization                  │ (None, 200, 8)              │              32 │
│ (BatchNormalization)                 │                             │                 │
├──────────────────────────────────────┼─────────────────────────────┼─────────────────┤
│ zero_padding1d (ZeroPadding1D)       │ (None, 204, 8)              │               0 │
├──────────────────────────────────────┼─────────────────────────────┼─────────────────┤
│ average_pooling1d (AveragePooling1D) │ (None, 200, 8)              │               0 │
├──────────────────────────────────────┼─────────────────────────────┼─────────────────┤
│ gru (GRU)                            │ (None, 32)                  │           4,032 │
├──────────────────────────────────────┼─────────────────────────────┼─────────────────┤
│ dense (Dense)                        │ (None, 2)                   │              66 │
├──────────────────────────────────────┼─────────────────────────────┼─────────────────┤
│ phase (UnitNormalization)            │ (None, 2)                   │               0 │
└──────────────────────────────────────┴─────────────────────────────┴─────────────────┘
 Total params: 4,298 (16.79 KB)
 Trainable params: 4,282 (16.73 KB)
 Non-trainable params: 16 (64.00 B)


2026-03-26 10:27:30.721 | INFO     | ao_compensation_model.training_search:train:262 - Parameters — trainable: 4282  non-trainable: 16  total: 4298
2026-03-26 10:27:30.815 | INFO     | ao_compensation_model.training_search:on_train_begin:130 - Training started.
2026-03-26 10:27:30.815 | INFO     | ao_compensation_model.training_search:on_train_begin:131 - Hyperparameters:
  WINDOW_SIZE: 200
  STRIDE: 20
  TARGET_LEAD: 0
  GRU_UNITS: 32
  DROPOUT_RATE: 0.2
  FILTERS: 8
  KERNEL_SIZE: 10
  POOL_SIZE: 5
  BATCH_SIZE: 32
  MAX_EPOCHS: 100
  LEARNING_RATE: 0.0005
  TRAINING_DATA_DIR: D:\01_Code\ao_compensation_model\src\ao_compensation_model\dataset\training
  MODEL_DIR: D:\01_Code\ao_compensation_model\src\ao_compensation_model\model
2026-03-26 10:28:15.537 | INFO     | ao_compensation_model.training_search:on_epoch_end:150 - Epoch   1 | val_loss: 0.200202
2026-03-26 10:28:55.174 | INFO     | ao_compensation_model.training_search:on_epoch_end:150 - Epoch   2 | val_loss: 0.198863
2026-03-26 10:29:34.980 | INFO     | ao_compensation_model.training_search:on_epoch_end:150 - Epoch   3 | val_loss: 0.203359
2026-03-26 10:30:14.675 | INFO     | ao_compensation_model.training_search:on_epoch_end:150 - Epoch   4 | val_loss: 0.207271
2026-03-26 10:30:14.718 | INFO     | ao_compensation_model.training_search:train:294 - Best model for this run saved as: gru_model.keras (val_loss=0.198863)
2026-03-26 10:30:16.955 | INFO     | ao_compensation_model.training_search:train:311 - TFLite model saved as: gru_model_edge.tflite
2026-03-26 10:30:17.994 | INFO     | ao_compensation_model.training_search:train:241 - --- Testing Config: GRU=32 | BATCH=32 | KERNEL=10 | FILTERS=8 | POOL=3 ---
2026-03-26 10:30:18.133 | INFO     | ao_compensation_model.training_search:train:259 - Model architecture:
Model: "functional"
┏━━━━━━━━━━━━━━━━━━━━━━━━━━━━━━━━━━━━━━┳━━━━━━━━━━━━━━━━━━━━━━━━━━━━━┳━━━━━━━━━━━━━━━━━┓
┃ Layer (type)                         ┃ Output Shape                ┃         Param # ┃
┡━━━━━━━━━━━━━━━━━━━━━━━━━━━━━━━━━━━━━━╇━━━━━━━━━━━━━━━━━━━━━━━━━━━━━╇━━━━━━━━━━━━━━━━━┩
│ input_layer (InputLayer)             │ (None, 200, 2)              │               0 │
├──────────────────────────────────────┼─────────────────────────────┼─────────────────┤
│ conv1d (Conv1D)                      │ (None, 200, 8)              │             168 │
├──────────────────────────────────────┼─────────────────────────────┼─────────────────┤
│ batch_normalization                  │ (None, 200, 8)              │              32 │
│ (BatchNormalization)                 │                             │                 │
├──────────────────────────────────────┼─────────────────────────────┼─────────────────┤
│ zero_padding1d (ZeroPadding1D)       │ (None, 202, 8)              │               0 │
├──────────────────────────────────────┼─────────────────────────────┼─────────────────┤
│ average_pooling1d (AveragePooling1D) │ (None, 200, 8)              │               0 │
├──────────────────────────────────────┼─────────────────────────────┼─────────────────┤
│ gru (GRU)                            │ (None, 32)                  │           4,032 │
├──────────────────────────────────────┼─────────────────────────────┼─────────────────┤
│ dense (Dense)                        │ (None, 2)                   │              66 │
├──────────────────────────────────────┼─────────────────────────────┼─────────────────┤
│ phase (UnitNormalization)            │ (None, 2)                   │               0 │
└──────────────────────────────────────┴─────────────────────────────┴─────────────────┘
 Total params: 4,298 (16.79 KB)
 Trainable params: 4,282 (16.73 KB)
 Non-trainable params: 16 (64.00 B)


2026-03-26 10:30:18.151 | INFO     | ao_compensation_model.training_search:train:262 - Parameters — trainable: 4282  non-trainable: 16  total: 4298
2026-03-26 10:30:18.254 | INFO     | ao_compensation_model.training_search:on_train_begin:130 - Training started.
2026-03-26 10:30:18.256 | INFO     | ao_compensation_model.training_search:on_train_begin:131 - Hyperparameters:
  WINDOW_SIZE: 200
  STRIDE: 20
  TARGET_LEAD: 0
  GRU_UNITS: 32
  DROPOUT_RATE: 0.2
  FILTERS: 8
  KERNEL_SIZE: 10
  POOL_SIZE: 3
  BATCH_SIZE: 32
  MAX_EPOCHS: 100
  LEARNING_RATE: 0.0005
  TRAINING_DATA_DIR: D:\01_Code\ao_compensation_model\src\ao_compensation_model\dataset\training
  MODEL_DIR: D:\01_Code\ao_compensation_model\src\ao_compensation_model\model
2026-03-26 10:31:05.610 | INFO     | ao_compensation_model.training_search:on_epoch_end:150 - Epoch   1 | val_loss: 0.218617
2026-03-26 10:31:44.235 | INFO     | ao_compensation_model.training_search:on_epoch_end:150 - Epoch   2 | val_loss: 0.193668
2026-03-26 10:32:22.916 | INFO     | ao_compensation_model.training_search:on_epoch_end:150 - Epoch   3 | val_loss: 0.195614
2026-03-26 10:33:02.111 | INFO     | ao_compensation_model.training_search:on_epoch_end:150 - Epoch   4 | val_loss: 0.197594
2026-03-26 10:33:02.146 | INFO     | ao_compensation_model.training_search:train:294 - Best model for this run saved as: gru_model.keras (val_loss=0.193668)
2026-03-26 10:33:04.290 | INFO     | ao_compensation_model.training_search:train:311 - TFLite model saved as: gru_model_edge.tflite
2026-03-26 10:33:05.322 | INFO     | ao_compensation_model.training_search:train:241 - --- Testing Config: GRU=32 | BATCH=32 | KERNEL=10 | FILTERS=16 | POOL=5 ---
2026-03-26 10:33:05.440 | INFO     | ao_compensation_model.training_search:train:259 - Model architecture:
Model: "functional"
┏━━━━━━━━━━━━━━━━━━━━━━━━━━━━━━━━━━━━━━┳━━━━━━━━━━━━━━━━━━━━━━━━━━━━━┳━━━━━━━━━━━━━━━━━┓
┃ Layer (type)                         ┃ Output Shape                ┃         Param # ┃
┡━━━━━━━━━━━━━━━━━━━━━━━━━━━━━━━━━━━━━━╇━━━━━━━━━━━━━━━━━━━━━━━━━━━━━╇━━━━━━━━━━━━━━━━━┩
│ input_layer (InputLayer)             │ (None, 200, 2)              │               0 │
├──────────────────────────────────────┼─────────────────────────────┼─────────────────┤
│ conv1d (Conv1D)                      │ (None, 200, 16)             │             336 │
├──────────────────────────────────────┼─────────────────────────────┼─────────────────┤
│ batch_normalization                  │ (None, 200, 16)             │              64 │
│ (BatchNormalization)                 │                             │                 │
├──────────────────────────────────────┼─────────────────────────────┼─────────────────┤
│ zero_padding1d (ZeroPadding1D)       │ (None, 204, 16)             │               0 │
├──────────────────────────────────────┼─────────────────────────────┼─────────────────┤
│ average_pooling1d (AveragePooling1D) │ (None, 200, 16)             │               0 │
├──────────────────────────────────────┼─────────────────────────────┼─────────────────┤
│ gru (GRU)                            │ (None, 32)                  │           4,800 │
├──────────────────────────────────────┼─────────────────────────────┼─────────────────┤
│ dense (Dense)                        │ (None, 2)                   │              66 │
├──────────────────────────────────────┼─────────────────────────────┼─────────────────┤
│ phase (UnitNormalization)            │ (None, 2)                   │               0 │
└──────────────────────────────────────┴─────────────────────────────┴─────────────────┘
 Total params: 5,266 (20.57 KB)
 Trainable params: 5,234 (20.45 KB)
 Non-trainable params: 32 (128.00 B)


2026-03-26 10:33:05.457 | INFO     | ao_compensation_model.training_search:train:262 - Parameters — trainable: 5234  non-trainable: 32  total: 5266
2026-03-26 10:33:05.530 | INFO     | ao_compensation_model.training_search:on_train_begin:130 - Training started.
2026-03-26 10:33:05.531 | INFO     | ao_compensation_model.training_search:on_train_begin:131 - Hyperparameters:
  WINDOW_SIZE: 200
  STRIDE: 20
  TARGET_LEAD: 0
  GRU_UNITS: 32
  DROPOUT_RATE: 0.2
  FILTERS: 16
  KERNEL_SIZE: 10
  POOL_SIZE: 5
  BATCH_SIZE: 32
  MAX_EPOCHS: 100
  LEARNING_RATE: 0.0005
  TRAINING_DATA_DIR: D:\01_Code\ao_compensation_model\src\ao_compensation_model\dataset\training
  MODEL_DIR: D:\01_Code\ao_compensation_model\src\ao_compensation_model\model
2026-03-26 10:33:51.878 | INFO     | ao_compensation_model.training_search:on_epoch_end:150 - Epoch   1 | val_loss: 0.194667
2026-03-26 10:34:34.054 | INFO     | ao_compensation_model.training_search:on_epoch_end:150 - Epoch   2 | val_loss: 0.187443
2026-03-26 10:35:16.762 | INFO     | ao_compensation_model.training_search:on_epoch_end:150 - Epoch   3 | val_loss: 0.185057
2026-03-26 10:35:59.107 | INFO     | ao_compensation_model.training_search:on_epoch_end:150 - Epoch   4 | val_loss: 0.184446
2026-03-26 10:36:41.005 | INFO     | ao_compensation_model.training_search:on_epoch_end:150 - Epoch   5 | val_loss: 0.186949
2026-03-26 10:37:21.747 | INFO     | ao_compensation_model.training_search:on_epoch_end:150 - Epoch   6 | val_loss: 0.186555
2026-03-26 10:37:21.779 | INFO     | ao_compensation_model.training_search:train:294 - Best model for this run saved as: gru_model.keras (val_loss=0.184446)
2026-03-26 10:37:24.890 | INFO     | ao_compensation_model.training_search:train:311 - TFLite model saved as: gru_model_edge.tflite
2026-03-26 10:37:25.864 | INFO     | ao_compensation_model.training_search:train:241 - --- Testing Config: GRU=32 | BATCH=32 | KERNEL=10 | FILTERS=16 | POOL=3 ---
2026-03-26 10:37:25.980 | INFO     | ao_compensation_model.training_search:train:259 - Model architecture:
Model: "functional"
┏━━━━━━━━━━━━━━━━━━━━━━━━━━━━━━━━━━━━━━┳━━━━━━━━━━━━━━━━━━━━━━━━━━━━━┳━━━━━━━━━━━━━━━━━┓
┃ Layer (type)                         ┃ Output Shape                ┃         Param # ┃
┡━━━━━━━━━━━━━━━━━━━━━━━━━━━━━━━━━━━━━━╇━━━━━━━━━━━━━━━━━━━━━━━━━━━━━╇━━━━━━━━━━━━━━━━━┩
│ input_layer (InputLayer)             │ (None, 200, 2)              │               0 │
├──────────────────────────────────────┼─────────────────────────────┼─────────────────┤
│ conv1d (Conv1D)                      │ (None, 200, 16)             │             336 │
├──────────────────────────────────────┼─────────────────────────────┼─────────────────┤
│ batch_normalization                  │ (None, 200, 16)             │              64 │
│ (BatchNormalization)                 │                             │                 │
├──────────────────────────────────────┼─────────────────────────────┼─────────────────┤
│ zero_padding1d (ZeroPadding1D)       │ (None, 202, 16)             │               0 │
├──────────────────────────────────────┼─────────────────────────────┼─────────────────┤
│ average_pooling1d (AveragePooling1D) │ (None, 200, 16)             │               0 │
├──────────────────────────────────────┼─────────────────────────────┼─────────────────┤
│ gru (GRU)                            │ (None, 32)                  │           4,800 │
├──────────────────────────────────────┼─────────────────────────────┼─────────────────┤
│ dense (Dense)                        │ (None, 2)                   │              66 │
├──────────────────────────────────────┼─────────────────────────────┼─────────────────┤
│ phase (UnitNormalization)            │ (None, 2)                   │               0 │
└──────────────────────────────────────┴─────────────────────────────┴─────────────────┘
 Total params: 5,266 (20.57 KB)
 Trainable params: 5,234 (20.45 KB)
 Non-trainable params: 32 (128.00 B)


2026-03-26 10:37:25.993 | INFO     | ao_compensation_model.training_search:train:262 - Parameters — trainable: 5234  non-trainable: 32  total: 5266
2026-03-26 10:37:26.070 | INFO     | ao_compensation_model.training_search:on_train_begin:130 - Training started.
2026-03-26 10:37:26.071 | INFO     | ao_compensation_model.training_search:on_train_begin:131 - Hyperparameters:
  WINDOW_SIZE: 200
  STRIDE: 20
  TARGET_LEAD: 0
  GRU_UNITS: 32
  DROPOUT_RATE: 0.2
  FILTERS: 16
  KERNEL_SIZE: 10
  POOL_SIZE: 3
  BATCH_SIZE: 32
  MAX_EPOCHS: 100
  LEARNING_RATE: 0.0005
  TRAINING_DATA_DIR: D:\01_Code\ao_compensation_model\src\ao_compensation_model\dataset\training
  MODEL_DIR: D:\01_Code\ao_compensation_model\src\ao_compensation_model\model
2026-03-26 10:38:13.958 | INFO     | ao_compensation_model.training_search:on_epoch_end:150 - Epoch   1 | val_loss: 0.205814
2026-03-26 10:38:56.975 | INFO     | ao_compensation_model.training_search:on_epoch_end:150 - Epoch   2 | val_loss: 0.186927
2026-03-26 10:39:39.532 | INFO     | ao_compensation_model.training_search:on_epoch_end:150 - Epoch   3 | val_loss: 0.187542
2026-03-26 10:40:21.252 | INFO     | ao_compensation_model.training_search:on_epoch_end:150 - Epoch   4 | val_loss: 0.191749
2026-03-26 10:40:21.312 | INFO     | ao_compensation_model.training_search:train:294 - Best model for this run saved as: gru_model.keras (val_loss=0.186927)
2026-03-26 10:40:24.188 | INFO     | ao_compensation_model.training_search:train:311 - TFLite model saved as: gru_model_edge.tflite
2026-03-26 10:40:25.203 | INFO     | ao_compensation_model.training_search:train:241 - --- Testing Config: GRU=32 | BATCH=32 | KERNEL=10 | FILTERS=32 | POOL=5 ---
2026-03-26 10:40:25.335 | INFO     | ao_compensation_model.training_search:train:259 - Model architecture:
Model: "functional"
┏━━━━━━━━━━━━━━━━━━━━━━━━━━━━━━━━━━━━━━┳━━━━━━━━━━━━━━━━━━━━━━━━━━━━━┳━━━━━━━━━━━━━━━━━┓
┃ Layer (type)                         ┃ Output Shape                ┃         Param # ┃
┡━━━━━━━━━━━━━━━━━━━━━━━━━━━━━━━━━━━━━━╇━━━━━━━━━━━━━━━━━━━━━━━━━━━━━╇━━━━━━━━━━━━━━━━━┩
│ input_layer (InputLayer)             │ (None, 200, 2)              │               0 │
├──────────────────────────────────────┼─────────────────────────────┼─────────────────┤
│ conv1d (Conv1D)                      │ (None, 200, 32)             │             672 │
├──────────────────────────────────────┼─────────────────────────────┼─────────────────┤
│ batch_normalization                  │ (None, 200, 32)             │             128 │
│ (BatchNormalization)                 │                             │                 │
├──────────────────────────────────────┼─────────────────────────────┼─────────────────┤
│ zero_padding1d (ZeroPadding1D)       │ (None, 204, 32)             │               0 │
├──────────────────────────────────────┼─────────────────────────────┼─────────────────┤
│ average_pooling1d (AveragePooling1D) │ (None, 200, 32)             │               0 │
├──────────────────────────────────────┼─────────────────────────────┼─────────────────┤
│ gru (GRU)                            │ (None, 32)                  │           6,336 │
├──────────────────────────────────────┼─────────────────────────────┼─────────────────┤
│ dense (Dense)                        │ (None, 2)                   │              66 │
├──────────────────────────────────────┼─────────────────────────────┼─────────────────┤
│ phase (UnitNormalization)            │ (None, 2)                   │               0 │
└──────────────────────────────────────┴─────────────────────────────┴─────────────────┘
 Total params: 7,202 (28.13 KB)
 Trainable params: 7,138 (27.88 KB)
 Non-trainable params: 64 (256.00 B)


2026-03-26 10:40:25.352 | INFO     | ao_compensation_model.training_search:train:262 - Parameters — trainable: 7138  non-trainable: 64  total: 7202
2026-03-26 10:40:25.423 | INFO     | ao_compensation_model.training_search:on_train_begin:130 - Training started.
2026-03-26 10:40:25.424 | INFO     | ao_compensation_model.training_search:on_train_begin:131 - Hyperparameters:
  WINDOW_SIZE: 200
  STRIDE: 20
  TARGET_LEAD: 0
  GRU_UNITS: 32
  DROPOUT_RATE: 0.2
  FILTERS: 32
  KERNEL_SIZE: 10
  POOL_SIZE: 5
  BATCH_SIZE: 32
  MAX_EPOCHS: 100
  LEARNING_RATE: 0.0005
  TRAINING_DATA_DIR: D:\01_Code\ao_compensation_model\src\ao_compensation_model\dataset\training
  MODEL_DIR: D:\01_Code\ao_compensation_model\src\ao_compensation_model\model
2026-03-26 10:41:15.164 | INFO     | ao_compensation_model.training_search:on_epoch_end:150 - Epoch   1 | val_loss: 0.190497
2026-03-26 10:41:59.554 | INFO     | ao_compensation_model.training_search:on_epoch_end:150 - Epoch   2 | val_loss: 0.182312
2026-03-26 10:42:44.342 | INFO     | ao_compensation_model.training_search:on_epoch_end:150 - Epoch   3 | val_loss: 0.180270
2026-03-26 10:43:30.632 | INFO     | ao_compensation_model.training_search:on_epoch_end:150 - Epoch   4 | val_loss: 0.178693
2026-03-26 10:44:15.968 | INFO     | ao_compensation_model.training_search:on_epoch_end:150 - Epoch   5 | val_loss: 0.177606
2026-03-26 10:44:59.965 | INFO     | ao_compensation_model.training_search:on_epoch_end:150 - Epoch   6 | val_loss: 0.178138
2026-03-26 10:45:44.098 | INFO     | ao_compensation_model.training_search:on_epoch_end:150 - Epoch   7 | val_loss: 0.187294
2026-03-26 10:45:44.136 | INFO     | ao_compensation_model.training_search:train:294 - Best model for this run saved as: gru_model.keras (val_loss=0.177606)
2026-03-26 10:45:46.063 | INFO     | ao_compensation_model.training_search:train:311 - TFLite model saved as: gru_model_edge.tflite
2026-03-26 10:45:46.068 | INFO     | ao_compensation_model.training_search:train:317 - *** New best overall config! Val Loss: 0.177606 ***
2026-03-26 10:45:47.217 | INFO     | ao_compensation_model.training_search:train:241 - --- Testing Config: GRU=32 | BATCH=32 | KERNEL=10 | FILTERS=32 | POOL=3 ---
2026-03-26 10:45:47.349 | INFO     | ao_compensation_model.training_search:train:259 - Model architecture:
Model: "functional"
┏━━━━━━━━━━━━━━━━━━━━━━━━━━━━━━━━━━━━━━┳━━━━━━━━━━━━━━━━━━━━━━━━━━━━━┳━━━━━━━━━━━━━━━━━┓
┃ Layer (type)                         ┃ Output Shape                ┃         Param # ┃
┡━━━━━━━━━━━━━━━━━━━━━━━━━━━━━━━━━━━━━━╇━━━━━━━━━━━━━━━━━━━━━━━━━━━━━╇━━━━━━━━━━━━━━━━━┩
│ input_layer (InputLayer)             │ (None, 200, 2)              │               0 │
├──────────────────────────────────────┼─────────────────────────────┼─────────────────┤
│ conv1d (Conv1D)                      │ (None, 200, 32)             │             672 │
├──────────────────────────────────────┼─────────────────────────────┼─────────────────┤
│ batch_normalization                  │ (None, 200, 32)             │             128 │
│ (BatchNormalization)                 │                             │                 │
├──────────────────────────────────────┼─────────────────────────────┼─────────────────┤
│ zero_padding1d (ZeroPadding1D)       │ (None, 202, 32)             │               0 │
├──────────────────────────────────────┼─────────────────────────────┼─────────────────┤
│ average_pooling1d (AveragePooling1D) │ (None, 200, 32)             │               0 │
├──────────────────────────────────────┼─────────────────────────────┼─────────────────┤
│ gru (GRU)                            │ (None, 32)                  │           6,336 │
├──────────────────────────────────────┼─────────────────────────────┼─────────────────┤
│ dense (Dense)                        │ (None, 2)                   │              66 │
├──────────────────────────────────────┼─────────────────────────────┼─────────────────┤
│ phase (UnitNormalization)            │ (None, 2)                   │               0 │
└──────────────────────────────────────┴─────────────────────────────┴─────────────────┘
 Total params: 7,202 (28.13 KB)
 Trainable params: 7,138 (27.88 KB)
 Non-trainable params: 64 (256.00 B)


2026-03-26 10:45:47.363 | INFO     | ao_compensation_model.training_search:train:262 - Parameters — trainable: 7138  non-trainable: 64  total: 7202
2026-03-26 10:45:47.466 | INFO     | ao_compensation_model.training_search:on_train_begin:130 - Training started.
2026-03-26 10:45:47.467 | INFO     | ao_compensation_model.training_search:on_train_begin:131 - Hyperparameters:
  WINDOW_SIZE: 200
  STRIDE: 20
  TARGET_LEAD: 0
  GRU_UNITS: 32
  DROPOUT_RATE: 0.2
  FILTERS: 32
  KERNEL_SIZE: 10
  POOL_SIZE: 3
  BATCH_SIZE: 32
  MAX_EPOCHS: 100
  LEARNING_RATE: 0.0005
  TRAINING_DATA_DIR: D:\01_Code\ao_compensation_model\src\ao_compensation_model\dataset\training
  MODEL_DIR: D:\01_Code\ao_compensation_model\src\ao_compensation_model\model
2026-03-26 10:46:36.800 | INFO     | ao_compensation_model.training_search:on_epoch_end:150 - Epoch   1 | val_loss: 0.201173
2026-03-26 10:47:21.083 | INFO     | ao_compensation_model.training_search:on_epoch_end:150 - Epoch   2 | val_loss: 0.190246
2026-03-26 10:48:04.954 | INFO     | ao_compensation_model.training_search:on_epoch_end:150 - Epoch   3 | val_loss: 0.188574
2026-03-26 10:48:48.255 | INFO     | ao_compensation_model.training_search:on_epoch_end:150 - Epoch   4 | val_loss: 0.190065
2026-03-26 10:49:31.221 | INFO     | ao_compensation_model.training_search:on_epoch_end:150 - Epoch   5 | val_loss: 0.193808
2026-03-26 10:49:31.259 | INFO     | ao_compensation_model.training_search:train:294 - Best model for this run saved as: gru_model.keras (val_loss=0.188574)
2026-03-26 10:49:33.708 | INFO     | ao_compensation_model.training_search:train:311 - TFLite model saved as: gru_model_edge.tflite
2026-03-26 10:49:34.884 | INFO     | ao_compensation_model.training_search:train:241 - --- Testing Config: GRU=32 | BATCH=32 | KERNEL=20 | FILTERS=8 | POOL=5 ---
2026-03-26 10:49:35.054 | INFO     | ao_compensation_model.training_search:train:259 - Model architecture:
Model: "functional"
┏━━━━━━━━━━━━━━━━━━━━━━━━━━━━━━━━━━━━━━┳━━━━━━━━━━━━━━━━━━━━━━━━━━━━━┳━━━━━━━━━━━━━━━━━┓
┃ Layer (type)                         ┃ Output Shape                ┃         Param # ┃
┡━━━━━━━━━━━━━━━━━━━━━━━━━━━━━━━━━━━━━━╇━━━━━━━━━━━━━━━━━━━━━━━━━━━━━╇━━━━━━━━━━━━━━━━━┩
│ input_layer (InputLayer)             │ (None, 200, 2)              │               0 │
├──────────────────────────────────────┼─────────────────────────────┼─────────────────┤
│ conv1d (Conv1D)                      │ (None, 200, 8)              │             328 │
├──────────────────────────────────────┼─────────────────────────────┼─────────────────┤
│ batch_normalization                  │ (None, 200, 8)              │              32 │
│ (BatchNormalization)                 │                             │                 │
├──────────────────────────────────────┼─────────────────────────────┼─────────────────┤
│ zero_padding1d (ZeroPadding1D)       │ (None, 204, 8)              │               0 │
├──────────────────────────────────────┼─────────────────────────────┼─────────────────┤
│ average_pooling1d (AveragePooling1D) │ (None, 200, 8)              │               0 │
├──────────────────────────────────────┼─────────────────────────────┼─────────────────┤
│ gru (GRU)                            │ (None, 32)                  │           4,032 │
├──────────────────────────────────────┼─────────────────────────────┼─────────────────┤
│ dense (Dense)                        │ (None, 2)                   │              66 │
├──────────────────────────────────────┼─────────────────────────────┼─────────────────┤
│ phase (UnitNormalization)            │ (None, 2)                   │               0 │
└──────────────────────────────────────┴─────────────────────────────┴─────────────────┘
 Total params: 4,458 (17.41 KB)
 Trainable params: 4,442 (17.35 KB)
 Non-trainable params: 16 (64.00 B)


2026-03-26 10:49:35.073 | INFO     | ao_compensation_model.training_search:train:262 - Parameters — trainable: 4442  non-trainable: 16  total: 4458
2026-03-26 10:49:35.164 | INFO     | ao_compensation_model.training_search:on_train_begin:130 - Training started.
2026-03-26 10:49:35.165 | INFO     | ao_compensation_model.training_search:on_train_begin:131 - Hyperparameters:
  WINDOW_SIZE: 200
  STRIDE: 20
  TARGET_LEAD: 0
  GRU_UNITS: 32
  DROPOUT_RATE: 0.2
  FILTERS: 8
  KERNEL_SIZE: 20
  POOL_SIZE: 5
  BATCH_SIZE: 32
  MAX_EPOCHS: 100
  LEARNING_RATE: 0.0005
  TRAINING_DATA_DIR: D:\01_Code\ao_compensation_model\src\ao_compensation_model\dataset\training
  MODEL_DIR: D:\01_Code\ao_compensation_model\src\ao_compensation_model\model
2026-03-26 10:50:21.803 | INFO     | ao_compensation_model.training_search:on_epoch_end:150 - Epoch   1 | val_loss: 0.189589
2026-03-26 10:51:01.396 | INFO     | ao_compensation_model.training_search:on_epoch_end:150 - Epoch   2 | val_loss: 0.195928
2026-03-26 10:51:40.706 | INFO     | ao_compensation_model.training_search:on_epoch_end:150 - Epoch   3 | val_loss: 0.200766
2026-03-26 10:51:40.739 | INFO     | ao_compensation_model.training_search:train:294 - Best model for this run saved as: gru_model.keras (val_loss=0.189589)
2026-03-26 10:51:43.087 | INFO     | ao_compensation_model.training_search:train:311 - TFLite model saved as: gru_model_edge.tflite
2026-03-26 10:51:44.160 | INFO     | ao_compensation_model.training_search:train:241 - --- Testing Config: GRU=32 | BATCH=32 | KERNEL=20 | FILTERS=8 | POOL=3 ---
2026-03-26 10:51:44.277 | INFO     | ao_compensation_model.training_search:train:259 - Model architecture:
Model: "functional"
┏━━━━━━━━━━━━━━━━━━━━━━━━━━━━━━━━━━━━━━┳━━━━━━━━━━━━━━━━━━━━━━━━━━━━━┳━━━━━━━━━━━━━━━━━┓
┃ Layer (type)                         ┃ Output Shape                ┃         Param # ┃
┡━━━━━━━━━━━━━━━━━━━━━━━━━━━━━━━━━━━━━━╇━━━━━━━━━━━━━━━━━━━━━━━━━━━━━╇━━━━━━━━━━━━━━━━━┩
│ input_layer (InputLayer)             │ (None, 200, 2)              │               0 │
├──────────────────────────────────────┼─────────────────────────────┼─────────────────┤
│ conv1d (Conv1D)                      │ (None, 200, 8)              │             328 │
├──────────────────────────────────────┼─────────────────────────────┼─────────────────┤
│ batch_normalization                  │ (None, 200, 8)              │              32 │
│ (BatchNormalization)                 │                             │                 │
├──────────────────────────────────────┼─────────────────────────────┼─────────────────┤
│ zero_padding1d (ZeroPadding1D)       │ (None, 202, 8)              │               0 │
├──────────────────────────────────────┼─────────────────────────────┼─────────────────┤
│ average_pooling1d (AveragePooling1D) │ (None, 200, 8)              │               0 │
├──────────────────────────────────────┼─────────────────────────────┼─────────────────┤
│ gru (GRU)                            │ (None, 32)                  │           4,032 │
├──────────────────────────────────────┼─────────────────────────────┼─────────────────┤
│ dense (Dense)                        │ (None, 2)                   │              66 │
├──────────────────────────────────────┼─────────────────────────────┼─────────────────┤
│ phase (UnitNormalization)            │ (None, 2)                   │               0 │
└──────────────────────────────────────┴─────────────────────────────┴─────────────────┘
 Total params: 4,458 (17.41 KB)
 Trainable params: 4,442 (17.35 KB)
 Non-trainable params: 16 (64.00 B)


2026-03-26 10:51:44.294 | INFO     | ao_compensation_model.training_search:train:262 - Parameters — trainable: 4442  non-trainable: 16  total: 4458
2026-03-26 10:51:44.375 | INFO     | ao_compensation_model.training_search:on_train_begin:130 - Training started.
2026-03-26 10:51:44.375 | INFO     | ao_compensation_model.training_search:on_train_begin:131 - Hyperparameters:
  WINDOW_SIZE: 200
  STRIDE: 20
  TARGET_LEAD: 0
  GRU_UNITS: 32
  DROPOUT_RATE: 0.2
  FILTERS: 8
  KERNEL_SIZE: 20
  POOL_SIZE: 3
  BATCH_SIZE: 32
  MAX_EPOCHS: 100
  LEARNING_RATE: 0.0005
  TRAINING_DATA_DIR: D:\01_Code\ao_compensation_model\src\ao_compensation_model\dataset\training
  MODEL_DIR: D:\01_Code\ao_compensation_model\src\ao_compensation_model\model
2026-03-26 10:52:28.546 | INFO     | ao_compensation_model.training_search:on_epoch_end:150 - Epoch   1 | val_loss: 0.188717
2026-03-26 10:53:07.156 | INFO     | ao_compensation_model.training_search:on_epoch_end:150 - Epoch   2 | val_loss: 0.190005
2026-03-26 10:53:46.574 | INFO     | ao_compensation_model.training_search:on_epoch_end:150 - Epoch   3 | val_loss: 0.193579
2026-03-26 10:53:46.613 | INFO     | ao_compensation_model.training_search:train:294 - Best model for this run saved as: gru_model.keras (val_loss=0.188717)
2026-03-26 10:53:48.827 | INFO     | ao_compensation_model.training_search:train:311 - TFLite model saved as: gru_model_edge.tflite
2026-03-26 10:53:49.926 | INFO     | ao_compensation_model.training_search:train:241 - --- Testing Config: GRU=32 | BATCH=32 | KERNEL=20 | FILTERS=16 | POOL=5 ---
2026-03-26 10:53:50.063 | INFO     | ao_compensation_model.training_search:train:259 - Model architecture:
Model: "functional"
┏━━━━━━━━━━━━━━━━━━━━━━━━━━━━━━━━━━━━━━┳━━━━━━━━━━━━━━━━━━━━━━━━━━━━━┳━━━━━━━━━━━━━━━━━┓
┃ Layer (type)                         ┃ Output Shape                ┃         Param # ┃
┡━━━━━━━━━━━━━━━━━━━━━━━━━━━━━━━━━━━━━━╇━━━━━━━━━━━━━━━━━━━━━━━━━━━━━╇━━━━━━━━━━━━━━━━━┩
│ input_layer (InputLayer)             │ (None, 200, 2)              │               0 │
├──────────────────────────────────────┼─────────────────────────────┼─────────────────┤
│ conv1d (Conv1D)                      │ (None, 200, 16)             │             656 │
├──────────────────────────────────────┼─────────────────────────────┼─────────────────┤
│ batch_normalization                  │ (None, 200, 16)             │              64 │
│ (BatchNormalization)                 │                             │                 │
├──────────────────────────────────────┼─────────────────────────────┼─────────────────┤
│ zero_padding1d (ZeroPadding1D)       │ (None, 204, 16)             │               0 │
├──────────────────────────────────────┼─────────────────────────────┼─────────────────┤
│ average_pooling1d (AveragePooling1D) │ (None, 200, 16)             │               0 │
├──────────────────────────────────────┼─────────────────────────────┼─────────────────┤
│ gru (GRU)                            │ (None, 32)                  │           4,800 │
├──────────────────────────────────────┼─────────────────────────────┼─────────────────┤
│ dense (Dense)                        │ (None, 2)                   │              66 │
├──────────────────────────────────────┼─────────────────────────────┼─────────────────┤
│ phase (UnitNormalization)            │ (None, 2)                   │               0 │
└──────────────────────────────────────┴─────────────────────────────┴─────────────────┘
 Total params: 5,586 (21.82 KB)
 Trainable params: 5,554 (21.70 KB)
 Non-trainable params: 32 (128.00 B)


2026-03-26 10:53:50.079 | INFO     | ao_compensation_model.training_search:train:262 - Parameters — trainable: 5554  non-trainable: 32  total: 5586
2026-03-26 10:53:50.180 | INFO     | ao_compensation_model.training_search:on_train_begin:130 - Training started.
2026-03-26 10:53:50.181 | INFO     | ao_compensation_model.training_search:on_train_begin:131 - Hyperparameters:
  WINDOW_SIZE: 200
  STRIDE: 20
  TARGET_LEAD: 0
  GRU_UNITS: 32
  DROPOUT_RATE: 0.2
  FILTERS: 16
  KERNEL_SIZE: 20
  POOL_SIZE: 5
  BATCH_SIZE: 32
  MAX_EPOCHS: 100
  LEARNING_RATE: 0.0005
  TRAINING_DATA_DIR: D:\01_Code\ao_compensation_model\src\ao_compensation_model\dataset\training
  MODEL_DIR: D:\01_Code\ao_compensation_model\src\ao_compensation_model\model
2026-03-26 10:54:38.004 | INFO     | ao_compensation_model.training_search:on_epoch_end:150 - Epoch   1 | val_loss: 0.181334
2026-03-26 10:55:17.637 | INFO     | ao_compensation_model.training_search:on_epoch_end:150 - Epoch   2 | val_loss: 0.183249
2026-03-26 10:55:57.387 | INFO     | ao_compensation_model.training_search:on_epoch_end:150 - Epoch   3 | val_loss: 0.195796
2026-03-26 10:55:57.426 | INFO     | ao_compensation_model.training_search:train:294 - Best model for this run saved as: gru_model.keras (val_loss=0.181334)
2026-03-26 10:55:59.572 | INFO     | ao_compensation_model.training_search:train:311 - TFLite model saved as: gru_model_edge.tflite
2026-03-26 10:56:00.678 | INFO     | ao_compensation_model.training_search:train:241 - --- Testing Config: GRU=32 | BATCH=32 | KERNEL=20 | FILTERS=16 | POOL=3 ---
2026-03-26 10:56:00.795 | INFO     | ao_compensation_model.training_search:train:259 - Model architecture:
Model: "functional"
┏━━━━━━━━━━━━━━━━━━━━━━━━━━━━━━━━━━━━━━┳━━━━━━━━━━━━━━━━━━━━━━━━━━━━━┳━━━━━━━━━━━━━━━━━┓
┃ Layer (type)                         ┃ Output Shape                ┃         Param # ┃
┡━━━━━━━━━━━━━━━━━━━━━━━━━━━━━━━━━━━━━━╇━━━━━━━━━━━━━━━━━━━━━━━━━━━━━╇━━━━━━━━━━━━━━━━━┩
│ input_layer (InputLayer)             │ (None, 200, 2)              │               0 │
├──────────────────────────────────────┼─────────────────────────────┼─────────────────┤
│ conv1d (Conv1D)                      │ (None, 200, 16)             │             656 │
├──────────────────────────────────────┼─────────────────────────────┼─────────────────┤
│ batch_normalization                  │ (None, 200, 16)             │              64 │
│ (BatchNormalization)                 │                             │                 │
├──────────────────────────────────────┼─────────────────────────────┼─────────────────┤
│ zero_padding1d (ZeroPadding1D)       │ (None, 202, 16)             │               0 │
├──────────────────────────────────────┼─────────────────────────────┼─────────────────┤
│ average_pooling1d (AveragePooling1D) │ (None, 200, 16)             │               0 │
├──────────────────────────────────────┼─────────────────────────────┼─────────────────┤
│ gru (GRU)                            │ (None, 32)                  │           4,800 │
├──────────────────────────────────────┼─────────────────────────────┼─────────────────┤
│ dense (Dense)                        │ (None, 2)                   │              66 │
├──────────────────────────────────────┼─────────────────────────────┼─────────────────┤
│ phase (UnitNormalization)            │ (None, 2)                   │               0 │
└──────────────────────────────────────┴─────────────────────────────┴─────────────────┘
 Total params: 5,586 (21.82 KB)
 Trainable params: 5,554 (21.70 KB)
 Non-trainable params: 32 (128.00 B)


2026-03-26 10:56:00.813 | INFO     | ao_compensation_model.training_search:train:262 - Parameters — trainable: 5554  non-trainable: 32  total: 5586
2026-03-26 10:56:00.915 | INFO     | ao_compensation_model.training_search:on_train_begin:130 - Training started.
2026-03-26 10:56:00.915 | INFO     | ao_compensation_model.training_search:on_train_begin:131 - Hyperparameters:
  WINDOW_SIZE: 200
  STRIDE: 20
  TARGET_LEAD: 0
  GRU_UNITS: 32
  DROPOUT_RATE: 0.2
  FILTERS: 16
  KERNEL_SIZE: 20
  POOL_SIZE: 3
  BATCH_SIZE: 32
  MAX_EPOCHS: 100
  LEARNING_RATE: 0.0005
  TRAINING_DATA_DIR: D:\01_Code\ao_compensation_model\src\ao_compensation_model\dataset\training
  MODEL_DIR: D:\01_Code\ao_compensation_model\src\ao_compensation_model\model
2026-03-26 10:56:48.556 | INFO     | ao_compensation_model.training_search:on_epoch_end:150 - Epoch   1 | val_loss: 0.177301
2026-03-26 10:57:28.951 | INFO     | ao_compensation_model.training_search:on_epoch_end:150 - Epoch   2 | val_loss: 0.187259
2026-03-26 10:58:09.372 | INFO     | ao_compensation_model.training_search:on_epoch_end:150 - Epoch   3 | val_loss: 0.191037
2026-03-26 10:58:09.411 | INFO     | ao_compensation_model.training_search:train:294 - Best model for this run saved as: gru_model.keras (val_loss=0.177301)
2026-03-26 10:58:11.509 | INFO     | ao_compensation_model.training_search:train:311 - TFLite model saved as: gru_model_edge.tflite
2026-03-26 10:58:11.511 | INFO     | ao_compensation_model.training_search:train:317 - *** New best overall config! Val Loss: 0.177301 ***
2026-03-26 10:58:12.653 | INFO     | ao_compensation_model.training_search:train:241 - --- Testing Config: GRU=32 | BATCH=32 | KERNEL=20 | FILTERS=32 | POOL=5 ---
2026-03-26 10:58:12.755 | INFO     | ao_compensation_model.training_search:train:259 - Model architecture:
Model: "functional"
┏━━━━━━━━━━━━━━━━━━━━━━━━━━━━━━━━━━━━━━┳━━━━━━━━━━━━━━━━━━━━━━━━━━━━━┳━━━━━━━━━━━━━━━━━┓
┃ Layer (type)                         ┃ Output Shape                ┃         Param # ┃
┡━━━━━━━━━━━━━━━━━━━━━━━━━━━━━━━━━━━━━━╇━━━━━━━━━━━━━━━━━━━━━━━━━━━━━╇━━━━━━━━━━━━━━━━━┩
│ input_layer (InputLayer)             │ (None, 200, 2)              │               0 │
├──────────────────────────────────────┼─────────────────────────────┼─────────────────┤
│ conv1d (Conv1D)                      │ (None, 200, 32)             │           1,312 │
├──────────────────────────────────────┼─────────────────────────────┼─────────────────┤
│ batch_normalization                  │ (None, 200, 32)             │             128 │
│ (BatchNormalization)                 │                             │                 │
├──────────────────────────────────────┼─────────────────────────────┼─────────────────┤
│ zero_padding1d (ZeroPadding1D)       │ (None, 204, 32)             │               0 │
├──────────────────────────────────────┼─────────────────────────────┼─────────────────┤
│ average_pooling1d (AveragePooling1D) │ (None, 200, 32)             │               0 │
├──────────────────────────────────────┼─────────────────────────────┼─────────────────┤
│ gru (GRU)                            │ (None, 32)                  │           6,336 │
├──────────────────────────────────────┼─────────────────────────────┼─────────────────┤
│ dense (Dense)                        │ (None, 2)                   │              66 │
├──────────────────────────────────────┼─────────────────────────────┼─────────────────┤
│ phase (UnitNormalization)            │ (None, 2)                   │               0 │
└──────────────────────────────────────┴─────────────────────────────┴─────────────────┘
 Total params: 7,842 (30.63 KB)
 Trainable params: 7,778 (30.38 KB)
 Non-trainable params: 64 (256.00 B)


2026-03-26 10:58:12.767 | INFO     | ao_compensation_model.training_search:train:262 - Parameters — trainable: 7778  non-trainable: 64  total: 7842
2026-03-26 10:58:12.853 | INFO     | ao_compensation_model.training_search:on_train_begin:130 - Training started.
2026-03-26 10:58:12.854 | INFO     | ao_compensation_model.training_search:on_train_begin:131 - Hyperparameters:
  WINDOW_SIZE: 200
  STRIDE: 20
  TARGET_LEAD: 0
  GRU_UNITS: 32
  DROPOUT_RATE: 0.2
  FILTERS: 32
  KERNEL_SIZE: 20
  POOL_SIZE: 5
  BATCH_SIZE: 32
  MAX_EPOCHS: 100
  LEARNING_RATE: 0.0005
  TRAINING_DATA_DIR: D:\01_Code\ao_compensation_model\src\ao_compensation_model\dataset\training
  MODEL_DIR: D:\01_Code\ao_compensation_model\src\ao_compensation_model\model
2026-03-26 10:59:02.564 | INFO     | ao_compensation_model.training_search:on_epoch_end:150 - Epoch   1 | val_loss: 0.184058
2026-03-26 10:59:46.045 | INFO     | ao_compensation_model.training_search:on_epoch_end:150 - Epoch   2 | val_loss: 0.180643
2026-03-26 11:00:29.495 | INFO     | ao_compensation_model.training_search:on_epoch_end:150 - Epoch   3 | val_loss: 0.184616
2026-03-26 11:01:13.106 | INFO     | ao_compensation_model.training_search:on_epoch_end:150 - Epoch   4 | val_loss: 0.192795
2026-03-26 11:01:13.138 | INFO     | ao_compensation_model.training_search:train:294 - Best model for this run saved as: gru_model.keras (val_loss=0.180643)
2026-03-26 11:01:15.356 | INFO     | ao_compensation_model.training_search:train:311 - TFLite model saved as: gru_model_edge.tflite
2026-03-26 11:01:16.504 | INFO     | ao_compensation_model.training_search:train:241 - --- Testing Config: GRU=32 | BATCH=32 | KERNEL=20 | FILTERS=32 | POOL=3 ---
2026-03-26 11:01:16.654 | INFO     | ao_compensation_model.training_search:train:259 - Model architecture:
Model: "functional"
┏━━━━━━━━━━━━━━━━━━━━━━━━━━━━━━━━━━━━━━┳━━━━━━━━━━━━━━━━━━━━━━━━━━━━━┳━━━━━━━━━━━━━━━━━┓
┃ Layer (type)                         ┃ Output Shape                ┃         Param # ┃
┡━━━━━━━━━━━━━━━━━━━━━━━━━━━━━━━━━━━━━━╇━━━━━━━━━━━━━━━━━━━━━━━━━━━━━╇━━━━━━━━━━━━━━━━━┩
│ input_layer (InputLayer)             │ (None, 200, 2)              │               0 │
├──────────────────────────────────────┼─────────────────────────────┼─────────────────┤
│ conv1d (Conv1D)                      │ (None, 200, 32)             │           1,312 │
├──────────────────────────────────────┼─────────────────────────────┼─────────────────┤
│ batch_normalization                  │ (None, 200, 32)             │             128 │
│ (BatchNormalization)                 │                             │                 │
├──────────────────────────────────────┼─────────────────────────────┼─────────────────┤
│ zero_padding1d (ZeroPadding1D)       │ (None, 202, 32)             │               0 │
├──────────────────────────────────────┼─────────────────────────────┼─────────────────┤
│ average_pooling1d (AveragePooling1D) │ (None, 200, 32)             │               0 │
├──────────────────────────────────────┼─────────────────────────────┼─────────────────┤
│ gru (GRU)                            │ (None, 32)                  │           6,336 │
├──────────────────────────────────────┼─────────────────────────────┼─────────────────┤
│ dense (Dense)                        │ (None, 2)                   │              66 │
├──────────────────────────────────────┼─────────────────────────────┼─────────────────┤
│ phase (UnitNormalization)            │ (None, 2)                   │               0 │
└──────────────────────────────────────┴─────────────────────────────┴─────────────────┘
 Total params: 7,842 (30.63 KB)
 Trainable params: 7,778 (30.38 KB)
 Non-trainable params: 64 (256.00 B)


2026-03-26 11:01:16.668 | INFO     | ao_compensation_model.training_search:train:262 - Parameters — trainable: 7778  non-trainable: 64  total: 7842
2026-03-26 11:01:16.769 | INFO     | ao_compensation_model.training_search:on_train_begin:130 - Training started.
2026-03-26 11:01:16.769 | INFO     | ao_compensation_model.training_search:on_train_begin:131 - Hyperparameters:
  WINDOW_SIZE: 200
  STRIDE: 20
  TARGET_LEAD: 0
  GRU_UNITS: 32
  DROPOUT_RATE: 0.2
  FILTERS: 32
  KERNEL_SIZE: 20
  POOL_SIZE: 3
  BATCH_SIZE: 32
  MAX_EPOCHS: 100
  LEARNING_RATE: 0.0005
  TRAINING_DATA_DIR: D:\01_Code\ao_compensation_model\src\ao_compensation_model\dataset\training
  MODEL_DIR: D:\01_Code\ao_compensation_model\src\ao_compensation_model\model
2026-03-26 11:02:06.797 | INFO     | ao_compensation_model.training_search:on_epoch_end:150 - Epoch   1 | val_loss: 0.185502
2026-03-26 11:02:49.919 | INFO     | ao_compensation_model.training_search:on_epoch_end:150 - Epoch   2 | val_loss: 0.191191
2026-03-26 11:03:32.978 | INFO     | ao_compensation_model.training_search:on_epoch_end:150 - Epoch   3 | val_loss: 0.190757
2026-03-26 11:03:33.010 | INFO     | ao_compensation_model.training_search:train:294 - Best model for this run saved as: gru_model.keras (val_loss=0.185502)
2026-03-26 11:03:35.072 | INFO     | ao_compensation_model.training_search:train:311 - TFLite model saved as: gru_model_edge.tflite
2026-03-26 11:03:36.179 | INFO     | ao_compensation_model.training_search:train:241 - --- Testing Config: GRU=32 | BATCH=32 | KERNEL=30 | FILTERS=8 | POOL=5 ---
2026-03-26 11:03:36.303 | INFO     | ao_compensation_model.training_search:train:259 - Model architecture:
Model: "functional"
┏━━━━━━━━━━━━━━━━━━━━━━━━━━━━━━━━━━━━━━┳━━━━━━━━━━━━━━━━━━━━━━━━━━━━━┳━━━━━━━━━━━━━━━━━┓
┃ Layer (type)                         ┃ Output Shape                ┃         Param # ┃
┡━━━━━━━━━━━━━━━━━━━━━━━━━━━━━━━━━━━━━━╇━━━━━━━━━━━━━━━━━━━━━━━━━━━━━╇━━━━━━━━━━━━━━━━━┩
│ input_layer (InputLayer)             │ (None, 200, 2)              │               0 │
├──────────────────────────────────────┼─────────────────────────────┼─────────────────┤
│ conv1d (Conv1D)                      │ (None, 200, 8)              │             488 │
├──────────────────────────────────────┼─────────────────────────────┼─────────────────┤
│ batch_normalization                  │ (None, 200, 8)              │              32 │
│ (BatchNormalization)                 │                             │                 │
├──────────────────────────────────────┼─────────────────────────────┼─────────────────┤
│ zero_padding1d (ZeroPadding1D)       │ (None, 204, 8)              │               0 │
├──────────────────────────────────────┼─────────────────────────────┼─────────────────┤
│ average_pooling1d (AveragePooling1D) │ (None, 200, 8)              │               0 │
├──────────────────────────────────────┼─────────────────────────────┼─────────────────┤
│ gru (GRU)                            │ (None, 32)                  │           4,032 │
├──────────────────────────────────────┼─────────────────────────────┼─────────────────┤
│ dense (Dense)                        │ (None, 2)                   │              66 │
├──────────────────────────────────────┼─────────────────────────────┼─────────────────┤
│ phase (UnitNormalization)            │ (None, 2)                   │               0 │
└──────────────────────────────────────┴─────────────────────────────┴─────────────────┘
 Total params: 4,618 (18.04 KB)
 Trainable params: 4,602 (17.98 KB)
 Non-trainable params: 16 (64.00 B)


2026-03-26 11:03:36.316 | INFO     | ao_compensation_model.training_search:train:262 - Parameters — trainable: 4602  non-trainable: 16  total: 4618
2026-03-26 11:03:36.390 | INFO     | ao_compensation_model.training_search:on_train_begin:130 - Training started.
2026-03-26 11:03:36.391 | INFO     | ao_compensation_model.training_search:on_train_begin:131 - Hyperparameters:
  WINDOW_SIZE: 200
  STRIDE: 20
  TARGET_LEAD: 0
  GRU_UNITS: 32
  DROPOUT_RATE: 0.2
  FILTERS: 8
  KERNEL_SIZE: 30
  POOL_SIZE: 5
  BATCH_SIZE: 32
  MAX_EPOCHS: 100
  LEARNING_RATE: 0.0005
  TRAINING_DATA_DIR: D:\01_Code\ao_compensation_model\src\ao_compensation_model\dataset\training
  MODEL_DIR: D:\01_Code\ao_compensation_model\src\ao_compensation_model\model
2026-03-26 11:04:21.446 | INFO     | ao_compensation_model.training_search:on_epoch_end:150 - Epoch   1 | val_loss: 0.201793
2026-03-26 11:04:59.813 | INFO     | ao_compensation_model.training_search:on_epoch_end:150 - Epoch   2 | val_loss: 0.193050
2026-03-26 11:05:37.073 | INFO     | ao_compensation_model.training_search:on_epoch_end:150 - Epoch   3 | val_loss: 0.192155
2026-03-26 11:06:18.285 | INFO     | ao_compensation_model.training_search:on_epoch_end:150 - Epoch   4 | val_loss: 0.197397
2026-03-26 11:06:59.683 | INFO     | ao_compensation_model.training_search:on_epoch_end:150 - Epoch   5 | val_loss: 0.200076
2026-03-26 11:06:59.716 | INFO     | ao_compensation_model.training_search:train:294 - Best model for this run saved as: gru_model.keras (val_loss=0.192155)
2026-03-26 11:07:01.798 | INFO     | ao_compensation_model.training_search:train:311 - TFLite model saved as: gru_model_edge.tflite
2026-03-26 11:07:03.428 | INFO     | ao_compensation_model.training_search:train:241 - --- Testing Config: GRU=32 | BATCH=32 | KERNEL=30 | FILTERS=8 | POOL=3 ---
2026-03-26 11:07:03.542 | INFO     | ao_compensation_model.training_search:train:259 - Model architecture:
Model: "functional"
┏━━━━━━━━━━━━━━━━━━━━━━━━━━━━━━━━━━━━━━┳━━━━━━━━━━━━━━━━━━━━━━━━━━━━━┳━━━━━━━━━━━━━━━━━┓
┃ Layer (type)                         ┃ Output Shape                ┃         Param # ┃
┡━━━━━━━━━━━━━━━━━━━━━━━━━━━━━━━━━━━━━━╇━━━━━━━━━━━━━━━━━━━━━━━━━━━━━╇━━━━━━━━━━━━━━━━━┩
│ input_layer (InputLayer)             │ (None, 200, 2)              │               0 │
├──────────────────────────────────────┼─────────────────────────────┼─────────────────┤
│ conv1d (Conv1D)                      │ (None, 200, 8)              │             488 │
├──────────────────────────────────────┼─────────────────────────────┼─────────────────┤
│ batch_normalization                  │ (None, 200, 8)              │              32 │
│ (BatchNormalization)                 │                             │                 │
├──────────────────────────────────────┼─────────────────────────────┼─────────────────┤
│ zero_padding1d (ZeroPadding1D)       │ (None, 202, 8)              │               0 │
├──────────────────────────────────────┼─────────────────────────────┼─────────────────┤
│ average_pooling1d (AveragePooling1D) │ (None, 200, 8)              │               0 │
├──────────────────────────────────────┼─────────────────────────────┼─────────────────┤
│ gru (GRU)                            │ (None, 32)                  │           4,032 │
├──────────────────────────────────────┼─────────────────────────────┼─────────────────┤
│ dense (Dense)                        │ (None, 2)                   │              66 │
├──────────────────────────────────────┼─────────────────────────────┼─────────────────┤
│ phase (UnitNormalization)            │ (None, 2)                   │               0 │
└──────────────────────────────────────┴─────────────────────────────┴─────────────────┘
 Total params: 4,618 (18.04 KB)
 Trainable params: 4,602 (17.98 KB)
 Non-trainable params: 16 (64.00 B)


2026-03-26 11:07:03.554 | INFO     | ao_compensation_model.training_search:train:262 - Parameters — trainable: 4602  non-trainable: 16  total: 4618
2026-03-26 11:07:03.626 | INFO     | ao_compensation_model.training_search:on_train_begin:130 - Training started.
2026-03-26 11:07:03.627 | INFO     | ao_compensation_model.training_search:on_train_begin:131 - Hyperparameters:
  WINDOW_SIZE: 200
  STRIDE: 20
  TARGET_LEAD: 0
  GRU_UNITS: 32
  DROPOUT_RATE: 0.2
  FILTERS: 8
  KERNEL_SIZE: 30
  POOL_SIZE: 3
  BATCH_SIZE: 32
  MAX_EPOCHS: 100
  LEARNING_RATE: 0.0005
  TRAINING_DATA_DIR: D:\01_Code\ao_compensation_model\src\ao_compensation_model\dataset\training
  MODEL_DIR: D:\01_Code\ao_compensation_model\src\ao_compensation_model\model
2026-03-26 11:07:48.099 | INFO     | ao_compensation_model.training_search:on_epoch_end:150 - Epoch   1 | val_loss: 0.204515
2026-03-26 11:08:27.557 | INFO     | ao_compensation_model.training_search:on_epoch_end:150 - Epoch   2 | val_loss: 0.206870
2026-03-26 11:09:06.339 | INFO     | ao_compensation_model.training_search:on_epoch_end:150 - Epoch   3 | val_loss: 0.209074
2026-03-26 11:09:06.385 | INFO     | ao_compensation_model.training_search:train:294 - Best model for this run saved as: gru_model.keras (val_loss=0.204515)
2026-03-26 11:09:09.642 | INFO     | ao_compensation_model.training_search:train:311 - TFLite model saved as: gru_model_edge.tflite
2026-03-26 11:09:10.850 | INFO     | ao_compensation_model.training_search:train:241 - --- Testing Config: GRU=32 | BATCH=32 | KERNEL=30 | FILTERS=16 | POOL=5 ---
2026-03-26 11:09:10.995 | INFO     | ao_compensation_model.training_search:train:259 - Model architecture:
Model: "functional"
┏━━━━━━━━━━━━━━━━━━━━━━━━━━━━━━━━━━━━━━┳━━━━━━━━━━━━━━━━━━━━━━━━━━━━━┳━━━━━━━━━━━━━━━━━┓
┃ Layer (type)                         ┃ Output Shape                ┃         Param # ┃
┡━━━━━━━━━━━━━━━━━━━━━━━━━━━━━━━━━━━━━━╇━━━━━━━━━━━━━━━━━━━━━━━━━━━━━╇━━━━━━━━━━━━━━━━━┩
│ input_layer (InputLayer)             │ (None, 200, 2)              │               0 │
├──────────────────────────────────────┼─────────────────────────────┼─────────────────┤
│ conv1d (Conv1D)                      │ (None, 200, 16)             │             976 │
├──────────────────────────────────────┼─────────────────────────────┼─────────────────┤
│ batch_normalization                  │ (None, 200, 16)             │              64 │
│ (BatchNormalization)                 │                             │                 │
├──────────────────────────────────────┼─────────────────────────────┼─────────────────┤
│ zero_padding1d (ZeroPadding1D)       │ (None, 204, 16)             │               0 │
├──────────────────────────────────────┼─────────────────────────────┼─────────────────┤
│ average_pooling1d (AveragePooling1D) │ (None, 200, 16)             │               0 │
├──────────────────────────────────────┼─────────────────────────────┼─────────────────┤
│ gru (GRU)                            │ (None, 32)                  │           4,800 │
├──────────────────────────────────────┼─────────────────────────────┼─────────────────┤
│ dense (Dense)                        │ (None, 2)                   │              66 │
├──────────────────────────────────────┼─────────────────────────────┼─────────────────┤
│ phase (UnitNormalization)            │ (None, 2)                   │               0 │
└──────────────────────────────────────┴─────────────────────────────┴─────────────────┘
 Total params: 5,906 (23.07 KB)
 Trainable params: 5,874 (22.95 KB)
 Non-trainable params: 32 (128.00 B)


2026-03-26 11:09:11.014 | INFO     | ao_compensation_model.training_search:train:262 - Parameters — trainable: 5874  non-trainable: 32  total: 5906
2026-03-26 11:09:11.116 | INFO     | ao_compensation_model.training_search:on_train_begin:130 - Training started.
2026-03-26 11:09:11.117 | INFO     | ao_compensation_model.training_search:on_train_begin:131 - Hyperparameters:
  WINDOW_SIZE: 200
  STRIDE: 20
  TARGET_LEAD: 0
  GRU_UNITS: 32
  DROPOUT_RATE: 0.2
  FILTERS: 16
  KERNEL_SIZE: 30
  POOL_SIZE: 5
  BATCH_SIZE: 32
  MAX_EPOCHS: 100
  LEARNING_RATE: 0.0005
  TRAINING_DATA_DIR: D:\01_Code\ao_compensation_model\src\ao_compensation_model\dataset\training
  MODEL_DIR: D:\01_Code\ao_compensation_model\src\ao_compensation_model\model
2026-03-26 11:09:57.566 | INFO     | ao_compensation_model.training_search:on_epoch_end:150 - Epoch   1 | val_loss: 0.189180
2026-03-26 11:10:38.139 | INFO     | ao_compensation_model.training_search:on_epoch_end:150 - Epoch   2 | val_loss: 0.193569
2026-03-26 11:11:18.860 | INFO     | ao_compensation_model.training_search:on_epoch_end:150 - Epoch   3 | val_loss: 0.197309
2026-03-26 11:11:18.892 | INFO     | ao_compensation_model.training_search:train:294 - Best model for this run saved as: gru_model.keras (val_loss=0.189180)
2026-03-26 11:11:20.998 | INFO     | ao_compensation_model.training_search:train:311 - TFLite model saved as: gru_model_edge.tflite
2026-03-26 11:11:22.269 | INFO     | ao_compensation_model.training_search:train:241 - --- Testing Config: GRU=32 | BATCH=32 | KERNEL=30 | FILTERS=16 | POOL=3 ---
2026-03-26 11:11:22.391 | INFO     | ao_compensation_model.training_search:train:259 - Model architecture:
Model: "functional"
┏━━━━━━━━━━━━━━━━━━━━━━━━━━━━━━━━━━━━━━┳━━━━━━━━━━━━━━━━━━━━━━━━━━━━━┳━━━━━━━━━━━━━━━━━┓
┃ Layer (type)                         ┃ Output Shape                ┃         Param # ┃
┡━━━━━━━━━━━━━━━━━━━━━━━━━━━━━━━━━━━━━━╇━━━━━━━━━━━━━━━━━━━━━━━━━━━━━╇━━━━━━━━━━━━━━━━━┩
│ input_layer (InputLayer)             │ (None, 200, 2)              │               0 │
├──────────────────────────────────────┼─────────────────────────────┼─────────────────┤
│ conv1d (Conv1D)                      │ (None, 200, 16)             │             976 │
├──────────────────────────────────────┼─────────────────────────────┼─────────────────┤
│ batch_normalization                  │ (None, 200, 16)             │              64 │
│ (BatchNormalization)                 │                             │                 │
├──────────────────────────────────────┼─────────────────────────────┼─────────────────┤
│ zero_padding1d (ZeroPadding1D)       │ (None, 202, 16)             │               0 │
├──────────────────────────────────────┼─────────────────────────────┼─────────────────┤
│ average_pooling1d (AveragePooling1D) │ (None, 200, 16)             │               0 │
├──────────────────────────────────────┼─────────────────────────────┼─────────────────┤
│ gru (GRU)                            │ (None, 32)                  │           4,800 │
├──────────────────────────────────────┼─────────────────────────────┼─────────────────┤
│ dense (Dense)                        │ (None, 2)                   │              66 │
├──────────────────────────────────────┼─────────────────────────────┼─────────────────┤
│ phase (UnitNormalization)            │ (None, 2)                   │               0 │
└──────────────────────────────────────┴─────────────────────────────┴─────────────────┘
 Total params: 5,906 (23.07 KB)
 Trainable params: 5,874 (22.95 KB)
 Non-trainable params: 32 (128.00 B)


2026-03-26 11:11:22.404 | INFO     | ao_compensation_model.training_search:train:262 - Parameters — trainable: 5874  non-trainable: 32  total: 5906
2026-03-26 11:11:22.483 | INFO     | ao_compensation_model.training_search:on_train_begin:130 - Training started.
2026-03-26 11:11:22.484 | INFO     | ao_compensation_model.training_search:on_train_begin:131 - Hyperparameters:
  WINDOW_SIZE: 200
  STRIDE: 20
  TARGET_LEAD: 0
  GRU_UNITS: 32
  DROPOUT_RATE: 0.2
  FILTERS: 16
  KERNEL_SIZE: 30
  POOL_SIZE: 3
  BATCH_SIZE: 32
  MAX_EPOCHS: 100
  LEARNING_RATE: 0.0005
  TRAINING_DATA_DIR: D:\01_Code\ao_compensation_model\src\ao_compensation_model\dataset\training
  MODEL_DIR: D:\01_Code\ao_compensation_model\src\ao_compensation_model\model
2026-03-26 11:12:11.130 | INFO     | ao_compensation_model.training_search:on_epoch_end:150 - Epoch   1 | val_loss: 0.193911
2026-03-26 11:12:52.063 | INFO     | ao_compensation_model.training_search:on_epoch_end:150 - Epoch   2 | val_loss: 0.188548
2026-03-26 11:13:34.377 | INFO     | ao_compensation_model.training_search:on_epoch_end:150 - Epoch   3 | val_loss: 0.181151
2026-03-26 11:14:17.939 | INFO     | ao_compensation_model.training_search:on_epoch_end:150 - Epoch   4 | val_loss: 0.188140
2026-03-26 11:15:01.662 | INFO     | ao_compensation_model.training_search:on_epoch_end:150 - Epoch   5 | val_loss: 0.184276
2026-03-26 11:15:01.696 | INFO     | ao_compensation_model.training_search:train:294 - Best model for this run saved as: gru_model.keras (val_loss=0.181151)
2026-03-26 11:15:03.681 | INFO     | ao_compensation_model.training_search:train:311 - TFLite model saved as: gru_model_edge.tflite
2026-03-26 11:15:05.414 | INFO     | ao_compensation_model.training_search:train:241 - --- Testing Config: GRU=32 | BATCH=32 | KERNEL=30 | FILTERS=32 | POOL=5 ---
2026-03-26 11:15:06.027 | INFO     | ao_compensation_model.training_search:train:259 - Model architecture:
Model: "functional"
┏━━━━━━━━━━━━━━━━━━━━━━━━━━━━━━━━━━━━━━┳━━━━━━━━━━━━━━━━━━━━━━━━━━━━━┳━━━━━━━━━━━━━━━━━┓
┃ Layer (type)                         ┃ Output Shape                ┃         Param # ┃
┡━━━━━━━━━━━━━━━━━━━━━━━━━━━━━━━━━━━━━━╇━━━━━━━━━━━━━━━━━━━━━━━━━━━━━╇━━━━━━━━━━━━━━━━━┩
│ input_layer (InputLayer)             │ (None, 200, 2)              │               0 │
├──────────────────────────────────────┼─────────────────────────────┼─────────────────┤
│ conv1d (Conv1D)                      │ (None, 200, 32)             │           1,952 │
├──────────────────────────────────────┼─────────────────────────────┼─────────────────┤
│ batch_normalization                  │ (None, 200, 32)             │             128 │
│ (BatchNormalization)                 │                             │                 │
├──────────────────────────────────────┼─────────────────────────────┼─────────────────┤
│ zero_padding1d (ZeroPadding1D)       │ (None, 204, 32)             │               0 │
├──────────────────────────────────────┼─────────────────────────────┼─────────────────┤
│ average_pooling1d (AveragePooling1D) │ (None, 200, 32)             │               0 │
├──────────────────────────────────────┼─────────────────────────────┼─────────────────┤
│ gru (GRU)                            │ (None, 32)                  │           6,336 │
├──────────────────────────────────────┼─────────────────────────────┼─────────────────┤
│ dense (Dense)                        │ (None, 2)                   │              66 │
├──────────────────────────────────────┼─────────────────────────────┼─────────────────┤
│ phase (UnitNormalization)            │ (None, 2)                   │               0 │
└──────────────────────────────────────┴─────────────────────────────┴─────────────────┘
 Total params: 8,482 (33.13 KB)
 Trainable params: 8,418 (32.88 KB)
 Non-trainable params: 64 (256.00 B)


2026-03-26 11:15:06.045 | INFO     | ao_compensation_model.training_search:train:262 - Parameters — trainable: 8418  non-trainable: 64  total: 8482
2026-03-26 11:15:06.383 | INFO     | ao_compensation_model.training_search:on_train_begin:130 - Training started.
2026-03-26 11:15:06.391 | INFO     | ao_compensation_model.training_search:on_train_begin:131 - Hyperparameters:
  WINDOW_SIZE: 200
  STRIDE: 20
  TARGET_LEAD: 0
  GRU_UNITS: 32
  DROPOUT_RATE: 0.2
  FILTERS: 32
  KERNEL_SIZE: 30
  POOL_SIZE: 5
  BATCH_SIZE: 32
  MAX_EPOCHS: 100
  LEARNING_RATE: 0.0005
  TRAINING_DATA_DIR: D:\01_Code\ao_compensation_model\src\ao_compensation_model\dataset\training
  MODEL_DIR: D:\01_Code\ao_compensation_model\src\ao_compensation_model\model
2026-03-26 11:15:58.157 | INFO     | ao_compensation_model.training_search:on_epoch_end:150 - Epoch   1 | val_loss: 0.193798
2026-03-26 11:16:45.493 | INFO     | ao_compensation_model.training_search:on_epoch_end:150 - Epoch   2 | val_loss: 0.193864
2026-03-26 11:17:31.623 | INFO     | ao_compensation_model.training_search:on_epoch_end:150 - Epoch   3 | val_loss: 0.194488
2026-03-26 11:17:31.659 | INFO     | ao_compensation_model.training_search:train:294 - Best model for this run saved as: gru_model.keras (val_loss=0.193798)
2026-03-26 11:17:33.782 | INFO     | ao_compensation_model.training_search:train:311 - TFLite model saved as: gru_model_edge.tflite
2026-03-26 11:17:35.011 | INFO     | ao_compensation_model.training_search:train:241 - --- Testing Config: GRU=32 | BATCH=32 | KERNEL=30 | FILTERS=32 | POOL=3 ---
2026-03-26 11:17:35.131 | INFO     | ao_compensation_model.training_search:train:259 - Model architecture:
Model: "functional"
┏━━━━━━━━━━━━━━━━━━━━━━━━━━━━━━━━━━━━━━┳━━━━━━━━━━━━━━━━━━━━━━━━━━━━━┳━━━━━━━━━━━━━━━━━┓
┃ Layer (type)                         ┃ Output Shape                ┃         Param # ┃
┡━━━━━━━━━━━━━━━━━━━━━━━━━━━━━━━━━━━━━━╇━━━━━━━━━━━━━━━━━━━━━━━━━━━━━╇━━━━━━━━━━━━━━━━━┩
│ input_layer (InputLayer)             │ (None, 200, 2)              │               0 │
├──────────────────────────────────────┼─────────────────────────────┼─────────────────┤
│ conv1d (Conv1D)                      │ (None, 200, 32)             │           1,952 │
├──────────────────────────────────────┼─────────────────────────────┼─────────────────┤
│ batch_normalization                  │ (None, 200, 32)             │             128 │
│ (BatchNormalization)                 │                             │                 │
├──────────────────────────────────────┼─────────────────────────────┼─────────────────┤
│ zero_padding1d (ZeroPadding1D)       │ (None, 202, 32)             │               0 │
├──────────────────────────────────────┼─────────────────────────────┼─────────────────┤
│ average_pooling1d (AveragePooling1D) │ (None, 200, 32)             │               0 │
├──────────────────────────────────────┼─────────────────────────────┼─────────────────┤
│ gru (GRU)                            │ (None, 32)                  │           6,336 │
├──────────────────────────────────────┼─────────────────────────────┼─────────────────┤
│ dense (Dense)                        │ (None, 2)                   │              66 │
├──────────────────────────────────────┼─────────────────────────────┼─────────────────┤
│ phase (UnitNormalization)            │ (None, 2)                   │               0 │
└──────────────────────────────────────┴─────────────────────────────┴─────────────────┘
 Total params: 8,482 (33.13 KB)
 Trainable params: 8,418 (32.88 KB)
 Non-trainable params: 64 (256.00 B)


2026-03-26 11:17:35.143 | INFO     | ao_compensation_model.training_search:train:262 - Parameters — trainable: 8418  non-trainable: 64  total: 8482
2026-03-26 11:17:35.230 | INFO     | ao_compensation_model.training_search:on_train_begin:130 - Training started.
2026-03-26 11:17:35.231 | INFO     | ao_compensation_model.training_search:on_train_begin:131 - Hyperparameters:
  WINDOW_SIZE: 200
  STRIDE: 20
  TARGET_LEAD: 0
  GRU_UNITS: 32
  DROPOUT_RATE: 0.2
  FILTERS: 32
  KERNEL_SIZE: 30
  POOL_SIZE: 3
  BATCH_SIZE: 32
  MAX_EPOCHS: 100
  LEARNING_RATE: 0.0005
  TRAINING_DATA_DIR: D:\01_Code\ao_compensation_model\src\ao_compensation_model\dataset\training
  MODEL_DIR: D:\01_Code\ao_compensation_model\src\ao_compensation_model\model
2026-03-26 11:18:28.336 | INFO     | ao_compensation_model.training_search:on_epoch_end:150 - Epoch   1 | val_loss: 0.197214
2026-03-26 11:19:14.548 | INFO     | ao_compensation_model.training_search:on_epoch_end:150 - Epoch   2 | val_loss: 0.191509
2026-03-26 11:20:01.616 | INFO     | ao_compensation_model.training_search:on_epoch_end:150 - Epoch   3 | val_loss: 0.188615
2026-03-26 11:20:47.435 | INFO     | ao_compensation_model.training_search:on_epoch_end:150 - Epoch   4 | val_loss: 0.190115
2026-03-26 11:21:33.963 | INFO     | ao_compensation_model.training_search:on_epoch_end:150 - Epoch   5 | val_loss: 0.187189
2026-03-26 11:22:21.228 | INFO     | ao_compensation_model.training_search:on_epoch_end:150 - Epoch   6 | val_loss: 0.184169
2026-03-26 11:23:07.787 | INFO     | ao_compensation_model.training_search:on_epoch_end:150 - Epoch   7 | val_loss: 0.189023
