2026-03-25 08:23:09.591 | INFO     | ao_compensation_model.utils:setup_logger:387 - Logging to 'data\logs\log_file_2026-03-25_08-23-09.log'.
2026-03-25 08:23:31.398 | INFO     | ao_compensation_model.app:_run_train:41 - Starting GRU training pipeline...
2026-03-25 08:23:31.399 | WARNING  | ao_compensation_model.training_search:setup_gpu:68 - No compatible GPU found. TensorFlow will fall back to CPU for training.
2026-03-25 08:23:31.970 | INFO     | ao_compensation_model.training_search:train:235 - Starting hyperparameter search with 216 combinations.
2026-03-25 08:23:31.971 | INFO     | ao_compensation_model.training_search:train:241 - --- Testing Config: GRU=256 | BATCH=64 | KERNEL=20 | FILTERS=16 | POOL=5 ---
2026-03-25 08:23:32.164 | INFO     | ao_compensation_model.training_search:train:259 - Model architecture:
Model: "functional"
┏━━━━━━━━━━━━━━━━━━━━━━━━━━━━━━━━━━━━━━┳━━━━━━━━━━━━━━━━━━━━━━━━━━━━━┳━━━━━━━━━━━━━━━━━┓
┃ Layer (type)                         ┃ Output Shape                ┃         Param # ┃
┡━━━━━━━━━━━━━━━━━━━━━━━━━━━━━━━━━━━━━━╇━━━━━━━━━━━━━━━━━━━━━━━━━━━━━╇━━━━━━━━━━━━━━━━━┩
│ input_layer (InputLayer)             │ (None, 200, 2)              │               0 │
├──────────────────────────────────────┼─────────────────────────────┼─────────────────┤
│ conv1d (Conv1D)                      │ (None, 200, 16)             │             656 │
├──────────────────────────────────────┼─────────────────────────────┼─────────────────┤
│ batch_normalization                  │ (None, 200, 16)             │              64 │
│ (BatchNormalization)                 │                             │                 │
├──────────────────────────────────────┼─────────────────────────────┼─────────────────┤
│ zero_padding1d (ZeroPadding1D)       │ (None, 204, 16)             │               0 │
├──────────────────────────────────────┼─────────────────────────────┼─────────────────┤
│ average_pooling1d (AveragePooling1D) │ (None, 200, 16)             │               0 │
├──────────────────────────────────────┼─────────────────────────────┼─────────────────┤
│ gru (GRU)                            │ (None, 256)                 │         210,432 │
├──────────────────────────────────────┼─────────────────────────────┼─────────────────┤
│ dense (Dense)                        │ (None, 2)                   │             514 │
├──────────────────────────────────────┼─────────────────────────────┼─────────────────┤
│ phase (UnitNormalization)            │ (None, 2)                   │               0 │
└──────────────────────────────────────┴─────────────────────────────┴─────────────────┘
 Total params: 211,666 (826.82 KB)
 Trainable params: 211,634 (826.70 KB)
 Non-trainable params: 32 (128.00 B)


2026-03-25 08:23:32.177 | INFO     | ao_compensation_model.training_search:train:262 - Parameters — trainable: 211634  non-trainable: 32  total: 211666
2026-03-25 08:23:32.286 | INFO     | ao_compensation_model.training_search:on_train_begin:130 - Training started.
2026-03-25 08:23:32.287 | INFO     | ao_compensation_model.training_search:on_train_begin:131 - Hyperparameters:
  WINDOW_SIZE: 200
  STRIDE: 20
  TARGET_LEAD: 0
  GRU_UNITS: 256
  DROPOUT_RATE: 0.2
  FILTERS: 16
  KERNEL_SIZE: 20
  POOL_SIZE: 5
  BATCH_SIZE: 64
  MAX_EPOCHS: 100
  LEARNING_RATE: 0.0005
  TRAINING_DATA_DIR: D:\01_Code\ao_compensation_model\src\ao_compensation_model\dataset\training
  MODEL_DIR: D:\01_Code\ao_compensation_model\src\ao_compensation_model\model
2026-03-25 08:24:31.053 | INFO     | ao_compensation_model.training_search:on_epoch_end:150 - Epoch   1 | val_loss: 0.293651
2026-03-25 08:25:23.982 | INFO     | ao_compensation_model.training_search:on_epoch_end:150 - Epoch   2 | val_loss: 0.131418
2026-03-25 08:26:19.965 | INFO     | ao_compensation_model.training_search:on_epoch_end:150 - Epoch   3 | val_loss: 0.108820
2026-03-25 08:27:16.980 | INFO     | ao_compensation_model.training_search:on_epoch_end:150 - Epoch   4 | val_loss: 0.105772
2026-03-25 08:28:23.727 | INFO     | ao_compensation_model.training_search:on_epoch_end:150 - Epoch   5 | val_loss: 0.104116
2026-03-25 08:29:29.976 | INFO     | ao_compensation_model.training_search:on_epoch_end:150 - Epoch   6 | val_loss: 0.107367
2026-03-25 08:30:24.572 | INFO     | ao_compensation_model.training_search:on_epoch_end:150 - Epoch   7 | val_loss: 0.114305
2026-03-25 08:30:24.604 | INFO     | ao_compensation_model.training_search:train:294 - Best model for this run saved as: gru_model.keras (val_loss=0.104116)
2026-03-25 08:30:26.581 | INFO     | ao_compensation_model.training_search:train:311 - TFLite model saved as: gru_model_edge.tflite
2026-03-25 08:30:26.616 | INFO     | ao_compensation_model.training_search:train:317 - *** New best overall config! Val Loss: 0.104116 ***
2026-03-25 08:30:28.520 | INFO     | ao_compensation_model.training_search:train:241 - --- Testing Config: GRU=256 | BATCH=64 | KERNEL=20 | FILTERS=16 | POOL=3 ---
2026-03-25 08:30:28.656 | INFO     | ao_compensation_model.training_search:train:259 - Model architecture:
Model: "functional"
┏━━━━━━━━━━━━━━━━━━━━━━━━━━━━━━━━━━━━━━┳━━━━━━━━━━━━━━━━━━━━━━━━━━━━━┳━━━━━━━━━━━━━━━━━┓
┃ Layer (type)                         ┃ Output Shape                ┃         Param # ┃
┡━━━━━━━━━━━━━━━━━━━━━━━━━━━━━━━━━━━━━━╇━━━━━━━━━━━━━━━━━━━━━━━━━━━━━╇━━━━━━━━━━━━━━━━━┩
│ input_layer (InputLayer)             │ (None, 200, 2)              │               0 │
├──────────────────────────────────────┼─────────────────────────────┼─────────────────┤
│ conv1d (Conv1D)                      │ (None, 200, 16)             │             656 │
├──────────────────────────────────────┼─────────────────────────────┼─────────────────┤
│ batch_normalization                  │ (None, 200, 16)             │              64 │
│ (BatchNormalization)                 │                             │                 │
├──────────────────────────────────────┼─────────────────────────────┼─────────────────┤
│ zero_padding1d (ZeroPadding1D)       │ (None, 202, 16)             │               0 │
├──────────────────────────────────────┼─────────────────────────────┼─────────────────┤
│ average_pooling1d (AveragePooling1D) │ (None, 200, 16)             │               0 │
├──────────────────────────────────────┼─────────────────────────────┼─────────────────┤
│ gru (GRU)                            │ (None, 256)                 │         210,432 │
├──────────────────────────────────────┼─────────────────────────────┼─────────────────┤
│ dense (Dense)                        │ (None, 2)                   │             514 │
├──────────────────────────────────────┼─────────────────────────────┼─────────────────┤
│ phase (UnitNormalization)            │ (None, 2)                   │               0 │
└──────────────────────────────────────┴─────────────────────────────┴─────────────────┘
 Total params: 211,666 (826.82 KB)
 Trainable params: 211,634 (826.70 KB)
 Non-trainable params: 32 (128.00 B)


2026-03-25 08:30:28.669 | INFO     | ao_compensation_model.training_search:train:262 - Parameters — trainable: 211634  non-trainable: 32  total: 211666
2026-03-25 08:30:28.730 | INFO     | ao_compensation_model.training_search:on_train_begin:130 - Training started.
2026-03-25 08:30:28.731 | INFO     | ao_compensation_model.training_search:on_train_begin:131 - Hyperparameters:
  WINDOW_SIZE: 200
  STRIDE: 20
  TARGET_LEAD: 0
  GRU_UNITS: 256
  DROPOUT_RATE: 0.2
  FILTERS: 16
  KERNEL_SIZE: 20
  POOL_SIZE: 3
  BATCH_SIZE: 64
  MAX_EPOCHS: 100
  LEARNING_RATE: 0.0005
  TRAINING_DATA_DIR: D:\01_Code\ao_compensation_model\src\ao_compensation_model\dataset\training
  MODEL_DIR: D:\01_Code\ao_compensation_model\src\ao_compensation_model\model
2026-03-25 08:31:28.145 | INFO     | ao_compensation_model.training_search:on_epoch_end:150 - Epoch   1 | val_loss: 0.351763
2026-03-25 08:32:26.435 | INFO     | ao_compensation_model.training_search:on_epoch_end:150 - Epoch   2 | val_loss: 0.138660
2026-03-25 08:33:23.588 | INFO     | ao_compensation_model.training_search:on_epoch_end:150 - Epoch   3 | val_loss: 0.110691
2026-03-25 08:34:21.091 | INFO     | ao_compensation_model.training_search:on_epoch_end:150 - Epoch   4 | val_loss: 0.100917
2026-03-25 08:35:18.188 | INFO     | ao_compensation_model.training_search:on_epoch_end:150 - Epoch   5 | val_loss: 0.104362
2026-03-25 08:36:16.415 | INFO     | ao_compensation_model.training_search:on_epoch_end:150 - Epoch   6 | val_loss: 0.106240
2026-03-25 08:36:16.450 | INFO     | ao_compensation_model.training_search:train:294 - Best model for this run saved as: gru_model.keras (val_loss=0.100917)
2026-03-25 08:36:19.686 | INFO     | ao_compensation_model.training_search:train:311 - TFLite model saved as: gru_model_edge.tflite
2026-03-25 08:36:19.694 | INFO     | ao_compensation_model.training_search:train:317 - *** New best overall config! Val Loss: 0.100917 ***
2026-03-25 08:36:19.984 | INFO     | ao_compensation_model.training_search:train:241 - --- Testing Config: GRU=256 | BATCH=64 | KERNEL=20 | FILTERS=16 | POOL=1 ---
2026-03-25 08:36:20.150 | INFO     | ao_compensation_model.training_search:train:259 - Model architecture:
Model: "functional"
┏━━━━━━━━━━━━━━━━━━━━━━━━━━━━━━━━━━━━━━┳━━━━━━━━━━━━━━━━━━━━━━━━━━━━━┳━━━━━━━━━━━━━━━━━┓
┃ Layer (type)                         ┃ Output Shape                ┃         Param # ┃
┡━━━━━━━━━━━━━━━━━━━━━━━━━━━━━━━━━━━━━━╇━━━━━━━━━━━━━━━━━━━━━━━━━━━━━╇━━━━━━━━━━━━━━━━━┩
│ input_layer (InputLayer)             │ (None, 200, 2)              │               0 │
├──────────────────────────────────────┼─────────────────────────────┼─────────────────┤
│ conv1d (Conv1D)                      │ (None, 200, 16)             │             656 │
├──────────────────────────────────────┼─────────────────────────────┼─────────────────┤
│ batch_normalization                  │ (None, 200, 16)             │              64 │
│ (BatchNormalization)                 │                             │                 │
├──────────────────────────────────────┼─────────────────────────────┼─────────────────┤
│ zero_padding1d (ZeroPadding1D)       │ (None, 200, 16)             │               0 │
├──────────────────────────────────────┼─────────────────────────────┼─────────────────┤
│ average_pooling1d (AveragePooling1D) │ (None, 200, 16)             │               0 │
├──────────────────────────────────────┼─────────────────────────────┼─────────────────┤
│ gru (GRU)                            │ (None, 256)                 │         210,432 │
├──────────────────────────────────────┼─────────────────────────────┼─────────────────┤
│ dense (Dense)                        │ (None, 2)                   │             514 │
├──────────────────────────────────────┼─────────────────────────────┼─────────────────┤
│ phase (UnitNormalization)            │ (None, 2)                   │               0 │
└──────────────────────────────────────┴─────────────────────────────┴─────────────────┘
 Total params: 211,666 (826.82 KB)
 Trainable params: 211,634 (826.70 KB)
 Non-trainable params: 32 (128.00 B)


2026-03-25 08:36:20.162 | INFO     | ao_compensation_model.training_search:train:262 - Parameters — trainable: 211634  non-trainable: 32  total: 211666
2026-03-25 08:36:20.241 | INFO     | ao_compensation_model.training_search:on_train_begin:130 - Training started.
2026-03-25 08:36:20.242 | INFO     | ao_compensation_model.training_search:on_train_begin:131 - Hyperparameters:
  WINDOW_SIZE: 200
  STRIDE: 20
  TARGET_LEAD: 0
  GRU_UNITS: 256
  DROPOUT_RATE: 0.2
  FILTERS: 16
  KERNEL_SIZE: 20
  POOL_SIZE: 1
  BATCH_SIZE: 64
  MAX_EPOCHS: 100
  LEARNING_RATE: 0.0005
  TRAINING_DATA_DIR: D:\01_Code\ao_compensation_model\src\ao_compensation_model\dataset\training
  MODEL_DIR: D:\01_Code\ao_compensation_model\src\ao_compensation_model\model
2026-03-25 08:37:35.501 | INFO     | ao_compensation_model.training_search:on_epoch_end:150 - Epoch   1 | val_loss: 0.244810
2026-03-25 08:38:55.161 | INFO     | ao_compensation_model.training_search:on_epoch_end:150 - Epoch   2 | val_loss: 0.127649
2026-03-25 08:40:16.730 | INFO     | ao_compensation_model.training_search:on_epoch_end:150 - Epoch   3 | val_loss: 0.107319
2026-03-25 08:41:32.403 | INFO     | ao_compensation_model.training_search:on_epoch_end:150 - Epoch   4 | val_loss: 0.106027
2026-03-25 08:42:49.313 | INFO     | ao_compensation_model.training_search:on_epoch_end:150 - Epoch   5 | val_loss: 0.114544
2026-03-25 08:44:08.684 | INFO     | ao_compensation_model.training_search:on_epoch_end:150 - Epoch   6 | val_loss: 0.113110
2026-03-25 08:44:08.766 | INFO     | ao_compensation_model.training_search:train:294 - Best model for this run saved as: gru_model.keras (val_loss=0.106027)
2026-03-25 08:44:14.310 | INFO     | ao_compensation_model.training_search:train:311 - TFLite model saved as: gru_model_edge.tflite
2026-03-25 08:44:14.771 | INFO     | ao_compensation_model.training_search:train:241 - --- Testing Config: GRU=256 | BATCH=64 | KERNEL=20 | FILTERS=8 | POOL=5 ---
2026-03-25 08:44:15.013 | INFO     | ao_compensation_model.training_search:train:259 - Model architecture:
Model: "functional"
┏━━━━━━━━━━━━━━━━━━━━━━━━━━━━━━━━━━━━━━┳━━━━━━━━━━━━━━━━━━━━━━━━━━━━━┳━━━━━━━━━━━━━━━━━┓
┃ Layer (type)                         ┃ Output Shape                ┃         Param # ┃
┡━━━━━━━━━━━━━━━━━━━━━━━━━━━━━━━━━━━━━━╇━━━━━━━━━━━━━━━━━━━━━━━━━━━━━╇━━━━━━━━━━━━━━━━━┩
│ input_layer (InputLayer)             │ (None, 200, 2)              │               0 │
├──────────────────────────────────────┼─────────────────────────────┼─────────────────┤
│ conv1d (Conv1D)                      │ (None, 200, 8)              │             328 │
├──────────────────────────────────────┼─────────────────────────────┼─────────────────┤
│ batch_normalization                  │ (None, 200, 8)              │              32 │
│ (BatchNormalization)                 │                             │                 │
├──────────────────────────────────────┼─────────────────────────────┼─────────────────┤
│ zero_padding1d (ZeroPadding1D)       │ (None, 204, 8)              │               0 │
├──────────────────────────────────────┼─────────────────────────────┼─────────────────┤
│ average_pooling1d (AveragePooling1D) │ (None, 200, 8)              │               0 │
├──────────────────────────────────────┼─────────────────────────────┼─────────────────┤
│ gru (GRU)                            │ (None, 256)                 │         204,288 │
├──────────────────────────────────────┼─────────────────────────────┼─────────────────┤
│ dense (Dense)                        │ (None, 2)                   │             514 │
├──────────────────────────────────────┼─────────────────────────────┼─────────────────┤
│ phase (UnitNormalization)            │ (None, 2)                   │               0 │
└──────────────────────────────────────┴─────────────────────────────┴─────────────────┘
 Total params: 205,162 (801.41 KB)
 Trainable params: 205,146 (801.35 KB)
 Non-trainable params: 16 (64.00 B)


2026-03-25 08:44:15.034 | INFO     | ao_compensation_model.training_search:train:262 - Parameters — trainable: 205146  non-trainable: 16  total: 205162
2026-03-25 08:44:15.139 | INFO     | ao_compensation_model.training_search:on_train_begin:130 - Training started.
2026-03-25 08:44:15.140 | INFO     | ao_compensation_model.training_search:on_train_begin:131 - Hyperparameters:
  WINDOW_SIZE: 200
  STRIDE: 20
  TARGET_LEAD: 0
  GRU_UNITS: 256
  DROPOUT_RATE: 0.2
  FILTERS: 8
  KERNEL_SIZE: 20
  POOL_SIZE: 5
  BATCH_SIZE: 64
  MAX_EPOCHS: 100
  LEARNING_RATE: 0.0005
  TRAINING_DATA_DIR: D:\01_Code\ao_compensation_model\src\ao_compensation_model\dataset\training
  MODEL_DIR: D:\01_Code\ao_compensation_model\src\ao_compensation_model\model
2026-03-25 08:45:43.029 | INFO     | ao_compensation_model.training_search:on_epoch_end:150 - Epoch   1 | val_loss: 0.344923
2026-03-25 08:47:04.354 | INFO     | ao_compensation_model.training_search:on_epoch_end:150 - Epoch   2 | val_loss: 0.127333
2026-03-25 08:48:24.513 | INFO     | ao_compensation_model.training_search:on_epoch_end:150 - Epoch   3 | val_loss: 0.120440
2026-03-25 08:49:57.038 | INFO     | ao_compensation_model.training_search:on_epoch_end:150 - Epoch   4 | val_loss: 0.111421
2026-03-25 08:51:20.835 | INFO     | ao_compensation_model.training_search:on_epoch_end:150 - Epoch   5 | val_loss: 0.112802
2026-03-25 08:52:51.376 | INFO     | ao_compensation_model.training_search:on_epoch_end:150 - Epoch   6 | val_loss: 0.115190
2026-03-25 08:52:51.410 | INFO     | ao_compensation_model.training_search:train:294 - Best model for this run saved as: gru_model.keras (val_loss=0.111421)
2026-03-25 08:52:54.012 | INFO     | ao_compensation_model.training_search:train:311 - TFLite model saved as: gru_model_edge.tflite
2026-03-25 08:52:54.362 | INFO     | ao_compensation_model.training_search:train:241 - --- Testing Config: GRU=256 | BATCH=64 | KERNEL=20 | FILTERS=8 | POOL=3 ---
2026-03-25 08:52:54.547 | INFO     | ao_compensation_model.training_search:train:259 - Model architecture:
Model: "functional"
┏━━━━━━━━━━━━━━━━━━━━━━━━━━━━━━━━━━━━━━┳━━━━━━━━━━━━━━━━━━━━━━━━━━━━━┳━━━━━━━━━━━━━━━━━┓
┃ Layer (type)                         ┃ Output Shape                ┃         Param # ┃
┡━━━━━━━━━━━━━━━━━━━━━━━━━━━━━━━━━━━━━━╇━━━━━━━━━━━━━━━━━━━━━━━━━━━━━╇━━━━━━━━━━━━━━━━━┩
│ input_layer (InputLayer)             │ (None, 200, 2)              │               0 │
├──────────────────────────────────────┼─────────────────────────────┼─────────────────┤
│ conv1d (Conv1D)                      │ (None, 200, 8)              │             328 │
├──────────────────────────────────────┼─────────────────────────────┼─────────────────┤
│ batch_normalization                  │ (None, 200, 8)              │              32 │
│ (BatchNormalization)                 │                             │                 │
├──────────────────────────────────────┼─────────────────────────────┼─────────────────┤
│ zero_padding1d (ZeroPadding1D)       │ (None, 202, 8)              │               0 │
├──────────────────────────────────────┼─────────────────────────────┼─────────────────┤
│ average_pooling1d (AveragePooling1D) │ (None, 200, 8)              │               0 │
├──────────────────────────────────────┼─────────────────────────────┼─────────────────┤
│ gru (GRU)                            │ (None, 256)                 │         204,288 │
├──────────────────────────────────────┼─────────────────────────────┼─────────────────┤
│ dense (Dense)                        │ (None, 2)                   │             514 │
├──────────────────────────────────────┼─────────────────────────────┼─────────────────┤
│ phase (UnitNormalization)            │ (None, 2)                   │               0 │
└──────────────────────────────────────┴─────────────────────────────┴─────────────────┘
 Total params: 205,162 (801.41 KB)
 Trainable params: 205,146 (801.35 KB)
 Non-trainable params: 16 (64.00 B)


2026-03-25 08:52:54.561 | INFO     | ao_compensation_model.training_search:train:262 - Parameters — trainable: 205146  non-trainable: 16  total: 205162
2026-03-25 08:52:54.636 | INFO     | ao_compensation_model.training_search:on_train_begin:130 - Training started.
2026-03-25 08:52:54.638 | INFO     | ao_compensation_model.training_search:on_train_begin:131 - Hyperparameters:
  WINDOW_SIZE: 200
  STRIDE: 20
  TARGET_LEAD: 0
  GRU_UNITS: 256
  DROPOUT_RATE: 0.2
  FILTERS: 8
  KERNEL_SIZE: 20
  POOL_SIZE: 3
  BATCH_SIZE: 64
  MAX_EPOCHS: 100
  LEARNING_RATE: 0.0005
  TRAINING_DATA_DIR: D:\01_Code\ao_compensation_model\src\ao_compensation_model\dataset\training
  MODEL_DIR: D:\01_Code\ao_compensation_model\src\ao_compensation_model\model
2026-03-25 08:54:33.459 | INFO     | ao_compensation_model.training_search:on_epoch_end:150 - Epoch   1 | val_loss: 0.260561
2026-03-25 08:55:46.962 | INFO     | ao_compensation_model.training_search:on_epoch_end:150 - Epoch   2 | val_loss: 0.114837
2026-03-25 08:57:11.549 | INFO     | ao_compensation_model.training_search:on_epoch_end:150 - Epoch   3 | val_loss: 0.119264
2026-03-25 08:59:24.581 | INFO     | ao_compensation_model.training_search:on_epoch_end:150 - Epoch   4 | val_loss: 0.117153
2026-03-25 08:59:24.621 | INFO     | ao_compensation_model.training_search:train:294 - Best model for this run saved as: gru_model.keras (val_loss=0.114837)
2026-03-25 08:59:27.012 | INFO     | ao_compensation_model.training_search:train:311 - TFLite model saved as: gru_model_edge.tflite
2026-03-25 08:59:27.399 | INFO     | ao_compensation_model.training_search:train:241 - --- Testing Config: GRU=256 | BATCH=64 | KERNEL=20 | FILTERS=8 | POOL=1 ---
2026-03-25 08:59:27.600 | INFO     | ao_compensation_model.training_search:train:259 - Model architecture:
Model: "functional"
┏━━━━━━━━━━━━━━━━━━━━━━━━━━━━━━━━━━━━━━┳━━━━━━━━━━━━━━━━━━━━━━━━━━━━━┳━━━━━━━━━━━━━━━━━┓
┃ Layer (type)                         ┃ Output Shape                ┃         Param # ┃
┡━━━━━━━━━━━━━━━━━━━━━━━━━━━━━━━━━━━━━━╇━━━━━━━━━━━━━━━━━━━━━━━━━━━━━╇━━━━━━━━━━━━━━━━━┩
│ input_layer (InputLayer)             │ (None, 200, 2)              │               0 │
├──────────────────────────────────────┼─────────────────────────────┼─────────────────┤
│ conv1d (Conv1D)                      │ (None, 200, 8)              │             328 │
├──────────────────────────────────────┼─────────────────────────────┼─────────────────┤
│ batch_normalization                  │ (None, 200, 8)              │              32 │
│ (BatchNormalization)                 │                             │                 │
├──────────────────────────────────────┼─────────────────────────────┼─────────────────┤
│ zero_padding1d (ZeroPadding1D)       │ (None, 200, 8)              │               0 │
├──────────────────────────────────────┼─────────────────────────────┼─────────────────┤
│ average_pooling1d (AveragePooling1D) │ (None, 200, 8)              │               0 │
├──────────────────────────────────────┼─────────────────────────────┼─────────────────┤
│ gru (GRU)                            │ (None, 256)                 │         204,288 │
├──────────────────────────────────────┼─────────────────────────────┼─────────────────┤
│ dense (Dense)                        │ (None, 2)                   │             514 │
├──────────────────────────────────────┼─────────────────────────────┼─────────────────┤
│ phase (UnitNormalization)            │ (None, 2)                   │               0 │
└──────────────────────────────────────┴─────────────────────────────┴─────────────────┘
 Total params: 205,162 (801.41 KB)
 Trainable params: 205,146 (801.35 KB)
 Non-trainable params: 16 (64.00 B)


2026-03-25 08:59:27.618 | INFO     | ao_compensation_model.training_search:train:262 - Parameters — trainable: 205146  non-trainable: 16  total: 205162
2026-03-25 08:59:27.714 | INFO     | ao_compensation_model.training_search:on_train_begin:130 - Training started.
2026-03-25 08:59:27.715 | INFO     | ao_compensation_model.training_search:on_train_begin:131 - Hyperparameters:
  WINDOW_SIZE: 200
  STRIDE: 20
  TARGET_LEAD: 0
  GRU_UNITS: 256
  DROPOUT_RATE: 0.2
  FILTERS: 8
  KERNEL_SIZE: 20
  POOL_SIZE: 1
  BATCH_SIZE: 64
  MAX_EPOCHS: 100
  LEARNING_RATE: 0.0005
  TRAINING_DATA_DIR: D:\01_Code\ao_compensation_model\src\ao_compensation_model\dataset\training
  MODEL_DIR: D:\01_Code\ao_compensation_model\src\ao_compensation_model\model
2026-03-25 09:00:52.705 | INFO     | ao_compensation_model.training_search:on_epoch_end:150 - Epoch   1 | val_loss: 0.261427
2026-03-25 09:02:12.507 | INFO     | ao_compensation_model.training_search:on_epoch_end:150 - Epoch   2 | val_loss: 0.121290
2026-03-25 09:03:33.232 | INFO     | ao_compensation_model.training_search:on_epoch_end:150 - Epoch   3 | val_loss: 0.109705
2026-03-25 09:04:59.513 | INFO     | ao_compensation_model.training_search:on_epoch_end:150 - Epoch   4 | val_loss: 0.105826
2026-03-25 09:06:19.298 | INFO     | ao_compensation_model.training_search:on_epoch_end:150 - Epoch   5 | val_loss: 0.110747
2026-03-25 09:07:41.832 | INFO     | ao_compensation_model.training_search:on_epoch_end:150 - Epoch   6 | val_loss: 0.114164
2026-03-25 09:07:41.862 | INFO     | ao_compensation_model.training_search:train:294 - Best model for this run saved as: gru_model.keras (val_loss=0.105826)
2026-03-25 09:07:44.143 | INFO     | ao_compensation_model.training_search:train:311 - TFLite model saved as: gru_model_edge.tflite
2026-03-25 09:07:44.595 | INFO     | ao_compensation_model.training_search:train:241 - --- Testing Config: GRU=256 | BATCH=64 | KERNEL=20 | FILTERS=4 | POOL=5 ---
2026-03-25 09:07:44.790 | INFO     | ao_compensation_model.training_search:train:259 - Model architecture:
Model: "functional"
┏━━━━━━━━━━━━━━━━━━━━━━━━━━━━━━━━━━━━━━┳━━━━━━━━━━━━━━━━━━━━━━━━━━━━━┳━━━━━━━━━━━━━━━━━┓
┃ Layer (type)                         ┃ Output Shape                ┃         Param # ┃
┡━━━━━━━━━━━━━━━━━━━━━━━━━━━━━━━━━━━━━━╇━━━━━━━━━━━━━━━━━━━━━━━━━━━━━╇━━━━━━━━━━━━━━━━━┩
│ input_layer (InputLayer)             │ (None, 200, 2)              │               0 │
├──────────────────────────────────────┼─────────────────────────────┼─────────────────┤
│ conv1d (Conv1D)                      │ (None, 200, 4)              │             164 │
├──────────────────────────────────────┼─────────────────────────────┼─────────────────┤
│ batch_normalization                  │ (None, 200, 4)              │              16 │
│ (BatchNormalization)                 │                             │                 │
├──────────────────────────────────────┼─────────────────────────────┼─────────────────┤
│ zero_padding1d (ZeroPadding1D)       │ (None, 204, 4)              │               0 │
├──────────────────────────────────────┼─────────────────────────────┼─────────────────┤
│ average_pooling1d (AveragePooling1D) │ (None, 200, 4)              │               0 │
├──────────────────────────────────────┼─────────────────────────────┼─────────────────┤
│ gru (GRU)                            │ (None, 256)                 │         201,216 │
├──────────────────────────────────────┼─────────────────────────────┼─────────────────┤
│ dense (Dense)                        │ (None, 2)                   │             514 │
├──────────────────────────────────────┼─────────────────────────────┼─────────────────┤
│ phase (UnitNormalization)            │ (None, 2)                   │               0 │
└──────────────────────────────────────┴─────────────────────────────┴─────────────────┘
 Total params: 201,910 (788.71 KB)
 Trainable params: 201,902 (788.68 KB)
 Non-trainable params: 8 (32.00 B)


2026-03-25 09:07:44.808 | INFO     | ao_compensation_model.training_search:train:262 - Parameters — trainable: 201902  non-trainable: 8  total: 201910
2026-03-25 09:07:45.085 | INFO     | ao_compensation_model.training_search:on_train_begin:130 - Training started.
2026-03-25 09:07:45.086 | INFO     | ao_compensation_model.training_search:on_train_begin:131 - Hyperparameters:
  WINDOW_SIZE: 200
  STRIDE: 20
  TARGET_LEAD: 0
  GRU_UNITS: 256
  DROPOUT_RATE: 0.2
  FILTERS: 4
  KERNEL_SIZE: 20
  POOL_SIZE: 5
  BATCH_SIZE: 64
  MAX_EPOCHS: 100
  LEARNING_RATE: 0.0005
  TRAINING_DATA_DIR: D:\01_Code\ao_compensation_model\src\ao_compensation_model\dataset\training
  MODEL_DIR: D:\01_Code\ao_compensation_model\src\ao_compensation_model\model
2026-03-25 09:08:52.988 | INFO     | ao_compensation_model.training_search:on_epoch_end:150 - Epoch   1 | val_loss: 0.269129
2026-03-25 09:09:48.664 | INFO     | ao_compensation_model.training_search:on_epoch_end:150 - Epoch   2 | val_loss: 0.120929
2026-03-25 09:10:44.268 | INFO     | ao_compensation_model.training_search:on_epoch_end:150 - Epoch   3 | val_loss: 0.114537
2026-03-25 09:11:40.650 | INFO     | ao_compensation_model.training_search:on_epoch_end:150 - Epoch   4 | val_loss: 0.114831
2026-03-25 09:12:39.322 | INFO     | ao_compensation_model.training_search:on_epoch_end:150 - Epoch   5 | val_loss: 0.117368
2026-03-25 09:12:39.352 | INFO     | ao_compensation_model.training_search:train:294 - Best model for this run saved as: gru_model.keras (val_loss=0.114537)
2026-03-25 09:12:42.134 | INFO     | ao_compensation_model.training_search:train:311 - TFLite model saved as: gru_model_edge.tflite
2026-03-25 09:12:42.761 | INFO     | ao_compensation_model.training_search:train:241 - --- Testing Config: GRU=256 | BATCH=64 | KERNEL=20 | FILTERS=4 | POOL=3 ---
2026-03-25 09:12:42.925 | INFO     | ao_compensation_model.training_search:train:259 - Model architecture:
Model: "functional"
┏━━━━━━━━━━━━━━━━━━━━━━━━━━━━━━━━━━━━━━┳━━━━━━━━━━━━━━━━━━━━━━━━━━━━━┳━━━━━━━━━━━━━━━━━┓
┃ Layer (type)                         ┃ Output Shape                ┃         Param # ┃
┡━━━━━━━━━━━━━━━━━━━━━━━━━━━━━━━━━━━━━━╇━━━━━━━━━━━━━━━━━━━━━━━━━━━━━╇━━━━━━━━━━━━━━━━━┩
│ input_layer (InputLayer)             │ (None, 200, 2)              │               0 │
├──────────────────────────────────────┼─────────────────────────────┼─────────────────┤
│ conv1d (Conv1D)                      │ (None, 200, 4)              │             164 │
├──────────────────────────────────────┼─────────────────────────────┼─────────────────┤
│ batch_normalization                  │ (None, 200, 4)              │              16 │
│ (BatchNormalization)                 │                             │                 │
├──────────────────────────────────────┼─────────────────────────────┼─────────────────┤
│ zero_padding1d (ZeroPadding1D)       │ (None, 202, 4)              │               0 │
├──────────────────────────────────────┼─────────────────────────────┼─────────────────┤
│ average_pooling1d (AveragePooling1D) │ (None, 200, 4)              │               0 │
├──────────────────────────────────────┼─────────────────────────────┼─────────────────┤
│ gru (GRU)                            │ (None, 256)                 │         201,216 │
├──────────────────────────────────────┼─────────────────────────────┼─────────────────┤
│ dense (Dense)                        │ (None, 2)                   │             514 │
├──────────────────────────────────────┼─────────────────────────────┼─────────────────┤
│ phase (UnitNormalization)            │ (None, 2)                   │               0 │
└──────────────────────────────────────┴─────────────────────────────┴─────────────────┘
 Total params: 201,910 (788.71 KB)
 Trainable params: 201,902 (788.68 KB)
 Non-trainable params: 8 (32.00 B)


2026-03-25 09:12:42.938 | INFO     | ao_compensation_model.training_search:train:262 - Parameters — trainable: 201902  non-trainable: 8  total: 201910
2026-03-25 09:12:43.011 | INFO     | ao_compensation_model.training_search:on_train_begin:130 - Training started.
2026-03-25 09:12:43.012 | INFO     | ao_compensation_model.training_search:on_train_begin:131 - Hyperparameters:
  WINDOW_SIZE: 200
  STRIDE: 20
  TARGET_LEAD: 0
  GRU_UNITS: 256
  DROPOUT_RATE: 0.2
  FILTERS: 4
  KERNEL_SIZE: 20
  POOL_SIZE: 3
  BATCH_SIZE: 64
  MAX_EPOCHS: 100
  LEARNING_RATE: 0.0005
  TRAINING_DATA_DIR: D:\01_Code\ao_compensation_model\src\ao_compensation_model\dataset\training
  MODEL_DIR: D:\01_Code\ao_compensation_model\src\ao_compensation_model\model
2026-03-25 09:13:48.697 | INFO     | ao_compensation_model.training_search:on_epoch_end:150 - Epoch   1 | val_loss: 0.272603
2026-03-25 09:14:52.135 | INFO     | ao_compensation_model.training_search:on_epoch_end:150 - Epoch   2 | val_loss: 0.123885
2026-03-25 09:15:57.064 | INFO     | ao_compensation_model.training_search:on_epoch_end:150 - Epoch   3 | val_loss: 0.120839
2026-03-25 09:17:00.558 | INFO     | ao_compensation_model.training_search:on_epoch_end:150 - Epoch   4 | val_loss: 0.122116
2026-03-25 09:18:04.430 | INFO     | ao_compensation_model.training_search:on_epoch_end:150 - Epoch   5 | val_loss: 0.119758
2026-03-25 09:19:08.648 | INFO     | ao_compensation_model.training_search:on_epoch_end:150 - Epoch   6 | val_loss: 0.117577
2026-03-25 09:20:11.751 | INFO     | ao_compensation_model.training_search:on_epoch_end:150 - Epoch   7 | val_loss: 0.122392
2026-03-25 09:21:09.389 | INFO     | ao_compensation_model.training_search:on_epoch_end:150 - Epoch   8 | val_loss: 0.124929
2026-03-25 09:21:09.418 | INFO     | ao_compensation_model.training_search:train:294 - Best model for this run saved as: gru_model.keras (val_loss=0.117577)
2026-03-25 09:21:11.208 | INFO     | ao_compensation_model.training_search:train:311 - TFLite model saved as: gru_model_edge.tflite
2026-03-25 09:21:11.573 | INFO     | ao_compensation_model.training_search:train:241 - --- Testing Config: GRU=256 | BATCH=64 | KERNEL=20 | FILTERS=4 | POOL=1 ---
2026-03-25 09:21:11.711 | INFO     | ao_compensation_model.training_search:train:259 - Model architecture:
Model: "functional"
┏━━━━━━━━━━━━━━━━━━━━━━━━━━━━━━━━━━━━━━┳━━━━━━━━━━━━━━━━━━━━━━━━━━━━━┳━━━━━━━━━━━━━━━━━┓
┃ Layer (type)                         ┃ Output Shape                ┃         Param # ┃
┡━━━━━━━━━━━━━━━━━━━━━━━━━━━━━━━━━━━━━━╇━━━━━━━━━━━━━━━━━━━━━━━━━━━━━╇━━━━━━━━━━━━━━━━━┩
│ input_layer (InputLayer)             │ (None, 200, 2)              │               0 │
├──────────────────────────────────────┼─────────────────────────────┼─────────────────┤
│ conv1d (Conv1D)                      │ (None, 200, 4)              │             164 │
├──────────────────────────────────────┼─────────────────────────────┼─────────────────┤
│ batch_normalization                  │ (None, 200, 4)              │              16 │
│ (BatchNormalization)                 │                             │                 │
├──────────────────────────────────────┼─────────────────────────────┼─────────────────┤
│ zero_padding1d (ZeroPadding1D)       │ (None, 200, 4)              │               0 │
├──────────────────────────────────────┼─────────────────────────────┼─────────────────┤
│ average_pooling1d (AveragePooling1D) │ (None, 200, 4)              │               0 │
├──────────────────────────────────────┼─────────────────────────────┼─────────────────┤
│ gru (GRU)                            │ (None, 256)                 │         201,216 │
├──────────────────────────────────────┼─────────────────────────────┼─────────────────┤
│ dense (Dense)                        │ (None, 2)                   │             514 │
├──────────────────────────────────────┼─────────────────────────────┼─────────────────┤
│ phase (UnitNormalization)            │ (None, 2)                   │               0 │
└──────────────────────────────────────┴─────────────────────────────┴─────────────────┘
 Total params: 201,910 (788.71 KB)
 Trainable params: 201,902 (788.68 KB)
 Non-trainable params: 8 (32.00 B)


2026-03-25 09:21:11.722 | INFO     | ao_compensation_model.training_search:train:262 - Parameters — trainable: 201902  non-trainable: 8  total: 201910
2026-03-25 09:21:11.784 | INFO     | ao_compensation_model.training_search:on_train_begin:130 - Training started.
2026-03-25 09:21:11.785 | INFO     | ao_compensation_model.training_search:on_train_begin:131 - Hyperparameters:
  WINDOW_SIZE: 200
  STRIDE: 20
  TARGET_LEAD: 0
  GRU_UNITS: 256
  DROPOUT_RATE: 0.2
  FILTERS: 4
  KERNEL_SIZE: 20
  POOL_SIZE: 1
  BATCH_SIZE: 64
  MAX_EPOCHS: 100
  LEARNING_RATE: 0.0005
  TRAINING_DATA_DIR: D:\01_Code\ao_compensation_model\src\ao_compensation_model\dataset\training
  MODEL_DIR: D:\01_Code\ao_compensation_model\src\ao_compensation_model\model
2026-03-25 09:22:16.837 | INFO     | ao_compensation_model.training_search:on_epoch_end:150 - Epoch   1 | val_loss: 0.128726
2026-03-25 09:23:21.953 | INFO     | ao_compensation_model.training_search:on_epoch_end:150 - Epoch   2 | val_loss: 0.124783
2026-03-25 09:24:37.699 | INFO     | ao_compensation_model.training_search:on_epoch_end:150 - Epoch   3 | val_loss: 0.117696
2026-03-25 09:25:53.568 | INFO     | ao_compensation_model.training_search:on_epoch_end:150 - Epoch   4 | val_loss: 0.116523
2026-03-25 09:27:08.031 | INFO     | ao_compensation_model.training_search:on_epoch_end:150 - Epoch   5 | val_loss: 0.116181
2026-03-25 09:28:24.873 | INFO     | ao_compensation_model.training_search:on_epoch_end:150 - Epoch   6 | val_loss: 0.111058
2026-03-25 09:29:41.224 | INFO     | ao_compensation_model.training_search:on_epoch_end:150 - Epoch   7 | val_loss: 0.109465
2026-03-25 09:30:59.105 | INFO     | ao_compensation_model.training_search:on_epoch_end:150 - Epoch   8 | val_loss: 0.116296
2026-03-25 09:32:17.923 | INFO     | ao_compensation_model.training_search:on_epoch_end:150 - Epoch   9 | val_loss: 0.110399
2026-03-25 09:32:17.955 | INFO     | ao_compensation_model.training_search:train:294 - Best model for this run saved as: gru_model.keras (val_loss=0.109465)
2026-03-25 09:32:20.847 | INFO     | ao_compensation_model.training_search:train:311 - TFLite model saved as: gru_model_edge.tflite
2026-03-25 09:32:21.306 | INFO     | ao_compensation_model.training_search:train:241 - --- Testing Config: GRU=256 | BATCH=64 | KERNEL=20 | FILTERS=2 | POOL=5 ---
2026-03-25 09:32:21.463 | INFO     | ao_compensation_model.training_search:train:259 - Model architecture:
Model: "functional"
┏━━━━━━━━━━━━━━━━━━━━━━━━━━━━━━━━━━━━━━┳━━━━━━━━━━━━━━━━━━━━━━━━━━━━━┳━━━━━━━━━━━━━━━━━┓
┃ Layer (type)                         ┃ Output Shape                ┃         Param # ┃
┡━━━━━━━━━━━━━━━━━━━━━━━━━━━━━━━━━━━━━━╇━━━━━━━━━━━━━━━━━━━━━━━━━━━━━╇━━━━━━━━━━━━━━━━━┩
│ input_layer (InputLayer)             │ (None, 200, 2)              │               0 │
├──────────────────────────────────────┼─────────────────────────────┼─────────────────┤
│ conv1d (Conv1D)                      │ (None, 200, 2)              │              82 │
├──────────────────────────────────────┼─────────────────────────────┼─────────────────┤
│ batch_normalization                  │ (None, 200, 2)              │               8 │
│ (BatchNormalization)                 │                             │                 │
├──────────────────────────────────────┼─────────────────────────────┼─────────────────┤
│ zero_padding1d (ZeroPadding1D)       │ (None, 204, 2)              │               0 │
├──────────────────────────────────────┼─────────────────────────────┼─────────────────┤
│ average_pooling1d (AveragePooling1D) │ (None, 200, 2)              │               0 │
├──────────────────────────────────────┼─────────────────────────────┼─────────────────┤
│ gru (GRU)                            │ (None, 256)                 │         199,680 │
├──────────────────────────────────────┼─────────────────────────────┼─────────────────┤
│ dense (Dense)                        │ (None, 2)                   │             514 │
├──────────────────────────────────────┼─────────────────────────────┼─────────────────┤
│ phase (UnitNormalization)            │ (None, 2)                   │               0 │
└──────────────────────────────────────┴─────────────────────────────┴─────────────────┘
 Total params: 200,284 (782.36 KB)
 Trainable params: 200,280 (782.34 KB)
 Non-trainable params: 4 (16.00 B)


2026-03-25 09:32:21.477 | INFO     | ao_compensation_model.training_search:train:262 - Parameters — trainable: 200280  non-trainable: 4  total: 200284
2026-03-25 09:32:21.556 | INFO     | ao_compensation_model.training_search:on_train_begin:130 - Training started.
2026-03-25 09:32:21.557 | INFO     | ao_compensation_model.training_search:on_train_begin:131 - Hyperparameters:
  WINDOW_SIZE: 200
  STRIDE: 20
  TARGET_LEAD: 0
  GRU_UNITS: 256
  DROPOUT_RATE: 0.2
  FILTERS: 2
  KERNEL_SIZE: 20
  POOL_SIZE: 5
  BATCH_SIZE: 64
  MAX_EPOCHS: 100
  LEARNING_RATE: 0.0005
  TRAINING_DATA_DIR: D:\01_Code\ao_compensation_model\src\ao_compensation_model\dataset\training
  MODEL_DIR: D:\01_Code\ao_compensation_model\src\ao_compensation_model\model
2026-03-25 09:33:39.113 | INFO     | ao_compensation_model.training_search:on_epoch_end:150 - Epoch   1 | val_loss: 0.124090
2026-03-25 09:34:55.193 | INFO     | ao_compensation_model.training_search:on_epoch_end:150 - Epoch   2 | val_loss: 0.115578
2026-03-25 09:36:12.361 | INFO     | ao_compensation_model.training_search:on_epoch_end:150 - Epoch   3 | val_loss: 0.141989
2026-03-25 09:37:34.603 | INFO     | ao_compensation_model.training_search:on_epoch_end:150 - Epoch   4 | val_loss: 0.133780
2026-03-25 09:37:34.639 | INFO     | ao_compensation_model.training_search:train:294 - Best model for this run saved as: gru_model.keras (val_loss=0.115578)
2026-03-25 09:37:37.667 | INFO     | ao_compensation_model.training_search:train:311 - TFLite model saved as: gru_model_edge.tflite
2026-03-25 09:37:38.256 | INFO     | ao_compensation_model.training_search:train:241 - --- Testing Config: GRU=256 | BATCH=64 | KERNEL=20 | FILTERS=2 | POOL=3 ---
2026-03-25 09:37:38.460 | INFO     | ao_compensation_model.training_search:train:259 - Model architecture:
Model: "functional"
┏━━━━━━━━━━━━━━━━━━━━━━━━━━━━━━━━━━━━━━┳━━━━━━━━━━━━━━━━━━━━━━━━━━━━━┳━━━━━━━━━━━━━━━━━┓
┃ Layer (type)                         ┃ Output Shape                ┃         Param # ┃
┡━━━━━━━━━━━━━━━━━━━━━━━━━━━━━━━━━━━━━━╇━━━━━━━━━━━━━━━━━━━━━━━━━━━━━╇━━━━━━━━━━━━━━━━━┩
│ input_layer (InputLayer)             │ (None, 200, 2)              │               0 │
├──────────────────────────────────────┼─────────────────────────────┼─────────────────┤
│ conv1d (Conv1D)                      │ (None, 200, 2)              │              82 │
├──────────────────────────────────────┼─────────────────────────────┼─────────────────┤
│ batch_normalization                  │ (None, 200, 2)              │               8 │
│ (BatchNormalization)                 │                             │                 │
├──────────────────────────────────────┼─────────────────────────────┼─────────────────┤
│ zero_padding1d (ZeroPadding1D)       │ (None, 202, 2)              │               0 │
├──────────────────────────────────────┼─────────────────────────────┼─────────────────┤
│ average_pooling1d (AveragePooling1D) │ (None, 200, 2)              │               0 │
├──────────────────────────────────────┼─────────────────────────────┼─────────────────┤
│ gru (GRU)                            │ (None, 256)                 │         199,680 │
├──────────────────────────────────────┼─────────────────────────────┼─────────────────┤
│ dense (Dense)                        │ (None, 2)                   │             514 │
├──────────────────────────────────────┼─────────────────────────────┼─────────────────┤
│ phase (UnitNormalization)            │ (None, 2)                   │               0 │
└──────────────────────────────────────┴─────────────────────────────┴─────────────────┘
 Total params: 200,284 (782.36 KB)
 Trainable params: 200,280 (782.34 KB)
 Non-trainable params: 4 (16.00 B)


2026-03-25 09:37:38.475 | INFO     | ao_compensation_model.training_search:train:262 - Parameters — trainable: 200280  non-trainable: 4  total: 200284
2026-03-25 09:37:38.572 | INFO     | ao_compensation_model.training_search:on_train_begin:130 - Training started.
2026-03-25 09:37:38.573 | INFO     | ao_compensation_model.training_search:on_train_begin:131 - Hyperparameters:
  WINDOW_SIZE: 200
  STRIDE: 20
  TARGET_LEAD: 0
  GRU_UNITS: 256
  DROPOUT_RATE: 0.2
  FILTERS: 2
  KERNEL_SIZE: 20
  POOL_SIZE: 3
  BATCH_SIZE: 64
  MAX_EPOCHS: 100
  LEARNING_RATE: 0.0005
  TRAINING_DATA_DIR: D:\01_Code\ao_compensation_model\src\ao_compensation_model\dataset\training
  MODEL_DIR: D:\01_Code\ao_compensation_model\src\ao_compensation_model\model
2026-03-25 09:39:26.468 | INFO     | ao_compensation_model.training_search:on_epoch_end:150 - Epoch   1 | val_loss: 0.172180
2026-03-25 09:41:10.143 | INFO     | ao_compensation_model.training_search:on_epoch_end:150 - Epoch   2 | val_loss: 0.127514
2026-03-25 09:42:48.927 | INFO     | ao_compensation_model.training_search:on_epoch_end:150 - Epoch   3 | val_loss: 0.123705
2026-03-25 09:44:28.021 | INFO     | ao_compensation_model.training_search:on_epoch_end:150 - Epoch   4 | val_loss: 0.121615
2026-03-25 09:46:08.043 | INFO     | ao_compensation_model.training_search:on_epoch_end:150 - Epoch   5 | val_loss: 0.123959
2026-03-25 09:47:47.642 | INFO     | ao_compensation_model.training_search:on_epoch_end:150 - Epoch   6 | val_loss: 0.120377
2026-03-25 09:49:28.845 | INFO     | ao_compensation_model.training_search:on_epoch_end:150 - Epoch   7 | val_loss: 0.121494
2026-03-25 09:51:05.725 | INFO     | ao_compensation_model.training_search:on_epoch_end:150 - Epoch   8 | val_loss: 0.123522
2026-03-25 09:51:05.762 | INFO     | ao_compensation_model.training_search:train:294 - Best model for this run saved as: gru_model.keras (val_loss=0.120377)
2026-03-25 09:51:08.418 | INFO     | ao_compensation_model.training_search:train:311 - TFLite model saved as: gru_model_edge.tflite
2026-03-25 09:51:08.973 | INFO     | ao_compensation_model.training_search:train:241 - --- Testing Config: GRU=256 | BATCH=64 | KERNEL=20 | FILTERS=2 | POOL=1 ---
2026-03-25 09:51:09.164 | INFO     | ao_compensation_model.training_search:train:259 - Model architecture:
Model: "functional"
┏━━━━━━━━━━━━━━━━━━━━━━━━━━━━━━━━━━━━━━┳━━━━━━━━━━━━━━━━━━━━━━━━━━━━━┳━━━━━━━━━━━━━━━━━┓
┃ Layer (type)                         ┃ Output Shape                ┃         Param # ┃
┡━━━━━━━━━━━━━━━━━━━━━━━━━━━━━━━━━━━━━━╇━━━━━━━━━━━━━━━━━━━━━━━━━━━━━╇━━━━━━━━━━━━━━━━━┩
│ input_layer (InputLayer)             │ (None, 200, 2)              │               0 │
├──────────────────────────────────────┼─────────────────────────────┼─────────────────┤
│ conv1d (Conv1D)                      │ (None, 200, 2)              │              82 │
├──────────────────────────────────────┼─────────────────────────────┼─────────────────┤
│ batch_normalization                  │ (None, 200, 2)              │               8 │
│ (BatchNormalization)                 │                             │                 │
├──────────────────────────────────────┼─────────────────────────────┼─────────────────┤
│ zero_padding1d (ZeroPadding1D)       │ (None, 200, 2)              │               0 │
├──────────────────────────────────────┼─────────────────────────────┼─────────────────┤
│ average_pooling1d (AveragePooling1D) │ (None, 200, 2)              │               0 │
├──────────────────────────────────────┼─────────────────────────────┼─────────────────┤
│ gru (GRU)                            │ (None, 256)                 │         199,680 │
├──────────────────────────────────────┼─────────────────────────────┼─────────────────┤
│ dense (Dense)                        │ (None, 2)                   │             514 │
├──────────────────────────────────────┼─────────────────────────────┼─────────────────┤
│ phase (UnitNormalization)            │ (None, 2)                   │               0 │
└──────────────────────────────────────┴─────────────────────────────┴─────────────────┘
 Total params: 200,284 (782.36 KB)
 Trainable params: 200,280 (782.34 KB)
 Non-trainable params: 4 (16.00 B)


2026-03-25 09:51:09.178 | INFO     | ao_compensation_model.training_search:train:262 - Parameters — trainable: 200280  non-trainable: 4  total: 200284
2026-03-25 09:51:09.265 | INFO     | ao_compensation_model.training_search:on_train_begin:130 - Training started.
2026-03-25 09:51:09.265 | INFO     | ao_compensation_model.training_search:on_train_begin:131 - Hyperparameters:
  WINDOW_SIZE: 200
  STRIDE: 20
  TARGET_LEAD: 0
  GRU_UNITS: 256
  DROPOUT_RATE: 0.2
  FILTERS: 2
  KERNEL_SIZE: 20
  POOL_SIZE: 1
  BATCH_SIZE: 64
  MAX_EPOCHS: 100
  LEARNING_RATE: 0.0005
  TRAINING_DATA_DIR: D:\01_Code\ao_compensation_model\src\ao_compensation_model\dataset\training
  MODEL_DIR: D:\01_Code\ao_compensation_model\src\ao_compensation_model\model
2026-03-25 09:52:46.667 | INFO     | ao_compensation_model.training_search:on_epoch_end:150 - Epoch   1 | val_loss: 0.116557
2026-03-25 09:54:16.189 | INFO     | ao_compensation_model.training_search:on_epoch_end:150 - Epoch   2 | val_loss: 0.118489
2026-03-25 09:56:32.530 | INFO     | ao_compensation_model.training_search:on_epoch_end:150 - Epoch   3 | val_loss: 0.118792
2026-03-25 09:56:32.561 | INFO     | ao_compensation_model.training_search:train:294 - Best model for this run saved as: gru_model.keras (val_loss=0.116557)
2026-03-25 09:56:34.814 | INFO     | ao_compensation_model.training_search:train:311 - TFLite model saved as: gru_model_edge.tflite
2026-03-25 09:56:35.307 | INFO     | ao_compensation_model.training_search:train:241 - --- Testing Config: GRU=256 | BATCH=64 | KERNEL=10 | FILTERS=16 | POOL=5 ---
2026-03-25 09:56:35.473 | INFO     | ao_compensation_model.training_search:train:259 - Model architecture:
Model: "functional"
┏━━━━━━━━━━━━━━━━━━━━━━━━━━━━━━━━━━━━━━┳━━━━━━━━━━━━━━━━━━━━━━━━━━━━━┳━━━━━━━━━━━━━━━━━┓
┃ Layer (type)                         ┃ Output Shape                ┃         Param # ┃
┡━━━━━━━━━━━━━━━━━━━━━━━━━━━━━━━━━━━━━━╇━━━━━━━━━━━━━━━━━━━━━━━━━━━━━╇━━━━━━━━━━━━━━━━━┩
│ input_layer (InputLayer)             │ (None, 200, 2)              │               0 │
├──────────────────────────────────────┼─────────────────────────────┼─────────────────┤
│ conv1d (Conv1D)                      │ (None, 200, 16)             │             336 │
├──────────────────────────────────────┼─────────────────────────────┼─────────────────┤
│ batch_normalization                  │ (None, 200, 16)             │              64 │
│ (BatchNormalization)                 │                             │                 │
├──────────────────────────────────────┼─────────────────────────────┼─────────────────┤
│ zero_padding1d (ZeroPadding1D)       │ (None, 204, 16)             │               0 │
├──────────────────────────────────────┼─────────────────────────────┼─────────────────┤
│ average_pooling1d (AveragePooling1D) │ (None, 200, 16)             │               0 │
├──────────────────────────────────────┼─────────────────────────────┼─────────────────┤
│ gru (GRU)                            │ (None, 256)                 │         210,432 │
├──────────────────────────────────────┼─────────────────────────────┼─────────────────┤
│ dense (Dense)                        │ (None, 2)                   │             514 │
├──────────────────────────────────────┼─────────────────────────────┼─────────────────┤
│ phase (UnitNormalization)            │ (None, 2)                   │               0 │
└──────────────────────────────────────┴─────────────────────────────┴─────────────────┘
 Total params: 211,346 (825.57 KB)
 Trainable params: 211,314 (825.45 KB)
 Non-trainable params: 32 (128.00 B)


2026-03-25 09:56:35.490 | INFO     | ao_compensation_model.training_search:train:262 - Parameters — trainable: 211314  non-trainable: 32  total: 211346
2026-03-25 09:56:35.563 | INFO     | ao_compensation_model.training_search:on_train_begin:130 - Training started.
2026-03-25 09:56:35.563 | INFO     | ao_compensation_model.training_search:on_train_begin:131 - Hyperparameters:
  WINDOW_SIZE: 200
  STRIDE: 20
  TARGET_LEAD: 0
  GRU_UNITS: 256
  DROPOUT_RATE: 0.2
  FILTERS: 16
  KERNEL_SIZE: 10
  POOL_SIZE: 5
  BATCH_SIZE: 64
  MAX_EPOCHS: 100
  LEARNING_RATE: 0.0005
  TRAINING_DATA_DIR: D:\01_Code\ao_compensation_model\src\ao_compensation_model\dataset\training
  MODEL_DIR: D:\01_Code\ao_compensation_model\src\ao_compensation_model\model
2026-03-25 09:58:16.082 | INFO     | ao_compensation_model.training_search:on_epoch_end:150 - Epoch   1 | val_loss: 0.239372
2026-03-25 10:00:39.900 | INFO     | ao_compensation_model.training_search:on_epoch_end:150 - Epoch   2 | val_loss: 0.138018
2026-03-25 10:02:16.204 | INFO     | ao_compensation_model.training_search:on_epoch_end:150 - Epoch   3 | val_loss: 0.124715
2026-03-25 10:03:50.156 | INFO     | ao_compensation_model.training_search:on_epoch_end:150 - Epoch   4 | val_loss: 0.105811
2026-03-25 10:05:32.554 | INFO     | ao_compensation_model.training_search:on_epoch_end:150 - Epoch   5 | val_loss: 0.109750
2026-03-25 10:07:11.197 | INFO     | ao_compensation_model.training_search:on_epoch_end:150 - Epoch   6 | val_loss: 0.110827
2026-03-25 10:07:11.230 | INFO     | ao_compensation_model.training_search:train:294 - Best model for this run saved as: gru_model.keras (val_loss=0.105811)
2026-03-25 10:07:13.722 | INFO     | ao_compensation_model.training_search:train:311 - TFLite model saved as: gru_model_edge.tflite
2026-03-25 10:07:14.242 | INFO     | ao_compensation_model.training_search:train:241 - --- Testing Config: GRU=256 | BATCH=64 | KERNEL=10 | FILTERS=16 | POOL=3 ---
2026-03-25 10:07:14.429 | INFO     | ao_compensation_model.training_search:train:259 - Model architecture:
Model: "functional"
┏━━━━━━━━━━━━━━━━━━━━━━━━━━━━━━━━━━━━━━┳━━━━━━━━━━━━━━━━━━━━━━━━━━━━━┳━━━━━━━━━━━━━━━━━┓
┃ Layer (type)                         ┃ Output Shape                ┃         Param # ┃
┡━━━━━━━━━━━━━━━━━━━━━━━━━━━━━━━━━━━━━━╇━━━━━━━━━━━━━━━━━━━━━━━━━━━━━╇━━━━━━━━━━━━━━━━━┩
│ input_layer (InputLayer)             │ (None, 200, 2)              │               0 │
├──────────────────────────────────────┼─────────────────────────────┼─────────────────┤
│ conv1d (Conv1D)                      │ (None, 200, 16)             │             336 │
├──────────────────────────────────────┼─────────────────────────────┼─────────────────┤
│ batch_normalization                  │ (None, 200, 16)             │              64 │
│ (BatchNormalization)                 │                             │                 │
├──────────────────────────────────────┼─────────────────────────────┼─────────────────┤
│ zero_padding1d (ZeroPadding1D)       │ (None, 202, 16)             │               0 │
├──────────────────────────────────────┼─────────────────────────────┼─────────────────┤
│ average_pooling1d (AveragePooling1D) │ (None, 200, 16)             │               0 │
├──────────────────────────────────────┼─────────────────────────────┼─────────────────┤
│ gru (GRU)                            │ (None, 256)                 │         210,432 │
├──────────────────────────────────────┼─────────────────────────────┼─────────────────┤
│ dense (Dense)                        │ (None, 2)                   │             514 │
├──────────────────────────────────────┼─────────────────────────────┼─────────────────┤
│ phase (UnitNormalization)            │ (None, 2)                   │               0 │
└──────────────────────────────────────┴─────────────────────────────┴─────────────────┘
 Total params: 211,346 (825.57 KB)
 Trainable params: 211,314 (825.45 KB)
 Non-trainable params: 32 (128.00 B)


2026-03-25 10:07:14.444 | INFO     | ao_compensation_model.training_search:train:262 - Parameters — trainable: 211314  non-trainable: 32  total: 211346
2026-03-25 10:07:14.542 | INFO     | ao_compensation_model.training_search:on_train_begin:130 - Training started.
2026-03-25 10:07:14.543 | INFO     | ao_compensation_model.training_search:on_train_begin:131 - Hyperparameters:
  WINDOW_SIZE: 200
  STRIDE: 20
  TARGET_LEAD: 0
  GRU_UNITS: 256
  DROPOUT_RATE: 0.2
  FILTERS: 16
  KERNEL_SIZE: 10
  POOL_SIZE: 3
  BATCH_SIZE: 64
  MAX_EPOCHS: 100
  LEARNING_RATE: 0.0005
  TRAINING_DATA_DIR: D:\01_Code\ao_compensation_model\src\ao_compensation_model\dataset\training
  MODEL_DIR: D:\01_Code\ao_compensation_model\src\ao_compensation_model\model
2026-03-25 10:09:00.176 | INFO     | ao_compensation_model.training_search:on_epoch_end:150 - Epoch   1 | val_loss: 0.330474
2026-03-25 10:10:40.657 | INFO     | ao_compensation_model.training_search:on_epoch_end:150 - Epoch   2 | val_loss: 0.140968
2026-03-25 10:12:21.242 | INFO     | ao_compensation_model.training_search:on_epoch_end:150 - Epoch   3 | val_loss: 0.134685
2026-03-25 10:14:02.806 | INFO     | ao_compensation_model.training_search:on_epoch_end:150 - Epoch   4 | val_loss: 0.113196
2026-03-25 10:15:47.330 | INFO     | ao_compensation_model.training_search:on_epoch_end:150 - Epoch   5 | val_loss: 0.110558
2026-03-25 10:17:35.873 | INFO     | ao_compensation_model.training_search:on_epoch_end:150 - Epoch   6 | val_loss: 0.113001
2026-03-25 10:19:24.714 | INFO     | ao_compensation_model.training_search:on_epoch_end:150 - Epoch   7 | val_loss: 0.111264
2026-03-25 10:19:24.747 | INFO     | ao_compensation_model.training_search:train:294 - Best model for this run saved as: gru_model.keras (val_loss=0.110558)
2026-03-25 10:19:27.270 | INFO     | ao_compensation_model.training_search:train:311 - TFLite model saved as: gru_model_edge.tflite
2026-03-25 10:19:27.873 | INFO     | ao_compensation_model.training_search:train:241 - --- Testing Config: GRU=256 | BATCH=64 | KERNEL=10 | FILTERS=16 | POOL=1 ---
2026-03-25 10:19:28.062 | INFO     | ao_compensation_model.training_search:train:259 - Model architecture:
Model: "functional"
┏━━━━━━━━━━━━━━━━━━━━━━━━━━━━━━━━━━━━━━┳━━━━━━━━━━━━━━━━━━━━━━━━━━━━━┳━━━━━━━━━━━━━━━━━┓
┃ Layer (type)                         ┃ Output Shape                ┃         Param # ┃
┡━━━━━━━━━━━━━━━━━━━━━━━━━━━━━━━━━━━━━━╇━━━━━━━━━━━━━━━━━━━━━━━━━━━━━╇━━━━━━━━━━━━━━━━━┩
│ input_layer (InputLayer)             │ (None, 200, 2)              │               0 │
├──────────────────────────────────────┼─────────────────────────────┼─────────────────┤
│ conv1d (Conv1D)                      │ (None, 200, 16)             │             336 │
├──────────────────────────────────────┼─────────────────────────────┼─────────────────┤
│ batch_normalization                  │ (None, 200, 16)             │              64 │
│ (BatchNormalization)                 │                             │                 │
├──────────────────────────────────────┼─────────────────────────────┼─────────────────┤
│ zero_padding1d (ZeroPadding1D)       │ (None, 200, 16)             │               0 │
├──────────────────────────────────────┼─────────────────────────────┼─────────────────┤
│ average_pooling1d (AveragePooling1D) │ (None, 200, 16)             │               0 │
├──────────────────────────────────────┼─────────────────────────────┼─────────────────┤
│ gru (GRU)                            │ (None, 256)                 │         210,432 │
├──────────────────────────────────────┼─────────────────────────────┼─────────────────┤
│ dense (Dense)                        │ (None, 2)                   │             514 │
├──────────────────────────────────────┼─────────────────────────────┼─────────────────┤
│ phase (UnitNormalization)            │ (None, 2)                   │               0 │
└──────────────────────────────────────┴─────────────────────────────┴─────────────────┘
 Total params: 211,346 (825.57 KB)
 Trainable params: 211,314 (825.45 KB)
 Non-trainable params: 32 (128.00 B)


2026-03-25 10:19:28.077 | INFO     | ao_compensation_model.training_search:train:262 - Parameters — trainable: 211314  non-trainable: 32  total: 211346
2026-03-25 10:19:28.163 | INFO     | ao_compensation_model.training_search:on_train_begin:130 - Training started.
2026-03-25 10:19:28.164 | INFO     | ao_compensation_model.training_search:on_train_begin:131 - Hyperparameters:
  WINDOW_SIZE: 200
  STRIDE: 20
  TARGET_LEAD: 0
  GRU_UNITS: 256
  DROPOUT_RATE: 0.2
  FILTERS: 16
  KERNEL_SIZE: 10
  POOL_SIZE: 1
  BATCH_SIZE: 64
  MAX_EPOCHS: 100
  LEARNING_RATE: 0.0005
  TRAINING_DATA_DIR: D:\01_Code\ao_compensation_model\src\ao_compensation_model\dataset\training
  MODEL_DIR: D:\01_Code\ao_compensation_model\src\ao_compensation_model\model
2026-03-25 10:21:24.216 | INFO     | ao_compensation_model.training_search:on_epoch_end:150 - Epoch   1 | val_loss: 0.260402
2026-03-25 10:23:14.422 | INFO     | ao_compensation_model.training_search:on_epoch_end:150 - Epoch   2 | val_loss: 0.118096
2026-03-25 10:25:03.925 | INFO     | ao_compensation_model.training_search:on_epoch_end:150 - Epoch   3 | val_loss: 0.111146
2026-03-25 10:26:54.720 | INFO     | ao_compensation_model.training_search:on_epoch_end:150 - Epoch   4 | val_loss: 0.103485
2026-03-25 10:29:08.854 | INFO     | ao_compensation_model.training_search:on_epoch_end:150 - Epoch   5 | val_loss: 0.104793
2026-03-25 10:31:51.471 | INFO     | ao_compensation_model.training_search:on_epoch_end:150 - Epoch   6 | val_loss: 0.110256
2026-03-25 10:31:51.649 | INFO     | ao_compensation_model.training_search:train:294 - Best model for this run saved as: gru_model.keras (val_loss=0.103485)
2026-03-25 10:31:56.349 | INFO     | ao_compensation_model.training_search:train:311 - TFLite model saved as: gru_model_edge.tflite
2026-03-25 10:31:57.909 | INFO     | ao_compensation_model.training_search:train:241 - --- Testing Config: GRU=256 | BATCH=64 | KERNEL=10 | FILTERS=8 | POOL=5 ---
2026-03-25 10:31:58.142 | INFO     | ao_compensation_model.training_search:train:259 - Model architecture:
Model: "functional"
┏━━━━━━━━━━━━━━━━━━━━━━━━━━━━━━━━━━━━━━┳━━━━━━━━━━━━━━━━━━━━━━━━━━━━━┳━━━━━━━━━━━━━━━━━┓
┃ Layer (type)                         ┃ Output Shape                ┃         Param # ┃
┡━━━━━━━━━━━━━━━━━━━━━━━━━━━━━━━━━━━━━━╇━━━━━━━━━━━━━━━━━━━━━━━━━━━━━╇━━━━━━━━━━━━━━━━━┩
│ input_layer (InputLayer)             │ (None, 200, 2)              │               0 │
├──────────────────────────────────────┼─────────────────────────────┼─────────────────┤
│ conv1d (Conv1D)                      │ (None, 200, 8)              │             168 │
├──────────────────────────────────────┼─────────────────────────────┼─────────────────┤
│ batch_normalization                  │ (None, 200, 8)              │              32 │
│ (BatchNormalization)                 │                             │                 │
├──────────────────────────────────────┼─────────────────────────────┼─────────────────┤
│ zero_padding1d (ZeroPadding1D)       │ (None, 204, 8)              │               0 │
├──────────────────────────────────────┼─────────────────────────────┼─────────────────┤
│ average_pooling1d (AveragePooling1D) │ (None, 200, 8)              │               0 │
├──────────────────────────────────────┼─────────────────────────────┼─────────────────┤
│ gru (GRU)                            │ (None, 256)                 │         204,288 │
├──────────────────────────────────────┼─────────────────────────────┼─────────────────┤
│ dense (Dense)                        │ (None, 2)                   │             514 │
├──────────────────────────────────────┼─────────────────────────────┼─────────────────┤
│ phase (UnitNormalization)            │ (None, 2)                   │               0 │
└──────────────────────────────────────┴─────────────────────────────┴─────────────────┘
 Total params: 205,002 (800.79 KB)
 Trainable params: 204,986 (800.73 KB)
 Non-trainable params: 16 (64.00 B)


2026-03-25 10:31:58.163 | INFO     | ao_compensation_model.training_search:train:262 - Parameters — trainable: 204986  non-trainable: 16  total: 205002
2026-03-25 10:31:58.430 | INFO     | ao_compensation_model.training_search:on_train_begin:130 - Training started.
2026-03-25 10:31:58.432 | INFO     | ao_compensation_model.training_search:on_train_begin:131 - Hyperparameters:
  WINDOW_SIZE: 200
  STRIDE: 20
  TARGET_LEAD: 0
  GRU_UNITS: 256
  DROPOUT_RATE: 0.2
  FILTERS: 8
  KERNEL_SIZE: 10
  POOL_SIZE: 5
  BATCH_SIZE: 64
  MAX_EPOCHS: 100
  LEARNING_RATE: 0.0005
  TRAINING_DATA_DIR: D:\01_Code\ao_compensation_model\src\ao_compensation_model\dataset\training
  MODEL_DIR: D:\01_Code\ao_compensation_model\src\ao_compensation_model\model
2026-03-25 10:33:59.055 | INFO     | ao_compensation_model.training_search:on_epoch_end:150 - Epoch   1 | val_loss: 0.329352
2026-03-25 10:35:56.095 | INFO     | ao_compensation_model.training_search:on_epoch_end:150 - Epoch   2 | val_loss: 0.125026
2026-03-25 10:37:50.906 | INFO     | ao_compensation_model.training_search:on_epoch_end:150 - Epoch   3 | val_loss: 0.112215
2026-03-25 10:39:48.946 | INFO     | ao_compensation_model.training_search:on_epoch_end:150 - Epoch   4 | val_loss: 0.111932
2026-03-25 10:41:37.410 | INFO     | ao_compensation_model.training_search:on_epoch_end:150 - Epoch   5 | val_loss: 0.114029
2026-03-25 10:43:31.996 | INFO     | ao_compensation_model.training_search:on_epoch_end:150 - Epoch   6 | val_loss: 0.110075
2026-03-25 10:45:21.970 | INFO     | ao_compensation_model.training_search:on_epoch_end:150 - Epoch   7 | val_loss: 0.113487
2026-03-25 10:47:14.666 | INFO     | ao_compensation_model.training_search:on_epoch_end:150 - Epoch   8 | val_loss: 0.115063
2026-03-25 10:47:14.701 | INFO     | ao_compensation_model.training_search:train:294 - Best model for this run saved as: gru_model.keras (val_loss=0.110075)
2026-03-25 10:47:17.510 | INFO     | ao_compensation_model.training_search:train:311 - TFLite model saved as: gru_model_edge.tflite
2026-03-25 10:47:18.224 | INFO     | ao_compensation_model.training_search:train:241 - --- Testing Config: GRU=256 | BATCH=64 | KERNEL=10 | FILTERS=8 | POOL=3 ---
2026-03-25 10:47:18.402 | INFO     | ao_compensation_model.training_search:train:259 - Model architecture:
Model: "functional"
┏━━━━━━━━━━━━━━━━━━━━━━━━━━━━━━━━━━━━━━┳━━━━━━━━━━━━━━━━━━━━━━━━━━━━━┳━━━━━━━━━━━━━━━━━┓
┃ Layer (type)                         ┃ Output Shape                ┃         Param # ┃
┡━━━━━━━━━━━━━━━━━━━━━━━━━━━━━━━━━━━━━━╇━━━━━━━━━━━━━━━━━━━━━━━━━━━━━╇━━━━━━━━━━━━━━━━━┩
│ input_layer (InputLayer)             │ (None, 200, 2)              │               0 │
├──────────────────────────────────────┼─────────────────────────────┼─────────────────┤
│ conv1d (Conv1D)                      │ (None, 200, 8)              │             168 │
├──────────────────────────────────────┼─────────────────────────────┼─────────────────┤
│ batch_normalization                  │ (None, 200, 8)              │              32 │
│ (BatchNormalization)                 │                             │                 │
├──────────────────────────────────────┼─────────────────────────────┼─────────────────┤
│ zero_padding1d (ZeroPadding1D)       │ (None, 202, 8)              │               0 │
├──────────────────────────────────────┼─────────────────────────────┼─────────────────┤
│ average_pooling1d (AveragePooling1D) │ (None, 200, 8)              │               0 │
├──────────────────────────────────────┼─────────────────────────────┼─────────────────┤
│ gru (GRU)                            │ (None, 256)                 │         204,288 │
├──────────────────────────────────────┼─────────────────────────────┼─────────────────┤
│ dense (Dense)                        │ (None, 2)                   │             514 │
├──────────────────────────────────────┼─────────────────────────────┼─────────────────┤
│ phase (UnitNormalization)            │ (None, 2)                   │               0 │
└──────────────────────────────────────┴─────────────────────────────┴─────────────────┘
 Total params: 205,002 (800.79 KB)
 Trainable params: 204,986 (800.73 KB)
 Non-trainable params: 16 (64.00 B)


2026-03-25 10:47:18.418 | INFO     | ao_compensation_model.training_search:train:262 - Parameters — trainable: 204986  non-trainable: 16  total: 205002
2026-03-25 10:47:18.522 | INFO     | ao_compensation_model.training_search:on_train_begin:130 - Training started.
2026-03-25 10:47:18.522 | INFO     | ao_compensation_model.training_search:on_train_begin:131 - Hyperparameters:
  WINDOW_SIZE: 200
  STRIDE: 20
  TARGET_LEAD: 0
  GRU_UNITS: 256
  DROPOUT_RATE: 0.2
  FILTERS: 8
  KERNEL_SIZE: 10
  POOL_SIZE: 3
  BATCH_SIZE: 64
  MAX_EPOCHS: 100
  LEARNING_RATE: 0.0005
  TRAINING_DATA_DIR: D:\01_Code\ao_compensation_model\src\ao_compensation_model\dataset\training
  MODEL_DIR: D:\01_Code\ao_compensation_model\src\ao_compensation_model\model
2026-03-25 10:49:15.396 | INFO     | ao_compensation_model.training_search:on_epoch_end:150 - Epoch   1 | val_loss: 0.281960
2026-03-25 10:51:01.229 | INFO     | ao_compensation_model.training_search:on_epoch_end:150 - Epoch   2 | val_loss: 0.121140
2026-03-25 10:52:54.067 | INFO     | ao_compensation_model.training_search:on_epoch_end:150 - Epoch   3 | val_loss: 0.114729
2026-03-25 10:54:42.192 | INFO     | ao_compensation_model.training_search:on_epoch_end:150 - Epoch   4 | val_loss: 0.110347
2026-03-25 10:56:20.827 | INFO     | ao_compensation_model.training_search:on_epoch_end:150 - Epoch   5 | val_loss: 0.108087
2026-03-25 10:58:05.321 | INFO     | ao_compensation_model.training_search:on_epoch_end:150 - Epoch   6 | val_loss: 0.112832
2026-03-25 10:59:52.070 | INFO     | ao_compensation_model.training_search:on_epoch_end:150 - Epoch   7 | val_loss: 0.121824
2026-03-25 10:59:52.103 | INFO     | ao_compensation_model.training_search:train:294 - Best model for this run saved as: gru_model.keras (val_loss=0.108087)
2026-03-25 10:59:55.686 | INFO     | ao_compensation_model.training_search:train:311 - TFLite model saved as: gru_model_edge.tflite
2026-03-25 10:59:56.410 | INFO     | ao_compensation_model.training_search:train:241 - --- Testing Config: GRU=256 | BATCH=64 | KERNEL=10 | FILTERS=8 | POOL=1 ---
2026-03-25 10:59:56.601 | INFO     | ao_compensation_model.training_search:train:259 - Model architecture:
Model: "functional"
┏━━━━━━━━━━━━━━━━━━━━━━━━━━━━━━━━━━━━━━┳━━━━━━━━━━━━━━━━━━━━━━━━━━━━━┳━━━━━━━━━━━━━━━━━┓
┃ Layer (type)                         ┃ Output Shape                ┃         Param # ┃
┡━━━━━━━━━━━━━━━━━━━━━━━━━━━━━━━━━━━━━━╇━━━━━━━━━━━━━━━━━━━━━━━━━━━━━╇━━━━━━━━━━━━━━━━━┩
│ input_layer (InputLayer)             │ (None, 200, 2)              │               0 │
├──────────────────────────────────────┼─────────────────────────────┼─────────────────┤
│ conv1d (Conv1D)                      │ (None, 200, 8)              │             168 │
├──────────────────────────────────────┼─────────────────────────────┼─────────────────┤
│ batch_normalization                  │ (None, 200, 8)              │              32 │
│ (BatchNormalization)                 │                             │                 │
├──────────────────────────────────────┼─────────────────────────────┼─────────────────┤
│ zero_padding1d (ZeroPadding1D)       │ (None, 200, 8)              │               0 │
├──────────────────────────────────────┼─────────────────────────────┼─────────────────┤
│ average_pooling1d (AveragePooling1D) │ (None, 200, 8)              │               0 │
├──────────────────────────────────────┼─────────────────────────────┼─────────────────┤
│ gru (GRU)                            │ (None, 256)                 │         204,288 │
├──────────────────────────────────────┼─────────────────────────────┼─────────────────┤
│ dense (Dense)                        │ (None, 2)                   │             514 │
├──────────────────────────────────────┼─────────────────────────────┼─────────────────┤
│ phase (UnitNormalization)            │ (None, 2)                   │               0 │
└──────────────────────────────────────┴─────────────────────────────┴─────────────────┘
 Total params: 205,002 (800.79 KB)
 Trainable params: 204,986 (800.73 KB)
 Non-trainable params: 16 (64.00 B)


2026-03-25 10:59:56.616 | INFO     | ao_compensation_model.training_search:train:262 - Parameters — trainable: 204986  non-trainable: 16  total: 205002
2026-03-25 10:59:56.714 | INFO     | ao_compensation_model.training_search:on_train_begin:130 - Training started.
2026-03-25 10:59:56.715 | INFO     | ao_compensation_model.training_search:on_train_begin:131 - Hyperparameters:
  WINDOW_SIZE: 200
  STRIDE: 20
  TARGET_LEAD: 0
  GRU_UNITS: 256
  DROPOUT_RATE: 0.2
  FILTERS: 8
  KERNEL_SIZE: 10
  POOL_SIZE: 1
  BATCH_SIZE: 64
  MAX_EPOCHS: 100
  LEARNING_RATE: 0.0005
  TRAINING_DATA_DIR: D:\01_Code\ao_compensation_model\src\ao_compensation_model\dataset\training
  MODEL_DIR: D:\01_Code\ao_compensation_model\src\ao_compensation_model\model
2026-03-25 11:01:50.241 | INFO     | ao_compensation_model.training_search:on_epoch_end:150 - Epoch   1 | val_loss: 0.274343
2026-03-25 11:03:38.761 | INFO     | ao_compensation_model.training_search:on_epoch_end:150 - Epoch   2 | val_loss: 0.121041
2026-03-25 11:05:23.328 | INFO     | ao_compensation_model.training_search:on_epoch_end:150 - Epoch   3 | val_loss: 0.105867
2026-03-25 11:07:05.215 | INFO     | ao_compensation_model.training_search:on_epoch_end:150 - Epoch   4 | val_loss: 0.105770
2026-03-25 11:08:50.879 | INFO     | ao_compensation_model.training_search:on_epoch_end:150 - Epoch   5 | val_loss: 0.110158
2026-03-25 11:10:38.753 | INFO     | ao_compensation_model.training_search:on_epoch_end:150 - Epoch   6 | val_loss: 0.112618
2026-03-25 11:10:38.784 | INFO     | ao_compensation_model.training_search:train:294 - Best model for this run saved as: gru_model.keras (val_loss=0.105770)
2026-03-25 11:10:41.288 | INFO     | ao_compensation_model.training_search:train:311 - TFLite model saved as: gru_model_edge.tflite
2026-03-25 11:10:41.924 | INFO     | ao_compensation_model.training_search:train:241 - --- Testing Config: GRU=256 | BATCH=64 | KERNEL=10 | FILTERS=4 | POOL=5 ---
2026-03-25 11:10:42.104 | INFO     | ao_compensation_model.training_search:train:259 - Model architecture:
Model: "functional"
┏━━━━━━━━━━━━━━━━━━━━━━━━━━━━━━━━━━━━━━┳━━━━━━━━━━━━━━━━━━━━━━━━━━━━━┳━━━━━━━━━━━━━━━━━┓
┃ Layer (type)                         ┃ Output Shape                ┃         Param # ┃
┡━━━━━━━━━━━━━━━━━━━━━━━━━━━━━━━━━━━━━━╇━━━━━━━━━━━━━━━━━━━━━━━━━━━━━╇━━━━━━━━━━━━━━━━━┩
│ input_layer (InputLayer)             │ (None, 200, 2)              │               0 │
├──────────────────────────────────────┼─────────────────────────────┼─────────────────┤
│ conv1d (Conv1D)                      │ (None, 200, 4)              │              84 │
├──────────────────────────────────────┼─────────────────────────────┼─────────────────┤
│ batch_normalization                  │ (None, 200, 4)              │              16 │
│ (BatchNormalization)                 │                             │                 │
├──────────────────────────────────────┼─────────────────────────────┼─────────────────┤
│ zero_padding1d (ZeroPadding1D)       │ (None, 204, 4)              │               0 │
├──────────────────────────────────────┼─────────────────────────────┼─────────────────┤
│ average_pooling1d (AveragePooling1D) │ (None, 200, 4)              │               0 │
├──────────────────────────────────────┼─────────────────────────────┼─────────────────┤
│ gru (GRU)                            │ (None, 256)                 │         201,216 │
├──────────────────────────────────────┼─────────────────────────────┼─────────────────┤
│ dense (Dense)                        │ (None, 2)                   │             514 │
├──────────────────────────────────────┼─────────────────────────────┼─────────────────┤
│ phase (UnitNormalization)            │ (None, 2)                   │               0 │
└──────────────────────────────────────┴─────────────────────────────┴─────────────────┘
 Total params: 201,830 (788.40 KB)
 Trainable params: 201,822 (788.37 KB)
 Non-trainable params: 8 (32.00 B)


2026-03-25 11:10:42.120 | INFO     | ao_compensation_model.training_search:train:262 - Parameters — trainable: 201822  non-trainable: 8  total: 201830
2026-03-25 11:10:42.208 | INFO     | ao_compensation_model.training_search:on_train_begin:130 - Training started.
2026-03-25 11:10:42.209 | INFO     | ao_compensation_model.training_search:on_train_begin:131 - Hyperparameters:
  WINDOW_SIZE: 200
  STRIDE: 20
  TARGET_LEAD: 0
  GRU_UNITS: 256
  DROPOUT_RATE: 0.2
  FILTERS: 4
  KERNEL_SIZE: 10
  POOL_SIZE: 5
  BATCH_SIZE: 64
  MAX_EPOCHS: 100
  LEARNING_RATE: 0.0005
  TRAINING_DATA_DIR: D:\01_Code\ao_compensation_model\src\ao_compensation_model\dataset\training
  MODEL_DIR: D:\01_Code\ao_compensation_model\src\ao_compensation_model\model
2026-03-25 11:12:40.032 | INFO     | ao_compensation_model.training_search:on_epoch_end:150 - Epoch   1 | val_loss: 0.176986
2026-03-25 11:14:24.053 | INFO     | ao_compensation_model.training_search:on_epoch_end:150 - Epoch   2 | val_loss: 0.114536
2026-03-25 11:16:13.841 | INFO     | ao_compensation_model.training_search:on_epoch_end:150 - Epoch   3 | val_loss: 0.112298
2026-03-25 11:17:58.197 | INFO     | ao_compensation_model.training_search:on_epoch_end:150 - Epoch   4 | val_loss: 0.112843
2026-03-25 11:19:45.023 | INFO     | ao_compensation_model.training_search:on_epoch_end:150 - Epoch   5 | val_loss: 0.127109
2026-03-25 11:19:45.143 | INFO     | ao_compensation_model.training_search:train:294 - Best model for this run saved as: gru_model.keras (val_loss=0.112298)
2026-03-25 11:19:48.070 | INFO     | ao_compensation_model.training_search:train:311 - TFLite model saved as: gru_model_edge.tflite
2026-03-25 11:19:48.773 | INFO     | ao_compensation_model.training_search:train:241 - --- Testing Config: GRU=256 | BATCH=64 | KERNEL=10 | FILTERS=4 | POOL=3 ---
2026-03-25 11:19:48.951 | INFO     | ao_compensation_model.training_search:train:259 - Model architecture:
Model: "functional"
┏━━━━━━━━━━━━━━━━━━━━━━━━━━━━━━━━━━━━━━┳━━━━━━━━━━━━━━━━━━━━━━━━━━━━━┳━━━━━━━━━━━━━━━━━┓
┃ Layer (type)                         ┃ Output Shape                ┃         Param # ┃
┡━━━━━━━━━━━━━━━━━━━━━━━━━━━━━━━━━━━━━━╇━━━━━━━━━━━━━━━━━━━━━━━━━━━━━╇━━━━━━━━━━━━━━━━━┩
│ input_layer (InputLayer)             │ (None, 200, 2)              │               0 │
├──────────────────────────────────────┼─────────────────────────────┼─────────────────┤
│ conv1d (Conv1D)                      │ (None, 200, 4)              │              84 │
├──────────────────────────────────────┼─────────────────────────────┼─────────────────┤
│ batch_normalization                  │ (None, 200, 4)              │              16 │
│ (BatchNormalization)                 │                             │                 │
├──────────────────────────────────────┼─────────────────────────────┼─────────────────┤
│ zero_padding1d (ZeroPadding1D)       │ (None, 202, 4)              │               0 │
├──────────────────────────────────────┼─────────────────────────────┼─────────────────┤
│ average_pooling1d (AveragePooling1D) │ (None, 200, 4)              │               0 │
├──────────────────────────────────────┼─────────────────────────────┼─────────────────┤
│ gru (GRU)                            │ (None, 256)                 │         201,216 │
├──────────────────────────────────────┼─────────────────────────────┼─────────────────┤
│ dense (Dense)                        │ (None, 2)                   │             514 │
├──────────────────────────────────────┼─────────────────────────────┼─────────────────┤
│ phase (UnitNormalization)            │ (None, 2)                   │               0 │
└──────────────────────────────────────┴─────────────────────────────┴─────────────────┘
 Total params: 201,830 (788.40 KB)
 Trainable params: 201,822 (788.37 KB)
 Non-trainable params: 8 (32.00 B)


2026-03-25 11:19:48.966 | INFO     | ao_compensation_model.training_search:train:262 - Parameters — trainable: 201822  non-trainable: 8  total: 201830
2026-03-25 11:19:49.052 | INFO     | ao_compensation_model.training_search:on_train_begin:130 - Training started.
2026-03-25 11:19:49.053 | INFO     | ao_compensation_model.training_search:on_train_begin:131 - Hyperparameters:
  WINDOW_SIZE: 200
  STRIDE: 20
  TARGET_LEAD: 0
  GRU_UNITS: 256
  DROPOUT_RATE: 0.2
  FILTERS: 4
  KERNEL_SIZE: 10
  POOL_SIZE: 3
  BATCH_SIZE: 64
  MAX_EPOCHS: 100
  LEARNING_RATE: 0.0005
  TRAINING_DATA_DIR: D:\01_Code\ao_compensation_model\src\ao_compensation_model\dataset\training
  MODEL_DIR: D:\01_Code\ao_compensation_model\src\ao_compensation_model\model
2026-03-25 11:21:42.066 | INFO     | ao_compensation_model.training_search:on_epoch_end:150 - Epoch   1 | val_loss: 0.141535
2026-03-25 11:23:28.401 | INFO     | ao_compensation_model.training_search:on_epoch_end:150 - Epoch   2 | val_loss: 0.127105
2026-03-25 11:25:15.739 | INFO     | ao_compensation_model.training_search:on_epoch_end:150 - Epoch   3 | val_loss: 0.117056
2026-03-25 11:27:04.265 | INFO     | ao_compensation_model.training_search:on_epoch_end:150 - Epoch   4 | val_loss: 0.119321
2026-03-25 11:28:52.823 | INFO     | ao_compensation_model.training_search:on_epoch_end:150 - Epoch   5 | val_loss: 0.118829
2026-03-25 11:28:52.854 | INFO     | ao_compensation_model.training_search:train:294 - Best model for this run saved as: gru_model.keras (val_loss=0.117056)
2026-03-25 11:28:55.168 | INFO     | ao_compensation_model.training_search:train:311 - TFLite model saved as: gru_model_edge.tflite
2026-03-25 11:28:55.888 | INFO     | ao_compensation_model.training_search:train:241 - --- Testing Config: GRU=256 | BATCH=64 | KERNEL=10 | FILTERS=4 | POOL=1 ---
2026-03-25 11:28:56.066 | INFO     | ao_compensation_model.training_search:train:259 - Model architecture:
Model: "functional"
┏━━━━━━━━━━━━━━━━━━━━━━━━━━━━━━━━━━━━━━┳━━━━━━━━━━━━━━━━━━━━━━━━━━━━━┳━━━━━━━━━━━━━━━━━┓
┃ Layer (type)                         ┃ Output Shape                ┃         Param # ┃
┡━━━━━━━━━━━━━━━━━━━━━━━━━━━━━━━━━━━━━━╇━━━━━━━━━━━━━━━━━━━━━━━━━━━━━╇━━━━━━━━━━━━━━━━━┩
│ input_layer (InputLayer)             │ (None, 200, 2)              │               0 │
├──────────────────────────────────────┼─────────────────────────────┼─────────────────┤
│ conv1d (Conv1D)                      │ (None, 200, 4)              │              84 │
├──────────────────────────────────────┼─────────────────────────────┼─────────────────┤
│ batch_normalization                  │ (None, 200, 4)              │              16 │
│ (BatchNormalization)                 │                             │                 │
├──────────────────────────────────────┼─────────────────────────────┼─────────────────┤
│ zero_padding1d (ZeroPadding1D)       │ (None, 200, 4)              │               0 │
├──────────────────────────────────────┼─────────────────────────────┼─────────────────┤
│ average_pooling1d (AveragePooling1D) │ (None, 200, 4)              │               0 │
├──────────────────────────────────────┼─────────────────────────────┼─────────────────┤
│ gru (GRU)                            │ (None, 256)                 │         201,216 │
├──────────────────────────────────────┼─────────────────────────────┼─────────────────┤
│ dense (Dense)                        │ (None, 2)                   │             514 │
├──────────────────────────────────────┼─────────────────────────────┼─────────────────┤
│ phase (UnitNormalization)            │ (None, 2)                   │               0 │
└──────────────────────────────────────┴─────────────────────────────┴─────────────────┘
 Total params: 201,830 (788.40 KB)
 Trainable params: 201,822 (788.37 KB)
 Non-trainable params: 8 (32.00 B)


2026-03-25 11:28:56.082 | INFO     | ao_compensation_model.training_search:train:262 - Parameters — trainable: 201822  non-trainable: 8  total: 201830
2026-03-25 11:28:56.168 | INFO     | ao_compensation_model.training_search:on_train_begin:130 - Training started.
2026-03-25 11:28:56.169 | INFO     | ao_compensation_model.training_search:on_train_begin:131 - Hyperparameters:
  WINDOW_SIZE: 200
  STRIDE: 20
  TARGET_LEAD: 0
  GRU_UNITS: 256
  DROPOUT_RATE: 0.2
  FILTERS: 4
  KERNEL_SIZE: 10
  POOL_SIZE: 1
  BATCH_SIZE: 64
  MAX_EPOCHS: 100
  LEARNING_RATE: 0.0005
  TRAINING_DATA_DIR: D:\01_Code\ao_compensation_model\src\ao_compensation_model\dataset\training
  MODEL_DIR: D:\01_Code\ao_compensation_model\src\ao_compensation_model\model
2026-03-25 11:30:56.495 | INFO     | ao_compensation_model.training_search:on_epoch_end:150 - Epoch   1 | val_loss: 0.152243
2026-03-25 11:32:47.673 | INFO     | ao_compensation_model.training_search:on_epoch_end:150 - Epoch   2 | val_loss: 0.108566
2026-03-25 11:34:39.449 | INFO     | ao_compensation_model.training_search:on_epoch_end:150 - Epoch   3 | val_loss: 0.114948
2026-03-25 11:36:23.470 | INFO     | ao_compensation_model.training_search:on_epoch_end:150 - Epoch   4 | val_loss: 0.114035
2026-03-25 11:36:23.531 | INFO     | ao_compensation_model.training_search:train:294 - Best model for this run saved as: gru_model.keras (val_loss=0.108566)
2026-03-25 11:36:25.233 | INFO     | ao_compensation_model.training_search:train:311 - TFLite model saved as: gru_model_edge.tflite
2026-03-25 11:36:25.717 | INFO     | ao_compensation_model.training_search:train:241 - --- Testing Config: GRU=256 | BATCH=64 | KERNEL=10 | FILTERS=2 | POOL=5 ---
2026-03-25 11:36:25.800 | INFO     | ao_compensation_model.training_search:train:259 - Model architecture:
Model: "functional"
┏━━━━━━━━━━━━━━━━━━━━━━━━━━━━━━━━━━━━━━┳━━━━━━━━━━━━━━━━━━━━━━━━━━━━━┳━━━━━━━━━━━━━━━━━┓
┃ Layer (type)                         ┃ Output Shape                ┃         Param # ┃
┡━━━━━━━━━━━━━━━━━━━━━━━━━━━━━━━━━━━━━━╇━━━━━━━━━━━━━━━━━━━━━━━━━━━━━╇━━━━━━━━━━━━━━━━━┩
│ input_layer (InputLayer)             │ (None, 200, 2)              │               0 │
├──────────────────────────────────────┼─────────────────────────────┼─────────────────┤
│ conv1d (Conv1D)                      │ (None, 200, 2)              │              42 │
├──────────────────────────────────────┼─────────────────────────────┼─────────────────┤
│ batch_normalization                  │ (None, 200, 2)              │               8 │
│ (BatchNormalization)                 │                             │                 │
├──────────────────────────────────────┼─────────────────────────────┼─────────────────┤
│ zero_padding1d (ZeroPadding1D)       │ (None, 204, 2)              │               0 │
├──────────────────────────────────────┼─────────────────────────────┼─────────────────┤
│ average_pooling1d (AveragePooling1D) │ (None, 200, 2)              │               0 │
├──────────────────────────────────────┼─────────────────────────────┼─────────────────┤
│ gru (GRU)                            │ (None, 256)                 │         199,680 │
├──────────────────────────────────────┼─────────────────────────────┼─────────────────┤
│ dense (Dense)                        │ (None, 2)                   │             514 │
├──────────────────────────────────────┼─────────────────────────────┼─────────────────┤
│ phase (UnitNormalization)            │ (None, 2)                   │               0 │
└──────────────────────────────────────┴─────────────────────────────┴─────────────────┘
 Total params: 200,244 (782.20 KB)
 Trainable params: 200,240 (782.19 KB)
 Non-trainable params: 4 (16.00 B)


2026-03-25 11:36:25.807 | INFO     | ao_compensation_model.training_search:train:262 - Parameters — trainable: 200240  non-trainable: 4  total: 200244
2026-03-25 11:36:25.847 | INFO     | ao_compensation_model.training_search:on_train_begin:130 - Training started.
2026-03-25 11:36:25.848 | INFO     | ao_compensation_model.training_search:on_train_begin:131 - Hyperparameters:
  WINDOW_SIZE: 200
  STRIDE: 20
  TARGET_LEAD: 0
  GRU_UNITS: 256
  DROPOUT_RATE: 0.2
  FILTERS: 2
  KERNEL_SIZE: 10
  POOL_SIZE: 5
  BATCH_SIZE: 64
  MAX_EPOCHS: 100
  LEARNING_RATE: 0.0005
  TRAINING_DATA_DIR: D:\01_Code\ao_compensation_model\src\ao_compensation_model\dataset\training
  MODEL_DIR: D:\01_Code\ao_compensation_model\src\ao_compensation_model\model
2026-03-25 11:53:46.561 | INFO     | ao_compensation_model.training_search:on_epoch_end:150 - Epoch   1 | val_loss: 0.132887
2026-03-25 11:55:24.017 | INFO     | ao_compensation_model.training_search:on_epoch_end:150 - Epoch   2 | val_loss: 0.121873
2026-03-25 11:57:24.151 | INFO     | ao_compensation_model.training_search:on_epoch_end:150 - Epoch   3 | val_loss: 0.117986
2026-03-25 11:59:22.043 | INFO     | ao_compensation_model.training_search:on_epoch_end:150 - Epoch   4 | val_loss: 0.116677
2026-03-25 12:01:19.628 | INFO     | ao_compensation_model.training_search:on_epoch_end:150 - Epoch   5 | val_loss: 0.121110
2026-03-25 12:04:18.793 | INFO     | ao_compensation_model.training_search:on_epoch_end:150 - Epoch   6 | val_loss: 0.117495
2026-03-25 12:04:18.866 | INFO     | ao_compensation_model.training_search:train:294 - Best model for this run saved as: gru_model.keras (val_loss=0.116677)
2026-03-25 12:04:19.866 | INFO     | ao_compensation_model.training_search:train:311 - TFLite model saved as: gru_model_edge.tflite
2026-03-25 12:04:20.783 | INFO     | ao_compensation_model.training_search:train:241 - --- Testing Config: GRU=256 | BATCH=64 | KERNEL=10 | FILTERS=2 | POOL=3 ---
2026-03-25 12:04:20.889 | INFO     | ao_compensation_model.training_search:train:259 - Model architecture:
Model: "functional"
┏━━━━━━━━━━━━━━━━━━━━━━━━━━━━━━━━━━━━━━┳━━━━━━━━━━━━━━━━━━━━━━━━━━━━━┳━━━━━━━━━━━━━━━━━┓
┃ Layer (type)                         ┃ Output Shape                ┃         Param # ┃
┡━━━━━━━━━━━━━━━━━━━━━━━━━━━━━━━━━━━━━━╇━━━━━━━━━━━━━━━━━━━━━━━━━━━━━╇━━━━━━━━━━━━━━━━━┩
│ input_layer (InputLayer)             │ (None, 200, 2)              │               0 │
├──────────────────────────────────────┼─────────────────────────────┼─────────────────┤
│ conv1d (Conv1D)                      │ (None, 200, 2)              │              42 │
├──────────────────────────────────────┼─────────────────────────────┼─────────────────┤
│ batch_normalization                  │ (None, 200, 2)              │               8 │
│ (BatchNormalization)                 │                             │                 │
├──────────────────────────────────────┼─────────────────────────────┼─────────────────┤
│ zero_padding1d (ZeroPadding1D)       │ (None, 202, 2)              │               0 │
├──────────────────────────────────────┼─────────────────────────────┼─────────────────┤
│ average_pooling1d (AveragePooling1D) │ (None, 200, 2)              │               0 │
├──────────────────────────────────────┼─────────────────────────────┼─────────────────┤
│ gru (GRU)                            │ (None, 256)                 │         199,680 │
├──────────────────────────────────────┼─────────────────────────────┼─────────────────┤
│ dense (Dense)                        │ (None, 2)                   │             514 │
├──────────────────────────────────────┼─────────────────────────────┼─────────────────┤
│ phase (UnitNormalization)            │ (None, 2)                   │               0 │
└──────────────────────────────────────┴─────────────────────────────┴─────────────────┘
 Total params: 200,244 (782.20 KB)
 Trainable params: 200,240 (782.19 KB)
 Non-trainable params: 4 (16.00 B)


2026-03-25 12:04:20.898 | INFO     | ao_compensation_model.training_search:train:262 - Parameters — trainable: 200240  non-trainable: 4  total: 200244
2026-03-25 12:04:20.947 | INFO     | ao_compensation_model.training_search:on_train_begin:130 - Training started.
2026-03-25 12:04:20.947 | INFO     | ao_compensation_model.training_search:on_train_begin:131 - Hyperparameters:
  WINDOW_SIZE: 200
  STRIDE: 20
  TARGET_LEAD: 0
  GRU_UNITS: 256
  DROPOUT_RATE: 0.2
  FILTERS: 2
  KERNEL_SIZE: 10
  POOL_SIZE: 3
  BATCH_SIZE: 64
  MAX_EPOCHS: 100
  LEARNING_RATE: 0.0005
  TRAINING_DATA_DIR: D:\01_Code\ao_compensation_model\src\ao_compensation_model\dataset\training
  MODEL_DIR: D:\01_Code\ao_compensation_model\src\ao_compensation_model\model
2026-03-25 12:05:31.610 | INFO     | ao_compensation_model.training_search:on_epoch_end:150 - Epoch   1 | val_loss: 0.139059
2026-03-25 12:07:18.891 | INFO     | ao_compensation_model.training_search:on_epoch_end:150 - Epoch   2 | val_loss: 0.145003
2026-03-25 12:09:20.972 | INFO     | ao_compensation_model.training_search:on_epoch_end:150 - Epoch   3 | val_loss: 0.118948
2026-03-25 12:11:25.205 | INFO     | ao_compensation_model.training_search:on_epoch_end:150 - Epoch   4 | val_loss: 0.122655
2026-03-25 12:13:28.532 | INFO     | ao_compensation_model.training_search:on_epoch_end:150 - Epoch   5 | val_loss: 0.119341
2026-03-25 12:13:28.600 | INFO     | ao_compensation_model.training_search:train:294 - Best model for this run saved as: gru_model.keras (val_loss=0.118948)
2026-03-25 12:13:30.775 | INFO     | ao_compensation_model.training_search:train:311 - TFLite model saved as: gru_model_edge.tflite
2026-03-25 12:13:31.445 | INFO     | ao_compensation_model.training_search:train:241 - --- Testing Config: GRU=256 | BATCH=64 | KERNEL=10 | FILTERS=2 | POOL=1 ---
2026-03-25 12:13:31.607 | INFO     | ao_compensation_model.training_search:train:259 - Model architecture:
Model: "functional"
┏━━━━━━━━━━━━━━━━━━━━━━━━━━━━━━━━━━━━━━┳━━━━━━━━━━━━━━━━━━━━━━━━━━━━━┳━━━━━━━━━━━━━━━━━┓
┃ Layer (type)                         ┃ Output Shape                ┃         Param # ┃
┡━━━━━━━━━━━━━━━━━━━━━━━━━━━━━━━━━━━━━━╇━━━━━━━━━━━━━━━━━━━━━━━━━━━━━╇━━━━━━━━━━━━━━━━━┩
│ input_layer (InputLayer)             │ (None, 200, 2)              │               0 │
├──────────────────────────────────────┼─────────────────────────────┼─────────────────┤
│ conv1d (Conv1D)                      │ (None, 200, 2)              │              42 │
├──────────────────────────────────────┼─────────────────────────────┼─────────────────┤
│ batch_normalization                  │ (None, 200, 2)              │               8 │
│ (BatchNormalization)                 │                             │                 │
├──────────────────────────────────────┼─────────────────────────────┼─────────────────┤
│ zero_padding1d (ZeroPadding1D)       │ (None, 200, 2)              │               0 │
├──────────────────────────────────────┼─────────────────────────────┼─────────────────┤
│ average_pooling1d (AveragePooling1D) │ (None, 200, 2)              │               0 │
├──────────────────────────────────────┼─────────────────────────────┼─────────────────┤
│ gru (GRU)                            │ (None, 256)                 │         199,680 │
├──────────────────────────────────────┼─────────────────────────────┼─────────────────┤
│ dense (Dense)                        │ (None, 2)                   │             514 │
├──────────────────────────────────────┼─────────────────────────────┼─────────────────┤
│ phase (UnitNormalization)            │ (None, 2)                   │               0 │
└──────────────────────────────────────┴─────────────────────────────┴─────────────────┘
 Total params: 200,244 (782.20 KB)
 Trainable params: 200,240 (782.19 KB)
 Non-trainable params: 4 (16.00 B)


2026-03-25 12:13:31.623 | INFO     | ao_compensation_model.training_search:train:262 - Parameters — trainable: 200240  non-trainable: 4  total: 200244
2026-03-25 12:13:31.749 | INFO     | ao_compensation_model.training_search:on_train_begin:130 - Training started.
2026-03-25 12:13:31.751 | INFO     | ao_compensation_model.training_search:on_train_begin:131 - Hyperparameters:
  WINDOW_SIZE: 200
  STRIDE: 20
  TARGET_LEAD: 0
  GRU_UNITS: 256
  DROPOUT_RATE: 0.2
  FILTERS: 2
  KERNEL_SIZE: 10
  POOL_SIZE: 1
  BATCH_SIZE: 64
  MAX_EPOCHS: 100
  LEARNING_RATE: 0.0005
  TRAINING_DATA_DIR: D:\01_Code\ao_compensation_model\src\ao_compensation_model\dataset\training
  MODEL_DIR: D:\01_Code\ao_compensation_model\src\ao_compensation_model\model
2026-03-25 13:07:44.895 | INFO     | ao_compensation_model.training_search:on_epoch_end:150 - Epoch   1 | val_loss: 0.195759
2026-03-25 13:09:02.246 | INFO     | ao_compensation_model.training_search:on_epoch_end:150 - Epoch   2 | val_loss: 0.140591
2026-03-25 13:11:15.350 | INFO     | ao_compensation_model.training_search:on_epoch_end:150 - Epoch   3 | val_loss: 0.127284
2026-03-25 13:14:33.048 | INFO     | ao_compensation_model.training_search:on_epoch_end:150 - Epoch   4 | val_loss: 0.151790
2026-03-25 13:15:52.842 | INFO     | ao_compensation_model.training_search:on_epoch_end:150 - Epoch   5 | val_loss: 0.131705
2026-03-25 13:15:52.872 | INFO     | ao_compensation_model.training_search:train:294 - Best model for this run saved as: gru_model.keras (val_loss=0.127284)
2026-03-25 13:15:55.034 | INFO     | ao_compensation_model.training_search:train:311 - TFLite model saved as: gru_model_edge.tflite
2026-03-25 13:15:55.796 | INFO     | ao_compensation_model.training_search:train:241 - --- Testing Config: GRU=256 | BATCH=64 | KERNEL=5 | FILTERS=16 | POOL=5 ---
2026-03-25 13:15:56.069 | INFO     | ao_compensation_model.training_search:train:259 - Model architecture:
Model: "functional"
┏━━━━━━━━━━━━━━━━━━━━━━━━━━━━━━━━━━━━━━┳━━━━━━━━━━━━━━━━━━━━━━━━━━━━━┳━━━━━━━━━━━━━━━━━┓
┃ Layer (type)                         ┃ Output Shape                ┃         Param # ┃
┡━━━━━━━━━━━━━━━━━━━━━━━━━━━━━━━━━━━━━━╇━━━━━━━━━━━━━━━━━━━━━━━━━━━━━╇━━━━━━━━━━━━━━━━━┩
│ input_layer (InputLayer)             │ (None, 200, 2)              │               0 │
├──────────────────────────────────────┼─────────────────────────────┼─────────────────┤
│ conv1d (Conv1D)                      │ (None, 200, 16)             │             176 │
├──────────────────────────────────────┼─────────────────────────────┼─────────────────┤
│ batch_normalization                  │ (None, 200, 16)             │              64 │
│ (BatchNormalization)                 │                             │                 │
├──────────────────────────────────────┼─────────────────────────────┼─────────────────┤
│ zero_padding1d (ZeroPadding1D)       │ (None, 204, 16)             │               0 │
├──────────────────────────────────────┼─────────────────────────────┼─────────────────┤
│ average_pooling1d (AveragePooling1D) │ (None, 200, 16)             │               0 │
├──────────────────────────────────────┼─────────────────────────────┼─────────────────┤
│ gru (GRU)                            │ (None, 256)                 │         210,432 │
├──────────────────────────────────────┼─────────────────────────────┼─────────────────┤
│ dense (Dense)                        │ (None, 2)                   │             514 │
├──────────────────────────────────────┼─────────────────────────────┼─────────────────┤
│ phase (UnitNormalization)            │ (None, 2)                   │               0 │
└──────────────────────────────────────┴─────────────────────────────┴─────────────────┘
 Total params: 211,186 (824.95 KB)
 Trainable params: 211,154 (824.82 KB)
 Non-trainable params: 32 (128.00 B)


2026-03-25 13:15:56.094 | INFO     | ao_compensation_model.training_search:train:262 - Parameters — trainable: 211154  non-trainable: 32  total: 211186
2026-03-25 13:15:56.237 | INFO     | ao_compensation_model.training_search:on_train_begin:130 - Training started.
2026-03-25 13:15:56.240 | INFO     | ao_compensation_model.training_search:on_train_begin:131 - Hyperparameters:
  WINDOW_SIZE: 200
  STRIDE: 20
  TARGET_LEAD: 0
  GRU_UNITS: 256
  DROPOUT_RATE: 0.2
  FILTERS: 16
  KERNEL_SIZE: 5
  POOL_SIZE: 5
  BATCH_SIZE: 64
  MAX_EPOCHS: 100
  LEARNING_RATE: 0.0005
  TRAINING_DATA_DIR: D:\01_Code\ao_compensation_model\src\ao_compensation_model\dataset\training
  MODEL_DIR: D:\01_Code\ao_compensation_model\src\ao_compensation_model\model
2026-03-25 13:18:09.346 | INFO     | ao_compensation_model.training_search:on_epoch_end:150 - Epoch   1 | val_loss: 0.450381
2026-03-25 13:20:27.638 | INFO     | ao_compensation_model.training_search:on_epoch_end:150 - Epoch   2 | val_loss: 0.168793
2026-03-25 13:23:01.010 | INFO     | ao_compensation_model.training_search:on_epoch_end:150 - Epoch   3 | val_loss: 0.127283
2026-03-25 13:25:30.093 | INFO     | ao_compensation_model.training_search:on_epoch_end:150 - Epoch   4 | val_loss: 0.113109
2026-03-25 13:27:55.740 | INFO     | ao_compensation_model.training_search:on_epoch_end:150 - Epoch   5 | val_loss: 0.109988
2026-03-25 13:30:24.615 | INFO     | ao_compensation_model.training_search:on_epoch_end:150 - Epoch   6 | val_loss: 0.110668
2026-03-25 13:33:01.967 | INFO     | ao_compensation_model.training_search:on_epoch_end:150 - Epoch   7 | val_loss: 0.108211
2026-03-25 13:35:18.147 | INFO     | ao_compensation_model.training_search:on_epoch_end:150 - Epoch   8 | val_loss: 0.108325
2026-03-25 13:37:30.377 | INFO     | ao_compensation_model.training_search:on_epoch_end:150 - Epoch   9 | val_loss: 0.112299
2026-03-25 13:37:30.441 | INFO     | ao_compensation_model.training_search:train:294 - Best model for this run saved as: gru_model.keras (val_loss=0.108211)
2026-03-25 13:37:33.164 | INFO     | ao_compensation_model.training_search:train:311 - TFLite model saved as: gru_model_edge.tflite
2026-03-25 13:37:33.956 | INFO     | ao_compensation_model.training_search:train:241 - --- Testing Config: GRU=256 | BATCH=64 | KERNEL=5 | FILTERS=16 | POOL=3 ---
2026-03-25 13:37:34.104 | INFO     | ao_compensation_model.training_search:train:259 - Model architecture:
Model: "functional"
┏━━━━━━━━━━━━━━━━━━━━━━━━━━━━━━━━━━━━━━┳━━━━━━━━━━━━━━━━━━━━━━━━━━━━━┳━━━━━━━━━━━━━━━━━┓
┃ Layer (type)                         ┃ Output Shape                ┃         Param # ┃
┡━━━━━━━━━━━━━━━━━━━━━━━━━━━━━━━━━━━━━━╇━━━━━━━━━━━━━━━━━━━━━━━━━━━━━╇━━━━━━━━━━━━━━━━━┩
│ input_layer (InputLayer)             │ (None, 200, 2)              │               0 │
├──────────────────────────────────────┼─────────────────────────────┼─────────────────┤
│ conv1d (Conv1D)                      │ (None, 200, 16)             │             176 │
├──────────────────────────────────────┼─────────────────────────────┼─────────────────┤
│ batch_normalization                  │ (None, 200, 16)             │              64 │
│ (BatchNormalization)                 │                             │                 │
├──────────────────────────────────────┼─────────────────────────────┼─────────────────┤
│ zero_padding1d (ZeroPadding1D)       │ (None, 202, 16)             │               0 │
├──────────────────────────────────────┼─────────────────────────────┼─────────────────┤
│ average_pooling1d (AveragePooling1D) │ (None, 200, 16)             │               0 │
├──────────────────────────────────────┼─────────────────────────────┼─────────────────┤
│ gru (GRU)                            │ (None, 256)                 │         210,432 │
├──────────────────────────────────────┼─────────────────────────────┼─────────────────┤
│ dense (Dense)                        │ (None, 2)                   │             514 │
├──────────────────────────────────────┼─────────────────────────────┼─────────────────┤
│ phase (UnitNormalization)            │ (None, 2)                   │               0 │
└──────────────────────────────────────┴─────────────────────────────┴─────────────────┘
 Total params: 211,186 (824.95 KB)
 Trainable params: 211,154 (824.82 KB)
 Non-trainable params: 32 (128.00 B)


2026-03-25 13:37:34.117 | INFO     | ao_compensation_model.training_search:train:262 - Parameters — trainable: 211154  non-trainable: 32  total: 211186
2026-03-25 13:37:34.230 | INFO     | ao_compensation_model.training_search:on_train_begin:130 - Training started.
2026-03-25 13:37:34.230 | INFO     | ao_compensation_model.training_search:on_train_begin:131 - Hyperparameters:
  WINDOW_SIZE: 200
  STRIDE: 20
  TARGET_LEAD: 0
  GRU_UNITS: 256
  DROPOUT_RATE: 0.2
  FILTERS: 16
  KERNEL_SIZE: 5
  POOL_SIZE: 3
  BATCH_SIZE: 64
  MAX_EPOCHS: 100
  LEARNING_RATE: 0.0005
  TRAINING_DATA_DIR: D:\01_Code\ao_compensation_model\src\ao_compensation_model\dataset\training
  MODEL_DIR: D:\01_Code\ao_compensation_model\src\ao_compensation_model\model
2026-03-25 13:40:08.853 | INFO     | ao_compensation_model.training_search:on_epoch_end:150 - Epoch   1 | val_loss: 0.357254
2026-03-25 13:42:25.311 | INFO     | ao_compensation_model.training_search:on_epoch_end:150 - Epoch   2 | val_loss: 0.156501
2026-03-25 13:44:49.303 | INFO     | ao_compensation_model.training_search:on_epoch_end:150 - Epoch   3 | val_loss: 0.119132
2026-03-25 13:47:07.218 | INFO     | ao_compensation_model.training_search:on_epoch_end:150 - Epoch   4 | val_loss: 0.107694
2026-03-25 13:49:36.085 | INFO     | ao_compensation_model.training_search:on_epoch_end:150 - Epoch   5 | val_loss: 0.109719
2026-03-25 13:52:18.957 | INFO     | ao_compensation_model.training_search:on_epoch_end:150 - Epoch   6 | val_loss: 0.111230
2026-03-25 13:52:19.048 | INFO     | ao_compensation_model.training_search:train:294 - Best model for this run saved as: gru_model.keras (val_loss=0.107694)
2026-03-25 13:52:22.500 | INFO     | ao_compensation_model.training_search:train:311 - TFLite model saved as: gru_model_edge.tflite
2026-03-25 13:52:23.496 | INFO     | ao_compensation_model.training_search:train:241 - --- Testing Config: GRU=256 | BATCH=64 | KERNEL=5 | FILTERS=16 | POOL=1 ---
2026-03-25 13:52:23.732 | INFO     | ao_compensation_model.training_search:train:259 - Model architecture:
Model: "functional"
┏━━━━━━━━━━━━━━━━━━━━━━━━━━━━━━━━━━━━━━┳━━━━━━━━━━━━━━━━━━━━━━━━━━━━━┳━━━━━━━━━━━━━━━━━┓
┃ Layer (type)                         ┃ Output Shape                ┃         Param # ┃
┡━━━━━━━━━━━━━━━━━━━━━━━━━━━━━━━━━━━━━━╇━━━━━━━━━━━━━━━━━━━━━━━━━━━━━╇━━━━━━━━━━━━━━━━━┩
│ input_layer (InputLayer)             │ (None, 200, 2)              │               0 │
├──────────────────────────────────────┼─────────────────────────────┼─────────────────┤
│ conv1d (Conv1D)                      │ (None, 200, 16)             │             176 │
├──────────────────────────────────────┼─────────────────────────────┼─────────────────┤
│ batch_normalization                  │ (None, 200, 16)             │              64 │
│ (BatchNormalization)                 │                             │                 │
├──────────────────────────────────────┼─────────────────────────────┼─────────────────┤
│ zero_padding1d (ZeroPadding1D)       │ (None, 200, 16)             │               0 │
├──────────────────────────────────────┼─────────────────────────────┼─────────────────┤
│ average_pooling1d (AveragePooling1D) │ (None, 200, 16)             │               0 │
├──────────────────────────────────────┼─────────────────────────────┼─────────────────┤
│ gru (GRU)                            │ (None, 256)                 │         210,432 │
├──────────────────────────────────────┼─────────────────────────────┼─────────────────┤
│ dense (Dense)                        │ (None, 2)                   │             514 │
├──────────────────────────────────────┼─────────────────────────────┼─────────────────┤
│ phase (UnitNormalization)            │ (None, 2)                   │               0 │
└──────────────────────────────────────┴─────────────────────────────┴─────────────────┘
 Total params: 211,186 (824.95 KB)
 Trainable params: 211,154 (824.82 KB)
 Non-trainable params: 32 (128.00 B)


2026-03-25 13:52:23.753 | INFO     | ao_compensation_model.training_search:train:262 - Parameters — trainable: 211154  non-trainable: 32  total: 211186
2026-03-25 13:52:23.921 | INFO     | ao_compensation_model.training_search:on_train_begin:130 - Training started.
2026-03-25 13:52:23.922 | INFO     | ao_compensation_model.training_search:on_train_begin:131 - Hyperparameters:
  WINDOW_SIZE: 200
  STRIDE: 20
  TARGET_LEAD: 0
  GRU_UNITS: 256
  DROPOUT_RATE: 0.2
  FILTERS: 16
  KERNEL_SIZE: 5
  POOL_SIZE: 1
  BATCH_SIZE: 64
  MAX_EPOCHS: 100
  LEARNING_RATE: 0.0005
  TRAINING_DATA_DIR: D:\01_Code\ao_compensation_model\src\ao_compensation_model\dataset\training
  MODEL_DIR: D:\01_Code\ao_compensation_model\src\ao_compensation_model\model
2026-03-25 13:55:21.092 | INFO     | ao_compensation_model.training_search:on_epoch_end:150 - Epoch   1 | val_loss: 0.339534
2026-03-25 14:00:15.061 | INFO     | ao_compensation_model.training_search:on_epoch_end:150 - Epoch   2 | val_loss: 0.135422
2026-03-25 14:02:27.481 | INFO     | ao_compensation_model.training_search:on_epoch_end:150 - Epoch   3 | val_loss: 0.114991
2026-03-25 14:04:53.077 | INFO     | ao_compensation_model.training_search:on_epoch_end:150 - Epoch   4 | val_loss: 0.108013
2026-03-25 14:07:13.160 | INFO     | ao_compensation_model.training_search:on_epoch_end:150 - Epoch   5 | val_loss: 0.107393
2026-03-25 14:09:32.769 | INFO     | ao_compensation_model.training_search:on_epoch_end:150 - Epoch   6 | val_loss: 0.107213
2026-03-25 14:12:01.728 | INFO     | ao_compensation_model.training_search:on_epoch_end:150 - Epoch   7 | val_loss: 0.103374
2026-03-25 14:14:33.445 | INFO     | ao_compensation_model.training_search:on_epoch_end:150 - Epoch   8 | val_loss: 0.108617
2026-03-25 14:17:05.401 | INFO     | ao_compensation_model.training_search:on_epoch_end:150 - Epoch   9 | val_loss: 0.114531
2026-03-25 14:17:05.452 | INFO     | ao_compensation_model.training_search:train:294 - Best model for this run saved as: gru_model.keras (val_loss=0.103374)
2026-03-25 14:17:09.379 | INFO     | ao_compensation_model.training_search:train:311 - TFLite model saved as: gru_model_edge.tflite
2026-03-25 14:17:10.275 | INFO     | ao_compensation_model.training_search:train:241 - --- Testing Config: GRU=256 | BATCH=64 | KERNEL=5 | FILTERS=8 | POOL=5 ---
2026-03-25 14:17:10.480 | INFO     | ao_compensation_model.training_search:train:259 - Model architecture:
Model: "functional"
┏━━━━━━━━━━━━━━━━━━━━━━━━━━━━━━━━━━━━━━┳━━━━━━━━━━━━━━━━━━━━━━━━━━━━━┳━━━━━━━━━━━━━━━━━┓
┃ Layer (type)                         ┃ Output Shape                ┃         Param # ┃
┡━━━━━━━━━━━━━━━━━━━━━━━━━━━━━━━━━━━━━━╇━━━━━━━━━━━━━━━━━━━━━━━━━━━━━╇━━━━━━━━━━━━━━━━━┩
│ input_layer (InputLayer)             │ (None, 200, 2)              │               0 │
├──────────────────────────────────────┼─────────────────────────────┼─────────────────┤
│ conv1d (Conv1D)                      │ (None, 200, 8)              │              88 │
├──────────────────────────────────────┼─────────────────────────────┼─────────────────┤
│ batch_normalization                  │ (None, 200, 8)              │              32 │
│ (BatchNormalization)                 │                             │                 │
├──────────────────────────────────────┼─────────────────────────────┼─────────────────┤
│ zero_padding1d (ZeroPadding1D)       │ (None, 204, 8)              │               0 │
├──────────────────────────────────────┼─────────────────────────────┼─────────────────┤
│ average_pooling1d (AveragePooling1D) │ (None, 200, 8)              │               0 │
├──────────────────────────────────────┼─────────────────────────────┼─────────────────┤
│ gru (GRU)                            │ (None, 256)                 │         204,288 │
├──────────────────────────────────────┼─────────────────────────────┼─────────────────┤
│ dense (Dense)                        │ (None, 2)                   │             514 │
├──────────────────────────────────────┼─────────────────────────────┼─────────────────┤
│ phase (UnitNormalization)            │ (None, 2)                   │               0 │
└──────────────────────────────────────┴─────────────────────────────┴─────────────────┘
 Total params: 204,922 (800.48 KB)
 Trainable params: 204,906 (800.41 KB)
 Non-trainable params: 16 (64.00 B)


2026-03-25 14:17:10.496 | INFO     | ao_compensation_model.training_search:train:262 - Parameters — trainable: 204906  non-trainable: 16  total: 204922
2026-03-25 14:17:10.573 | INFO     | ao_compensation_model.training_search:on_train_begin:130 - Training started.
2026-03-25 14:17:10.574 | INFO     | ao_compensation_model.training_search:on_train_begin:131 - Hyperparameters:
  WINDOW_SIZE: 200
  STRIDE: 20
  TARGET_LEAD: 0
  GRU_UNITS: 256
  DROPOUT_RATE: 0.2
  FILTERS: 8
  KERNEL_SIZE: 5
  POOL_SIZE: 5
  BATCH_SIZE: 64
  MAX_EPOCHS: 100
  LEARNING_RATE: 0.0005
  TRAINING_DATA_DIR: D:\01_Code\ao_compensation_model\src\ao_compensation_model\dataset\training
  MODEL_DIR: D:\01_Code\ao_compensation_model\src\ao_compensation_model\model
2026-03-25 14:19:53.320 | INFO     | ao_compensation_model.training_search:on_epoch_end:150 - Epoch   1 | val_loss: 0.263666
2026-03-25 14:22:28.726 | INFO     | ao_compensation_model.training_search:on_epoch_end:150 - Epoch   2 | val_loss: 0.153183
2026-03-25 14:25:01.747 | INFO     | ao_compensation_model.training_search:on_epoch_end:150 - Epoch   3 | val_loss: 0.125301
2026-03-25 14:27:34.355 | INFO     | ao_compensation_model.training_search:on_epoch_end:150 - Epoch   4 | val_loss: 0.112618
2026-03-25 14:30:09.138 | INFO     | ao_compensation_model.training_search:on_epoch_end:150 - Epoch   5 | val_loss: 0.110050
2026-03-25 14:33:30.321 | INFO     | ao_compensation_model.training_search:on_epoch_end:150 - Epoch   6 | val_loss: 0.110754
