2026-03-25 23:53:35.988 | INFO     | ao_compensation_model.utils:setup_logger:421 - Logging to 'data\logs\log_file_2026-03-25_23-53-35.log'.
2026-03-25 23:53:45.584 | INFO     | ao_compensation_model.app:_run_train:41 - Starting GRU training pipeline...
2026-03-25 23:53:45.585 | WARNING  | ao_compensation_model.training_search:setup_gpu:68 - No compatible GPU found. TensorFlow will fall back to CPU for training.
2026-03-25 23:53:47.593 | INFO     | ao_compensation_model.training_search:train:235 - Starting hyperparameter search with 144 combinations.
2026-03-25 23:53:47.594 | INFO     | ao_compensation_model.training_search:train:241 - --- Testing Config: GRU=8 | BATCH=64 | KERNEL=5 | FILTERS=4 | POOL=5 ---
2026-03-25 23:53:47.773 | INFO     | ao_compensation_model.training_search:train:259 - Model architecture:
Model: "functional"
┏━━━━━━━━━━━━━━━━━━━━━━━━━━━━━━━━━━━━━━┳━━━━━━━━━━━━━━━━━━━━━━━━━━━━━┳━━━━━━━━━━━━━━━━━┓
┃ Layer (type)                         ┃ Output Shape                ┃         Param # ┃
┡━━━━━━━━━━━━━━━━━━━━━━━━━━━━━━━━━━━━━━╇━━━━━━━━━━━━━━━━━━━━━━━━━━━━━╇━━━━━━━━━━━━━━━━━┩
│ input_layer (InputLayer)             │ (None, 200, 2)              │               0 │
├──────────────────────────────────────┼─────────────────────────────┼─────────────────┤
│ conv1d (Conv1D)                      │ (None, 200, 4)              │              44 │
├──────────────────────────────────────┼─────────────────────────────┼─────────────────┤
│ batch_normalization                  │ (None, 200, 4)              │              16 │
│ (BatchNormalization)                 │                             │                 │
├──────────────────────────────────────┼─────────────────────────────┼─────────────────┤
│ zero_padding1d (ZeroPadding1D)       │ (None, 204, 4)              │               0 │
├──────────────────────────────────────┼─────────────────────────────┼─────────────────┤
│ average_pooling1d (AveragePooling1D) │ (None, 200, 4)              │               0 │
├──────────────────────────────────────┼─────────────────────────────┼─────────────────┤
│ gru (GRU)                            │ (None, 8)                   │             336 │
├──────────────────────────────────────┼─────────────────────────────┼─────────────────┤
│ dense (Dense)                        │ (None, 2)                   │              18 │
├──────────────────────────────────────┼─────────────────────────────┼─────────────────┤
│ phase (UnitNormalization)            │ (None, 2)                   │               0 │
└──────────────────────────────────────┴─────────────────────────────┴─────────────────┘
 Total params: 414 (1.62 KB)
 Trainable params: 406 (1.59 KB)
 Non-trainable params: 8 (32.00 B)


2026-03-25 23:53:47.788 | INFO     | ao_compensation_model.training_search:train:262 - Parameters — trainable: 406  non-trainable: 8  total: 414
2026-03-25 23:53:47.900 | INFO     | ao_compensation_model.training_search:on_train_begin:130 - Training started.
2026-03-25 23:53:47.901 | INFO     | ao_compensation_model.training_search:on_train_begin:131 - Hyperparameters:
  WINDOW_SIZE: 200
  STRIDE: 20
  TARGET_LEAD: 0
  GRU_UNITS: 8
  DROPOUT_RATE: 0.2
  FILTERS: 4
  KERNEL_SIZE: 5
  POOL_SIZE: 5
  BATCH_SIZE: 64
  MAX_EPOCHS: 100
  LEARNING_RATE: 0.0005
  TRAINING_DATA_DIR: D:\01_Code\ao_compensation_model\src\ao_compensation_model\dataset\training
  MODEL_DIR: D:\01_Code\ao_compensation_model\src\ao_compensation_model\model
2026-03-25 23:54:05.648 | INFO     | ao_compensation_model.training_search:on_epoch_end:150 - Epoch   1 | val_loss: 0.338933
2026-03-25 23:54:18.859 | INFO     | ao_compensation_model.training_search:on_epoch_end:150 - Epoch   2 | val_loss: 0.303835
2026-03-25 23:54:34.687 | INFO     | ao_compensation_model.training_search:on_epoch_end:150 - Epoch   3 | val_loss: 0.269251
2026-03-25 23:54:49.467 | INFO     | ao_compensation_model.training_search:on_epoch_end:150 - Epoch   4 | val_loss: 0.240858
2026-03-25 23:55:03.123 | INFO     | ao_compensation_model.training_search:on_epoch_end:150 - Epoch   5 | val_loss: 0.216400
2026-03-25 23:55:16.509 | INFO     | ao_compensation_model.training_search:on_epoch_end:150 - Epoch   6 | val_loss: 0.206372
2026-03-25 23:55:29.157 | INFO     | ao_compensation_model.training_search:on_epoch_end:150 - Epoch   7 | val_loss: 0.200403
2026-03-25 23:55:41.500 | INFO     | ao_compensation_model.training_search:on_epoch_end:150 - Epoch   8 | val_loss: 0.210179
2026-03-25 23:55:53.798 | INFO     | ao_compensation_model.training_search:on_epoch_end:150 - Epoch   9 | val_loss: 0.209298
2026-03-25 23:55:53.844 | INFO     | ao_compensation_model.training_search:train:294 - Best model for this run saved as: gru_model.keras (val_loss=0.200403)
2026-03-25 23:55:56.775 | INFO     | ao_compensation_model.training_search:train:311 - TFLite model saved as: gru_model_edge.tflite
2026-03-25 23:55:56.777 | INFO     | ao_compensation_model.training_search:train:317 - *** New best overall config! Val Loss: 0.200403 ***
2026-03-25 23:55:58.913 | INFO     | ao_compensation_model.training_search:train:241 - --- Testing Config: GRU=8 | BATCH=64 | KERNEL=5 | FILTERS=4 | POOL=3 ---
2026-03-25 23:55:59.039 | INFO     | ao_compensation_model.training_search:train:259 - Model architecture:
Model: "functional"
┏━━━━━━━━━━━━━━━━━━━━━━━━━━━━━━━━━━━━━━┳━━━━━━━━━━━━━━━━━━━━━━━━━━━━━┳━━━━━━━━━━━━━━━━━┓
┃ Layer (type)                         ┃ Output Shape                ┃         Param # ┃
┡━━━━━━━━━━━━━━━━━━━━━━━━━━━━━━━━━━━━━━╇━━━━━━━━━━━━━━━━━━━━━━━━━━━━━╇━━━━━━━━━━━━━━━━━┩
│ input_layer (InputLayer)             │ (None, 200, 2)              │               0 │
├──────────────────────────────────────┼─────────────────────────────┼─────────────────┤
│ conv1d (Conv1D)                      │ (None, 200, 4)              │              44 │
├──────────────────────────────────────┼─────────────────────────────┼─────────────────┤
│ batch_normalization                  │ (None, 200, 4)              │              16 │
│ (BatchNormalization)                 │                             │                 │
├──────────────────────────────────────┼─────────────────────────────┼─────────────────┤
│ zero_padding1d (ZeroPadding1D)       │ (None, 202, 4)              │               0 │
├──────────────────────────────────────┼─────────────────────────────┼─────────────────┤
│ average_pooling1d (AveragePooling1D) │ (None, 200, 4)              │               0 │
├──────────────────────────────────────┼─────────────────────────────┼─────────────────┤
│ gru (GRU)                            │ (None, 8)                   │             336 │
├──────────────────────────────────────┼─────────────────────────────┼─────────────────┤
│ dense (Dense)                        │ (None, 2)                   │              18 │
├──────────────────────────────────────┼─────────────────────────────┼─────────────────┤
│ phase (UnitNormalization)            │ (None, 2)                   │               0 │
└──────────────────────────────────────┴─────────────────────────────┴─────────────────┘
 Total params: 414 (1.62 KB)
 Trainable params: 406 (1.59 KB)
 Non-trainable params: 8 (32.00 B)


2026-03-25 23:55:59.054 | INFO     | ao_compensation_model.training_search:train:262 - Parameters — trainable: 406  non-trainable: 8  total: 414
2026-03-25 23:55:59.147 | INFO     | ao_compensation_model.training_search:on_train_begin:130 - Training started.
2026-03-25 23:55:59.147 | INFO     | ao_compensation_model.training_search:on_train_begin:131 - Hyperparameters:
  WINDOW_SIZE: 200
  STRIDE: 20
  TARGET_LEAD: 0
  GRU_UNITS: 8
  DROPOUT_RATE: 0.2
  FILTERS: 4
  KERNEL_SIZE: 5
  POOL_SIZE: 3
  BATCH_SIZE: 64
  MAX_EPOCHS: 100
  LEARNING_RATE: 0.0005
  TRAINING_DATA_DIR: D:\01_Code\ao_compensation_model\src\ao_compensation_model\dataset\training
  MODEL_DIR: D:\01_Code\ao_compensation_model\src\ao_compensation_model\model
2026-03-25 23:56:17.307 | INFO     | ao_compensation_model.training_search:on_epoch_end:150 - Epoch   1 | val_loss: 0.355612
2026-03-25 23:56:29.479 | INFO     | ao_compensation_model.training_search:on_epoch_end:150 - Epoch   2 | val_loss: 0.338221
2026-03-25 23:56:42.012 | INFO     | ao_compensation_model.training_search:on_epoch_end:150 - Epoch   3 | val_loss: 0.287592
2026-03-25 23:56:54.553 | INFO     | ao_compensation_model.training_search:on_epoch_end:150 - Epoch   4 | val_loss: 0.241924
2026-03-25 23:57:07.091 | INFO     | ao_compensation_model.training_search:on_epoch_end:150 - Epoch   5 | val_loss: 0.219567
2026-03-25 23:57:19.561 | INFO     | ao_compensation_model.training_search:on_epoch_end:150 - Epoch   6 | val_loss: 0.220272
2026-03-25 23:57:32.045 | INFO     | ao_compensation_model.training_search:on_epoch_end:150 - Epoch   7 | val_loss: 0.216982
2026-03-25 23:57:44.592 | INFO     | ao_compensation_model.training_search:on_epoch_end:150 - Epoch   8 | val_loss: 0.215448
2026-03-25 23:57:57.120 | INFO     | ao_compensation_model.training_search:on_epoch_end:150 - Epoch   9 | val_loss: 0.214497
2026-03-25 23:58:09.747 | INFO     | ao_compensation_model.training_search:on_epoch_end:150 - Epoch  10 | val_loss: 0.212789
2026-03-25 23:58:22.375 | INFO     | ao_compensation_model.training_search:on_epoch_end:150 - Epoch  11 | val_loss: 0.208072
2026-03-25 23:58:34.894 | INFO     | ao_compensation_model.training_search:on_epoch_end:150 - Epoch  12 | val_loss: 0.206780
2026-03-25 23:58:47.375 | INFO     | ao_compensation_model.training_search:on_epoch_end:150 - Epoch  13 | val_loss: 0.209671
2026-03-25 23:58:59.819 | INFO     | ao_compensation_model.training_search:on_epoch_end:150 - Epoch  14 | val_loss: 0.210220
2026-03-25 23:58:59.849 | INFO     | ao_compensation_model.training_search:train:294 - Best model for this run saved as: gru_model.keras (val_loss=0.206780)
2026-03-25 23:59:01.814 | INFO     | ao_compensation_model.training_search:train:311 - TFLite model saved as: gru_model_edge.tflite
2026-03-25 23:59:02.106 | INFO     | ao_compensation_model.training_search:train:241 - --- Testing Config: GRU=8 | BATCH=64 | KERNEL=5 | FILTERS=8 | POOL=5 ---
2026-03-25 23:59:02.223 | INFO     | ao_compensation_model.training_search:train:259 - Model architecture:
Model: "functional"
┏━━━━━━━━━━━━━━━━━━━━━━━━━━━━━━━━━━━━━━┳━━━━━━━━━━━━━━━━━━━━━━━━━━━━━┳━━━━━━━━━━━━━━━━━┓
┃ Layer (type)                         ┃ Output Shape                ┃         Param # ┃
┡━━━━━━━━━━━━━━━━━━━━━━━━━━━━━━━━━━━━━━╇━━━━━━━━━━━━━━━━━━━━━━━━━━━━━╇━━━━━━━━━━━━━━━━━┩
│ input_layer (InputLayer)             │ (None, 200, 2)              │               0 │
├──────────────────────────────────────┼─────────────────────────────┼─────────────────┤
│ conv1d (Conv1D)                      │ (None, 200, 8)              │              88 │
├──────────────────────────────────────┼─────────────────────────────┼─────────────────┤
│ batch_normalization                  │ (None, 200, 8)              │              32 │
│ (BatchNormalization)                 │                             │                 │
├──────────────────────────────────────┼─────────────────────────────┼─────────────────┤
│ zero_padding1d (ZeroPadding1D)       │ (None, 204, 8)              │               0 │
├──────────────────────────────────────┼─────────────────────────────┼─────────────────┤
│ average_pooling1d (AveragePooling1D) │ (None, 200, 8)              │               0 │
├──────────────────────────────────────┼─────────────────────────────┼─────────────────┤
│ gru (GRU)                            │ (None, 8)                   │             432 │
├──────────────────────────────────────┼─────────────────────────────┼─────────────────┤
│ dense (Dense)                        │ (None, 2)                   │              18 │
├──────────────────────────────────────┼─────────────────────────────┼─────────────────┤
│ phase (UnitNormalization)            │ (None, 2)                   │               0 │
└──────────────────────────────────────┴─────────────────────────────┴─────────────────┘
 Total params: 570 (2.23 KB)
 Trainable params: 554 (2.16 KB)
 Non-trainable params: 16 (64.00 B)


2026-03-25 23:59:02.235 | INFO     | ao_compensation_model.training_search:train:262 - Parameters — trainable: 554  non-trainable: 16  total: 570
2026-03-25 23:59:02.310 | INFO     | ao_compensation_model.training_search:on_train_begin:130 - Training started.
2026-03-25 23:59:02.311 | INFO     | ao_compensation_model.training_search:on_train_begin:131 - Hyperparameters:
  WINDOW_SIZE: 200
  STRIDE: 20
  TARGET_LEAD: 0
  GRU_UNITS: 8
  DROPOUT_RATE: 0.2
  FILTERS: 8
  KERNEL_SIZE: 5
  POOL_SIZE: 5
  BATCH_SIZE: 64
  MAX_EPOCHS: 100
  LEARNING_RATE: 0.0005
  TRAINING_DATA_DIR: D:\01_Code\ao_compensation_model\src\ao_compensation_model\dataset\training
  MODEL_DIR: D:\01_Code\ao_compensation_model\src\ao_compensation_model\model
2026-03-25 23:59:21.135 | INFO     | ao_compensation_model.training_search:on_epoch_end:150 - Epoch   1 | val_loss: 0.411527
2026-03-25 23:59:34.219 | INFO     | ao_compensation_model.training_search:on_epoch_end:150 - Epoch   2 | val_loss: 0.303737
2026-03-25 23:59:47.239 | INFO     | ao_compensation_model.training_search:on_epoch_end:150 - Epoch   3 | val_loss: 0.254470
2026-03-26 00:00:00.248 | INFO     | ao_compensation_model.training_search:on_epoch_end:150 - Epoch   4 | val_loss: 0.237196
2026-03-26 00:00:13.159 | INFO     | ao_compensation_model.training_search:on_epoch_end:150 - Epoch   5 | val_loss: 0.215644
2026-03-26 00:00:26.213 | INFO     | ao_compensation_model.training_search:on_epoch_end:150 - Epoch   6 | val_loss: 0.204737
2026-03-26 00:00:39.299 | INFO     | ao_compensation_model.training_search:on_epoch_end:150 - Epoch   7 | val_loss: 0.198968
2026-03-26 00:00:52.342 | INFO     | ao_compensation_model.training_search:on_epoch_end:150 - Epoch   8 | val_loss: 0.193671
2026-03-26 00:01:05.375 | INFO     | ao_compensation_model.training_search:on_epoch_end:150 - Epoch   9 | val_loss: 0.195475
2026-03-26 00:01:18.299 | INFO     | ao_compensation_model.training_search:on_epoch_end:150 - Epoch  10 | val_loss: 0.195549
2026-03-26 00:01:18.326 | INFO     | ao_compensation_model.training_search:train:294 - Best model for this run saved as: gru_model.keras (val_loss=0.193671)
2026-03-26 00:01:20.325 | INFO     | ao_compensation_model.training_search:train:311 - TFLite model saved as: gru_model_edge.tflite
2026-03-26 00:01:20.327 | INFO     | ao_compensation_model.training_search:train:317 - *** New best overall config! Val Loss: 0.193671 ***
2026-03-26 00:01:20.599 | INFO     | ao_compensation_model.training_search:train:241 - --- Testing Config: GRU=8 | BATCH=64 | KERNEL=5 | FILTERS=8 | POOL=3 ---
2026-03-26 00:01:20.711 | INFO     | ao_compensation_model.training_search:train:259 - Model architecture:
Model: "functional"
┏━━━━━━━━━━━━━━━━━━━━━━━━━━━━━━━━━━━━━━┳━━━━━━━━━━━━━━━━━━━━━━━━━━━━━┳━━━━━━━━━━━━━━━━━┓
┃ Layer (type)                         ┃ Output Shape                ┃         Param # ┃
┡━━━━━━━━━━━━━━━━━━━━━━━━━━━━━━━━━━━━━━╇━━━━━━━━━━━━━━━━━━━━━━━━━━━━━╇━━━━━━━━━━━━━━━━━┩
│ input_layer (InputLayer)             │ (None, 200, 2)              │               0 │
├──────────────────────────────────────┼─────────────────────────────┼─────────────────┤
│ conv1d (Conv1D)                      │ (None, 200, 8)              │              88 │
├──────────────────────────────────────┼─────────────────────────────┼─────────────────┤
│ batch_normalization                  │ (None, 200, 8)              │              32 │
│ (BatchNormalization)                 │                             │                 │
├──────────────────────────────────────┼─────────────────────────────┼─────────────────┤
│ zero_padding1d (ZeroPadding1D)       │ (None, 202, 8)              │               0 │
├──────────────────────────────────────┼─────────────────────────────┼─────────────────┤
│ average_pooling1d (AveragePooling1D) │ (None, 200, 8)              │               0 │
├──────────────────────────────────────┼─────────────────────────────┼─────────────────┤
│ gru (GRU)                            │ (None, 8)                   │             432 │
├──────────────────────────────────────┼─────────────────────────────┼─────────────────┤
│ dense (Dense)                        │ (None, 2)                   │              18 │
├──────────────────────────────────────┼─────────────────────────────┼─────────────────┤
│ phase (UnitNormalization)            │ (None, 2)                   │               0 │
└──────────────────────────────────────┴─────────────────────────────┴─────────────────┘
 Total params: 570 (2.23 KB)
 Trainable params: 554 (2.16 KB)
 Non-trainable params: 16 (64.00 B)


2026-03-26 00:01:20.722 | INFO     | ao_compensation_model.training_search:train:262 - Parameters — trainable: 554  non-trainable: 16  total: 570
2026-03-26 00:01:20.788 | INFO     | ao_compensation_model.training_search:on_train_begin:130 - Training started.
2026-03-26 00:01:20.789 | INFO     | ao_compensation_model.training_search:on_train_begin:131 - Hyperparameters:
  WINDOW_SIZE: 200
  STRIDE: 20
  TARGET_LEAD: 0
  GRU_UNITS: 8
  DROPOUT_RATE: 0.2
  FILTERS: 8
  KERNEL_SIZE: 5
  POOL_SIZE: 3
  BATCH_SIZE: 64
  MAX_EPOCHS: 100
  LEARNING_RATE: 0.0005
  TRAINING_DATA_DIR: D:\01_Code\ao_compensation_model\src\ao_compensation_model\dataset\training
  MODEL_DIR: D:\01_Code\ao_compensation_model\src\ao_compensation_model\model
2026-03-26 00:01:38.823 | INFO     | ao_compensation_model.training_search:on_epoch_end:150 - Epoch   1 | val_loss: 0.331687
2026-03-26 00:01:51.815 | INFO     | ao_compensation_model.training_search:on_epoch_end:150 - Epoch   2 | val_loss: 0.264548
2026-03-26 00:02:04.640 | INFO     | ao_compensation_model.training_search:on_epoch_end:150 - Epoch   3 | val_loss: 0.233487
2026-03-26 00:02:17.635 | INFO     | ao_compensation_model.training_search:on_epoch_end:150 - Epoch   4 | val_loss: 0.209361
2026-03-26 00:02:30.478 | INFO     | ao_compensation_model.training_search:on_epoch_end:150 - Epoch   5 | val_loss: 0.202438
2026-03-26 00:02:43.420 | INFO     | ao_compensation_model.training_search:on_epoch_end:150 - Epoch   6 | val_loss: 0.199584
2026-03-26 00:02:56.234 | INFO     | ao_compensation_model.training_search:on_epoch_end:150 - Epoch   7 | val_loss: 0.191698
2026-03-26 00:03:09.014 | INFO     | ao_compensation_model.training_search:on_epoch_end:150 - Epoch   8 | val_loss: 0.194790
2026-03-26 00:03:21.703 | INFO     | ao_compensation_model.training_search:on_epoch_end:150 - Epoch   9 | val_loss: 0.198430
2026-03-26 00:03:21.731 | INFO     | ao_compensation_model.training_search:train:294 - Best model for this run saved as: gru_model.keras (val_loss=0.191698)
2026-03-26 00:03:23.908 | INFO     | ao_compensation_model.training_search:train:311 - TFLite model saved as: gru_model_edge.tflite
2026-03-26 00:03:23.921 | INFO     | ao_compensation_model.training_search:train:317 - *** New best overall config! Val Loss: 0.191698 ***
2026-03-26 00:03:24.310 | INFO     | ao_compensation_model.training_search:train:241 - --- Testing Config: GRU=8 | BATCH=64 | KERNEL=5 | FILTERS=16 | POOL=5 ---
2026-03-26 00:03:24.737 | INFO     | ao_compensation_model.training_search:train:259 - Model architecture:
Model: "functional"
┏━━━━━━━━━━━━━━━━━━━━━━━━━━━━━━━━━━━━━━┳━━━━━━━━━━━━━━━━━━━━━━━━━━━━━┳━━━━━━━━━━━━━━━━━┓
┃ Layer (type)                         ┃ Output Shape                ┃         Param # ┃
┡━━━━━━━━━━━━━━━━━━━━━━━━━━━━━━━━━━━━━━╇━━━━━━━━━━━━━━━━━━━━━━━━━━━━━╇━━━━━━━━━━━━━━━━━┩
│ input_layer (InputLayer)             │ (None, 200, 2)              │               0 │
├──────────────────────────────────────┼─────────────────────────────┼─────────────────┤
│ conv1d (Conv1D)                      │ (None, 200, 16)             │             176 │
├──────────────────────────────────────┼─────────────────────────────┼─────────────────┤
│ batch_normalization                  │ (None, 200, 16)             │              64 │
│ (BatchNormalization)                 │                             │                 │
├──────────────────────────────────────┼─────────────────────────────┼─────────────────┤
│ zero_padding1d (ZeroPadding1D)       │ (None, 204, 16)             │               0 │
├──────────────────────────────────────┼─────────────────────────────┼─────────────────┤
│ average_pooling1d (AveragePooling1D) │ (None, 200, 16)             │               0 │
├──────────────────────────────────────┼─────────────────────────────┼─────────────────┤
│ gru (GRU)                            │ (None, 8)                   │             624 │
├──────────────────────────────────────┼─────────────────────────────┼─────────────────┤
│ dense (Dense)                        │ (None, 2)                   │              18 │
├──────────────────────────────────────┼─────────────────────────────┼─────────────────┤
│ phase (UnitNormalization)            │ (None, 2)                   │               0 │
└──────────────────────────────────────┴─────────────────────────────┴─────────────────┘
 Total params: 882 (3.45 KB)
 Trainable params: 850 (3.32 KB)
 Non-trainable params: 32 (128.00 B)


2026-03-26 00:03:24.772 | INFO     | ao_compensation_model.training_search:train:262 - Parameters — trainable: 850  non-trainable: 32  total: 882
2026-03-26 00:03:24.904 | INFO     | ao_compensation_model.training_search:on_train_begin:130 - Training started.
2026-03-26 00:03:24.905 | INFO     | ao_compensation_model.training_search:on_train_begin:131 - Hyperparameters:
  WINDOW_SIZE: 200
  STRIDE: 20
  TARGET_LEAD: 0
  GRU_UNITS: 8
  DROPOUT_RATE: 0.2
  FILTERS: 16
  KERNEL_SIZE: 5
  POOL_SIZE: 5
  BATCH_SIZE: 64
  MAX_EPOCHS: 100
  LEARNING_RATE: 0.0005
  TRAINING_DATA_DIR: D:\01_Code\ao_compensation_model\src\ao_compensation_model\dataset\training
  MODEL_DIR: D:\01_Code\ao_compensation_model\src\ao_compensation_model\model
2026-03-26 00:03:43.218 | INFO     | ao_compensation_model.training_search:on_epoch_end:150 - Epoch   1 | val_loss: 0.263350
2026-03-26 00:03:56.392 | INFO     | ao_compensation_model.training_search:on_epoch_end:150 - Epoch   2 | val_loss: 0.251543
2026-03-26 00:04:09.415 | INFO     | ao_compensation_model.training_search:on_epoch_end:150 - Epoch   3 | val_loss: 0.224495
2026-03-26 00:04:22.610 | INFO     | ao_compensation_model.training_search:on_epoch_end:150 - Epoch   4 | val_loss: 0.217238
2026-03-26 00:04:35.778 | INFO     | ao_compensation_model.training_search:on_epoch_end:150 - Epoch   5 | val_loss: 0.212536
2026-03-26 00:04:48.960 | INFO     | ao_compensation_model.training_search:on_epoch_end:150 - Epoch   6 | val_loss: 0.209975
2026-03-26 00:05:02.187 | INFO     | ao_compensation_model.training_search:on_epoch_end:150 - Epoch   7 | val_loss: 0.204851
2026-03-26 00:05:15.308 | INFO     | ao_compensation_model.training_search:on_epoch_end:150 - Epoch   8 | val_loss: 0.199110
2026-03-26 00:05:28.506 | INFO     | ao_compensation_model.training_search:on_epoch_end:150 - Epoch   9 | val_loss: 0.198524
2026-03-26 00:05:41.658 | INFO     | ao_compensation_model.training_search:on_epoch_end:150 - Epoch  10 | val_loss: 0.194960
2026-03-26 00:05:54.686 | INFO     | ao_compensation_model.training_search:on_epoch_end:150 - Epoch  11 | val_loss: 0.197057
2026-03-26 00:06:07.948 | INFO     | ao_compensation_model.training_search:on_epoch_end:150 - Epoch  12 | val_loss: 0.193981
2026-03-26 00:06:21.087 | INFO     | ao_compensation_model.training_search:on_epoch_end:150 - Epoch  13 | val_loss: 0.189796
2026-03-26 00:06:34.224 | INFO     | ao_compensation_model.training_search:on_epoch_end:150 - Epoch  14 | val_loss: 0.190918
2026-03-26 00:06:47.315 | INFO     | ao_compensation_model.training_search:on_epoch_end:150 - Epoch  15 | val_loss: 0.191030
2026-03-26 00:06:47.350 | INFO     | ao_compensation_model.training_search:train:294 - Best model for this run saved as: gru_model.keras (val_loss=0.189796)
2026-03-26 00:06:49.409 | INFO     | ao_compensation_model.training_search:train:311 - TFLite model saved as: gru_model_edge.tflite
2026-03-26 00:06:49.411 | INFO     | ao_compensation_model.training_search:train:317 - *** New best overall config! Val Loss: 0.189796 ***
2026-03-26 00:06:49.779 | INFO     | ao_compensation_model.training_search:train:241 - --- Testing Config: GRU=8 | BATCH=64 | KERNEL=5 | FILTERS=16 | POOL=3 ---
2026-03-26 00:06:49.877 | INFO     | ao_compensation_model.training_search:train:259 - Model architecture:
Model: "functional"
┏━━━━━━━━━━━━━━━━━━━━━━━━━━━━━━━━━━━━━━┳━━━━━━━━━━━━━━━━━━━━━━━━━━━━━┳━━━━━━━━━━━━━━━━━┓
┃ Layer (type)                         ┃ Output Shape                ┃         Param # ┃
┡━━━━━━━━━━━━━━━━━━━━━━━━━━━━━━━━━━━━━━╇━━━━━━━━━━━━━━━━━━━━━━━━━━━━━╇━━━━━━━━━━━━━━━━━┩
│ input_layer (InputLayer)             │ (None, 200, 2)              │               0 │
├──────────────────────────────────────┼─────────────────────────────┼─────────────────┤
│ conv1d (Conv1D)                      │ (None, 200, 16)             │             176 │
├──────────────────────────────────────┼─────────────────────────────┼─────────────────┤
│ batch_normalization                  │ (None, 200, 16)             │              64 │
│ (BatchNormalization)                 │                             │                 │
├──────────────────────────────────────┼─────────────────────────────┼─────────────────┤
│ zero_padding1d (ZeroPadding1D)       │ (None, 202, 16)             │               0 │
├──────────────────────────────────────┼─────────────────────────────┼─────────────────┤
│ average_pooling1d (AveragePooling1D) │ (None, 200, 16)             │               0 │
├──────────────────────────────────────┼─────────────────────────────┼─────────────────┤
│ gru (GRU)                            │ (None, 8)                   │             624 │
├──────────────────────────────────────┼─────────────────────────────┼─────────────────┤
│ dense (Dense)                        │ (None, 2)                   │              18 │
├──────────────────────────────────────┼─────────────────────────────┼─────────────────┤
│ phase (UnitNormalization)            │ (None, 2)                   │               0 │
└──────────────────────────────────────┴─────────────────────────────┴─────────────────┘
 Total params: 882 (3.45 KB)
 Trainable params: 850 (3.32 KB)
 Non-trainable params: 32 (128.00 B)


2026-03-26 00:06:49.888 | INFO     | ao_compensation_model.training_search:train:262 - Parameters — trainable: 850  non-trainable: 32  total: 882
2026-03-26 00:06:49.952 | INFO     | ao_compensation_model.training_search:on_train_begin:130 - Training started.
2026-03-26 00:06:49.953 | INFO     | ao_compensation_model.training_search:on_train_begin:131 - Hyperparameters:
  WINDOW_SIZE: 200
  STRIDE: 20
  TARGET_LEAD: 0
  GRU_UNITS: 8
  DROPOUT_RATE: 0.2
  FILTERS: 16
  KERNEL_SIZE: 5
  POOL_SIZE: 3
  BATCH_SIZE: 64
  MAX_EPOCHS: 100
  LEARNING_RATE: 0.0005
  TRAINING_DATA_DIR: D:\01_Code\ao_compensation_model\src\ao_compensation_model\dataset\training
  MODEL_DIR: D:\01_Code\ao_compensation_model\src\ao_compensation_model\model
2026-03-26 00:07:08.473 | INFO     | ao_compensation_model.training_search:on_epoch_end:150 - Epoch   1 | val_loss: 0.345407
2026-03-26 00:07:21.343 | INFO     | ao_compensation_model.training_search:on_epoch_end:150 - Epoch   2 | val_loss: 0.240555
2026-03-26 00:07:34.343 | INFO     | ao_compensation_model.training_search:on_epoch_end:150 - Epoch   3 | val_loss: 0.212855
2026-03-26 00:07:47.142 | INFO     | ao_compensation_model.training_search:on_epoch_end:150 - Epoch   4 | val_loss: 0.194565
2026-03-26 00:07:59.821 | INFO     | ao_compensation_model.training_search:on_epoch_end:150 - Epoch   5 | val_loss: 0.186577
2026-03-26 00:08:12.500 | INFO     | ao_compensation_model.training_search:on_epoch_end:150 - Epoch   6 | val_loss: 0.194970
2026-03-26 00:08:25.171 | INFO     | ao_compensation_model.training_search:on_epoch_end:150 - Epoch   7 | val_loss: 0.190473
2026-03-26 00:08:25.200 | INFO     | ao_compensation_model.training_search:train:294 - Best model for this run saved as: gru_model.keras (val_loss=0.186577)
2026-03-26 00:08:27.228 | INFO     | ao_compensation_model.training_search:train:311 - TFLite model saved as: gru_model_edge.tflite
2026-03-26 00:08:27.231 | INFO     | ao_compensation_model.training_search:train:317 - *** New best overall config! Val Loss: 0.186577 ***
2026-03-26 00:08:27.598 | INFO     | ao_compensation_model.training_search:train:241 - --- Testing Config: GRU=8 | BATCH=64 | KERNEL=10 | FILTERS=4 | POOL=5 ---
2026-03-26 00:08:27.704 | INFO     | ao_compensation_model.training_search:train:259 - Model architecture:
Model: "functional"
┏━━━━━━━━━━━━━━━━━━━━━━━━━━━━━━━━━━━━━━┳━━━━━━━━━━━━━━━━━━━━━━━━━━━━━┳━━━━━━━━━━━━━━━━━┓
┃ Layer (type)                         ┃ Output Shape                ┃         Param # ┃
┡━━━━━━━━━━━━━━━━━━━━━━━━━━━━━━━━━━━━━━╇━━━━━━━━━━━━━━━━━━━━━━━━━━━━━╇━━━━━━━━━━━━━━━━━┩
│ input_layer (InputLayer)             │ (None, 200, 2)              │               0 │
├──────────────────────────────────────┼─────────────────────────────┼─────────────────┤
│ conv1d (Conv1D)                      │ (None, 200, 4)              │              84 │
├──────────────────────────────────────┼─────────────────────────────┼─────────────────┤
│ batch_normalization                  │ (None, 200, 4)              │              16 │
│ (BatchNormalization)                 │                             │                 │
├──────────────────────────────────────┼─────────────────────────────┼─────────────────┤
│ zero_padding1d (ZeroPadding1D)       │ (None, 204, 4)              │               0 │
├──────────────────────────────────────┼─────────────────────────────┼─────────────────┤
│ average_pooling1d (AveragePooling1D) │ (None, 200, 4)              │               0 │
├──────────────────────────────────────┼─────────────────────────────┼─────────────────┤
│ gru (GRU)                            │ (None, 8)                   │             336 │
├──────────────────────────────────────┼─────────────────────────────┼─────────────────┤
│ dense (Dense)                        │ (None, 2)                   │              18 │
├──────────────────────────────────────┼─────────────────────────────┼─────────────────┤
│ phase (UnitNormalization)            │ (None, 2)                   │               0 │
└──────────────────────────────────────┴─────────────────────────────┴─────────────────┘
 Total params: 454 (1.77 KB)
 Trainable params: 446 (1.74 KB)
 Non-trainable params: 8 (32.00 B)


2026-03-26 00:08:27.718 | INFO     | ao_compensation_model.training_search:train:262 - Parameters — trainable: 446  non-trainable: 8  total: 454
2026-03-26 00:08:27.781 | INFO     | ao_compensation_model.training_search:on_train_begin:130 - Training started.
2026-03-26 00:08:27.781 | INFO     | ao_compensation_model.training_search:on_train_begin:131 - Hyperparameters:
  WINDOW_SIZE: 200
  STRIDE: 20
  TARGET_LEAD: 0
  GRU_UNITS: 8
  DROPOUT_RATE: 0.2
  FILTERS: 4
  KERNEL_SIZE: 10
  POOL_SIZE: 5
  BATCH_SIZE: 64
  MAX_EPOCHS: 100
  LEARNING_RATE: 0.0005
  TRAINING_DATA_DIR: D:\01_Code\ao_compensation_model\src\ao_compensation_model\dataset\training
  MODEL_DIR: D:\01_Code\ao_compensation_model\src\ao_compensation_model\model
2026-03-26 00:08:45.592 | INFO     | ao_compensation_model.training_search:on_epoch_end:150 - Epoch   1 | val_loss: 0.336815
2026-03-26 00:08:58.114 | INFO     | ao_compensation_model.training_search:on_epoch_end:150 - Epoch   2 | val_loss: 0.264585
2026-03-26 00:09:10.626 | INFO     | ao_compensation_model.training_search:on_epoch_end:150 - Epoch   3 | val_loss: 0.253929
2026-03-26 00:09:23.124 | INFO     | ao_compensation_model.training_search:on_epoch_end:150 - Epoch   4 | val_loss: 0.239099
2026-03-26 00:09:35.605 | INFO     | ao_compensation_model.training_search:on_epoch_end:150 - Epoch   5 | val_loss: 0.228987
2026-03-26 00:09:48.073 | INFO     | ao_compensation_model.training_search:on_epoch_end:150 - Epoch   6 | val_loss: 0.213687
2026-03-26 00:10:00.614 | INFO     | ao_compensation_model.training_search:on_epoch_end:150 - Epoch   7 | val_loss: 0.213605
2026-03-26 00:10:13.129 | INFO     | ao_compensation_model.training_search:on_epoch_end:150 - Epoch   8 | val_loss: 0.201519
2026-03-26 00:10:25.592 | INFO     | ao_compensation_model.training_search:on_epoch_end:150 - Epoch   9 | val_loss: 0.200356
2026-03-26 00:10:38.005 | INFO     | ao_compensation_model.training_search:on_epoch_end:150 - Epoch  10 | val_loss: 0.200690
2026-03-26 00:10:50.401 | INFO     | ao_compensation_model.training_search:on_epoch_end:150 - Epoch  11 | val_loss: 0.195703
2026-03-26 00:11:02.743 | INFO     | ao_compensation_model.training_search:on_epoch_end:150 - Epoch  12 | val_loss: 0.196355
2026-03-26 00:11:14.043 | INFO     | ao_compensation_model.training_search:on_epoch_end:150 - Epoch  13 | val_loss: 0.196447
2026-03-26 00:11:23.334 | INFO     | ao_compensation_model.training_search:train:294 - Best model for this run saved as: gru_model.keras (val_loss=0.195703)
2026-03-26 00:11:25.689 | INFO     | ao_compensation_model.training_search:train:311 - TFLite model saved as: gru_model_edge.tflite
2026-03-26 00:11:26.169 | INFO     | ao_compensation_model.training_search:train:241 - --- Testing Config: GRU=8 | BATCH=64 | KERNEL=10 | FILTERS=4 | POOL=3 ---
2026-03-26 00:11:26.523 | INFO     | ao_compensation_model.training_search:train:259 - Model architecture:
Model: "functional"
┏━━━━━━━━━━━━━━━━━━━━━━━━━━━━━━━━━━━━━━┳━━━━━━━━━━━━━━━━━━━━━━━━━━━━━┳━━━━━━━━━━━━━━━━━┓
┃ Layer (type)                         ┃ Output Shape                ┃         Param # ┃
┡━━━━━━━━━━━━━━━━━━━━━━━━━━━━━━━━━━━━━━╇━━━━━━━━━━━━━━━━━━━━━━━━━━━━━╇━━━━━━━━━━━━━━━━━┩
│ input_layer (InputLayer)             │ (None, 200, 2)              │               0 │
├──────────────────────────────────────┼─────────────────────────────┼─────────────────┤
│ conv1d (Conv1D)                      │ (None, 200, 4)              │              84 │
├──────────────────────────────────────┼─────────────────────────────┼─────────────────┤
│ batch_normalization                  │ (None, 200, 4)              │              16 │
│ (BatchNormalization)                 │                             │                 │
├──────────────────────────────────────┼─────────────────────────────┼─────────────────┤
│ zero_padding1d (ZeroPadding1D)       │ (None, 202, 4)              │               0 │
├──────────────────────────────────────┼─────────────────────────────┼─────────────────┤
│ average_pooling1d (AveragePooling1D) │ (None, 200, 4)              │               0 │
├──────────────────────────────────────┼─────────────────────────────┼─────────────────┤
│ gru (GRU)                            │ (None, 8)                   │             336 │
├──────────────────────────────────────┼─────────────────────────────┼─────────────────┤
│ dense (Dense)                        │ (None, 2)                   │              18 │
├──────────────────────────────────────┼─────────────────────────────┼─────────────────┤
│ phase (UnitNormalization)            │ (None, 2)                   │               0 │
└──────────────────────────────────────┴─────────────────────────────┴─────────────────┘
 Total params: 454 (1.77 KB)
 Trainable params: 446 (1.74 KB)
 Non-trainable params: 8 (32.00 B)


2026-03-26 00:11:26.543 | INFO     | ao_compensation_model.training_search:train:262 - Parameters — trainable: 446  non-trainable: 8  total: 454
2026-03-26 00:11:26.686 | INFO     | ao_compensation_model.training_search:on_train_begin:130 - Training started.
2026-03-26 00:11:26.687 | INFO     | ao_compensation_model.training_search:on_train_begin:131 - Hyperparameters:
  WINDOW_SIZE: 200
  STRIDE: 20
  TARGET_LEAD: 0
  GRU_UNITS: 8
  DROPOUT_RATE: 0.2
  FILTERS: 4
  KERNEL_SIZE: 10
  POOL_SIZE: 3
  BATCH_SIZE: 64
  MAX_EPOCHS: 100
  LEARNING_RATE: 0.0005
  TRAINING_DATA_DIR: D:\01_Code\ao_compensation_model\src\ao_compensation_model\dataset\training
  MODEL_DIR: D:\01_Code\ao_compensation_model\src\ao_compensation_model\model
2026-03-26 00:11:44.199 | INFO     | ao_compensation_model.training_search:on_epoch_end:150 - Epoch   1 | val_loss: 0.519231
2026-03-26 00:11:56.833 | INFO     | ao_compensation_model.training_search:on_epoch_end:150 - Epoch   2 | val_loss: 0.298710
2026-03-26 00:12:09.586 | INFO     | ao_compensation_model.training_search:on_epoch_end:150 - Epoch   3 | val_loss: 0.227650
2026-03-26 00:12:22.314 | INFO     | ao_compensation_model.training_search:on_epoch_end:150 - Epoch   4 | val_loss: 0.198720
2026-03-26 00:12:35.002 | INFO     | ao_compensation_model.training_search:on_epoch_end:150 - Epoch   5 | val_loss: 0.194067
2026-03-26 00:12:47.622 | INFO     | ao_compensation_model.training_search:on_epoch_end:150 - Epoch   6 | val_loss: 0.196536
2026-03-26 00:13:00.112 | INFO     | ao_compensation_model.training_search:on_epoch_end:150 - Epoch   7 | val_loss: 0.196173
2026-03-26 00:13:00.144 | INFO     | ao_compensation_model.training_search:train:294 - Best model for this run saved as: gru_model.keras (val_loss=0.194067)
2026-03-26 00:13:02.155 | INFO     | ao_compensation_model.training_search:train:311 - TFLite model saved as: gru_model_edge.tflite
2026-03-26 00:13:02.551 | INFO     | ao_compensation_model.training_search:train:241 - --- Testing Config: GRU=8 | BATCH=64 | KERNEL=10 | FILTERS=8 | POOL=5 ---
2026-03-26 00:13:02.676 | INFO     | ao_compensation_model.training_search:train:259 - Model architecture:
Model: "functional"
┏━━━━━━━━━━━━━━━━━━━━━━━━━━━━━━━━━━━━━━┳━━━━━━━━━━━━━━━━━━━━━━━━━━━━━┳━━━━━━━━━━━━━━━━━┓
┃ Layer (type)                         ┃ Output Shape                ┃         Param # ┃
┡━━━━━━━━━━━━━━━━━━━━━━━━━━━━━━━━━━━━━━╇━━━━━━━━━━━━━━━━━━━━━━━━━━━━━╇━━━━━━━━━━━━━━━━━┩
│ input_layer (InputLayer)             │ (None, 200, 2)              │               0 │
├──────────────────────────────────────┼─────────────────────────────┼─────────────────┤
│ conv1d (Conv1D)                      │ (None, 200, 8)              │             168 │
├──────────────────────────────────────┼─────────────────────────────┼─────────────────┤
│ batch_normalization                  │ (None, 200, 8)              │              32 │
│ (BatchNormalization)                 │                             │                 │
├──────────────────────────────────────┼─────────────────────────────┼─────────────────┤
│ zero_padding1d (ZeroPadding1D)       │ (None, 204, 8)              │               0 │
├──────────────────────────────────────┼─────────────────────────────┼─────────────────┤
│ average_pooling1d (AveragePooling1D) │ (None, 200, 8)              │               0 │
├──────────────────────────────────────┼─────────────────────────────┼─────────────────┤
│ gru (GRU)                            │ (None, 8)                   │             432 │
├──────────────────────────────────────┼─────────────────────────────┼─────────────────┤
│ dense (Dense)                        │ (None, 2)                   │              18 │
├──────────────────────────────────────┼─────────────────────────────┼─────────────────┤
│ phase (UnitNormalization)            │ (None, 2)                   │               0 │
└──────────────────────────────────────┴─────────────────────────────┴─────────────────┘
 Total params: 650 (2.54 KB)
 Trainable params: 634 (2.48 KB)
 Non-trainable params: 16 (64.00 B)


2026-03-26 00:13:02.686 | INFO     | ao_compensation_model.training_search:train:262 - Parameters — trainable: 634  non-trainable: 16  total: 650
2026-03-26 00:13:02.751 | INFO     | ao_compensation_model.training_search:on_train_begin:130 - Training started.
2026-03-26 00:13:02.752 | INFO     | ao_compensation_model.training_search:on_train_begin:131 - Hyperparameters:
  WINDOW_SIZE: 200
  STRIDE: 20
  TARGET_LEAD: 0
  GRU_UNITS: 8
  DROPOUT_RATE: 0.2
  FILTERS: 8
  KERNEL_SIZE: 10
  POOL_SIZE: 5
  BATCH_SIZE: 64
  MAX_EPOCHS: 100
  LEARNING_RATE: 0.0005
  TRAINING_DATA_DIR: D:\01_Code\ao_compensation_model\src\ao_compensation_model\dataset\training
  MODEL_DIR: D:\01_Code\ao_compensation_model\src\ao_compensation_model\model
2026-03-26 00:13:21.284 | INFO     | ao_compensation_model.training_search:on_epoch_end:150 - Epoch   1 | val_loss: 0.282138
2026-03-26 00:13:34.252 | INFO     | ao_compensation_model.training_search:on_epoch_end:150 - Epoch   2 | val_loss: 0.231829
2026-03-26 00:13:47.104 | INFO     | ao_compensation_model.training_search:on_epoch_end:150 - Epoch   3 | val_loss: 0.216182
2026-03-26 00:14:00.088 | INFO     | ao_compensation_model.training_search:on_epoch_end:150 - Epoch   4 | val_loss: 0.202326
2026-03-26 00:14:13.055 | INFO     | ao_compensation_model.training_search:on_epoch_end:150 - Epoch   5 | val_loss: 0.200524
2026-03-26 00:14:25.840 | INFO     | ao_compensation_model.training_search:on_epoch_end:150 - Epoch   6 | val_loss: 0.196397
2026-03-26 00:14:38.496 | INFO     | ao_compensation_model.training_search:on_epoch_end:150 - Epoch   7 | val_loss: 0.199396
2026-03-26 00:14:51.665 | INFO     | ao_compensation_model.training_search:on_epoch_end:150 - Epoch   8 | val_loss: 0.203082
2026-03-26 00:14:51.709 | INFO     | ao_compensation_model.training_search:train:294 - Best model for this run saved as: gru_model.keras (val_loss=0.196397)
2026-03-26 00:14:53.818 | INFO     | ao_compensation_model.training_search:train:311 - TFLite model saved as: gru_model_edge.tflite
2026-03-26 00:14:54.211 | INFO     | ao_compensation_model.training_search:train:241 - --- Testing Config: GRU=8 | BATCH=64 | KERNEL=10 | FILTERS=8 | POOL=3 ---
2026-03-26 00:14:54.317 | INFO     | ao_compensation_model.training_search:train:259 - Model architecture:
Model: "functional"
┏━━━━━━━━━━━━━━━━━━━━━━━━━━━━━━━━━━━━━━┳━━━━━━━━━━━━━━━━━━━━━━━━━━━━━┳━━━━━━━━━━━━━━━━━┓
┃ Layer (type)                         ┃ Output Shape                ┃         Param # ┃
┡━━━━━━━━━━━━━━━━━━━━━━━━━━━━━━━━━━━━━━╇━━━━━━━━━━━━━━━━━━━━━━━━━━━━━╇━━━━━━━━━━━━━━━━━┩
│ input_layer (InputLayer)             │ (None, 200, 2)              │               0 │
├──────────────────────────────────────┼─────────────────────────────┼─────────────────┤
│ conv1d (Conv1D)                      │ (None, 200, 8)              │             168 │
├──────────────────────────────────────┼─────────────────────────────┼─────────────────┤
│ batch_normalization                  │ (None, 200, 8)              │              32 │
│ (BatchNormalization)                 │                             │                 │
├──────────────────────────────────────┼─────────────────────────────┼─────────────────┤
│ zero_padding1d (ZeroPadding1D)       │ (None, 202, 8)              │               0 │
├──────────────────────────────────────┼─────────────────────────────┼─────────────────┤
│ average_pooling1d (AveragePooling1D) │ (None, 200, 8)              │               0 │
├──────────────────────────────────────┼─────────────────────────────┼─────────────────┤
│ gru (GRU)                            │ (None, 8)                   │             432 │
├──────────────────────────────────────┼─────────────────────────────┼─────────────────┤
│ dense (Dense)                        │ (None, 2)                   │              18 │
├──────────────────────────────────────┼─────────────────────────────┼─────────────────┤
│ phase (UnitNormalization)            │ (None, 2)                   │               0 │
└──────────────────────────────────────┴─────────────────────────────┴─────────────────┘
 Total params: 650 (2.54 KB)
 Trainable params: 634 (2.48 KB)
 Non-trainable params: 16 (64.00 B)


2026-03-26 00:14:54.328 | INFO     | ao_compensation_model.training_search:train:262 - Parameters — trainable: 634  non-trainable: 16  total: 650
2026-03-26 00:14:54.393 | INFO     | ao_compensation_model.training_search:on_train_begin:130 - Training started.
2026-03-26 00:14:54.394 | INFO     | ao_compensation_model.training_search:on_train_begin:131 - Hyperparameters:
  WINDOW_SIZE: 200
  STRIDE: 20
  TARGET_LEAD: 0
  GRU_UNITS: 8
  DROPOUT_RATE: 0.2
  FILTERS: 8
  KERNEL_SIZE: 10
  POOL_SIZE: 3
  BATCH_SIZE: 64
  MAX_EPOCHS: 100
  LEARNING_RATE: 0.0005
  TRAINING_DATA_DIR: D:\01_Code\ao_compensation_model\src\ao_compensation_model\dataset\training
  MODEL_DIR: D:\01_Code\ao_compensation_model\src\ao_compensation_model\model
2026-03-26 00:15:12.094 | INFO     | ao_compensation_model.training_search:on_epoch_end:150 - Epoch   1 | val_loss: 0.300880
2026-03-26 00:15:25.022 | INFO     | ao_compensation_model.training_search:on_epoch_end:150 - Epoch   2 | val_loss: 0.257192
2026-03-26 00:15:37.743 | INFO     | ao_compensation_model.training_search:on_epoch_end:150 - Epoch   3 | val_loss: 0.227374
2026-03-26 00:15:51.212 | INFO     | ao_compensation_model.training_search:on_epoch_end:150 - Epoch   4 | val_loss: 0.212189
2026-03-26 00:16:04.168 | INFO     | ao_compensation_model.training_search:on_epoch_end:150 - Epoch   5 | val_loss: 0.207494
2026-03-26 00:16:17.043 | INFO     | ao_compensation_model.training_search:on_epoch_end:150 - Epoch   6 | val_loss: 0.201686
2026-03-26 00:16:30.023 | INFO     | ao_compensation_model.training_search:on_epoch_end:150 - Epoch   7 | val_loss: 0.202611
2026-03-26 00:16:42.810 | INFO     | ao_compensation_model.training_search:on_epoch_end:150 - Epoch   8 | val_loss: 0.201913
2026-03-26 00:16:42.840 | INFO     | ao_compensation_model.training_search:train:294 - Best model for this run saved as: gru_model.keras (val_loss=0.201686)
2026-03-26 00:16:45.192 | INFO     | ao_compensation_model.training_search:train:311 - TFLite model saved as: gru_model_edge.tflite
2026-03-26 00:16:45.859 | INFO     | ao_compensation_model.training_search:train:241 - --- Testing Config: GRU=8 | BATCH=64 | KERNEL=10 | FILTERS=16 | POOL=5 ---
2026-03-26 00:16:45.988 | INFO     | ao_compensation_model.training_search:train:259 - Model architecture:
Model: "functional"
┏━━━━━━━━━━━━━━━━━━━━━━━━━━━━━━━━━━━━━━┳━━━━━━━━━━━━━━━━━━━━━━━━━━━━━┳━━━━━━━━━━━━━━━━━┓
┃ Layer (type)                         ┃ Output Shape                ┃         Param # ┃
┡━━━━━━━━━━━━━━━━━━━━━━━━━━━━━━━━━━━━━━╇━━━━━━━━━━━━━━━━━━━━━━━━━━━━━╇━━━━━━━━━━━━━━━━━┩
│ input_layer (InputLayer)             │ (None, 200, 2)              │               0 │
├──────────────────────────────────────┼─────────────────────────────┼─────────────────┤
│ conv1d (Conv1D)                      │ (None, 200, 16)             │             336 │
├──────────────────────────────────────┼─────────────────────────────┼─────────────────┤
│ batch_normalization                  │ (None, 200, 16)             │              64 │
│ (BatchNormalization)                 │                             │                 │
├──────────────────────────────────────┼─────────────────────────────┼─────────────────┤
│ zero_padding1d (ZeroPadding1D)       │ (None, 204, 16)             │               0 │
├──────────────────────────────────────┼─────────────────────────────┼─────────────────┤
│ average_pooling1d (AveragePooling1D) │ (None, 200, 16)             │               0 │
├──────────────────────────────────────┼─────────────────────────────┼─────────────────┤
│ gru (GRU)                            │ (None, 8)                   │             624 │
├──────────────────────────────────────┼─────────────────────────────┼─────────────────┤
│ dense (Dense)                        │ (None, 2)                   │              18 │
├──────────────────────────────────────┼─────────────────────────────┼─────────────────┤
│ phase (UnitNormalization)            │ (None, 2)                   │               0 │
└──────────────────────────────────────┴─────────────────────────────┴─────────────────┘
 Total params: 1,042 (4.07 KB)
 Trainable params: 1,010 (3.95 KB)
 Non-trainable params: 32 (128.00 B)


2026-03-26 00:16:46.000 | INFO     | ao_compensation_model.training_search:train:262 - Parameters — trainable: 1010  non-trainable: 32  total: 1042
2026-03-26 00:16:46.075 | INFO     | ao_compensation_model.training_search:on_train_begin:130 - Training started.
2026-03-26 00:16:46.075 | INFO     | ao_compensation_model.training_search:on_train_begin:131 - Hyperparameters:
  WINDOW_SIZE: 200
  STRIDE: 20
  TARGET_LEAD: 0
  GRU_UNITS: 8
  DROPOUT_RATE: 0.2
  FILTERS: 16
  KERNEL_SIZE: 10
  POOL_SIZE: 5
  BATCH_SIZE: 64
  MAX_EPOCHS: 100
  LEARNING_RATE: 0.0005
  TRAINING_DATA_DIR: D:\01_Code\ao_compensation_model\src\ao_compensation_model\dataset\training
  MODEL_DIR: D:\01_Code\ao_compensation_model\src\ao_compensation_model\model
2026-03-26 00:17:05.502 | INFO     | ao_compensation_model.training_search:on_epoch_end:150 - Epoch   1 | val_loss: 0.303174
2026-03-26 00:17:18.783 | INFO     | ao_compensation_model.training_search:on_epoch_end:150 - Epoch   2 | val_loss: 0.237796
2026-03-26 00:17:32.190 | INFO     | ao_compensation_model.training_search:on_epoch_end:150 - Epoch   3 | val_loss: 0.213410
2026-03-26 00:17:45.451 | INFO     | ao_compensation_model.training_search:on_epoch_end:150 - Epoch   4 | val_loss: 0.199805
2026-03-26 00:17:58.575 | INFO     | ao_compensation_model.training_search:on_epoch_end:150 - Epoch   5 | val_loss: 0.188179
2026-03-26 00:18:12.024 | INFO     | ao_compensation_model.training_search:on_epoch_end:150 - Epoch   6 | val_loss: 0.186807
2026-03-26 00:18:25.342 | INFO     | ao_compensation_model.training_search:on_epoch_end:150 - Epoch   7 | val_loss: 0.188943
2026-03-26 00:18:38.585 | INFO     | ao_compensation_model.training_search:on_epoch_end:150 - Epoch   8 | val_loss: 0.188869
2026-03-26 00:18:38.614 | INFO     | ao_compensation_model.training_search:train:294 - Best model for this run saved as: gru_model.keras (val_loss=0.186807)
2026-03-26 00:18:40.582 | INFO     | ao_compensation_model.training_search:train:311 - TFLite model saved as: gru_model_edge.tflite
2026-03-26 00:18:41.041 | INFO     | ao_compensation_model.training_search:train:241 - --- Testing Config: GRU=8 | BATCH=64 | KERNEL=10 | FILTERS=16 | POOL=3 ---
2026-03-26 00:18:41.162 | INFO     | ao_compensation_model.training_search:train:259 - Model architecture:
Model: "functional"
┏━━━━━━━━━━━━━━━━━━━━━━━━━━━━━━━━━━━━━━┳━━━━━━━━━━━━━━━━━━━━━━━━━━━━━┳━━━━━━━━━━━━━━━━━┓
┃ Layer (type)                         ┃ Output Shape                ┃         Param # ┃
┡━━━━━━━━━━━━━━━━━━━━━━━━━━━━━━━━━━━━━━╇━━━━━━━━━━━━━━━━━━━━━━━━━━━━━╇━━━━━━━━━━━━━━━━━┩
│ input_layer (InputLayer)             │ (None, 200, 2)              │               0 │
├──────────────────────────────────────┼─────────────────────────────┼─────────────────┤
│ conv1d (Conv1D)                      │ (None, 200, 16)             │             336 │
├──────────────────────────────────────┼─────────────────────────────┼─────────────────┤
│ batch_normalization                  │ (None, 200, 16)             │              64 │
│ (BatchNormalization)                 │                             │                 │
├──────────────────────────────────────┼─────────────────────────────┼─────────────────┤
│ zero_padding1d (ZeroPadding1D)       │ (None, 202, 16)             │               0 │
├──────────────────────────────────────┼─────────────────────────────┼─────────────────┤
│ average_pooling1d (AveragePooling1D) │ (None, 200, 16)             │               0 │
├──────────────────────────────────────┼─────────────────────────────┼─────────────────┤
│ gru (GRU)                            │ (None, 8)                   │             624 │
├──────────────────────────────────────┼─────────────────────────────┼─────────────────┤
│ dense (Dense)                        │ (None, 2)                   │              18 │
├──────────────────────────────────────┼─────────────────────────────┼─────────────────┤
│ phase (UnitNormalization)            │ (None, 2)                   │               0 │
└──────────────────────────────────────┴─────────────────────────────┴─────────────────┘
 Total params: 1,042 (4.07 KB)
 Trainable params: 1,010 (3.95 KB)
 Non-trainable params: 32 (128.00 B)


2026-03-26 00:18:41.179 | INFO     | ao_compensation_model.training_search:train:262 - Parameters — trainable: 1010  non-trainable: 32  total: 1042
2026-03-26 00:18:41.281 | INFO     | ao_compensation_model.training_search:on_train_begin:130 - Training started.
2026-03-26 00:18:41.281 | INFO     | ao_compensation_model.training_search:on_train_begin:131 - Hyperparameters:
  WINDOW_SIZE: 200
  STRIDE: 20
  TARGET_LEAD: 0
  GRU_UNITS: 8
  DROPOUT_RATE: 0.2
  FILTERS: 16
  KERNEL_SIZE: 10
  POOL_SIZE: 3
  BATCH_SIZE: 64
  MAX_EPOCHS: 100
  LEARNING_RATE: 0.0005
  TRAINING_DATA_DIR: D:\01_Code\ao_compensation_model\src\ao_compensation_model\dataset\training
  MODEL_DIR: D:\01_Code\ao_compensation_model\src\ao_compensation_model\model
2026-03-26 00:19:00.150 | INFO     | ao_compensation_model.training_search:on_epoch_end:150 - Epoch   1 | val_loss: 0.360031
2026-03-26 00:19:13.289 | INFO     | ao_compensation_model.training_search:on_epoch_end:150 - Epoch   2 | val_loss: 0.275664
2026-03-26 00:19:26.670 | INFO     | ao_compensation_model.training_search:on_epoch_end:150 - Epoch   3 | val_loss: 0.228364
2026-03-26 00:19:39.769 | INFO     | ao_compensation_model.training_search:on_epoch_end:150 - Epoch   4 | val_loss: 0.220819
2026-03-26 00:19:52.808 | INFO     | ao_compensation_model.training_search:on_epoch_end:150 - Epoch   5 | val_loss: 0.197741
2026-03-26 00:20:05.807 | INFO     | ao_compensation_model.training_search:on_epoch_end:150 - Epoch   6 | val_loss: 0.186508
2026-03-26 00:20:18.993 | INFO     | ao_compensation_model.training_search:on_epoch_end:150 - Epoch   7 | val_loss: 0.181675
2026-03-26 00:20:32.138 | INFO     | ao_compensation_model.training_search:on_epoch_end:150 - Epoch   8 | val_loss: 0.179788
2026-03-26 00:20:45.109 | INFO     | ao_compensation_model.training_search:on_epoch_end:150 - Epoch   9 | val_loss: 0.180288
2026-03-26 00:20:58.028 | INFO     | ao_compensation_model.training_search:on_epoch_end:150 - Epoch  10 | val_loss: 0.179441
2026-03-26 00:21:11.082 | INFO     | ao_compensation_model.training_search:on_epoch_end:150 - Epoch  11 | val_loss: 0.180141
2026-03-26 00:21:24.137 | INFO     | ao_compensation_model.training_search:on_epoch_end:150 - Epoch  12 | val_loss: 0.179023
2026-03-26 00:21:37.270 | INFO     | ao_compensation_model.training_search:on_epoch_end:150 - Epoch  13 | val_loss: 0.178897
2026-03-26 00:21:50.442 | INFO     | ao_compensation_model.training_search:on_epoch_end:150 - Epoch  14 | val_loss: 0.177309
2026-03-26 00:22:03.819 | INFO     | ao_compensation_model.training_search:on_epoch_end:150 - Epoch  15 | val_loss: 0.179470
2026-03-26 00:22:16.985 | INFO     | ao_compensation_model.training_search:on_epoch_end:150 - Epoch  16 | val_loss: 0.181024
2026-03-26 00:22:17.017 | INFO     | ao_compensation_model.training_search:train:294 - Best model for this run saved as: gru_model.keras (val_loss=0.177309)
2026-03-26 00:22:18.984 | INFO     | ao_compensation_model.training_search:train:311 - TFLite model saved as: gru_model_edge.tflite
2026-03-26 00:22:18.986 | INFO     | ao_compensation_model.training_search:train:317 - *** New best overall config! Val Loss: 0.177309 ***
2026-03-26 00:22:19.449 | INFO     | ao_compensation_model.training_search:train:241 - --- Testing Config: GRU=8 | BATCH=64 | KERNEL=20 | FILTERS=4 | POOL=5 ---
2026-03-26 00:22:19.569 | INFO     | ao_compensation_model.training_search:train:259 - Model architecture:
Model: "functional"
┏━━━━━━━━━━━━━━━━━━━━━━━━━━━━━━━━━━━━━━┳━━━━━━━━━━━━━━━━━━━━━━━━━━━━━┳━━━━━━━━━━━━━━━━━┓
┃ Layer (type)                         ┃ Output Shape                ┃         Param # ┃
┡━━━━━━━━━━━━━━━━━━━━━━━━━━━━━━━━━━━━━━╇━━━━━━━━━━━━━━━━━━━━━━━━━━━━━╇━━━━━━━━━━━━━━━━━┩
│ input_layer (InputLayer)             │ (None, 200, 2)              │               0 │
├──────────────────────────────────────┼─────────────────────────────┼─────────────────┤
│ conv1d (Conv1D)                      │ (None, 200, 4)              │             164 │
├──────────────────────────────────────┼─────────────────────────────┼─────────────────┤
│ batch_normalization                  │ (None, 200, 4)              │              16 │
│ (BatchNormalization)                 │                             │                 │
├──────────────────────────────────────┼─────────────────────────────┼─────────────────┤
│ zero_padding1d (ZeroPadding1D)       │ (None, 204, 4)              │               0 │
├──────────────────────────────────────┼─────────────────────────────┼─────────────────┤
│ average_pooling1d (AveragePooling1D) │ (None, 200, 4)              │               0 │
├──────────────────────────────────────┼─────────────────────────────┼─────────────────┤
│ gru (GRU)                            │ (None, 8)                   │             336 │
├──────────────────────────────────────┼─────────────────────────────┼─────────────────┤
│ dense (Dense)                        │ (None, 2)                   │              18 │
├──────────────────────────────────────┼─────────────────────────────┼─────────────────┤
│ phase (UnitNormalization)            │ (None, 2)                   │               0 │
└──────────────────────────────────────┴─────────────────────────────┴─────────────────┘
 Total params: 534 (2.09 KB)
 Trainable params: 526 (2.05 KB)
 Non-trainable params: 8 (32.00 B)


2026-03-26 00:22:19.581 | INFO     | ao_compensation_model.training_search:train:262 - Parameters — trainable: 526  non-trainable: 8  total: 534
2026-03-26 00:22:19.653 | INFO     | ao_compensation_model.training_search:on_train_begin:130 - Training started.
2026-03-26 00:22:19.654 | INFO     | ao_compensation_model.training_search:on_train_begin:131 - Hyperparameters:
  WINDOW_SIZE: 200
  STRIDE: 20
  TARGET_LEAD: 0
  GRU_UNITS: 8
  DROPOUT_RATE: 0.2
  FILTERS: 4
  KERNEL_SIZE: 20
  POOL_SIZE: 5
  BATCH_SIZE: 64
  MAX_EPOCHS: 100
  LEARNING_RATE: 0.0005
  TRAINING_DATA_DIR: D:\01_Code\ao_compensation_model\src\ao_compensation_model\dataset\training
  MODEL_DIR: D:\01_Code\ao_compensation_model\src\ao_compensation_model\model
2026-03-26 00:22:37.542 | INFO     | ao_compensation_model.training_search:on_epoch_end:150 - Epoch   1 | val_loss: 0.243553
2026-03-26 00:22:50.589 | INFO     | ao_compensation_model.training_search:on_epoch_end:150 - Epoch   2 | val_loss: 0.231816
2026-03-26 00:23:03.409 | INFO     | ao_compensation_model.training_search:on_epoch_end:150 - Epoch   3 | val_loss: 0.217889
2026-03-26 00:23:16.195 | INFO     | ao_compensation_model.training_search:on_epoch_end:150 - Epoch   4 | val_loss: 0.208757
2026-03-26 00:23:29.089 | INFO     | ao_compensation_model.training_search:on_epoch_end:150 - Epoch   5 | val_loss: 0.200347
2026-03-26 00:23:42.059 | INFO     | ao_compensation_model.training_search:on_epoch_end:150 - Epoch   6 | val_loss: 0.196835
2026-03-26 00:23:54.976 | INFO     | ao_compensation_model.training_search:on_epoch_end:150 - Epoch   7 | val_loss: 0.197279
2026-03-26 00:24:07.901 | INFO     | ao_compensation_model.training_search:on_epoch_end:150 - Epoch   8 | val_loss: 0.192586
2026-03-26 00:24:20.807 | INFO     | ao_compensation_model.training_search:on_epoch_end:150 - Epoch   9 | val_loss: 0.195794
2026-03-26 00:24:33.468 | INFO     | ao_compensation_model.training_search:on_epoch_end:150 - Epoch  10 | val_loss: 0.195141
2026-03-26 00:24:33.498 | INFO     | ao_compensation_model.training_search:train:294 - Best model for this run saved as: gru_model.keras (val_loss=0.192586)
2026-03-26 00:24:35.548 | INFO     | ao_compensation_model.training_search:train:311 - TFLite model saved as: gru_model_edge.tflite
2026-03-26 00:24:35.997 | INFO     | ao_compensation_model.training_search:train:241 - --- Testing Config: GRU=8 | BATCH=64 | KERNEL=20 | FILTERS=4 | POOL=3 ---
2026-03-26 00:24:36.113 | INFO     | ao_compensation_model.training_search:train:259 - Model architecture:
Model: "functional"
┏━━━━━━━━━━━━━━━━━━━━━━━━━━━━━━━━━━━━━━┳━━━━━━━━━━━━━━━━━━━━━━━━━━━━━┳━━━━━━━━━━━━━━━━━┓
┃ Layer (type)                         ┃ Output Shape                ┃         Param # ┃
┡━━━━━━━━━━━━━━━━━━━━━━━━━━━━━━━━━━━━━━╇━━━━━━━━━━━━━━━━━━━━━━━━━━━━━╇━━━━━━━━━━━━━━━━━┩
│ input_layer (InputLayer)             │ (None, 200, 2)              │               0 │
├──────────────────────────────────────┼─────────────────────────────┼─────────────────┤
│ conv1d (Conv1D)                      │ (None, 200, 4)              │             164 │
├──────────────────────────────────────┼─────────────────────────────┼─────────────────┤
│ batch_normalization                  │ (None, 200, 4)              │              16 │
│ (BatchNormalization)                 │                             │                 │
├──────────────────────────────────────┼─────────────────────────────┼─────────────────┤
│ zero_padding1d (ZeroPadding1D)       │ (None, 202, 4)              │               0 │
├──────────────────────────────────────┼─────────────────────────────┼─────────────────┤
│ average_pooling1d (AveragePooling1D) │ (None, 200, 4)              │               0 │
├──────────────────────────────────────┼─────────────────────────────┼─────────────────┤
│ gru (GRU)                            │ (None, 8)                   │             336 │
├──────────────────────────────────────┼─────────────────────────────┼─────────────────┤
│ dense (Dense)                        │ (None, 2)                   │              18 │
├──────────────────────────────────────┼─────────────────────────────┼─────────────────┤
│ phase (UnitNormalization)            │ (None, 2)                   │               0 │
└──────────────────────────────────────┴─────────────────────────────┴─────────────────┘
 Total params: 534 (2.09 KB)
 Trainable params: 526 (2.05 KB)
 Non-trainable params: 8 (32.00 B)


2026-03-26 00:24:36.128 | INFO     | ao_compensation_model.training_search:train:262 - Parameters — trainable: 526  non-trainable: 8  total: 534
2026-03-26 00:24:36.198 | INFO     | ao_compensation_model.training_search:on_train_begin:130 - Training started.
2026-03-26 00:24:36.198 | INFO     | ao_compensation_model.training_search:on_train_begin:131 - Hyperparameters:
  WINDOW_SIZE: 200
  STRIDE: 20
  TARGET_LEAD: 0
  GRU_UNITS: 8
  DROPOUT_RATE: 0.2
  FILTERS: 4
  KERNEL_SIZE: 20
  POOL_SIZE: 3
  BATCH_SIZE: 64
  MAX_EPOCHS: 100
  LEARNING_RATE: 0.0005
  TRAINING_DATA_DIR: D:\01_Code\ao_compensation_model\src\ao_compensation_model\dataset\training
  MODEL_DIR: D:\01_Code\ao_compensation_model\src\ao_compensation_model\model
2026-03-26 00:24:54.887 | INFO     | ao_compensation_model.training_search:on_epoch_end:150 - Epoch   1 | val_loss: 0.257235
2026-03-26 00:25:07.831 | INFO     | ao_compensation_model.training_search:on_epoch_end:150 - Epoch   2 | val_loss: 0.224655
2026-03-26 00:25:20.593 | INFO     | ao_compensation_model.training_search:on_epoch_end:150 - Epoch   3 | val_loss: 0.209380
2026-03-26 00:25:33.392 | INFO     | ao_compensation_model.training_search:on_epoch_end:150 - Epoch   4 | val_loss: 0.192183
2026-03-26 00:25:46.273 | INFO     | ao_compensation_model.training_search:on_epoch_end:150 - Epoch   5 | val_loss: 0.187695
2026-03-26 00:25:58.320 | INFO     | ao_compensation_model.training_search:on_epoch_end:150 - Epoch   6 | val_loss: 0.188145
2026-03-26 00:26:09.669 | INFO     | ao_compensation_model.training_search:on_epoch_end:150 - Epoch   7 | val_loss: 0.186717
2026-03-26 00:26:20.755 | INFO     | ao_compensation_model.training_search:on_epoch_end:150 - Epoch   8 | val_loss: 0.186744
2026-03-26 00:26:31.759 | INFO     | ao_compensation_model.training_search:on_epoch_end:150 - Epoch   9 | val_loss: 0.188911
2026-03-26 00:26:31.788 | INFO     | ao_compensation_model.training_search:train:294 - Best model for this run saved as: gru_model.keras (val_loss=0.186717)
2026-03-26 00:26:33.501 | INFO     | ao_compensation_model.training_search:train:311 - TFLite model saved as: gru_model_edge.tflite
2026-03-26 00:26:33.972 | INFO     | ao_compensation_model.training_search:train:241 - --- Testing Config: GRU=8 | BATCH=64 | KERNEL=20 | FILTERS=8 | POOL=5 ---
2026-03-26 00:26:34.071 | INFO     | ao_compensation_model.training_search:train:259 - Model architecture:
Model: "functional"
┏━━━━━━━━━━━━━━━━━━━━━━━━━━━━━━━━━━━━━━┳━━━━━━━━━━━━━━━━━━━━━━━━━━━━━┳━━━━━━━━━━━━━━━━━┓
┃ Layer (type)                         ┃ Output Shape                ┃         Param # ┃
┡━━━━━━━━━━━━━━━━━━━━━━━━━━━━━━━━━━━━━━╇━━━━━━━━━━━━━━━━━━━━━━━━━━━━━╇━━━━━━━━━━━━━━━━━┩
│ input_layer (InputLayer)             │ (None, 200, 2)              │               0 │
├──────────────────────────────────────┼─────────────────────────────┼─────────────────┤
│ conv1d (Conv1D)                      │ (None, 200, 8)              │             328 │
├──────────────────────────────────────┼─────────────────────────────┼─────────────────┤
│ batch_normalization                  │ (None, 200, 8)              │              32 │
│ (BatchNormalization)                 │                             │                 │
├──────────────────────────────────────┼─────────────────────────────┼─────────────────┤
│ zero_padding1d (ZeroPadding1D)       │ (None, 204, 8)              │               0 │
├──────────────────────────────────────┼─────────────────────────────┼─────────────────┤
│ average_pooling1d (AveragePooling1D) │ (None, 200, 8)              │               0 │
├──────────────────────────────────────┼─────────────────────────────┼─────────────────┤
│ gru (GRU)                            │ (None, 8)                   │             432 │
├──────────────────────────────────────┼─────────────────────────────┼─────────────────┤
│ dense (Dense)                        │ (None, 2)                   │              18 │
├──────────────────────────────────────┼─────────────────────────────┼─────────────────┤
│ phase (UnitNormalization)            │ (None, 2)                   │               0 │
└──────────────────────────────────────┴─────────────────────────────┴─────────────────┘
 Total params: 810 (3.16 KB)
 Trainable params: 794 (3.10 KB)
 Non-trainable params: 16 (64.00 B)


2026-03-26 00:26:34.083 | INFO     | ao_compensation_model.training_search:train:262 - Parameters — trainable: 794  non-trainable: 16  total: 810
2026-03-26 00:26:34.151 | INFO     | ao_compensation_model.training_search:on_train_begin:130 - Training started.
2026-03-26 00:26:34.152 | INFO     | ao_compensation_model.training_search:on_train_begin:131 - Hyperparameters:
  WINDOW_SIZE: 200
  STRIDE: 20
  TARGET_LEAD: 0
  GRU_UNITS: 8
  DROPOUT_RATE: 0.2
  FILTERS: 8
  KERNEL_SIZE: 20
  POOL_SIZE: 5
  BATCH_SIZE: 64
  MAX_EPOCHS: 100
  LEARNING_RATE: 0.0005
  TRAINING_DATA_DIR: D:\01_Code\ao_compensation_model\src\ao_compensation_model\dataset\training
  MODEL_DIR: D:\01_Code\ao_compensation_model\src\ao_compensation_model\model
2026-03-26 00:26:50.187 | INFO     | ao_compensation_model.training_search:on_epoch_end:150 - Epoch   1 | val_loss: 0.230443
2026-03-26 00:27:01.959 | INFO     | ao_compensation_model.training_search:on_epoch_end:150 - Epoch   2 | val_loss: 0.223374
2026-03-26 00:27:13.691 | INFO     | ao_compensation_model.training_search:on_epoch_end:150 - Epoch   3 | val_loss: 0.216917
2026-03-26 00:27:25.393 | INFO     | ao_compensation_model.training_search:on_epoch_end:150 - Epoch   4 | val_loss: 0.210007
2026-03-26 00:27:37.147 | INFO     | ao_compensation_model.training_search:on_epoch_end:150 - Epoch   5 | val_loss: 0.202310
2026-03-26 00:27:48.788 | INFO     | ao_compensation_model.training_search:on_epoch_end:150 - Epoch   6 | val_loss: 0.203060
2026-03-26 00:28:01.728 | INFO     | ao_compensation_model.training_search:on_epoch_end:150 - Epoch   7 | val_loss: 0.197741
2026-03-26 00:28:14.716 | INFO     | ao_compensation_model.training_search:on_epoch_end:150 - Epoch   8 | val_loss: 0.196897
2026-03-26 00:28:27.802 | INFO     | ao_compensation_model.training_search:on_epoch_end:150 - Epoch   9 | val_loss: 0.194031
2026-03-26 00:28:40.657 | INFO     | ao_compensation_model.training_search:on_epoch_end:150 - Epoch  10 | val_loss: 0.194385
2026-03-26 00:28:53.634 | INFO     | ao_compensation_model.training_search:on_epoch_end:150 - Epoch  11 | val_loss: 0.192394
2026-03-26 00:29:06.583 | INFO     | ao_compensation_model.training_search:on_epoch_end:150 - Epoch  12 | val_loss: 0.192151
2026-03-26 00:29:19.556 | INFO     | ao_compensation_model.training_search:on_epoch_end:150 - Epoch  13 | val_loss: 0.192881
2026-03-26 00:29:32.546 | INFO     | ao_compensation_model.training_search:on_epoch_end:150 - Epoch  14 | val_loss: 0.192642
2026-03-26 00:29:32.578 | INFO     | ao_compensation_model.training_search:train:294 - Best model for this run saved as: gru_model.keras (val_loss=0.192151)
2026-03-26 00:29:34.650 | INFO     | ao_compensation_model.training_search:train:311 - TFLite model saved as: gru_model_edge.tflite
2026-03-26 00:29:35.210 | INFO     | ao_compensation_model.training_search:train:241 - --- Testing Config: GRU=8 | BATCH=64 | KERNEL=20 | FILTERS=8 | POOL=3 ---
2026-03-26 00:29:35.313 | INFO     | ao_compensation_model.training_search:train:259 - Model architecture:
Model: "functional"
┏━━━━━━━━━━━━━━━━━━━━━━━━━━━━━━━━━━━━━━┳━━━━━━━━━━━━━━━━━━━━━━━━━━━━━┳━━━━━━━━━━━━━━━━━┓
┃ Layer (type)                         ┃ Output Shape                ┃         Param # ┃
┡━━━━━━━━━━━━━━━━━━━━━━━━━━━━━━━━━━━━━━╇━━━━━━━━━━━━━━━━━━━━━━━━━━━━━╇━━━━━━━━━━━━━━━━━┩
│ input_layer (InputLayer)             │ (None, 200, 2)              │               0 │
├──────────────────────────────────────┼─────────────────────────────┼─────────────────┤
│ conv1d (Conv1D)                      │ (None, 200, 8)              │             328 │
├──────────────────────────────────────┼─────────────────────────────┼─────────────────┤
│ batch_normalization                  │ (None, 200, 8)              │              32 │
│ (BatchNormalization)                 │                             │                 │
├──────────────────────────────────────┼─────────────────────────────┼─────────────────┤
│ zero_padding1d (ZeroPadding1D)       │ (None, 202, 8)              │               0 │
├──────────────────────────────────────┼─────────────────────────────┼─────────────────┤
│ average_pooling1d (AveragePooling1D) │ (None, 200, 8)              │               0 │
├──────────────────────────────────────┼─────────────────────────────┼─────────────────┤
│ gru (GRU)                            │ (None, 8)                   │             432 │
├──────────────────────────────────────┼─────────────────────────────┼─────────────────┤
│ dense (Dense)                        │ (None, 2)                   │              18 │
├──────────────────────────────────────┼─────────────────────────────┼─────────────────┤
│ phase (UnitNormalization)            │ (None, 2)                   │               0 │
└──────────────────────────────────────┴─────────────────────────────┴─────────────────┘
 Total params: 810 (3.16 KB)
 Trainable params: 794 (3.10 KB)
 Non-trainable params: 16 (64.00 B)


2026-03-26 00:29:35.326 | INFO     | ao_compensation_model.training_search:train:262 - Parameters — trainable: 794  non-trainable: 16  total: 810
2026-03-26 00:29:35.396 | INFO     | ao_compensation_model.training_search:on_train_begin:130 - Training started.
2026-03-26 00:29:35.396 | INFO     | ao_compensation_model.training_search:on_train_begin:131 - Hyperparameters:
  WINDOW_SIZE: 200
  STRIDE: 20
  TARGET_LEAD: 0
  GRU_UNITS: 8
  DROPOUT_RATE: 0.2
  FILTERS: 8
  KERNEL_SIZE: 20
  POOL_SIZE: 3
  BATCH_SIZE: 64
  MAX_EPOCHS: 100
  LEARNING_RATE: 0.0005
  TRAINING_DATA_DIR: D:\01_Code\ao_compensation_model\src\ao_compensation_model\dataset\training
  MODEL_DIR: D:\01_Code\ao_compensation_model\src\ao_compensation_model\model
2026-03-26 00:29:54.792 | INFO     | ao_compensation_model.training_search:on_epoch_end:150 - Epoch   1 | val_loss: 0.242498
2026-03-26 00:30:07.900 | INFO     | ao_compensation_model.training_search:on_epoch_end:150 - Epoch   2 | val_loss: 0.212289
2026-03-26 00:30:20.963 | INFO     | ao_compensation_model.training_search:on_epoch_end:150 - Epoch   3 | val_loss: 0.199594
2026-03-26 00:30:33.983 | INFO     | ao_compensation_model.training_search:on_epoch_end:150 - Epoch   4 | val_loss: 0.198056
2026-03-26 00:30:46.993 | INFO     | ao_compensation_model.training_search:on_epoch_end:150 - Epoch   5 | val_loss: 0.190623
2026-03-26 00:30:59.945 | INFO     | ao_compensation_model.training_search:on_epoch_end:150 - Epoch   6 | val_loss: 0.186323
2026-03-26 00:31:12.807 | INFO     | ao_compensation_model.training_search:on_epoch_end:150 - Epoch   7 | val_loss: 0.191116
2026-03-26 00:31:25.809 | INFO     | ao_compensation_model.training_search:on_epoch_end:150 - Epoch   8 | val_loss: 0.186795
2026-03-26 00:31:25.841 | INFO     | ao_compensation_model.training_search:train:294 - Best model for this run saved as: gru_model.keras (val_loss=0.186323)
2026-03-26 00:31:27.795 | INFO     | ao_compensation_model.training_search:train:311 - TFLite model saved as: gru_model_edge.tflite
2026-03-26 00:31:28.356 | INFO     | ao_compensation_model.training_search:train:241 - --- Testing Config: GRU=8 | BATCH=64 | KERNEL=20 | FILTERS=16 | POOL=5 ---
2026-03-26 00:31:28.519 | INFO     | ao_compensation_model.training_search:train:259 - Model architecture:
Model: "functional"
┏━━━━━━━━━━━━━━━━━━━━━━━━━━━━━━━━━━━━━━┳━━━━━━━━━━━━━━━━━━━━━━━━━━━━━┳━━━━━━━━━━━━━━━━━┓
┃ Layer (type)                         ┃ Output Shape                ┃         Param # ┃
┡━━━━━━━━━━━━━━━━━━━━━━━━━━━━━━━━━━━━━━╇━━━━━━━━━━━━━━━━━━━━━━━━━━━━━╇━━━━━━━━━━━━━━━━━┩
│ input_layer (InputLayer)             │ (None, 200, 2)              │               0 │
├──────────────────────────────────────┼─────────────────────────────┼─────────────────┤
│ conv1d (Conv1D)                      │ (None, 200, 16)             │             656 │
├──────────────────────────────────────┼─────────────────────────────┼─────────────────┤
│ batch_normalization                  │ (None, 200, 16)             │              64 │
│ (BatchNormalization)                 │                             │                 │
├──────────────────────────────────────┼─────────────────────────────┼─────────────────┤
│ zero_padding1d (ZeroPadding1D)       │ (None, 204, 16)             │               0 │
├──────────────────────────────────────┼─────────────────────────────┼─────────────────┤
│ average_pooling1d (AveragePooling1D) │ (None, 200, 16)             │               0 │
├──────────────────────────────────────┼─────────────────────────────┼─────────────────┤
│ gru (GRU)                            │ (None, 8)                   │             624 │
├──────────────────────────────────────┼─────────────────────────────┼─────────────────┤
│ dense (Dense)                        │ (None, 2)                   │              18 │
├──────────────────────────────────────┼─────────────────────────────┼─────────────────┤
│ phase (UnitNormalization)            │ (None, 2)                   │               0 │
└──────────────────────────────────────┴─────────────────────────────┴─────────────────┘
 Total params: 1,362 (5.32 KB)
 Trainable params: 1,330 (5.20 KB)
 Non-trainable params: 32 (128.00 B)


2026-03-26 00:31:28.536 | INFO     | ao_compensation_model.training_search:train:262 - Parameters — trainable: 1330  non-trainable: 32  total: 1362
2026-03-26 00:31:28.611 | INFO     | ao_compensation_model.training_search:on_train_begin:130 - Training started.
2026-03-26 00:31:28.611 | INFO     | ao_compensation_model.training_search:on_train_begin:131 - Hyperparameters:
  WINDOW_SIZE: 200
  STRIDE: 20
  TARGET_LEAD: 0
  GRU_UNITS: 8
  DROPOUT_RATE: 0.2
  FILTERS: 16
  KERNEL_SIZE: 20
  POOL_SIZE: 5
  BATCH_SIZE: 64
  MAX_EPOCHS: 100
  LEARNING_RATE: 0.0005
  TRAINING_DATA_DIR: D:\01_Code\ao_compensation_model\src\ao_compensation_model\dataset\training
  MODEL_DIR: D:\01_Code\ao_compensation_model\src\ao_compensation_model\model
2026-03-26 00:31:47.281 | INFO     | ao_compensation_model.training_search:on_epoch_end:150 - Epoch   1 | val_loss: 0.228255
2026-03-26 00:32:00.725 | INFO     | ao_compensation_model.training_search:on_epoch_end:150 - Epoch   2 | val_loss: 0.210873
2026-03-26 00:32:14.126 | INFO     | ao_compensation_model.training_search:on_epoch_end:150 - Epoch   3 | val_loss: 0.203909
2026-03-26 00:32:27.524 | INFO     | ao_compensation_model.training_search:on_epoch_end:150 - Epoch   4 | val_loss: 0.202631
2026-03-26 00:32:40.890 | INFO     | ao_compensation_model.training_search:on_epoch_end:150 - Epoch   5 | val_loss: 0.194940
2026-03-26 00:32:54.314 | INFO     | ao_compensation_model.training_search:on_epoch_end:150 - Epoch   6 | val_loss: 0.194219
2026-03-26 00:33:07.844 | INFO     | ao_compensation_model.training_search:on_epoch_end:150 - Epoch   7 | val_loss: 0.193256
2026-03-26 00:33:21.345 | INFO     | ao_compensation_model.training_search:on_epoch_end:150 - Epoch   8 | val_loss: 0.191008
2026-03-26 00:33:34.785 | INFO     | ao_compensation_model.training_search:on_epoch_end:150 - Epoch   9 | val_loss: 0.186651
2026-03-26 00:33:48.243 | INFO     | ao_compensation_model.training_search:on_epoch_end:150 - Epoch  10 | val_loss: 0.187753
2026-03-26 00:34:01.621 | INFO     | ao_compensation_model.training_search:on_epoch_end:150 - Epoch  11 | val_loss: 0.187387
2026-03-26 00:34:01.652 | INFO     | ao_compensation_model.training_search:train:294 - Best model for this run saved as: gru_model.keras (val_loss=0.186651)
2026-03-26 00:34:04.615 | INFO     | ao_compensation_model.training_search:train:311 - TFLite model saved as: gru_model_edge.tflite
2026-03-26 00:34:05.294 | INFO     | ao_compensation_model.training_search:train:241 - --- Testing Config: GRU=8 | BATCH=64 | KERNEL=20 | FILTERS=16 | POOL=3 ---
2026-03-26 00:34:05.417 | INFO     | ao_compensation_model.training_search:train:259 - Model architecture:
Model: "functional"
┏━━━━━━━━━━━━━━━━━━━━━━━━━━━━━━━━━━━━━━┳━━━━━━━━━━━━━━━━━━━━━━━━━━━━━┳━━━━━━━━━━━━━━━━━┓
┃ Layer (type)                         ┃ Output Shape                ┃         Param # ┃
┡━━━━━━━━━━━━━━━━━━━━━━━━━━━━━━━━━━━━━━╇━━━━━━━━━━━━━━━━━━━━━━━━━━━━━╇━━━━━━━━━━━━━━━━━┩
│ input_layer (InputLayer)             │ (None, 200, 2)              │               0 │
├──────────────────────────────────────┼─────────────────────────────┼─────────────────┤
│ conv1d (Conv1D)                      │ (None, 200, 16)             │             656 │
├──────────────────────────────────────┼─────────────────────────────┼─────────────────┤
│ batch_normalization                  │ (None, 200, 16)             │              64 │
│ (BatchNormalization)                 │                             │                 │
├──────────────────────────────────────┼─────────────────────────────┼─────────────────┤
│ zero_padding1d (ZeroPadding1D)       │ (None, 202, 16)             │               0 │
├──────────────────────────────────────┼─────────────────────────────┼─────────────────┤
│ average_pooling1d (AveragePooling1D) │ (None, 200, 16)             │               0 │
├──────────────────────────────────────┼─────────────────────────────┼─────────────────┤
│ gru (GRU)                            │ (None, 8)                   │             624 │
├──────────────────────────────────────┼─────────────────────────────┼─────────────────┤
│ dense (Dense)                        │ (None, 2)                   │              18 │
├──────────────────────────────────────┼─────────────────────────────┼─────────────────┤
│ phase (UnitNormalization)            │ (None, 2)                   │               0 │
└──────────────────────────────────────┴─────────────────────────────┴─────────────────┘
 Total params: 1,362 (5.32 KB)
 Trainable params: 1,330 (5.20 KB)
 Non-trainable params: 32 (128.00 B)


2026-03-26 00:34:05.434 | INFO     | ao_compensation_model.training_search:train:262 - Parameters — trainable: 1330  non-trainable: 32  total: 1362
2026-03-26 00:34:05.505 | INFO     | ao_compensation_model.training_search:on_train_begin:130 - Training started.
2026-03-26 00:34:05.506 | INFO     | ao_compensation_model.training_search:on_train_begin:131 - Hyperparameters:
  WINDOW_SIZE: 200
  STRIDE: 20
  TARGET_LEAD: 0
  GRU_UNITS: 8
  DROPOUT_RATE: 0.2
  FILTERS: 16
  KERNEL_SIZE: 20
  POOL_SIZE: 3
  BATCH_SIZE: 64
  MAX_EPOCHS: 100
  LEARNING_RATE: 0.0005
  TRAINING_DATA_DIR: D:\01_Code\ao_compensation_model\src\ao_compensation_model\dataset\training
  MODEL_DIR: D:\01_Code\ao_compensation_model\src\ao_compensation_model\model
2026-03-26 00:34:23.874 | INFO     | ao_compensation_model.training_search:on_epoch_end:150 - Epoch   1 | val_loss: 0.249103
2026-03-26 00:34:37.500 | INFO     | ao_compensation_model.training_search:on_epoch_end:150 - Epoch   2 | val_loss: 0.217442
2026-03-26 00:34:51.015 | INFO     | ao_compensation_model.training_search:on_epoch_end:150 - Epoch   3 | val_loss: 0.198631
2026-03-26 00:35:04.565 | INFO     | ao_compensation_model.training_search:on_epoch_end:150 - Epoch   4 | val_loss: 0.191194
2026-03-26 00:35:17.938 | INFO     | ao_compensation_model.training_search:on_epoch_end:150 - Epoch   5 | val_loss: 0.192436
2026-03-26 00:35:31.363 | INFO     | ao_compensation_model.training_search:on_epoch_end:150 - Epoch   6 | val_loss: 0.186197
2026-03-26 00:35:43.268 | INFO     | ao_compensation_model.training_search:on_epoch_end:150 - Epoch   7 | val_loss: 0.187199
2026-03-26 00:35:56.749 | INFO     | ao_compensation_model.training_search:on_epoch_end:150 - Epoch   8 | val_loss: 0.185960
2026-03-26 00:36:10.141 | INFO     | ao_compensation_model.training_search:on_epoch_end:150 - Epoch   9 | val_loss: 0.188412
2026-03-26 00:36:23.553 | INFO     | ao_compensation_model.training_search:on_epoch_end:150 - Epoch  10 | val_loss: 0.186708
2026-03-26 00:36:23.582 | INFO     | ao_compensation_model.training_search:train:294 - Best model for this run saved as: gru_model.keras (val_loss=0.185960)
2026-03-26 00:36:26.720 | INFO     | ao_compensation_model.training_search:train:311 - TFLite model saved as: gru_model_edge.tflite
2026-03-26 00:36:27.319 | INFO     | ao_compensation_model.training_search:train:241 - --- Testing Config: GRU=8 | BATCH=128 | KERNEL=5 | FILTERS=4 | POOL=5 ---
2026-03-26 00:36:27.451 | INFO     | ao_compensation_model.training_search:train:259 - Model architecture:
Model: "functional"
┏━━━━━━━━━━━━━━━━━━━━━━━━━━━━━━━━━━━━━━┳━━━━━━━━━━━━━━━━━━━━━━━━━━━━━┳━━━━━━━━━━━━━━━━━┓
┃ Layer (type)                         ┃ Output Shape                ┃         Param # ┃
┡━━━━━━━━━━━━━━━━━━━━━━━━━━━━━━━━━━━━━━╇━━━━━━━━━━━━━━━━━━━━━━━━━━━━━╇━━━━━━━━━━━━━━━━━┩
│ input_layer (InputLayer)             │ (None, 200, 2)              │               0 │
├──────────────────────────────────────┼─────────────────────────────┼─────────────────┤
│ conv1d (Conv1D)                      │ (None, 200, 4)              │              44 │
├──────────────────────────────────────┼─────────────────────────────┼─────────────────┤
│ batch_normalization                  │ (None, 200, 4)              │              16 │
│ (BatchNormalization)                 │                             │                 │
├──────────────────────────────────────┼─────────────────────────────┼─────────────────┤
│ zero_padding1d (ZeroPadding1D)       │ (None, 204, 4)              │               0 │
├──────────────────────────────────────┼─────────────────────────────┼─────────────────┤
│ average_pooling1d (AveragePooling1D) │ (None, 200, 4)              │               0 │
├──────────────────────────────────────┼─────────────────────────────┼─────────────────┤
│ gru (GRU)                            │ (None, 8)                   │             336 │
├──────────────────────────────────────┼─────────────────────────────┼─────────────────┤
│ dense (Dense)                        │ (None, 2)                   │              18 │
├──────────────────────────────────────┼─────────────────────────────┼─────────────────┤
│ phase (UnitNormalization)            │ (None, 2)                   │               0 │
└──────────────────────────────────────┴─────────────────────────────┴─────────────────┘
 Total params: 414 (1.62 KB)
 Trainable params: 406 (1.59 KB)
 Non-trainable params: 8 (32.00 B)


2026-03-26 00:36:27.465 | INFO     | ao_compensation_model.training_search:train:262 - Parameters — trainable: 406  non-trainable: 8  total: 414
2026-03-26 00:36:27.529 | INFO     | ao_compensation_model.training_search:on_train_begin:130 - Training started.
2026-03-26 00:36:27.529 | INFO     | ao_compensation_model.training_search:on_train_begin:131 - Hyperparameters:
  WINDOW_SIZE: 200
  STRIDE: 20
  TARGET_LEAD: 0
  GRU_UNITS: 8
  DROPOUT_RATE: 0.2
  FILTERS: 4
  KERNEL_SIZE: 5
  POOL_SIZE: 5
  BATCH_SIZE: 128
  MAX_EPOCHS: 100
  LEARNING_RATE: 0.0005
  TRAINING_DATA_DIR: D:\01_Code\ao_compensation_model\src\ao_compensation_model\dataset\training
  MODEL_DIR: D:\01_Code\ao_compensation_model\src\ao_compensation_model\model
2026-03-26 00:36:40.234 | INFO     | ao_compensation_model.training_search:on_epoch_end:150 - Epoch   1 | val_loss: 0.651310
2026-03-26 00:36:46.861 | INFO     | ao_compensation_model.training_search:on_epoch_end:150 - Epoch   2 | val_loss: 0.283379
2026-03-26 00:36:54.282 | INFO     | ao_compensation_model.training_search:on_epoch_end:150 - Epoch   3 | val_loss: 0.243493
2026-03-26 00:37:00.779 | INFO     | ao_compensation_model.training_search:on_epoch_end:150 - Epoch   4 | val_loss: 0.226067
2026-03-26 00:37:08.250 | INFO     | ao_compensation_model.training_search:on_epoch_end:150 - Epoch   5 | val_loss: 0.215793
2026-03-26 00:37:14.784 | INFO     | ao_compensation_model.training_search:on_epoch_end:150 - Epoch   6 | val_loss: 0.213153
2026-03-26 00:37:22.307 | INFO     | ao_compensation_model.training_search:on_epoch_end:150 - Epoch   7 | val_loss: 0.207511
2026-03-26 00:37:28.914 | INFO     | ao_compensation_model.training_search:on_epoch_end:150 - Epoch   8 | val_loss: 0.204443
2026-03-26 00:37:36.305 | INFO     | ao_compensation_model.training_search:on_epoch_end:150 - Epoch   9 | val_loss: 0.202562
2026-03-26 00:37:42.771 | INFO     | ao_compensation_model.training_search:on_epoch_end:150 - Epoch  10 | val_loss: 0.207311
2026-03-26 00:37:50.089 | INFO     | ao_compensation_model.training_search:on_epoch_end:150 - Epoch  11 | val_loss: 0.207938
2026-03-26 00:37:50.121 | INFO     | ao_compensation_model.training_search:train:294 - Best model for this run saved as: gru_model.keras (val_loss=0.202562)
2026-03-26 00:37:52.137 | INFO     | ao_compensation_model.training_search:train:311 - TFLite model saved as: gru_model_edge.tflite
2026-03-26 00:37:52.721 | INFO     | ao_compensation_model.training_search:train:241 - --- Testing Config: GRU=8 | BATCH=128 | KERNEL=5 | FILTERS=4 | POOL=3 ---
2026-03-26 00:37:52.848 | INFO     | ao_compensation_model.training_search:train:259 - Model architecture:
Model: "functional"
┏━━━━━━━━━━━━━━━━━━━━━━━━━━━━━━━━━━━━━━┳━━━━━━━━━━━━━━━━━━━━━━━━━━━━━┳━━━━━━━━━━━━━━━━━┓
┃ Layer (type)                         ┃ Output Shape                ┃         Param # ┃
┡━━━━━━━━━━━━━━━━━━━━━━━━━━━━━━━━━━━━━━╇━━━━━━━━━━━━━━━━━━━━━━━━━━━━━╇━━━━━━━━━━━━━━━━━┩
│ input_layer (InputLayer)             │ (None, 200, 2)              │               0 │
├──────────────────────────────────────┼─────────────────────────────┼─────────────────┤
│ conv1d (Conv1D)                      │ (None, 200, 4)              │              44 │
├──────────────────────────────────────┼─────────────────────────────┼─────────────────┤
│ batch_normalization                  │ (None, 200, 4)              │              16 │
│ (BatchNormalization)                 │                             │                 │
├──────────────────────────────────────┼─────────────────────────────┼─────────────────┤
│ zero_padding1d (ZeroPadding1D)       │ (None, 202, 4)              │               0 │
├──────────────────────────────────────┼─────────────────────────────┼─────────────────┤
│ average_pooling1d (AveragePooling1D) │ (None, 200, 4)              │               0 │
├──────────────────────────────────────┼─────────────────────────────┼─────────────────┤
│ gru (GRU)                            │ (None, 8)                   │             336 │
├──────────────────────────────────────┼─────────────────────────────┼─────────────────┤
│ dense (Dense)                        │ (None, 2)                   │              18 │
├──────────────────────────────────────┼─────────────────────────────┼─────────────────┤
│ phase (UnitNormalization)            │ (None, 2)                   │               0 │
└──────────────────────────────────────┴─────────────────────────────┴─────────────────┘
 Total params: 414 (1.62 KB)
 Trainable params: 406 (1.59 KB)
 Non-trainable params: 8 (32.00 B)


2026-03-26 00:37:52.861 | INFO     | ao_compensation_model.training_search:train:262 - Parameters — trainable: 406  non-trainable: 8  total: 414
2026-03-26 00:37:52.938 | INFO     | ao_compensation_model.training_search:on_train_begin:130 - Training started.
2026-03-26 00:37:52.939 | INFO     | ao_compensation_model.training_search:on_train_begin:131 - Hyperparameters:
  WINDOW_SIZE: 200
  STRIDE: 20
  TARGET_LEAD: 0
  GRU_UNITS: 8
  DROPOUT_RATE: 0.2
  FILTERS: 4
  KERNEL_SIZE: 5
  POOL_SIZE: 3
  BATCH_SIZE: 128
  MAX_EPOCHS: 100
  LEARNING_RATE: 0.0005
  TRAINING_DATA_DIR: D:\01_Code\ao_compensation_model\src\ao_compensation_model\dataset\training
  MODEL_DIR: D:\01_Code\ao_compensation_model\src\ao_compensation_model\model
2026-03-26 00:38:05.526 | INFO     | ao_compensation_model.training_search:on_epoch_end:150 - Epoch   1 | val_loss: 0.362390
2026-03-26 00:38:13.080 | INFO     | ao_compensation_model.training_search:on_epoch_end:150 - Epoch   2 | val_loss: 0.279988
2026-03-26 00:38:19.681 | INFO     | ao_compensation_model.training_search:on_epoch_end:150 - Epoch   3 | val_loss: 0.237209
2026-03-26 00:38:27.271 | INFO     | ao_compensation_model.training_search:on_epoch_end:150 - Epoch   4 | val_loss: 0.211158
2026-03-26 00:38:34.133 | INFO     | ao_compensation_model.training_search:on_epoch_end:150 - Epoch   5 | val_loss: 0.209944
2026-03-26 00:38:41.456 | INFO     | ao_compensation_model.training_search:on_epoch_end:150 - Epoch   6 | val_loss: 0.205924
2026-03-26 00:38:48.940 | INFO     | ao_compensation_model.training_search:on_epoch_end:150 - Epoch   7 | val_loss: 0.205506
2026-03-26 00:38:55.496 | INFO     | ao_compensation_model.training_search:on_epoch_end:150 - Epoch   8 | val_loss: 0.204503
2026-03-26 00:39:03.020 | INFO     | ao_compensation_model.training_search:on_epoch_end:150 - Epoch   9 | val_loss: 0.200683
2026-03-26 00:39:09.521 | INFO     | ao_compensation_model.training_search:on_epoch_end:150 - Epoch  10 | val_loss: 0.204974
2026-03-26 00:39:16.817 | INFO     | ao_compensation_model.training_search:on_epoch_end:150 - Epoch  11 | val_loss: 0.201645
2026-03-26 00:39:16.849 | INFO     | ao_compensation_model.training_search:train:294 - Best model for this run saved as: gru_model.keras (val_loss=0.200683)
2026-03-26 00:39:18.985 | INFO     | ao_compensation_model.training_search:train:311 - TFLite model saved as: gru_model_edge.tflite
2026-03-26 00:39:19.602 | INFO     | ao_compensation_model.training_search:train:241 - --- Testing Config: GRU=8 | BATCH=128 | KERNEL=5 | FILTERS=8 | POOL=5 ---
2026-03-26 00:39:19.712 | INFO     | ao_compensation_model.training_search:train:259 - Model architecture:
Model: "functional"
┏━━━━━━━━━━━━━━━━━━━━━━━━━━━━━━━━━━━━━━┳━━━━━━━━━━━━━━━━━━━━━━━━━━━━━┳━━━━━━━━━━━━━━━━━┓
┃ Layer (type)                         ┃ Output Shape                ┃         Param # ┃
┡━━━━━━━━━━━━━━━━━━━━━━━━━━━━━━━━━━━━━━╇━━━━━━━━━━━━━━━━━━━━━━━━━━━━━╇━━━━━━━━━━━━━━━━━┩
│ input_layer (InputLayer)             │ (None, 200, 2)              │               0 │
├──────────────────────────────────────┼─────────────────────────────┼─────────────────┤
│ conv1d (Conv1D)                      │ (None, 200, 8)              │              88 │
├──────────────────────────────────────┼─────────────────────────────┼─────────────────┤
│ batch_normalization                  │ (None, 200, 8)              │              32 │
│ (BatchNormalization)                 │                             │                 │
├──────────────────────────────────────┼─────────────────────────────┼─────────────────┤
│ zero_padding1d (ZeroPadding1D)       │ (None, 204, 8)              │               0 │
├──────────────────────────────────────┼─────────────────────────────┼─────────────────┤
│ average_pooling1d (AveragePooling1D) │ (None, 200, 8)              │               0 │
├──────────────────────────────────────┼─────────────────────────────┼─────────────────┤
│ gru (GRU)                            │ (None, 8)                   │             432 │
├──────────────────────────────────────┼─────────────────────────────┼─────────────────┤
│ dense (Dense)                        │ (None, 2)                   │              18 │
├──────────────────────────────────────┼─────────────────────────────┼─────────────────┤
│ phase (UnitNormalization)            │ (None, 2)                   │               0 │
└──────────────────────────────────────┴─────────────────────────────┴─────────────────┘
 Total params: 570 (2.23 KB)
 Trainable params: 554 (2.16 KB)
 Non-trainable params: 16 (64.00 B)


2026-03-26 00:39:19.722 | INFO     | ao_compensation_model.training_search:train:262 - Parameters — trainable: 554  non-trainable: 16  total: 570
2026-03-26 00:39:19.807 | INFO     | ao_compensation_model.training_search:on_train_begin:130 - Training started.
2026-03-26 00:39:19.808 | INFO     | ao_compensation_model.training_search:on_train_begin:131 - Hyperparameters:
  WINDOW_SIZE: 200
  STRIDE: 20
  TARGET_LEAD: 0
  GRU_UNITS: 8
  DROPOUT_RATE: 0.2
  FILTERS: 8
  KERNEL_SIZE: 5
  POOL_SIZE: 5
  BATCH_SIZE: 128
  MAX_EPOCHS: 100
  LEARNING_RATE: 0.0005
  TRAINING_DATA_DIR: D:\01_Code\ao_compensation_model\src\ao_compensation_model\dataset\training
  MODEL_DIR: D:\01_Code\ao_compensation_model\src\ao_compensation_model\model
2026-03-26 00:39:32.641 | INFO     | ao_compensation_model.training_search:on_epoch_end:150 - Epoch   1 | val_loss: 0.453743
2026-03-26 00:39:40.222 | INFO     | ao_compensation_model.training_search:on_epoch_end:150 - Epoch   2 | val_loss: 0.391688
2026-03-26 00:39:46.843 | INFO     | ao_compensation_model.training_search:on_epoch_end:150 - Epoch   3 | val_loss: 0.372516
2026-03-26 00:39:54.406 | INFO     | ao_compensation_model.training_search:on_epoch_end:150 - Epoch   4 | val_loss: 0.340878
2026-03-26 00:40:01.076 | INFO     | ao_compensation_model.training_search:on_epoch_end:150 - Epoch   5 | val_loss: 0.314578
2026-03-26 00:40:08.689 | INFO     | ao_compensation_model.training_search:on_epoch_end:150 - Epoch   6 | val_loss: 0.283140
2026-03-26 00:40:15.365 | INFO     | ao_compensation_model.training_search:on_epoch_end:150 - Epoch   7 | val_loss: 0.263990
2026-03-26 00:40:22.994 | INFO     | ao_compensation_model.training_search:on_epoch_end:150 - Epoch   8 | val_loss: 0.248882
2026-03-26 00:40:29.678 | INFO     | ao_compensation_model.training_search:on_epoch_end:150 - Epoch   9 | val_loss: 0.235752
2026-03-26 00:40:37.236 | INFO     | ao_compensation_model.training_search:on_epoch_end:150 - Epoch  10 | val_loss: 0.222155
2026-03-26 00:40:43.900 | INFO     | ao_compensation_model.training_search:on_epoch_end:150 - Epoch  11 | val_loss: 0.216888
2026-03-26 00:40:51.449 | INFO     | ao_compensation_model.training_search:on_epoch_end:150 - Epoch  12 | val_loss: 0.207956
2026-03-26 00:40:58.067 | INFO     | ao_compensation_model.training_search:on_epoch_end:150 - Epoch  13 | val_loss: 0.201002
2026-03-26 00:41:05.722 | INFO     | ao_compensation_model.training_search:on_epoch_end:150 - Epoch  14 | val_loss: 0.200135
2026-03-26 00:41:12.339 | INFO     | ao_compensation_model.training_search:on_epoch_end:150 - Epoch  15 | val_loss: 0.201684
2026-03-26 00:41:19.734 | INFO     | ao_compensation_model.training_search:on_epoch_end:150 - Epoch  16 | val_loss: 0.200226
2026-03-26 00:41:19.766 | INFO     | ao_compensation_model.training_search:train:294 - Best model for this run saved as: gru_model.keras (val_loss=0.200135)
2026-03-26 00:41:21.735 | INFO     | ao_compensation_model.training_search:train:311 - TFLite model saved as: gru_model_edge.tflite
2026-03-26 00:41:22.356 | INFO     | ao_compensation_model.training_search:train:241 - --- Testing Config: GRU=8 | BATCH=128 | KERNEL=5 | FILTERS=8 | POOL=3 ---
2026-03-26 00:41:22.504 | INFO     | ao_compensation_model.training_search:train:259 - Model architecture:
Model: "functional"
┏━━━━━━━━━━━━━━━━━━━━━━━━━━━━━━━━━━━━━━┳━━━━━━━━━━━━━━━━━━━━━━━━━━━━━┳━━━━━━━━━━━━━━━━━┓
┃ Layer (type)                         ┃ Output Shape                ┃         Param # ┃
┡━━━━━━━━━━━━━━━━━━━━━━━━━━━━━━━━━━━━━━╇━━━━━━━━━━━━━━━━━━━━━━━━━━━━━╇━━━━━━━━━━━━━━━━━┩
│ input_layer (InputLayer)             │ (None, 200, 2)              │               0 │
├──────────────────────────────────────┼─────────────────────────────┼─────────────────┤
│ conv1d (Conv1D)                      │ (None, 200, 8)              │              88 │
├──────────────────────────────────────┼─────────────────────────────┼─────────────────┤
│ batch_normalization                  │ (None, 200, 8)              │              32 │
│ (BatchNormalization)                 │                             │                 │
├──────────────────────────────────────┼─────────────────────────────┼─────────────────┤
│ zero_padding1d (ZeroPadding1D)       │ (None, 202, 8)              │               0 │
├──────────────────────────────────────┼─────────────────────────────┼─────────────────┤
│ average_pooling1d (AveragePooling1D) │ (None, 200, 8)              │               0 │
├──────────────────────────────────────┼─────────────────────────────┼─────────────────┤
│ gru (GRU)                            │ (None, 8)                   │             432 │
├──────────────────────────────────────┼─────────────────────────────┼─────────────────┤
│ dense (Dense)                        │ (None, 2)                   │              18 │
├──────────────────────────────────────┼─────────────────────────────┼─────────────────┤
│ phase (UnitNormalization)            │ (None, 2)                   │               0 │
└──────────────────────────────────────┴─────────────────────────────┴─────────────────┘
 Total params: 570 (2.23 KB)
 Trainable params: 554 (2.16 KB)
 Non-trainable params: 16 (64.00 B)


2026-03-26 00:41:22.515 | INFO     | ao_compensation_model.training_search:train:262 - Parameters — trainable: 554  non-trainable: 16  total: 570
2026-03-26 00:41:22.581 | INFO     | ao_compensation_model.training_search:on_train_begin:130 - Training started.
2026-03-26 00:41:22.582 | INFO     | ao_compensation_model.training_search:on_train_begin:131 - Hyperparameters:
  WINDOW_SIZE: 200
  STRIDE: 20
  TARGET_LEAD: 0
  GRU_UNITS: 8
  DROPOUT_RATE: 0.2
  FILTERS: 8
  KERNEL_SIZE: 5
  POOL_SIZE: 3
  BATCH_SIZE: 128
  MAX_EPOCHS: 100
  LEARNING_RATE: 0.0005
  TRAINING_DATA_DIR: D:\01_Code\ao_compensation_model\src\ao_compensation_model\dataset\training
  MODEL_DIR: D:\01_Code\ao_compensation_model\src\ao_compensation_model\model
2026-03-26 00:41:35.261 | INFO     | ao_compensation_model.training_search:on_epoch_end:150 - Epoch   1 | val_loss: 0.375562
2026-03-26 00:41:42.777 | INFO     | ao_compensation_model.training_search:on_epoch_end:150 - Epoch   2 | val_loss: 0.325174
2026-03-26 00:41:49.344 | INFO     | ao_compensation_model.training_search:on_epoch_end:150 - Epoch   3 | val_loss: 0.300300
2026-03-26 00:41:56.862 | INFO     | ao_compensation_model.training_search:on_epoch_end:150 - Epoch   4 | val_loss: 0.276042
2026-03-26 00:42:03.910 | INFO     | ao_compensation_model.training_search:on_epoch_end:150 - Epoch   5 | val_loss: 0.247998
2026-03-26 00:42:11.038 | INFO     | ao_compensation_model.training_search:on_epoch_end:150 - Epoch   6 | val_loss: 0.223261
2026-03-26 00:42:18.549 | INFO     | ao_compensation_model.training_search:on_epoch_end:150 - Epoch   7 | val_loss: 0.204587
2026-03-26 00:42:25.164 | INFO     | ao_compensation_model.training_search:on_epoch_end:150 - Epoch   8 | val_loss: 0.202594
2026-03-26 00:42:32.641 | INFO     | ao_compensation_model.training_search:on_epoch_end:150 - Epoch   9 | val_loss: 0.198693
2026-03-26 00:42:39.253 | INFO     | ao_compensation_model.training_search:on_epoch_end:150 - Epoch  10 | val_loss: 0.196477
2026-03-26 00:42:46.679 | INFO     | ao_compensation_model.training_search:on_epoch_end:150 - Epoch  11 | val_loss: 0.198037
2026-03-26 00:42:53.127 | INFO     | ao_compensation_model.training_search:on_epoch_end:150 - Epoch  12 | val_loss: 0.198757
2026-03-26 00:42:53.160 | INFO     | ao_compensation_model.training_search:train:294 - Best model for this run saved as: gru_model.keras (val_loss=0.196477)
2026-03-26 00:42:55.192 | INFO     | ao_compensation_model.training_search:train:311 - TFLite model saved as: gru_model_edge.tflite
2026-03-26 00:42:55.875 | INFO     | ao_compensation_model.training_search:train:241 - --- Testing Config: GRU=8 | BATCH=128 | KERNEL=5 | FILTERS=16 | POOL=5 ---
2026-03-26 00:42:56.178 | INFO     | ao_compensation_model.training_search:train:259 - Model architecture:
Model: "functional"
┏━━━━━━━━━━━━━━━━━━━━━━━━━━━━━━━━━━━━━━┳━━━━━━━━━━━━━━━━━━━━━━━━━━━━━┳━━━━━━━━━━━━━━━━━┓
┃ Layer (type)                         ┃ Output Shape                ┃         Param # ┃
┡━━━━━━━━━━━━━━━━━━━━━━━━━━━━━━━━━━━━━━╇━━━━━━━━━━━━━━━━━━━━━━━━━━━━━╇━━━━━━━━━━━━━━━━━┩
│ input_layer (InputLayer)             │ (None, 200, 2)              │               0 │
├──────────────────────────────────────┼─────────────────────────────┼─────────────────┤
│ conv1d (Conv1D)                      │ (None, 200, 16)             │             176 │
├──────────────────────────────────────┼─────────────────────────────┼─────────────────┤
│ batch_normalization                  │ (None, 200, 16)             │              64 │
│ (BatchNormalization)                 │                             │                 │
├──────────────────────────────────────┼─────────────────────────────┼─────────────────┤
│ zero_padding1d (ZeroPadding1D)       │ (None, 204, 16)             │               0 │
├──────────────────────────────────────┼─────────────────────────────┼─────────────────┤
│ average_pooling1d (AveragePooling1D) │ (None, 200, 16)             │               0 │
├──────────────────────────────────────┼─────────────────────────────┼─────────────────┤
│ gru (GRU)                            │ (None, 8)                   │             624 │
├──────────────────────────────────────┼─────────────────────────────┼─────────────────┤
│ dense (Dense)                        │ (None, 2)                   │              18 │
├──────────────────────────────────────┼─────────────────────────────┼─────────────────┤
│ phase (UnitNormalization)            │ (None, 2)                   │               0 │
└──────────────────────────────────────┴─────────────────────────────┴─────────────────┘
 Total params: 882 (3.45 KB)
 Trainable params: 850 (3.32 KB)
 Non-trainable params: 32 (128.00 B)


2026-03-26 00:42:56.213 | INFO     | ao_compensation_model.training_search:train:262 - Parameters — trainable: 850  non-trainable: 32  total: 882
2026-03-26 00:42:56.495 | INFO     | ao_compensation_model.training_search:on_train_begin:130 - Training started.
2026-03-26 00:42:56.496 | INFO     | ao_compensation_model.training_search:on_train_begin:131 - Hyperparameters:
  WINDOW_SIZE: 200
  STRIDE: 20
  TARGET_LEAD: 0
  GRU_UNITS: 8
  DROPOUT_RATE: 0.2
  FILTERS: 16
  KERNEL_SIZE: 5
  POOL_SIZE: 5
  BATCH_SIZE: 128
  MAX_EPOCHS: 100
  LEARNING_RATE: 0.0005
  TRAINING_DATA_DIR: D:\01_Code\ao_compensation_model\src\ao_compensation_model\dataset\training
  MODEL_DIR: D:\01_Code\ao_compensation_model\src\ao_compensation_model\model
2026-03-26 00:43:10.418 | INFO     | ao_compensation_model.training_search:on_epoch_end:150 - Epoch   1 | val_loss: 0.535551
2026-03-26 00:43:18.057 | INFO     | ao_compensation_model.training_search:on_epoch_end:150 - Epoch   2 | val_loss: 0.360087
2026-03-26 00:43:26.555 | INFO     | ao_compensation_model.training_search:on_epoch_end:150 - Epoch   3 | val_loss: 0.284667
2026-03-26 00:43:34.356 | INFO     | ao_compensation_model.training_search:on_epoch_end:150 - Epoch   4 | val_loss: 0.233901
2026-03-26 00:43:42.681 | INFO     | ao_compensation_model.training_search:on_epoch_end:150 - Epoch   5 | val_loss: 0.214192
2026-03-26 00:43:51.143 | INFO     | ao_compensation_model.training_search:on_epoch_end:150 - Epoch   6 | val_loss: 0.203739
2026-03-26 00:43:58.732 | INFO     | ao_compensation_model.training_search:on_epoch_end:150 - Epoch   7 | val_loss: 0.197384
2026-03-26 00:44:07.239 | INFO     | ao_compensation_model.training_search:on_epoch_end:150 - Epoch   8 | val_loss: 0.193323
2026-03-26 00:44:15.210 | INFO     | ao_compensation_model.training_search:on_epoch_end:150 - Epoch   9 | val_loss: 0.194256
2026-03-26 00:44:23.248 | INFO     | ao_compensation_model.training_search:on_epoch_end:150 - Epoch  10 | val_loss: 0.192737
2026-03-26 00:44:31.620 | INFO     | ao_compensation_model.training_search:on_epoch_end:150 - Epoch  11 | val_loss: 0.193713
2026-03-26 00:44:39.242 | INFO     | ao_compensation_model.training_search:on_epoch_end:150 - Epoch  12 | val_loss: 0.192015
2026-03-26 00:44:47.620 | INFO     | ao_compensation_model.training_search:on_epoch_end:150 - Epoch  13 | val_loss: 0.195254
2026-03-26 00:44:55.777 | INFO     | ao_compensation_model.training_search:on_epoch_end:150 - Epoch  14 | val_loss: 0.194788
2026-03-26 00:44:55.917 | INFO     | ao_compensation_model.training_search:train:294 - Best model for this run saved as: gru_model.keras (val_loss=0.192015)
2026-03-26 00:44:58.064 | INFO     | ao_compensation_model.training_search:train:311 - TFLite model saved as: gru_model_edge.tflite
2026-03-26 00:44:58.708 | INFO     | ao_compensation_model.training_search:train:241 - --- Testing Config: GRU=8 | BATCH=128 | KERNEL=5 | FILTERS=16 | POOL=3 ---
2026-03-26 00:44:58.825 | INFO     | ao_compensation_model.training_search:train:259 - Model architecture:
Model: "functional"
┏━━━━━━━━━━━━━━━━━━━━━━━━━━━━━━━━━━━━━━┳━━━━━━━━━━━━━━━━━━━━━━━━━━━━━┳━━━━━━━━━━━━━━━━━┓
┃ Layer (type)                         ┃ Output Shape                ┃         Param # ┃
┡━━━━━━━━━━━━━━━━━━━━━━━━━━━━━━━━━━━━━━╇━━━━━━━━━━━━━━━━━━━━━━━━━━━━━╇━━━━━━━━━━━━━━━━━┩
│ input_layer (InputLayer)             │ (None, 200, 2)              │               0 │
├──────────────────────────────────────┼─────────────────────────────┼─────────────────┤
│ conv1d (Conv1D)                      │ (None, 200, 16)             │             176 │
├──────────────────────────────────────┼─────────────────────────────┼─────────────────┤
│ batch_normalization                  │ (None, 200, 16)             │              64 │
│ (BatchNormalization)                 │                             │                 │
├──────────────────────────────────────┼─────────────────────────────┼─────────────────┤
│ zero_padding1d (ZeroPadding1D)       │ (None, 202, 16)             │               0 │
├──────────────────────────────────────┼─────────────────────────────┼─────────────────┤
│ average_pooling1d (AveragePooling1D) │ (None, 200, 16)             │               0 │
├──────────────────────────────────────┼─────────────────────────────┼─────────────────┤
│ gru (GRU)                            │ (None, 8)                   │             624 │
├──────────────────────────────────────┼─────────────────────────────┼─────────────────┤
│ dense (Dense)                        │ (None, 2)                   │              18 │
├──────────────────────────────────────┼─────────────────────────────┼─────────────────┤
│ phase (UnitNormalization)            │ (None, 2)                   │               0 │
└──────────────────────────────────────┴─────────────────────────────┴─────────────────┘
 Total params: 882 (3.45 KB)
 Trainable params: 850 (3.32 KB)
 Non-trainable params: 32 (128.00 B)


2026-03-26 00:44:58.843 | INFO     | ao_compensation_model.training_search:train:262 - Parameters — trainable: 850  non-trainable: 32  total: 882
2026-03-26 00:44:58.919 | INFO     | ao_compensation_model.training_search:on_train_begin:130 - Training started.
2026-03-26 00:44:58.920 | INFO     | ao_compensation_model.training_search:on_train_begin:131 - Hyperparameters:
  WINDOW_SIZE: 200
  STRIDE: 20
  TARGET_LEAD: 0
  GRU_UNITS: 8
  DROPOUT_RATE: 0.2
  FILTERS: 16
  KERNEL_SIZE: 5
  POOL_SIZE: 3
  BATCH_SIZE: 128
  MAX_EPOCHS: 100
  LEARNING_RATE: 0.0005
  TRAINING_DATA_DIR: D:\01_Code\ao_compensation_model\src\ao_compensation_model\dataset\training
  MODEL_DIR: D:\01_Code\ao_compensation_model\src\ao_compensation_model\model
2026-03-26 00:45:12.202 | INFO     | ao_compensation_model.training_search:on_epoch_end:150 - Epoch   1 | val_loss: 0.367296
2026-03-26 00:45:20.335 | INFO     | ao_compensation_model.training_search:on_epoch_end:150 - Epoch   2 | val_loss: 0.308126
2026-03-26 00:45:27.784 | INFO     | ao_compensation_model.training_search:on_epoch_end:150 - Epoch   3 | val_loss: 0.293314
2026-03-26 00:45:35.920 | INFO     | ao_compensation_model.training_search:on_epoch_end:150 - Epoch   4 | val_loss: 0.281471
2026-03-26 00:45:43.164 | INFO     | ao_compensation_model.training_search:on_epoch_end:150 - Epoch   5 | val_loss: 0.264974
2026-03-26 00:45:51.405 | INFO     | ao_compensation_model.training_search:on_epoch_end:150 - Epoch   6 | val_loss: 0.244273
2026-03-26 00:45:58.632 | INFO     | ao_compensation_model.training_search:on_epoch_end:150 - Epoch   7 | val_loss: 0.231353
2026-03-26 00:46:07.122 | INFO     | ao_compensation_model.training_search:on_epoch_end:150 - Epoch   8 | val_loss: 0.221503
2026-03-26 00:46:15.215 | INFO     | ao_compensation_model.training_search:on_epoch_end:150 - Epoch   9 | val_loss: 0.214685
2026-03-26 00:46:22.639 | INFO     | ao_compensation_model.training_search:on_epoch_end:150 - Epoch  10 | val_loss: 0.211791
2026-03-26 00:46:30.862 | INFO     | ao_compensation_model.training_search:on_epoch_end:150 - Epoch  11 | val_loss: 0.204602
2026-03-26 00:46:38.135 | INFO     | ao_compensation_model.training_search:on_epoch_end:150 - Epoch  12 | val_loss: 0.202388
2026-03-26 00:46:46.225 | INFO     | ao_compensation_model.training_search:on_epoch_end:150 - Epoch  13 | val_loss: 0.205769
2026-03-26 00:46:53.415 | INFO     | ao_compensation_model.training_search:on_epoch_end:150 - Epoch  14 | val_loss: 0.202037
2026-03-26 00:47:01.616 | INFO     | ao_compensation_model.training_search:on_epoch_end:150 - Epoch  15 | val_loss: 0.199556
2026-03-26 00:47:09.616 | INFO     | ao_compensation_model.training_search:on_epoch_end:150 - Epoch  16 | val_loss: 0.198495
2026-03-26 00:47:17.052 | INFO     | ao_compensation_model.training_search:on_epoch_end:150 - Epoch  17 | val_loss: 0.196488
2026-03-26 00:47:25.253 | INFO     | ao_compensation_model.training_search:on_epoch_end:150 - Epoch  18 | val_loss: 0.191411
2026-03-26 00:47:32.461 | INFO     | ao_compensation_model.training_search:on_epoch_end:150 - Epoch  19 | val_loss: 0.191486
2026-03-26 00:47:40.401 | INFO     | ao_compensation_model.training_search:on_epoch_end:150 - Epoch  20 | val_loss: 0.193468
2026-03-26 00:47:40.431 | INFO     | ao_compensation_model.training_search:train:294 - Best model for this run saved as: gru_model.keras (val_loss=0.191411)
2026-03-26 00:47:42.557 | INFO     | ao_compensation_model.training_search:train:311 - TFLite model saved as: gru_model_edge.tflite
2026-03-26 00:47:43.267 | INFO     | ao_compensation_model.training_search:train:241 - --- Testing Config: GRU=8 | BATCH=128 | KERNEL=10 | FILTERS=4 | POOL=5 ---
2026-03-26 00:47:43.362 | INFO     | ao_compensation_model.training_search:train:259 - Model architecture:
Model: "functional"
┏━━━━━━━━━━━━━━━━━━━━━━━━━━━━━━━━━━━━━━┳━━━━━━━━━━━━━━━━━━━━━━━━━━━━━┳━━━━━━━━━━━━━━━━━┓
┃ Layer (type)                         ┃ Output Shape                ┃         Param # ┃
┡━━━━━━━━━━━━━━━━━━━━━━━━━━━━━━━━━━━━━━╇━━━━━━━━━━━━━━━━━━━━━━━━━━━━━╇━━━━━━━━━━━━━━━━━┩
│ input_layer (InputLayer)             │ (None, 200, 2)              │               0 │
├──────────────────────────────────────┼─────────────────────────────┼─────────────────┤
│ conv1d (Conv1D)                      │ (None, 200, 4)              │              84 │
├──────────────────────────────────────┼─────────────────────────────┼─────────────────┤
│ batch_normalization                  │ (None, 200, 4)              │              16 │
│ (BatchNormalization)                 │                             │                 │
├──────────────────────────────────────┼─────────────────────────────┼─────────────────┤
│ zero_padding1d (ZeroPadding1D)       │ (None, 204, 4)              │               0 │
├──────────────────────────────────────┼─────────────────────────────┼─────────────────┤
│ average_pooling1d (AveragePooling1D) │ (None, 200, 4)              │               0 │
├──────────────────────────────────────┼─────────────────────────────┼─────────────────┤
│ gru (GRU)                            │ (None, 8)                   │             336 │
├──────────────────────────────────────┼─────────────────────────────┼─────────────────┤
│ dense (Dense)                        │ (None, 2)                   │              18 │
├──────────────────────────────────────┼─────────────────────────────┼─────────────────┤
│ phase (UnitNormalization)            │ (None, 2)                   │               0 │
└──────────────────────────────────────┴─────────────────────────────┴─────────────────┘
 Total params: 454 (1.77 KB)
 Trainable params: 446 (1.74 KB)
 Non-trainable params: 8 (32.00 B)


2026-03-26 00:47:43.374 | INFO     | ao_compensation_model.training_search:train:262 - Parameters — trainable: 446  non-trainable: 8  total: 454
2026-03-26 00:47:43.439 | INFO     | ao_compensation_model.training_search:on_train_begin:130 - Training started.
2026-03-26 00:47:43.440 | INFO     | ao_compensation_model.training_search:on_train_begin:131 - Hyperparameters:
  WINDOW_SIZE: 200
  STRIDE: 20
  TARGET_LEAD: 0
  GRU_UNITS: 8
  DROPOUT_RATE: 0.2
  FILTERS: 4
  KERNEL_SIZE: 10
  POOL_SIZE: 5
  BATCH_SIZE: 128
  MAX_EPOCHS: 100
  LEARNING_RATE: 0.0005
  TRAINING_DATA_DIR: D:\01_Code\ao_compensation_model\src\ao_compensation_model\dataset\training
  MODEL_DIR: D:\01_Code\ao_compensation_model\src\ao_compensation_model\model
2026-03-26 00:47:56.418 | INFO     | ao_compensation_model.training_search:on_epoch_end:150 - Epoch   1 | val_loss: 0.468227
2026-03-26 00:48:03.974 | INFO     | ao_compensation_model.training_search:on_epoch_end:150 - Epoch   2 | val_loss: 0.249056
2026-03-26 00:48:10.628 | INFO     | ao_compensation_model.training_search:on_epoch_end:150 - Epoch   3 | val_loss: 0.243413
2026-03-26 00:48:18.181 | INFO     | ao_compensation_model.training_search:on_epoch_end:150 - Epoch   4 | val_loss: 0.238779
2026-03-26 00:48:24.829 | INFO     | ao_compensation_model.training_search:on_epoch_end:150 - Epoch   5 | val_loss: 0.232641
2026-03-26 00:48:32.379 | INFO     | ao_compensation_model.training_search:on_epoch_end:150 - Epoch   6 | val_loss: 0.220805
2026-03-26 00:48:39.053 | INFO     | ao_compensation_model.training_search:on_epoch_end:150 - Epoch   7 | val_loss: 0.210335
2026-03-26 00:48:46.742 | INFO     | ao_compensation_model.training_search:on_epoch_end:150 - Epoch   8 | val_loss: 0.205469
2026-03-26 00:48:53.333 | INFO     | ao_compensation_model.training_search:on_epoch_end:150 - Epoch   9 | val_loss: 0.207537
2026-03-26 00:49:00.836 | INFO     | ao_compensation_model.training_search:on_epoch_end:150 - Epoch  10 | val_loss: 0.209910
2026-03-26 00:49:00.875 | INFO     | ao_compensation_model.training_search:train:294 - Best model for this run saved as: gru_model.keras (val_loss=0.205469)
2026-03-26 00:49:02.982 | INFO     | ao_compensation_model.training_search:train:311 - TFLite model saved as: gru_model_edge.tflite
2026-03-26 00:49:03.703 | INFO     | ao_compensation_model.training_search:train:241 - --- Testing Config: GRU=8 | BATCH=128 | KERNEL=10 | FILTERS=4 | POOL=3 ---
2026-03-26 00:49:03.814 | INFO     | ao_compensation_model.training_search:train:259 - Model architecture:
Model: "functional"
┏━━━━━━━━━━━━━━━━━━━━━━━━━━━━━━━━━━━━━━┳━━━━━━━━━━━━━━━━━━━━━━━━━━━━━┳━━━━━━━━━━━━━━━━━┓
┃ Layer (type)                         ┃ Output Shape                ┃         Param # ┃
┡━━━━━━━━━━━━━━━━━━━━━━━━━━━━━━━━━━━━━━╇━━━━━━━━━━━━━━━━━━━━━━━━━━━━━╇━━━━━━━━━━━━━━━━━┩
│ input_layer (InputLayer)             │ (None, 200, 2)              │               0 │
├──────────────────────────────────────┼─────────────────────────────┼─────────────────┤
│ conv1d (Conv1D)                      │ (None, 200, 4)              │              84 │
├──────────────────────────────────────┼─────────────────────────────┼─────────────────┤
│ batch_normalization                  │ (None, 200, 4)              │              16 │
│ (BatchNormalization)                 │                             │                 │
├──────────────────────────────────────┼─────────────────────────────┼─────────────────┤
│ zero_padding1d (ZeroPadding1D)       │ (None, 202, 4)              │               0 │
├──────────────────────────────────────┼─────────────────────────────┼─────────────────┤
│ average_pooling1d (AveragePooling1D) │ (None, 200, 4)              │               0 │
├──────────────────────────────────────┼─────────────────────────────┼─────────────────┤
│ gru (GRU)                            │ (None, 8)                   │             336 │
├──────────────────────────────────────┼─────────────────────────────┼─────────────────┤
│ dense (Dense)                        │ (None, 2)                   │              18 │
├──────────────────────────────────────┼─────────────────────────────┼─────────────────┤
│ phase (UnitNormalization)            │ (None, 2)                   │               0 │
└──────────────────────────────────────┴─────────────────────────────┴─────────────────┘
 Total params: 454 (1.77 KB)
 Trainable params: 446 (1.74 KB)
 Non-trainable params: 8 (32.00 B)


2026-03-26 00:49:03.827 | INFO     | ao_compensation_model.training_search:train:262 - Parameters — trainable: 446  non-trainable: 8  total: 454
2026-03-26 00:49:03.902 | INFO     | ao_compensation_model.training_search:on_train_begin:130 - Training started.
2026-03-26 00:49:03.903 | INFO     | ao_compensation_model.training_search:on_train_begin:131 - Hyperparameters:
  WINDOW_SIZE: 200
  STRIDE: 20
  TARGET_LEAD: 0
  GRU_UNITS: 8
  DROPOUT_RATE: 0.2
  FILTERS: 4
  KERNEL_SIZE: 10
  POOL_SIZE: 3
  BATCH_SIZE: 128
  MAX_EPOCHS: 100
  LEARNING_RATE: 0.0005
  TRAINING_DATA_DIR: D:\01_Code\ao_compensation_model\src\ao_compensation_model\dataset\training
  MODEL_DIR: D:\01_Code\ao_compensation_model\src\ao_compensation_model\model
2026-03-26 00:49:16.730 | INFO     | ao_compensation_model.training_search:on_epoch_end:150 - Epoch   1 | val_loss: 0.292566
2026-03-26 00:49:24.369 | INFO     | ao_compensation_model.training_search:on_epoch_end:150 - Epoch   2 | val_loss: 0.256515
2026-03-26 00:49:30.958 | INFO     | ao_compensation_model.training_search:on_epoch_end:150 - Epoch   3 | val_loss: 0.239325
2026-03-26 00:49:38.444 | INFO     | ao_compensation_model.training_search:on_epoch_end:150 - Epoch   4 | val_loss: 0.223623
2026-03-26 00:49:45.043 | INFO     | ao_compensation_model.training_search:on_epoch_end:150 - Epoch   5 | val_loss: 0.213927
2026-03-26 00:49:55.284 | INFO     | ao_compensation_model.training_search:on_epoch_end:150 - Epoch   6 | val_loss: 0.209144
2026-03-26 00:50:02.760 | INFO     | ao_compensation_model.training_search:on_epoch_end:150 - Epoch   7 | val_loss: 0.204955
2026-03-26 00:50:09.285 | INFO     | ao_compensation_model.training_search:on_epoch_end:150 - Epoch   8 | val_loss: 0.211373
2026-03-26 00:50:16.578 | INFO     | ao_compensation_model.training_search:on_epoch_end:150 - Epoch   9 | val_loss: 0.208981
2026-03-26 00:50:16.608 | INFO     | ao_compensation_model.training_search:train:294 - Best model for this run saved as: gru_model.keras (val_loss=0.204955)
2026-03-26 00:50:18.797 | INFO     | ao_compensation_model.training_search:train:311 - TFLite model saved as: gru_model_edge.tflite
2026-03-26 00:50:19.559 | INFO     | ao_compensation_model.training_search:train:241 - --- Testing Config: GRU=8 | BATCH=128 | KERNEL=10 | FILTERS=8 | POOL=5 ---
2026-03-26 00:50:19.670 | INFO     | ao_compensation_model.training_search:train:259 - Model architecture:
Model: "functional"
┏━━━━━━━━━━━━━━━━━━━━━━━━━━━━━━━━━━━━━━┳━━━━━━━━━━━━━━━━━━━━━━━━━━━━━┳━━━━━━━━━━━━━━━━━┓
┃ Layer (type)                         ┃ Output Shape                ┃         Param # ┃
┡━━━━━━━━━━━━━━━━━━━━━━━━━━━━━━━━━━━━━━╇━━━━━━━━━━━━━━━━━━━━━━━━━━━━━╇━━━━━━━━━━━━━━━━━┩
│ input_layer (InputLayer)             │ (None, 200, 2)              │               0 │
├──────────────────────────────────────┼─────────────────────────────┼─────────────────┤
│ conv1d (Conv1D)                      │ (None, 200, 8)              │             168 │
├──────────────────────────────────────┼─────────────────────────────┼─────────────────┤
│ batch_normalization                  │ (None, 200, 8)              │              32 │
│ (BatchNormalization)                 │                             │                 │
├──────────────────────────────────────┼─────────────────────────────┼─────────────────┤
│ zero_padding1d (ZeroPadding1D)       │ (None, 204, 8)              │               0 │
├──────────────────────────────────────┼─────────────────────────────┼─────────────────┤
│ average_pooling1d (AveragePooling1D) │ (None, 200, 8)              │               0 │
├──────────────────────────────────────┼─────────────────────────────┼─────────────────┤
│ gru (GRU)                            │ (None, 8)                   │             432 │
├──────────────────────────────────────┼─────────────────────────────┼─────────────────┤
│ dense (Dense)                        │ (None, 2)                   │              18 │
├──────────────────────────────────────┼─────────────────────────────┼─────────────────┤
│ phase (UnitNormalization)            │ (None, 2)                   │               0 │
└──────────────────────────────────────┴─────────────────────────────┴─────────────────┘
 Total params: 650 (2.54 KB)
 Trainable params: 634 (2.48 KB)
 Non-trainable params: 16 (64.00 B)


2026-03-26 00:50:19.681 | INFO     | ao_compensation_model.training_search:train:262 - Parameters — trainable: 634  non-trainable: 16  total: 650
2026-03-26 00:50:19.766 | INFO     | ao_compensation_model.training_search:on_train_begin:130 - Training started.
2026-03-26 00:50:19.767 | INFO     | ao_compensation_model.training_search:on_train_begin:131 - Hyperparameters:
  WINDOW_SIZE: 200
  STRIDE: 20
  TARGET_LEAD: 0
  GRU_UNITS: 8
  DROPOUT_RATE: 0.2
  FILTERS: 8
  KERNEL_SIZE: 10
  POOL_SIZE: 5
  BATCH_SIZE: 128
  MAX_EPOCHS: 100
  LEARNING_RATE: 0.0005
  TRAINING_DATA_DIR: D:\01_Code\ao_compensation_model\src\ao_compensation_model\dataset\training
  MODEL_DIR: D:\01_Code\ao_compensation_model\src\ao_compensation_model\model
2026-03-26 00:50:32.386 | INFO     | ao_compensation_model.training_search:on_epoch_end:150 - Epoch   1 | val_loss: 0.313021
2026-03-26 00:50:40.174 | INFO     | ao_compensation_model.training_search:on_epoch_end:150 - Epoch   2 | val_loss: 0.273739
2026-03-26 00:50:47.003 | INFO     | ao_compensation_model.training_search:on_epoch_end:150 - Epoch   3 | val_loss: 0.253514
2026-03-26 00:50:54.759 | INFO     | ao_compensation_model.training_search:on_epoch_end:150 - Epoch   4 | val_loss: 0.227887
2026-03-26 00:51:01.602 | INFO     | ao_compensation_model.training_search:on_epoch_end:150 - Epoch   5 | val_loss: 0.207069
2026-03-26 00:51:09.353 | INFO     | ao_compensation_model.training_search:on_epoch_end:150 - Epoch   6 | val_loss: 0.194100
2026-03-26 00:51:16.428 | INFO     | ao_compensation_model.training_search:on_epoch_end:150 - Epoch   7 | val_loss: 0.196537
2026-03-26 00:51:26.484 | INFO     | ao_compensation_model.training_search:on_epoch_end:150 - Epoch   8 | val_loss: 0.193885
2026-03-26 00:51:34.188 | INFO     | ao_compensation_model.training_search:on_epoch_end:150 - Epoch   9 | val_loss: 0.194624
2026-03-26 00:51:40.858 | INFO     | ao_compensation_model.training_search:on_epoch_end:150 - Epoch  10 | val_loss: 0.196833
2026-03-26 00:51:40.892 | INFO     | ao_compensation_model.training_search:train:294 - Best model for this run saved as: gru_model.keras (val_loss=0.193885)
2026-03-26 00:51:43.919 | INFO     | ao_compensation_model.training_search:train:311 - TFLite model saved as: gru_model_edge.tflite
2026-03-26 00:51:44.680 | INFO     | ao_compensation_model.training_search:train:241 - --- Testing Config: GRU=8 | BATCH=128 | KERNEL=10 | FILTERS=8 | POOL=3 ---
2026-03-26 00:51:44.776 | INFO     | ao_compensation_model.training_search:train:259 - Model architecture:
Model: "functional"
┏━━━━━━━━━━━━━━━━━━━━━━━━━━━━━━━━━━━━━━┳━━━━━━━━━━━━━━━━━━━━━━━━━━━━━┳━━━━━━━━━━━━━━━━━┓
┃ Layer (type)                         ┃ Output Shape                ┃         Param # ┃
┡━━━━━━━━━━━━━━━━━━━━━━━━━━━━━━━━━━━━━━╇━━━━━━━━━━━━━━━━━━━━━━━━━━━━━╇━━━━━━━━━━━━━━━━━┩
│ input_layer (InputLayer)             │ (None, 200, 2)              │               0 │
├──────────────────────────────────────┼─────────────────────────────┼─────────────────┤
│ conv1d (Conv1D)                      │ (None, 200, 8)              │             168 │
├──────────────────────────────────────┼─────────────────────────────┼─────────────────┤
│ batch_normalization                  │ (None, 200, 8)              │              32 │
│ (BatchNormalization)                 │                             │                 │
├──────────────────────────────────────┼─────────────────────────────┼─────────────────┤
│ zero_padding1d (ZeroPadding1D)       │ (None, 202, 8)              │               0 │
├──────────────────────────────────────┼─────────────────────────────┼─────────────────┤
│ average_pooling1d (AveragePooling1D) │ (None, 200, 8)              │               0 │
├──────────────────────────────────────┼─────────────────────────────┼─────────────────┤
│ gru (GRU)                            │ (None, 8)                   │             432 │
├──────────────────────────────────────┼─────────────────────────────┼─────────────────┤
│ dense (Dense)                        │ (None, 2)                   │              18 │
├──────────────────────────────────────┼─────────────────────────────┼─────────────────┤
│ phase (UnitNormalization)            │ (None, 2)                   │               0 │
└──────────────────────────────────────┴─────────────────────────────┴─────────────────┘
 Total params: 650 (2.54 KB)
 Trainable params: 634 (2.48 KB)
 Non-trainable params: 16 (64.00 B)


2026-03-26 00:51:44.786 | INFO     | ao_compensation_model.training_search:train:262 - Parameters — trainable: 634  non-trainable: 16  total: 650
2026-03-26 00:51:44.850 | INFO     | ao_compensation_model.training_search:on_train_begin:130 - Training started.
2026-03-26 00:51:44.850 | INFO     | ao_compensation_model.training_search:on_train_begin:131 - Hyperparameters:
  WINDOW_SIZE: 200
  STRIDE: 20
  TARGET_LEAD: 0
  GRU_UNITS: 8
  DROPOUT_RATE: 0.2
  FILTERS: 8
  KERNEL_SIZE: 10
  POOL_SIZE: 3
  BATCH_SIZE: 128
  MAX_EPOCHS: 100
  LEARNING_RATE: 0.0005
  TRAINING_DATA_DIR: D:\01_Code\ao_compensation_model\src\ao_compensation_model\dataset\training
  MODEL_DIR: D:\01_Code\ao_compensation_model\src\ao_compensation_model\model
2026-03-26 00:51:57.712 | INFO     | ao_compensation_model.training_search:on_epoch_end:150 - Epoch   1 | val_loss: 0.354549
2026-03-26 00:52:04.632 | INFO     | ao_compensation_model.training_search:on_epoch_end:150 - Epoch   2 | val_loss: 0.280956
2026-03-26 00:52:12.333 | INFO     | ao_compensation_model.training_search:on_epoch_end:150 - Epoch   3 | val_loss: 0.245049
2026-03-26 00:52:19.240 | INFO     | ao_compensation_model.training_search:on_epoch_end:150 - Epoch   4 | val_loss: 0.227088
2026-03-26 00:52:27.082 | INFO     | ao_compensation_model.training_search:on_epoch_end:150 - Epoch   5 | val_loss: 0.213653
2026-03-26 00:52:34.373 | INFO     | ao_compensation_model.training_search:on_epoch_end:150 - Epoch   6 | val_loss: 0.212113
2026-03-26 00:52:41.694 | INFO     | ao_compensation_model.training_search:on_epoch_end:150 - Epoch   7 | val_loss: 0.207108
2026-03-26 00:52:49.418 | INFO     | ao_compensation_model.training_search:on_epoch_end:150 - Epoch   8 | val_loss: 0.207137
2026-03-26 00:52:56.218 | INFO     | ao_compensation_model.training_search:on_epoch_end:150 - Epoch   9 | val_loss: 0.208560
2026-03-26 00:52:56.253 | INFO     | ao_compensation_model.training_search:train:294 - Best model for this run saved as: gru_model.keras (val_loss=0.207108)
2026-03-26 00:52:58.282 | INFO     | ao_compensation_model.training_search:train:311 - TFLite model saved as: gru_model_edge.tflite
2026-03-26 00:52:59.065 | INFO     | ao_compensation_model.training_search:train:241 - --- Testing Config: GRU=8 | BATCH=128 | KERNEL=10 | FILTERS=16 | POOL=5 ---
2026-03-26 00:52:59.171 | INFO     | ao_compensation_model.training_search:train:259 - Model architecture:
Model: "functional"
┏━━━━━━━━━━━━━━━━━━━━━━━━━━━━━━━━━━━━━━┳━━━━━━━━━━━━━━━━━━━━━━━━━━━━━┳━━━━━━━━━━━━━━━━━┓
┃ Layer (type)                         ┃ Output Shape                ┃         Param # ┃
┡━━━━━━━━━━━━━━━━━━━━━━━━━━━━━━━━━━━━━━╇━━━━━━━━━━━━━━━━━━━━━━━━━━━━━╇━━━━━━━━━━━━━━━━━┩
│ input_layer (InputLayer)             │ (None, 200, 2)              │               0 │
├──────────────────────────────────────┼─────────────────────────────┼─────────────────┤
│ conv1d (Conv1D)                      │ (None, 200, 16)             │             336 │
├──────────────────────────────────────┼─────────────────────────────┼─────────────────┤
│ batch_normalization                  │ (None, 200, 16)             │              64 │
│ (BatchNormalization)                 │                             │                 │
├──────────────────────────────────────┼─────────────────────────────┼─────────────────┤
│ zero_padding1d (ZeroPadding1D)       │ (None, 204, 16)             │               0 │
├──────────────────────────────────────┼─────────────────────────────┼─────────────────┤
│ average_pooling1d (AveragePooling1D) │ (None, 200, 16)             │               0 │
├──────────────────────────────────────┼─────────────────────────────┼─────────────────┤
│ gru (GRU)                            │ (None, 8)                   │             624 │
├──────────────────────────────────────┼─────────────────────────────┼─────────────────┤
│ dense (Dense)                        │ (None, 2)                   │              18 │
├──────────────────────────────────────┼─────────────────────────────┼─────────────────┤
│ phase (UnitNormalization)            │ (None, 2)                   │               0 │
└──────────────────────────────────────┴─────────────────────────────┴─────────────────┘
 Total params: 1,042 (4.07 KB)
 Trainable params: 1,010 (3.95 KB)
 Non-trainable params: 32 (128.00 B)


2026-03-26 00:52:59.189 | INFO     | ao_compensation_model.training_search:train:262 - Parameters — trainable: 1010  non-trainable: 32  total: 1042
2026-03-26 00:52:59.253 | INFO     | ao_compensation_model.training_search:on_train_begin:130 - Training started.
2026-03-26 00:52:59.254 | INFO     | ao_compensation_model.training_search:on_train_begin:131 - Hyperparameters:
  WINDOW_SIZE: 200
  STRIDE: 20
  TARGET_LEAD: 0
  GRU_UNITS: 8
  DROPOUT_RATE: 0.2
  FILTERS: 16
  KERNEL_SIZE: 10
  POOL_SIZE: 5
  BATCH_SIZE: 128
  MAX_EPOCHS: 100
  LEARNING_RATE: 0.0005
  TRAINING_DATA_DIR: D:\01_Code\ao_compensation_model\src\ao_compensation_model\dataset\training
  MODEL_DIR: D:\01_Code\ao_compensation_model\src\ao_compensation_model\model
2026-03-26 00:53:13.681 | INFO     | ao_compensation_model.training_search:on_epoch_end:150 - Epoch   1 | val_loss: 0.292051
2026-03-26 00:53:21.360 | INFO     | ao_compensation_model.training_search:on_epoch_end:150 - Epoch   2 | val_loss: 0.253458
2026-03-26 00:53:29.841 | INFO     | ao_compensation_model.training_search:on_epoch_end:150 - Epoch   3 | val_loss: 0.242533
2026-03-26 00:53:37.416 | INFO     | ao_compensation_model.training_search:on_epoch_end:150 - Epoch   4 | val_loss: 0.228439
2026-03-26 00:53:45.956 | INFO     | ao_compensation_model.training_search:on_epoch_end:150 - Epoch   5 | val_loss: 0.222906
2026-03-26 00:53:54.466 | INFO     | ao_compensation_model.training_search:on_epoch_end:150 - Epoch   6 | val_loss: 0.218124
2026-03-26 00:54:02.090 | INFO     | ao_compensation_model.training_search:on_epoch_end:150 - Epoch   7 | val_loss: 0.213493
2026-03-26 00:54:10.574 | INFO     | ao_compensation_model.training_search:on_epoch_end:150 - Epoch   8 | val_loss: 0.208569
2026-03-26 00:54:18.066 | INFO     | ao_compensation_model.training_search:on_epoch_end:150 - Epoch   9 | val_loss: 0.211029
2026-03-26 00:54:26.584 | INFO     | ao_compensation_model.training_search:on_epoch_end:150 - Epoch  10 | val_loss: 0.208278
2026-03-26 00:54:35.028 | INFO     | ao_compensation_model.training_search:on_epoch_end:150 - Epoch  11 | val_loss: 0.207052
2026-03-26 00:54:42.540 | INFO     | ao_compensation_model.training_search:on_epoch_end:150 - Epoch  12 | val_loss: 0.207314
2026-03-26 00:54:49.752 | INFO     | ao_compensation_model.training_search:on_epoch_end:150 - Epoch  13 | val_loss: 0.204370
2026-03-26 00:54:56.829 | INFO     | ao_compensation_model.training_search:on_epoch_end:150 - Epoch  14 | val_loss: 0.205538
2026-03-26 00:55:03.839 | INFO     | ao_compensation_model.training_search:on_epoch_end:150 - Epoch  15 | val_loss: 0.203241
2026-03-26 00:55:10.929 | INFO     | ao_compensation_model.training_search:on_epoch_end:150 - Epoch  16 | val_loss: 0.204735
2026-03-26 00:55:18.987 | INFO     | ao_compensation_model.training_search:on_epoch_end:150 - Epoch  17 | val_loss: 0.204335
2026-03-26 00:55:19.017 | INFO     | ao_compensation_model.training_search:train:294 - Best model for this run saved as: gru_model.keras (val_loss=0.203241)
2026-03-26 00:55:21.037 | INFO     | ao_compensation_model.training_search:train:311 - TFLite model saved as: gru_model_edge.tflite
2026-03-26 00:55:21.855 | INFO     | ao_compensation_model.training_search:train:241 - --- Testing Config: GRU=8 | BATCH=128 | KERNEL=10 | FILTERS=16 | POOL=3 ---
2026-03-26 00:55:21.952 | INFO     | ao_compensation_model.training_search:train:259 - Model architecture:
Model: "functional"
┏━━━━━━━━━━━━━━━━━━━━━━━━━━━━━━━━━━━━━━┳━━━━━━━━━━━━━━━━━━━━━━━━━━━━━┳━━━━━━━━━━━━━━━━━┓
┃ Layer (type)                         ┃ Output Shape                ┃         Param # ┃
┡━━━━━━━━━━━━━━━━━━━━━━━━━━━━━━━━━━━━━━╇━━━━━━━━━━━━━━━━━━━━━━━━━━━━━╇━━━━━━━━━━━━━━━━━┩
│ input_layer (InputLayer)             │ (None, 200, 2)              │               0 │
├──────────────────────────────────────┼─────────────────────────────┼─────────────────┤
│ conv1d (Conv1D)                      │ (None, 200, 16)             │             336 │
├──────────────────────────────────────┼─────────────────────────────┼─────────────────┤
│ batch_normalization                  │ (None, 200, 16)             │              64 │
│ (BatchNormalization)                 │                             │                 │
├──────────────────────────────────────┼─────────────────────────────┼─────────────────┤
│ zero_padding1d (ZeroPadding1D)       │ (None, 202, 16)             │               0 │
├──────────────────────────────────────┼─────────────────────────────┼─────────────────┤
│ average_pooling1d (AveragePooling1D) │ (None, 200, 16)             │               0 │
├──────────────────────────────────────┼─────────────────────────────┼─────────────────┤
│ gru (GRU)                            │ (None, 8)                   │             624 │
├──────────────────────────────────────┼─────────────────────────────┼─────────────────┤
│ dense (Dense)                        │ (None, 2)                   │              18 │
├──────────────────────────────────────┼─────────────────────────────┼─────────────────┤
│ phase (UnitNormalization)            │ (None, 2)                   │               0 │
└──────────────────────────────────────┴─────────────────────────────┴─────────────────┘
 Total params: 1,042 (4.07 KB)
 Trainable params: 1,010 (3.95 KB)
 Non-trainable params: 32 (128.00 B)


2026-03-26 00:55:21.969 | INFO     | ao_compensation_model.training_search:train:262 - Parameters — trainable: 1010  non-trainable: 32  total: 1042
2026-03-26 00:55:22.037 | INFO     | ao_compensation_model.training_search:on_train_begin:130 - Training started.
2026-03-26 00:55:22.038 | INFO     | ao_compensation_model.training_search:on_train_begin:131 - Hyperparameters:
  WINDOW_SIZE: 200
  STRIDE: 20
  TARGET_LEAD: 0
  GRU_UNITS: 8
  DROPOUT_RATE: 0.2
  FILTERS: 16
  KERNEL_SIZE: 10
  POOL_SIZE: 3
  BATCH_SIZE: 128
  MAX_EPOCHS: 100
  LEARNING_RATE: 0.0005
  TRAINING_DATA_DIR: D:\01_Code\ao_compensation_model\src\ao_compensation_model\dataset\training
  MODEL_DIR: D:\01_Code\ao_compensation_model\src\ao_compensation_model\model
2026-03-26 00:55:34.558 | INFO     | ao_compensation_model.training_search:on_epoch_end:150 - Epoch   1 | val_loss: 0.288333
2026-03-26 00:55:42.137 | INFO     | ao_compensation_model.training_search:on_epoch_end:150 - Epoch   2 | val_loss: 0.243249
2026-03-26 00:55:50.113 | INFO     | ao_compensation_model.training_search:on_epoch_end:150 - Epoch   3 | val_loss: 0.220122
2026-03-26 00:55:57.694 | INFO     | ao_compensation_model.training_search:on_epoch_end:150 - Epoch   4 | val_loss: 0.205894
2026-03-26 00:56:05.898 | INFO     | ao_compensation_model.training_search:on_epoch_end:150 - Epoch   5 | val_loss: 0.202127
2026-03-26 00:56:13.988 | INFO     | ao_compensation_model.training_search:on_epoch_end:150 - Epoch   6 | val_loss: 0.199183
2026-03-26 00:56:21.414 | INFO     | ao_compensation_model.training_search:on_epoch_end:150 - Epoch   7 | val_loss: 0.202465
2026-03-26 00:56:29.338 | INFO     | ao_compensation_model.training_search:on_epoch_end:150 - Epoch   8 | val_loss: 0.200368
2026-03-26 00:56:29.373 | INFO     | ao_compensation_model.training_search:train:294 - Best model for this run saved as: gru_model.keras (val_loss=0.199183)
2026-03-26 00:56:31.408 | INFO     | ao_compensation_model.training_search:train:311 - TFLite model saved as: gru_model_edge.tflite
2026-03-26 00:56:32.199 | INFO     | ao_compensation_model.training_search:train:241 - --- Testing Config: GRU=8 | BATCH=128 | KERNEL=20 | FILTERS=4 | POOL=5 ---
2026-03-26 00:56:32.343 | INFO     | ao_compensation_model.training_search:train:259 - Model architecture:
Model: "functional"
┏━━━━━━━━━━━━━━━━━━━━━━━━━━━━━━━━━━━━━━┳━━━━━━━━━━━━━━━━━━━━━━━━━━━━━┳━━━━━━━━━━━━━━━━━┓
┃ Layer (type)                         ┃ Output Shape                ┃         Param # ┃
┡━━━━━━━━━━━━━━━━━━━━━━━━━━━━━━━━━━━━━━╇━━━━━━━━━━━━━━━━━━━━━━━━━━━━━╇━━━━━━━━━━━━━━━━━┩
│ input_layer (InputLayer)             │ (None, 200, 2)              │               0 │
├──────────────────────────────────────┼─────────────────────────────┼─────────────────┤
│ conv1d (Conv1D)                      │ (None, 200, 4)              │             164 │
├──────────────────────────────────────┼─────────────────────────────┼─────────────────┤
│ batch_normalization                  │ (None, 200, 4)              │              16 │
│ (BatchNormalization)                 │                             │                 │
├──────────────────────────────────────┼─────────────────────────────┼─────────────────┤
│ zero_padding1d (ZeroPadding1D)       │ (None, 204, 4)              │               0 │
├──────────────────────────────────────┼─────────────────────────────┼─────────────────┤
│ average_pooling1d (AveragePooling1D) │ (None, 200, 4)              │               0 │
├──────────────────────────────────────┼─────────────────────────────┼─────────────────┤
│ gru (GRU)                            │ (None, 8)                   │             336 │
├──────────────────────────────────────┼─────────────────────────────┼─────────────────┤
│ dense (Dense)                        │ (None, 2)                   │              18 │
├──────────────────────────────────────┼─────────────────────────────┼─────────────────┤
│ phase (UnitNormalization)            │ (None, 2)                   │               0 │
└──────────────────────────────────────┴─────────────────────────────┴─────────────────┘
 Total params: 534 (2.09 KB)
 Trainable params: 526 (2.05 KB)
 Non-trainable params: 8 (32.00 B)


2026-03-26 00:56:32.356 | INFO     | ao_compensation_model.training_search:train:262 - Parameters — trainable: 526  non-trainable: 8  total: 534
2026-03-26 00:56:32.429 | INFO     | ao_compensation_model.training_search:on_train_begin:130 - Training started.
2026-03-26 00:56:32.430 | INFO     | ao_compensation_model.training_search:on_train_begin:131 - Hyperparameters:
  WINDOW_SIZE: 200
  STRIDE: 20
  TARGET_LEAD: 0
  GRU_UNITS: 8
  DROPOUT_RATE: 0.2
  FILTERS: 4
  KERNEL_SIZE: 20
  POOL_SIZE: 5
  BATCH_SIZE: 128
  MAX_EPOCHS: 100
  LEARNING_RATE: 0.0005
  TRAINING_DATA_DIR: D:\01_Code\ao_compensation_model\src\ao_compensation_model\dataset\training
  MODEL_DIR: D:\01_Code\ao_compensation_model\src\ao_compensation_model\model
2026-03-26 00:56:45.073 | INFO     | ao_compensation_model.training_search:on_epoch_end:150 - Epoch   1 | val_loss: 0.621386
2026-03-26 00:56:52.169 | INFO     | ao_compensation_model.training_search:on_epoch_end:150 - Epoch   2 | val_loss: 0.261244
2026-03-26 00:56:59.293 | INFO     | ao_compensation_model.training_search:on_epoch_end:150 - Epoch   3 | val_loss: 0.244769
2026-03-26 00:57:06.439 | INFO     | ao_compensation_model.training_search:on_epoch_end:150 - Epoch   4 | val_loss: 0.280147
2026-03-26 00:57:13.380 | INFO     | ao_compensation_model.training_search:on_epoch_end:150 - Epoch   5 | val_loss: 0.241630
2026-03-26 00:57:20.719 | INFO     | ao_compensation_model.training_search:on_epoch_end:150 - Epoch   6 | val_loss: 0.230980
2026-03-26 00:57:27.507 | INFO     | ao_compensation_model.training_search:on_epoch_end:150 - Epoch   7 | val_loss: 0.228694
2026-03-26 00:57:34.711 | INFO     | ao_compensation_model.training_search:on_epoch_end:150 - Epoch   8 | val_loss: 0.228916
2026-03-26 00:57:41.445 | INFO     | ao_compensation_model.training_search:on_epoch_end:150 - Epoch   9 | val_loss: 0.228056
2026-03-26 00:57:52.028 | INFO     | ao_compensation_model.training_search:on_epoch_end:150 - Epoch  10 | val_loss: 0.228098
2026-03-26 00:57:58.989 | INFO     | ao_compensation_model.training_search:on_epoch_end:150 - Epoch  11 | val_loss: 0.227473
2026-03-26 00:58:06.105 | INFO     | ao_compensation_model.training_search:on_epoch_end:150 - Epoch  12 | val_loss: 0.226309
2026-03-26 00:58:13.373 | INFO     | ao_compensation_model.training_search:on_epoch_end:150 - Epoch  13 | val_loss: 0.225549
2026-03-26 00:58:20.442 | INFO     | ao_compensation_model.training_search:on_epoch_end:150 - Epoch  14 | val_loss: 0.224166
2026-03-26 00:58:27.713 | INFO     | ao_compensation_model.training_search:on_epoch_end:150 - Epoch  15 | val_loss: 0.223071
2026-03-26 00:58:34.615 | INFO     | ao_compensation_model.training_search:on_epoch_end:150 - Epoch  16 | val_loss: 0.221924
2026-03-26 00:58:41.951 | INFO     | ao_compensation_model.training_search:on_epoch_end:150 - Epoch  17 | val_loss: 0.220163
2026-03-26 00:58:48.786 | INFO     | ao_compensation_model.training_search:on_epoch_end:150 - Epoch  18 | val_loss: 0.219646
2026-03-26 00:58:56.201 | INFO     | ao_compensation_model.training_search:on_epoch_end:150 - Epoch  19 | val_loss: 0.218229
2026-03-26 00:59:03.115 | INFO     | ao_compensation_model.training_search:on_epoch_end:150 - Epoch  20 | val_loss: 0.216650
2026-03-26 00:59:10.601 | INFO     | ao_compensation_model.training_search:on_epoch_end:150 - Epoch  21 | val_loss: 0.215739
2026-03-26 00:59:17.422 | INFO     | ao_compensation_model.training_search:on_epoch_end:150 - Epoch  22 | val_loss: 0.213494
2026-03-26 00:59:24.811 | INFO     | ao_compensation_model.training_search:on_epoch_end:150 - Epoch  23 | val_loss: 0.212594
2026-03-26 00:59:31.642 | INFO     | ao_compensation_model.training_search:on_epoch_end:150 - Epoch  24 | val_loss: 0.210918
2026-03-26 00:59:39.103 | INFO     | ao_compensation_model.training_search:on_epoch_end:150 - Epoch  25 | val_loss: 0.209926
2026-03-26 00:59:45.941 | INFO     | ao_compensation_model.training_search:on_epoch_end:150 - Epoch  26 | val_loss: 0.208801
2026-03-26 00:59:53.536 | INFO     | ao_compensation_model.training_search:on_epoch_end:150 - Epoch  27 | val_loss: 0.207640
2026-03-26 01:00:00.662 | INFO     | ao_compensation_model.training_search:on_epoch_end:150 - Epoch  28 | val_loss: 0.206763
2026-03-26 01:00:08.290 | INFO     | ao_compensation_model.training_search:on_epoch_end:150 - Epoch  29 | val_loss: 0.205730
2026-03-26 01:00:15.148 | INFO     | ao_compensation_model.training_search:on_epoch_end:150 - Epoch  30 | val_loss: 0.204140
2026-03-26 01:00:22.877 | INFO     | ao_compensation_model.training_search:on_epoch_end:150 - Epoch  31 | val_loss: 0.203741
2026-03-26 01:00:29.763 | INFO     | ao_compensation_model.training_search:on_epoch_end:150 - Epoch  32 | val_loss: 0.201655
2026-03-26 01:00:37.483 | INFO     | ao_compensation_model.training_search:on_epoch_end:150 - Epoch  33 | val_loss: 0.200962
2026-03-26 01:00:44.736 | INFO     | ao_compensation_model.training_search:on_epoch_end:150 - Epoch  34 | val_loss: 0.199502
2026-03-26 01:00:52.199 | INFO     | ao_compensation_model.training_search:on_epoch_end:150 - Epoch  35 | val_loss: 0.197868
2026-03-26 01:00:59.911 | INFO     | ao_compensation_model.training_search:on_epoch_end:150 - Epoch  36 | val_loss: 0.198455
2026-03-26 01:01:06.685 | INFO     | ao_compensation_model.training_search:on_epoch_end:150 - Epoch  37 | val_loss: 0.198469
2026-03-26 01:01:06.717 | INFO     | ao_compensation_model.training_search:train:294 - Best model for this run saved as: gru_model.keras (val_loss=0.197868)
2026-03-26 01:01:08.739 | INFO     | ao_compensation_model.training_search:train:311 - TFLite model saved as: gru_model_edge.tflite
2026-03-26 01:01:09.542 | INFO     | ao_compensation_model.training_search:train:241 - --- Testing Config: GRU=8 | BATCH=128 | KERNEL=20 | FILTERS=4 | POOL=3 ---
2026-03-26 01:01:09.655 | INFO     | ao_compensation_model.training_search:train:259 - Model architecture:
Model: "functional"
┏━━━━━━━━━━━━━━━━━━━━━━━━━━━━━━━━━━━━━━┳━━━━━━━━━━━━━━━━━━━━━━━━━━━━━┳━━━━━━━━━━━━━━━━━┓
┃ Layer (type)                         ┃ Output Shape                ┃         Param # ┃
┡━━━━━━━━━━━━━━━━━━━━━━━━━━━━━━━━━━━━━━╇━━━━━━━━━━━━━━━━━━━━━━━━━━━━━╇━━━━━━━━━━━━━━━━━┩
│ input_layer (InputLayer)             │ (None, 200, 2)              │               0 │
├──────────────────────────────────────┼─────────────────────────────┼─────────────────┤
│ conv1d (Conv1D)                      │ (None, 200, 4)              │             164 │
├──────────────────────────────────────┼─────────────────────────────┼─────────────────┤
│ batch_normalization                  │ (None, 200, 4)              │              16 │
│ (BatchNormalization)                 │                             │                 │
├──────────────────────────────────────┼─────────────────────────────┼─────────────────┤
│ zero_padding1d (ZeroPadding1D)       │ (None, 202, 4)              │               0 │
├──────────────────────────────────────┼─────────────────────────────┼─────────────────┤
│ average_pooling1d (AveragePooling1D) │ (None, 200, 4)              │               0 │
├──────────────────────────────────────┼─────────────────────────────┼─────────────────┤
│ gru (GRU)                            │ (None, 8)                   │             336 │
├──────────────────────────────────────┼─────────────────────────────┼─────────────────┤
│ dense (Dense)                        │ (None, 2)                   │              18 │
├──────────────────────────────────────┼─────────────────────────────┼─────────────────┤
│ phase (UnitNormalization)            │ (None, 2)                   │               0 │
└──────────────────────────────────────┴─────────────────────────────┴─────────────────┘
 Total params: 534 (2.09 KB)
 Trainable params: 526 (2.05 KB)
 Non-trainable params: 8 (32.00 B)


2026-03-26 01:01:09.668 | INFO     | ao_compensation_model.training_search:train:262 - Parameters — trainable: 526  non-trainable: 8  total: 534
2026-03-26 01:01:09.737 | INFO     | ao_compensation_model.training_search:on_train_begin:130 - Training started.
2026-03-26 01:01:09.739 | INFO     | ao_compensation_model.training_search:on_train_begin:131 - Hyperparameters:
  WINDOW_SIZE: 200
  STRIDE: 20
  TARGET_LEAD: 0
  GRU_UNITS: 8
  DROPOUT_RATE: 0.2
  FILTERS: 4
  KERNEL_SIZE: 20
  POOL_SIZE: 3
  BATCH_SIZE: 128
  MAX_EPOCHS: 100
  LEARNING_RATE: 0.0005
  TRAINING_DATA_DIR: D:\01_Code\ao_compensation_model\src\ao_compensation_model\dataset\training
  MODEL_DIR: D:\01_Code\ao_compensation_model\src\ao_compensation_model\model
2026-03-26 01:01:23.093 | INFO     | ao_compensation_model.training_search:on_epoch_end:150 - Epoch   1 | val_loss: 0.245544
2026-03-26 01:01:30.264 | INFO     | ao_compensation_model.training_search:on_epoch_end:150 - Epoch   2 | val_loss: 0.231832
2026-03-26 01:01:37.989 | INFO     | ao_compensation_model.training_search:on_epoch_end:150 - Epoch   3 | val_loss: 0.232851
2026-03-26 01:01:44.924 | INFO     | ao_compensation_model.training_search:on_epoch_end:150 - Epoch   4 | val_loss: 0.231712
2026-03-26 01:01:52.674 | INFO     | ao_compensation_model.training_search:on_epoch_end:150 - Epoch   5 | val_loss: 0.227090
2026-03-26 01:01:59.529 | INFO     | ao_compensation_model.training_search:on_epoch_end:150 - Epoch   6 | val_loss: 0.224588
2026-03-26 01:02:07.377 | INFO     | ao_compensation_model.training_search:on_epoch_end:150 - Epoch   7 | val_loss: 0.220076
2026-03-26 01:02:14.239 | INFO     | ao_compensation_model.training_search:on_epoch_end:150 - Epoch   8 | val_loss: 0.216994
2026-03-26 01:02:21.991 | INFO     | ao_compensation_model.training_search:on_epoch_end:150 - Epoch   9 | val_loss: 0.213058
2026-03-26 01:02:28.821 | INFO     | ao_compensation_model.training_search:on_epoch_end:150 - Epoch  10 | val_loss: 0.210648
2026-03-26 01:02:36.655 | INFO     | ao_compensation_model.training_search:on_epoch_end:150 - Epoch  11 | val_loss: 0.207481
2026-03-26 01:02:43.731 | INFO     | ao_compensation_model.training_search:on_epoch_end:150 - Epoch  12 | val_loss: 0.205684
2026-03-26 01:02:51.194 | INFO     | ao_compensation_model.training_search:on_epoch_end:150 - Epoch  13 | val_loss: 0.204842
2026-03-26 01:02:58.892 | INFO     | ao_compensation_model.training_search:on_epoch_end:150 - Epoch  14 | val_loss: 0.200766
2026-03-26 01:03:05.726 | INFO     | ao_compensation_model.training_search:on_epoch_end:150 - Epoch  15 | val_loss: 0.203310
2026-03-26 01:03:13.492 | INFO     | ao_compensation_model.training_search:on_epoch_end:150 - Epoch  16 | val_loss: 0.197397
2026-03-26 01:03:20.344 | INFO     | ao_compensation_model.training_search:on_epoch_end:150 - Epoch  17 | val_loss: 0.196019
2026-03-26 01:03:28.038 | INFO     | ao_compensation_model.training_search:on_epoch_end:150 - Epoch  18 | val_loss: 0.197686
2026-03-26 01:03:34.812 | INFO     | ao_compensation_model.training_search:on_epoch_end:150 - Epoch  19 | val_loss: 0.198422
2026-03-26 01:03:34.841 | INFO     | ao_compensation_model.training_search:train:294 - Best model for this run saved as: gru_model.keras (val_loss=0.196019)
2026-03-26 01:03:37.050 | INFO     | ao_compensation_model.training_search:train:311 - TFLite model saved as: gru_model_edge.tflite
2026-03-26 01:03:38.676 | INFO     | ao_compensation_model.training_search:train:241 - --- Testing Config: GRU=8 | BATCH=128 | KERNEL=20 | FILTERS=8 | POOL=5 ---
2026-03-26 01:03:38.806 | INFO     | ao_compensation_model.training_search:train:259 - Model architecture:
Model: "functional"
┏━━━━━━━━━━━━━━━━━━━━━━━━━━━━━━━━━━━━━━┳━━━━━━━━━━━━━━━━━━━━━━━━━━━━━┳━━━━━━━━━━━━━━━━━┓
┃ Layer (type)                         ┃ Output Shape                ┃         Param # ┃
┡━━━━━━━━━━━━━━━━━━━━━━━━━━━━━━━━━━━━━━╇━━━━━━━━━━━━━━━━━━━━━━━━━━━━━╇━━━━━━━━━━━━━━━━━┩
│ input_layer (InputLayer)             │ (None, 200, 2)              │               0 │
├──────────────────────────────────────┼─────────────────────────────┼─────────────────┤
│ conv1d (Conv1D)                      │ (None, 200, 8)              │             328 │
├──────────────────────────────────────┼─────────────────────────────┼─────────────────┤
│ batch_normalization                  │ (None, 200, 8)              │              32 │
│ (BatchNormalization)                 │                             │                 │
├──────────────────────────────────────┼─────────────────────────────┼─────────────────┤
│ zero_padding1d (ZeroPadding1D)       │ (None, 204, 8)              │               0 │
├──────────────────────────────────────┼─────────────────────────────┼─────────────────┤
│ average_pooling1d (AveragePooling1D) │ (None, 200, 8)              │               0 │
├──────────────────────────────────────┼─────────────────────────────┼─────────────────┤
│ gru (GRU)                            │ (None, 8)                   │             432 │
├──────────────────────────────────────┼─────────────────────────────┼─────────────────┤
│ dense (Dense)                        │ (None, 2)                   │              18 │
├──────────────────────────────────────┼─────────────────────────────┼─────────────────┤
│ phase (UnitNormalization)            │ (None, 2)                   │               0 │
└──────────────────────────────────────┴─────────────────────────────┴─────────────────┘
 Total params: 810 (3.16 KB)
 Trainable params: 794 (3.10 KB)
 Non-trainable params: 16 (64.00 B)


2026-03-26 01:03:38.818 | INFO     | ao_compensation_model.training_search:train:262 - Parameters — trainable: 794  non-trainable: 16  total: 810
2026-03-26 01:03:38.889 | INFO     | ao_compensation_model.training_search:on_train_begin:130 - Training started.
2026-03-26 01:03:38.890 | INFO     | ao_compensation_model.training_search:on_train_begin:131 - Hyperparameters:
  WINDOW_SIZE: 200
  STRIDE: 20
  TARGET_LEAD: 0
  GRU_UNITS: 8
  DROPOUT_RATE: 0.2
  FILTERS: 8
  KERNEL_SIZE: 20
  POOL_SIZE: 5
  BATCH_SIZE: 128
  MAX_EPOCHS: 100
  LEARNING_RATE: 0.0005
  TRAINING_DATA_DIR: D:\01_Code\ao_compensation_model\src\ao_compensation_model\dataset\training
  MODEL_DIR: D:\01_Code\ao_compensation_model\src\ao_compensation_model\model
2026-03-26 01:03:52.036 | INFO     | ao_compensation_model.training_search:on_epoch_end:150 - Epoch   1 | val_loss: 0.355700
2026-03-26 01:03:59.100 | INFO     | ao_compensation_model.training_search:on_epoch_end:150 - Epoch   2 | val_loss: 0.283382
2026-03-26 01:04:07.009 | INFO     | ao_compensation_model.training_search:on_epoch_end:150 - Epoch   3 | val_loss: 0.251789
2026-03-26 01:04:13.989 | INFO     | ao_compensation_model.training_search:on_epoch_end:150 - Epoch   4 | val_loss: 0.237802
2026-03-26 01:04:22.004 | INFO     | ao_compensation_model.training_search:on_epoch_end:150 - Epoch   5 | val_loss: 0.226395
2026-03-26 01:04:28.997 | INFO     | ao_compensation_model.training_search:on_epoch_end:150 - Epoch   6 | val_loss: 0.219052
2026-03-26 01:04:36.917 | INFO     | ao_compensation_model.training_search:on_epoch_end:150 - Epoch   7 | val_loss: 0.214324
2026-03-26 01:04:44.774 | INFO     | ao_compensation_model.training_search:on_epoch_end:150 - Epoch   8 | val_loss: 0.210080
2026-03-26 01:04:51.784 | INFO     | ao_compensation_model.training_search:on_epoch_end:150 - Epoch   9 | val_loss: 0.208682
2026-03-26 01:04:59.731 | INFO     | ao_compensation_model.training_search:on_epoch_end:150 - Epoch  10 | val_loss: 0.201423
2026-03-26 01:05:06.749 | INFO     | ao_compensation_model.training_search:on_epoch_end:150 - Epoch  11 | val_loss: 0.201271
2026-03-26 01:05:14.652 | INFO     | ao_compensation_model.training_search:on_epoch_end:150 - Epoch  12 | val_loss: 0.196287
2026-03-26 01:05:21.662 | INFO     | ao_compensation_model.training_search:on_epoch_end:150 - Epoch  13 | val_loss: 0.196263
2026-03-26 01:05:29.553 | INFO     | ao_compensation_model.training_search:on_epoch_end:150 - Epoch  14 | val_loss: 0.193423
2026-03-26 01:05:36.540 | INFO     | ao_compensation_model.training_search:on_epoch_end:150 - Epoch  15 | val_loss: 0.192972
2026-03-26 01:05:44.429 | INFO     | ao_compensation_model.training_search:on_epoch_end:150 - Epoch  16 | val_loss: 0.193811
2026-03-26 01:05:52.001 | INFO     | ao_compensation_model.training_search:on_epoch_end:150 - Epoch  17 | val_loss: 0.192323
2026-03-26 01:06:01.666 | INFO     | ao_compensation_model.training_search:on_epoch_end:150 - Epoch  18 | val_loss: 0.192034
2026-03-26 01:06:09.523 | INFO     | ao_compensation_model.training_search:on_epoch_end:150 - Epoch  19 | val_loss: 0.192527
2026-03-26 01:06:16.421 | INFO     | ao_compensation_model.training_search:on_epoch_end:150 - Epoch  20 | val_loss: 0.191639
2026-03-26 01:06:22.910 | INFO     | ao_compensation_model.training_search:on_epoch_end:150 - Epoch  21 | val_loss: 0.192001
2026-03-26 01:06:29.320 | INFO     | ao_compensation_model.training_search:on_epoch_end:150 - Epoch  22 | val_loss: 0.191950
2026-03-26 01:06:29.349 | INFO     | ao_compensation_model.training_search:train:294 - Best model for this run saved as: gru_model.keras (val_loss=0.191639)
2026-03-26 01:06:31.044 | INFO     | ao_compensation_model.training_search:train:311 - TFLite model saved as: gru_model_edge.tflite
2026-03-26 01:06:31.857 | INFO     | ao_compensation_model.training_search:train:241 - --- Testing Config: GRU=8 | BATCH=128 | KERNEL=20 | FILTERS=8 | POOL=3 ---
2026-03-26 01:06:31.956 | INFO     | ao_compensation_model.training_search:train:259 - Model architecture:
Model: "functional"
┏━━━━━━━━━━━━━━━━━━━━━━━━━━━━━━━━━━━━━━┳━━━━━━━━━━━━━━━━━━━━━━━━━━━━━┳━━━━━━━━━━━━━━━━━┓
┃ Layer (type)                         ┃ Output Shape                ┃         Param # ┃
┡━━━━━━━━━━━━━━━━━━━━━━━━━━━━━━━━━━━━━━╇━━━━━━━━━━━━━━━━━━━━━━━━━━━━━╇━━━━━━━━━━━━━━━━━┩
│ input_layer (InputLayer)             │ (None, 200, 2)              │               0 │
├──────────────────────────────────────┼─────────────────────────────┼─────────────────┤
│ conv1d (Conv1D)                      │ (None, 200, 8)              │             328 │
├──────────────────────────────────────┼─────────────────────────────┼─────────────────┤
│ batch_normalization                  │ (None, 200, 8)              │              32 │
│ (BatchNormalization)                 │                             │                 │
├──────────────────────────────────────┼─────────────────────────────┼─────────────────┤
│ zero_padding1d (ZeroPadding1D)       │ (None, 202, 8)              │               0 │
├──────────────────────────────────────┼─────────────────────────────┼─────────────────┤
│ average_pooling1d (AveragePooling1D) │ (None, 200, 8)              │               0 │
├──────────────────────────────────────┼─────────────────────────────┼─────────────────┤
│ gru (GRU)                            │ (None, 8)                   │             432 │
├──────────────────────────────────────┼─────────────────────────────┼─────────────────┤
│ dense (Dense)                        │ (None, 2)                   │              18 │
├──────────────────────────────────────┼─────────────────────────────┼─────────────────┤
│ phase (UnitNormalization)            │ (None, 2)                   │               0 │
└──────────────────────────────────────┴─────────────────────────────┴─────────────────┘
 Total params: 810 (3.16 KB)
 Trainable params: 794 (3.10 KB)
 Non-trainable params: 16 (64.00 B)


2026-03-26 01:06:31.968 | INFO     | ao_compensation_model.training_search:train:262 - Parameters — trainable: 794  non-trainable: 16  total: 810
2026-03-26 01:06:32.036 | INFO     | ao_compensation_model.training_search:on_train_begin:130 - Training started.
2026-03-26 01:06:32.036 | INFO     | ao_compensation_model.training_search:on_train_begin:131 - Hyperparameters:
  WINDOW_SIZE: 200
  STRIDE: 20
  TARGET_LEAD: 0
  GRU_UNITS: 8
  DROPOUT_RATE: 0.2
  FILTERS: 8
  KERNEL_SIZE: 20
  POOL_SIZE: 3
  BATCH_SIZE: 128
  MAX_EPOCHS: 100
  LEARNING_RATE: 0.0005
  TRAINING_DATA_DIR: D:\01_Code\ao_compensation_model\src\ao_compensation_model\dataset\training
  MODEL_DIR: D:\01_Code\ao_compensation_model\src\ao_compensation_model\model
2026-03-26 01:06:43.677 | INFO     | ao_compensation_model.training_search:on_epoch_end:150 - Epoch   1 | val_loss: 0.327454
2026-03-26 01:06:50.645 | INFO     | ao_compensation_model.training_search:on_epoch_end:150 - Epoch   2 | val_loss: 0.265601
2026-03-26 01:06:57.407 | INFO     | ao_compensation_model.training_search:on_epoch_end:150 - Epoch   3 | val_loss: 0.243457
2026-03-26 01:07:04.041 | INFO     | ao_compensation_model.training_search:on_epoch_end:150 - Epoch   4 | val_loss: 0.226487
2026-03-26 01:07:10.691 | INFO     | ao_compensation_model.training_search:on_epoch_end:150 - Epoch   5 | val_loss: 0.218689
2026-03-26 01:07:17.272 | INFO     | ao_compensation_model.training_search:on_epoch_end:150 - Epoch   6 | val_loss: 0.207362
2026-03-26 01:07:23.931 | INFO     | ao_compensation_model.training_search:on_epoch_end:150 - Epoch   7 | val_loss: 0.204643
2026-03-26 01:07:30.473 | INFO     | ao_compensation_model.training_search:on_epoch_end:150 - Epoch   8 | val_loss: 0.203408
2026-03-26 01:07:37.465 | INFO     | ao_compensation_model.training_search:on_epoch_end:150 - Epoch   9 | val_loss: 0.198950
2026-03-26 01:07:44.636 | INFO     | ao_compensation_model.training_search:on_epoch_end:150 - Epoch  10 | val_loss: 0.197751
2026-03-26 01:07:51.808 | INFO     | ao_compensation_model.training_search:on_epoch_end:150 - Epoch  11 | val_loss: 0.199895
2026-03-26 01:08:01.754 | INFO     | ao_compensation_model.training_search:on_epoch_end:150 - Epoch  12 | val_loss: 0.198691
2026-03-26 01:08:01.791 | INFO     | ao_compensation_model.training_search:train:294 - Best model for this run saved as: gru_model.keras (val_loss=0.197751)
2026-03-26 01:08:04.695 | INFO     | ao_compensation_model.training_search:train:311 - TFLite model saved as: gru_model_edge.tflite
2026-03-26 01:08:05.519 | INFO     | ao_compensation_model.training_search:train:241 - --- Testing Config: GRU=8 | BATCH=128 | KERNEL=20 | FILTERS=16 | POOL=5 ---
2026-03-26 01:08:05.623 | INFO     | ao_compensation_model.training_search:train:259 - Model architecture:
Model: "functional"
┏━━━━━━━━━━━━━━━━━━━━━━━━━━━━━━━━━━━━━━┳━━━━━━━━━━━━━━━━━━━━━━━━━━━━━┳━━━━━━━━━━━━━━━━━┓
┃ Layer (type)                         ┃ Output Shape                ┃         Param # ┃
┡━━━━━━━━━━━━━━━━━━━━━━━━━━━━━━━━━━━━━━╇━━━━━━━━━━━━━━━━━━━━━━━━━━━━━╇━━━━━━━━━━━━━━━━━┩
│ input_layer (InputLayer)             │ (None, 200, 2)              │               0 │
├──────────────────────────────────────┼─────────────────────────────┼─────────────────┤
│ conv1d (Conv1D)                      │ (None, 200, 16)             │             656 │
├──────────────────────────────────────┼─────────────────────────────┼─────────────────┤
│ batch_normalization                  │ (None, 200, 16)             │              64 │
│ (BatchNormalization)                 │                             │                 │
├──────────────────────────────────────┼─────────────────────────────┼─────────────────┤
│ zero_padding1d (ZeroPadding1D)       │ (None, 204, 16)             │               0 │
├──────────────────────────────────────┼─────────────────────────────┼─────────────────┤
│ average_pooling1d (AveragePooling1D) │ (None, 200, 16)             │               0 │
├──────────────────────────────────────┼─────────────────────────────┼─────────────────┤
│ gru (GRU)                            │ (None, 8)                   │             624 │
├──────────────────────────────────────┼─────────────────────────────┼─────────────────┤
│ dense (Dense)                        │ (None, 2)                   │              18 │
├──────────────────────────────────────┼─────────────────────────────┼─────────────────┤
│ phase (UnitNormalization)            │ (None, 2)                   │               0 │
└──────────────────────────────────────┴─────────────────────────────┴─────────────────┘
 Total params: 1,362 (5.32 KB)
 Trainable params: 1,330 (5.20 KB)
 Non-trainable params: 32 (128.00 B)


2026-03-26 01:08:05.635 | INFO     | ao_compensation_model.training_search:train:262 - Parameters — trainable: 1330  non-trainable: 32  total: 1362
2026-03-26 01:08:05.717 | INFO     | ao_compensation_model.training_search:on_train_begin:130 - Training started.
2026-03-26 01:08:05.718 | INFO     | ao_compensation_model.training_search:on_train_begin:131 - Hyperparameters:
  WINDOW_SIZE: 200
  STRIDE: 20
  TARGET_LEAD: 0
  GRU_UNITS: 8
  DROPOUT_RATE: 0.2
  FILTERS: 16
  KERNEL_SIZE: 20
  POOL_SIZE: 5
  BATCH_SIZE: 128
  MAX_EPOCHS: 100
  LEARNING_RATE: 0.0005
  TRAINING_DATA_DIR: D:\01_Code\ao_compensation_model\src\ao_compensation_model\dataset\training
  MODEL_DIR: D:\01_Code\ao_compensation_model\src\ao_compensation_model\model
2026-03-26 01:08:19.167 | INFO     | ao_compensation_model.training_search:on_epoch_end:150 - Epoch   1 | val_loss: 0.220572
2026-03-26 01:08:26.985 | INFO     | ao_compensation_model.training_search:on_epoch_end:150 - Epoch   2 | val_loss: 0.223652
2026-03-26 01:08:35.242 | INFO     | ao_compensation_model.training_search:on_epoch_end:150 - Epoch   3 | val_loss: 0.215529
2026-03-26 01:08:43.451 | INFO     | ao_compensation_model.training_search:on_epoch_end:150 - Epoch   4 | val_loss: 0.211619
2026-03-26 01:08:51.425 | INFO     | ao_compensation_model.training_search:on_epoch_end:150 - Epoch   5 | val_loss: 0.206402
2026-03-26 01:08:59.642 | INFO     | ao_compensation_model.training_search:on_epoch_end:150 - Epoch   6 | val_loss: 0.207518
2026-03-26 01:09:07.451 | INFO     | ao_compensation_model.training_search:on_epoch_end:150 - Epoch   7 | val_loss: 0.203668
2026-03-26 01:09:15.822 | INFO     | ao_compensation_model.training_search:on_epoch_end:150 - Epoch   8 | val_loss: 0.201466
2026-03-26 01:09:23.723 | INFO     | ao_compensation_model.training_search:on_epoch_end:150 - Epoch   9 | val_loss: 0.200095
2026-03-26 01:09:32.144 | INFO     | ao_compensation_model.training_search:on_epoch_end:150 - Epoch  10 | val_loss: 0.199976
2026-03-26 01:09:40.327 | INFO     | ao_compensation_model.training_search:on_epoch_end:150 - Epoch  11 | val_loss: 0.198890
2026-03-26 01:09:48.206 | INFO     | ao_compensation_model.training_search:on_epoch_end:150 - Epoch  12 | val_loss: 0.198374
2026-03-26 01:09:56.437 | INFO     | ao_compensation_model.training_search:on_epoch_end:150 - Epoch  13 | val_loss: 0.197974
2026-03-26 01:10:04.219 | INFO     | ao_compensation_model.training_search:on_epoch_end:150 - Epoch  14 | val_loss: 0.197046
2026-03-26 01:10:12.506 | INFO     | ao_compensation_model.training_search:on_epoch_end:150 - Epoch  15 | val_loss: 0.197898
2026-03-26 01:10:20.238 | INFO     | ao_compensation_model.training_search:on_epoch_end:150 - Epoch  16 | val_loss: 0.197504
2026-03-26 01:10:20.294 | INFO     | ao_compensation_model.training_search:train:294 - Best model for this run saved as: gru_model.keras (val_loss=0.197046)
2026-03-26 01:10:22.901 | INFO     | ao_compensation_model.training_search:train:311 - TFLite model saved as: gru_model_edge.tflite
2026-03-26 01:10:23.758 | INFO     | ao_compensation_model.training_search:train:241 - --- Testing Config: GRU=8 | BATCH=128 | KERNEL=20 | FILTERS=16 | POOL=3 ---
2026-03-26 01:10:23.874 | INFO     | ao_compensation_model.training_search:train:259 - Model architecture:
Model: "functional"
┏━━━━━━━━━━━━━━━━━━━━━━━━━━━━━━━━━━━━━━┳━━━━━━━━━━━━━━━━━━━━━━━━━━━━━┳━━━━━━━━━━━━━━━━━┓
┃ Layer (type)                         ┃ Output Shape                ┃         Param # ┃
┡━━━━━━━━━━━━━━━━━━━━━━━━━━━━━━━━━━━━━━╇━━━━━━━━━━━━━━━━━━━━━━━━━━━━━╇━━━━━━━━━━━━━━━━━┩
│ input_layer (InputLayer)             │ (None, 200, 2)              │               0 │
├──────────────────────────────────────┼─────────────────────────────┼─────────────────┤
│ conv1d (Conv1D)                      │ (None, 200, 16)             │             656 │
├──────────────────────────────────────┼─────────────────────────────┼─────────────────┤
│ batch_normalization                  │ (None, 200, 16)             │              64 │
│ (BatchNormalization)                 │                             │                 │
├──────────────────────────────────────┼─────────────────────────────┼─────────────────┤
│ zero_padding1d (ZeroPadding1D)       │ (None, 202, 16)             │               0 │
├──────────────────────────────────────┼─────────────────────────────┼─────────────────┤
│ average_pooling1d (AveragePooling1D) │ (None, 200, 16)             │               0 │
├──────────────────────────────────────┼─────────────────────────────┼─────────────────┤
│ gru (GRU)                            │ (None, 8)                   │             624 │
├──────────────────────────────────────┼─────────────────────────────┼─────────────────┤
│ dense (Dense)                        │ (None, 2)                   │              18 │
├──────────────────────────────────────┼─────────────────────────────┼─────────────────┤
│ phase (UnitNormalization)            │ (None, 2)                   │               0 │
└──────────────────────────────────────┴─────────────────────────────┴─────────────────┘
 Total params: 1,362 (5.32 KB)
 Trainable params: 1,330 (5.20 KB)
 Non-trainable params: 32 (128.00 B)


2026-03-26 01:10:23.887 | INFO     | ao_compensation_model.training_search:train:262 - Parameters — trainable: 1330  non-trainable: 32  total: 1362
2026-03-26 01:10:23.969 | INFO     | ao_compensation_model.training_search:on_train_begin:130 - Training started.
2026-03-26 01:10:23.970 | INFO     | ao_compensation_model.training_search:on_train_begin:131 - Hyperparameters:
  WINDOW_SIZE: 200
  STRIDE: 20
  TARGET_LEAD: 0
  GRU_UNITS: 8
  DROPOUT_RATE: 0.2
  FILTERS: 16
  KERNEL_SIZE: 20
  POOL_SIZE: 3
  BATCH_SIZE: 128
  MAX_EPOCHS: 100
  LEARNING_RATE: 0.0005
  TRAINING_DATA_DIR: D:\01_Code\ao_compensation_model\src\ao_compensation_model\dataset\training
  MODEL_DIR: D:\01_Code\ao_compensation_model\src\ao_compensation_model\model
2026-03-26 01:10:37.273 | INFO     | ao_compensation_model.training_search:on_epoch_end:150 - Epoch   1 | val_loss: 0.291733
2026-03-26 01:10:45.153 | INFO     | ao_compensation_model.training_search:on_epoch_end:150 - Epoch   2 | val_loss: 0.257260
2026-03-26 01:10:55.122 | INFO     | ao_compensation_model.training_search:on_epoch_end:150 - Epoch   3 | val_loss: 0.231525
2026-03-26 01:11:03.161 | INFO     | ao_compensation_model.training_search:on_epoch_end:150 - Epoch   4 | val_loss: 0.224081
2026-03-26 01:11:10.758 | INFO     | ao_compensation_model.training_search:on_epoch_end:150 - Epoch   5 | val_loss: 0.218997
2026-03-26 01:11:18.929 | INFO     | ao_compensation_model.training_search:on_epoch_end:150 - Epoch   6 | val_loss: 0.209651
2026-03-26 01:11:26.996 | INFO     | ao_compensation_model.training_search:on_epoch_end:150 - Epoch   7 | val_loss: 0.206951
2026-03-26 01:11:36.777 | INFO     | ao_compensation_model.training_search:on_epoch_end:150 - Epoch   8 | val_loss: 0.199461
2026-03-26 01:11:44.912 | INFO     | ao_compensation_model.training_search:on_epoch_end:150 - Epoch   9 | val_loss: 0.199230
2026-03-26 01:11:52.629 | INFO     | ao_compensation_model.training_search:on_epoch_end:150 - Epoch  10 | val_loss: 0.196943
2026-03-26 01:12:02.749 | INFO     | ao_compensation_model.training_search:on_epoch_end:150 - Epoch  11 | val_loss: 0.193043
2026-03-26 01:12:10.817 | INFO     | ao_compensation_model.training_search:on_epoch_end:150 - Epoch  12 | val_loss: 0.193361
2026-03-26 01:12:18.383 | INFO     | ao_compensation_model.training_search:on_epoch_end:150 - Epoch  13 | val_loss: 0.189579
2026-03-26 01:12:26.564 | INFO     | ao_compensation_model.training_search:on_epoch_end:150 - Epoch  14 | val_loss: 0.189524
2026-03-26 01:12:34.551 | INFO     | ao_compensation_model.training_search:on_epoch_end:150 - Epoch  15 | val_loss: 0.186343
2026-03-26 01:12:42.311 | INFO     | ao_compensation_model.training_search:on_epoch_end:150 - Epoch  16 | val_loss: 0.186398
2026-03-26 01:12:50.249 | INFO     | ao_compensation_model.training_search:on_epoch_end:150 - Epoch  17 | val_loss: 0.188142
2026-03-26 01:12:50.288 | INFO     | ao_compensation_model.training_search:train:294 - Best model for this run saved as: gru_model.keras (val_loss=0.186343)
2026-03-26 01:12:52.365 | INFO     | ao_compensation_model.training_search:train:311 - TFLite model saved as: gru_model_edge.tflite
2026-03-26 01:12:53.297 | INFO     | ao_compensation_model.training_search:train:241 - --- Testing Config: GRU=16 | BATCH=64 | KERNEL=5 | FILTERS=4 | POOL=5 ---
2026-03-26 01:12:53.395 | INFO     | ao_compensation_model.training_search:train:259 - Model architecture:
Model: "functional"
┏━━━━━━━━━━━━━━━━━━━━━━━━━━━━━━━━━━━━━━┳━━━━━━━━━━━━━━━━━━━━━━━━━━━━━┳━━━━━━━━━━━━━━━━━┓
┃ Layer (type)                         ┃ Output Shape                ┃         Param # ┃
┡━━━━━━━━━━━━━━━━━━━━━━━━━━━━━━━━━━━━━━╇━━━━━━━━━━━━━━━━━━━━━━━━━━━━━╇━━━━━━━━━━━━━━━━━┩
│ input_layer (InputLayer)             │ (None, 200, 2)              │               0 │
├──────────────────────────────────────┼─────────────────────────────┼─────────────────┤
│ conv1d (Conv1D)                      │ (None, 200, 4)              │              44 │
├──────────────────────────────────────┼─────────────────────────────┼─────────────────┤
│ batch_normalization                  │ (None, 200, 4)              │              16 │
│ (BatchNormalization)                 │                             │                 │
├──────────────────────────────────────┼─────────────────────────────┼─────────────────┤
│ zero_padding1d (ZeroPadding1D)       │ (None, 204, 4)              │               0 │
├──────────────────────────────────────┼─────────────────────────────┼─────────────────┤
│ average_pooling1d (AveragePooling1D) │ (None, 200, 4)              │               0 │
├──────────────────────────────────────┼─────────────────────────────┼─────────────────┤
│ gru (GRU)                            │ (None, 16)                  │           1,056 │
├──────────────────────────────────────┼─────────────────────────────┼─────────────────┤
│ dense (Dense)                        │ (None, 2)                   │              34 │
├──────────────────────────────────────┼─────────────────────────────┼─────────────────┤
│ phase (UnitNormalization)            │ (None, 2)                   │               0 │
└──────────────────────────────────────┴─────────────────────────────┴─────────────────┘
 Total params: 1,150 (4.49 KB)
 Trainable params: 1,142 (4.46 KB)
 Non-trainable params: 8 (32.00 B)


2026-03-26 01:12:53.412 | INFO     | ao_compensation_model.training_search:train:262 - Parameters — trainable: 1142  non-trainable: 8  total: 1150
2026-03-26 01:12:53.497 | INFO     | ao_compensation_model.training_search:on_train_begin:130 - Training started.
2026-03-26 01:12:53.498 | INFO     | ao_compensation_model.training_search:on_train_begin:131 - Hyperparameters:
  WINDOW_SIZE: 200
  STRIDE: 20
  TARGET_LEAD: 0
  GRU_UNITS: 16
  DROPOUT_RATE: 0.2
  FILTERS: 4
  KERNEL_SIZE: 5
  POOL_SIZE: 5
  BATCH_SIZE: 64
  MAX_EPOCHS: 100
  LEARNING_RATE: 0.0005
  TRAINING_DATA_DIR: D:\01_Code\ao_compensation_model\src\ao_compensation_model\dataset\training
  MODEL_DIR: D:\01_Code\ao_compensation_model\src\ao_compensation_model\model
2026-03-26 01:13:12.256 | INFO     | ao_compensation_model.training_search:on_epoch_end:150 - Epoch   1 | val_loss: 0.530320
2026-03-26 01:13:25.882 | INFO     | ao_compensation_model.training_search:on_epoch_end:150 - Epoch   2 | val_loss: 0.277348
2026-03-26 01:13:39.310 | INFO     | ao_compensation_model.training_search:on_epoch_end:150 - Epoch   3 | val_loss: 0.207945
2026-03-26 01:13:52.916 | INFO     | ao_compensation_model.training_search:on_epoch_end:150 - Epoch   4 | val_loss: 0.206898
2026-03-26 01:14:06.571 | INFO     | ao_compensation_model.training_search:on_epoch_end:150 - Epoch   5 | val_loss: 0.209591
2026-03-26 01:14:19.864 | INFO     | ao_compensation_model.training_search:on_epoch_end:150 - Epoch   6 | val_loss: 0.214819
2026-03-26 01:14:19.907 | INFO     | ao_compensation_model.training_search:train:294 - Best model for this run saved as: gru_model.keras (val_loss=0.206898)
2026-03-26 01:14:22.095 | INFO     | ao_compensation_model.training_search:train:311 - TFLite model saved as: gru_model_edge.tflite
2026-03-26 01:14:23.006 | INFO     | ao_compensation_model.training_search:train:241 - --- Testing Config: GRU=16 | BATCH=64 | KERNEL=5 | FILTERS=4 | POOL=3 ---
2026-03-26 01:14:23.115 | INFO     | ao_compensation_model.training_search:train:259 - Model architecture:
Model: "functional"
┏━━━━━━━━━━━━━━━━━━━━━━━━━━━━━━━━━━━━━━┳━━━━━━━━━━━━━━━━━━━━━━━━━━━━━┳━━━━━━━━━━━━━━━━━┓
┃ Layer (type)                         ┃ Output Shape                ┃         Param # ┃
┡━━━━━━━━━━━━━━━━━━━━━━━━━━━━━━━━━━━━━━╇━━━━━━━━━━━━━━━━━━━━━━━━━━━━━╇━━━━━━━━━━━━━━━━━┩
│ input_layer (InputLayer)             │ (None, 200, 2)              │               0 │
├──────────────────────────────────────┼─────────────────────────────┼─────────────────┤
│ conv1d (Conv1D)                      │ (None, 200, 4)              │              44 │
├──────────────────────────────────────┼─────────────────────────────┼─────────────────┤
│ batch_normalization                  │ (None, 200, 4)              │              16 │
│ (BatchNormalization)                 │                             │                 │
├──────────────────────────────────────┼─────────────────────────────┼─────────────────┤
│ zero_padding1d (ZeroPadding1D)       │ (None, 202, 4)              │               0 │
├──────────────────────────────────────┼─────────────────────────────┼─────────────────┤
│ average_pooling1d (AveragePooling1D) │ (None, 200, 4)              │               0 │
├──────────────────────────────────────┼─────────────────────────────┼─────────────────┤
│ gru (GRU)                            │ (None, 16)                  │           1,056 │
├──────────────────────────────────────┼─────────────────────────────┼─────────────────┤
│ dense (Dense)                        │ (None, 2)                   │              34 │
├──────────────────────────────────────┼─────────────────────────────┼─────────────────┤
│ phase (UnitNormalization)            │ (None, 2)                   │               0 │
└──────────────────────────────────────┴─────────────────────────────┴─────────────────┘
 Total params: 1,150 (4.49 KB)
 Trainable params: 1,142 (4.46 KB)
 Non-trainable params: 8 (32.00 B)


2026-03-26 01:14:23.131 | INFO     | ao_compensation_model.training_search:train:262 - Parameters — trainable: 1142  non-trainable: 8  total: 1150
2026-03-26 01:14:23.204 | INFO     | ao_compensation_model.training_search:on_train_begin:130 - Training started.
2026-03-26 01:14:23.205 | INFO     | ao_compensation_model.training_search:on_train_begin:131 - Hyperparameters:
  WINDOW_SIZE: 200
  STRIDE: 20
  TARGET_LEAD: 0
  GRU_UNITS: 16
  DROPOUT_RATE: 0.2
  FILTERS: 4
  KERNEL_SIZE: 5
  POOL_SIZE: 3
  BATCH_SIZE: 64
  MAX_EPOCHS: 100
  LEARNING_RATE: 0.0005
  TRAINING_DATA_DIR: D:\01_Code\ao_compensation_model\src\ao_compensation_model\dataset\training
  MODEL_DIR: D:\01_Code\ao_compensation_model\src\ao_compensation_model\model
2026-03-26 01:14:41.521 | INFO     | ao_compensation_model.training_search:on_epoch_end:150 - Epoch   1 | val_loss: 0.316200
2026-03-26 01:14:54.875 | INFO     | ao_compensation_model.training_search:on_epoch_end:150 - Epoch   2 | val_loss: 0.228643
2026-03-26 01:15:08.273 | INFO     | ao_compensation_model.training_search:on_epoch_end:150 - Epoch   3 | val_loss: 0.211620
2026-03-26 01:15:21.640 | INFO     | ao_compensation_model.training_search:on_epoch_end:150 - Epoch   4 | val_loss: 0.197134
2026-03-26 01:15:34.920 | INFO     | ao_compensation_model.training_search:on_epoch_end:150 - Epoch   5 | val_loss: 0.202712
2026-03-26 01:15:48.043 | INFO     | ao_compensation_model.training_search:on_epoch_end:150 - Epoch   6 | val_loss: 0.207490
2026-03-26 01:15:48.074 | INFO     | ao_compensation_model.training_search:train:294 - Best model for this run saved as: gru_model.keras (val_loss=0.197134)
2026-03-26 01:15:49.993 | INFO     | ao_compensation_model.training_search:train:311 - TFLite model saved as: gru_model_edge.tflite
2026-03-26 01:15:51.226 | INFO     | ao_compensation_model.training_search:train:241 - --- Testing Config: GRU=16 | BATCH=64 | KERNEL=5 | FILTERS=8 | POOL=5 ---
2026-03-26 01:15:51.434 | INFO     | ao_compensation_model.training_search:train:259 - Model architecture:
Model: "functional"
┏━━━━━━━━━━━━━━━━━━━━━━━━━━━━━━━━━━━━━━┳━━━━━━━━━━━━━━━━━━━━━━━━━━━━━┳━━━━━━━━━━━━━━━━━┓
┃ Layer (type)                         ┃ Output Shape                ┃         Param # ┃
┡━━━━━━━━━━━━━━━━━━━━━━━━━━━━━━━━━━━━━━╇━━━━━━━━━━━━━━━━━━━━━━━━━━━━━╇━━━━━━━━━━━━━━━━━┩
│ input_layer (InputLayer)             │ (None, 200, 2)              │               0 │
├──────────────────────────────────────┼─────────────────────────────┼─────────────────┤
│ conv1d (Conv1D)                      │ (None, 200, 8)              │              88 │
├──────────────────────────────────────┼─────────────────────────────┼─────────────────┤
│ batch_normalization                  │ (None, 200, 8)              │              32 │
│ (BatchNormalization)                 │                             │                 │
├──────────────────────────────────────┼─────────────────────────────┼─────────────────┤
│ zero_padding1d (ZeroPadding1D)       │ (None, 204, 8)              │               0 │
├──────────────────────────────────────┼─────────────────────────────┼─────────────────┤
│ average_pooling1d (AveragePooling1D) │ (None, 200, 8)              │               0 │
├──────────────────────────────────────┼─────────────────────────────┼─────────────────┤
│ gru (GRU)                            │ (None, 16)                  │           1,248 │
├──────────────────────────────────────┼─────────────────────────────┼─────────────────┤
│ dense (Dense)                        │ (None, 2)                   │              34 │
├──────────────────────────────────────┼─────────────────────────────┼─────────────────┤
│ phase (UnitNormalization)            │ (None, 2)                   │               0 │
└──────────────────────────────────────┴─────────────────────────────┴─────────────────┘
 Total params: 1,402 (5.48 KB)
 Trainable params: 1,386 (5.41 KB)
 Non-trainable params: 16 (64.00 B)


2026-03-26 01:15:51.457 | INFO     | ao_compensation_model.training_search:train:262 - Parameters — trainable: 1386  non-trainable: 16  total: 1402
2026-03-26 01:15:51.568 | INFO     | ao_compensation_model.training_search:on_train_begin:130 - Training started.
2026-03-26 01:15:51.569 | INFO     | ao_compensation_model.training_search:on_train_begin:131 - Hyperparameters:
  WINDOW_SIZE: 200
  STRIDE: 20
  TARGET_LEAD: 0
  GRU_UNITS: 16
  DROPOUT_RATE: 0.2
  FILTERS: 8
  KERNEL_SIZE: 5
  POOL_SIZE: 5
  BATCH_SIZE: 64
  MAX_EPOCHS: 100
  LEARNING_RATE: 0.0005
  TRAINING_DATA_DIR: D:\01_Code\ao_compensation_model\src\ao_compensation_model\dataset\training
  MODEL_DIR: D:\01_Code\ao_compensation_model\src\ao_compensation_model\model
2026-03-26 01:16:10.477 | INFO     | ao_compensation_model.training_search:on_epoch_end:150 - Epoch   1 | val_loss: 0.332756
2026-03-26 01:16:24.151 | INFO     | ao_compensation_model.training_search:on_epoch_end:150 - Epoch   2 | val_loss: 0.228925
2026-03-26 01:16:37.704 | INFO     | ao_compensation_model.training_search:on_epoch_end:150 - Epoch   3 | val_loss: 0.198396
2026-03-26 01:16:51.323 | INFO     | ao_compensation_model.training_search:on_epoch_end:150 - Epoch   4 | val_loss: 0.191176
2026-03-26 01:17:04.842 | INFO     | ao_compensation_model.training_search:on_epoch_end:150 - Epoch   5 | val_loss: 0.198668
2026-03-26 01:17:18.331 | INFO     | ao_compensation_model.training_search:on_epoch_end:150 - Epoch   6 | val_loss: 0.200767
2026-03-26 01:17:18.361 | INFO     | ao_compensation_model.training_search:train:294 - Best model for this run saved as: gru_model.keras (val_loss=0.191176)
2026-03-26 01:17:20.348 | INFO     | ao_compensation_model.training_search:train:311 - TFLite model saved as: gru_model_edge.tflite
2026-03-26 01:17:21.285 | INFO     | ao_compensation_model.training_search:train:241 - --- Testing Config: GRU=16 | BATCH=64 | KERNEL=5 | FILTERS=8 | POOL=3 ---
2026-03-26 01:17:21.392 | INFO     | ao_compensation_model.training_search:train:259 - Model architecture:
Model: "functional"
┏━━━━━━━━━━━━━━━━━━━━━━━━━━━━━━━━━━━━━━┳━━━━━━━━━━━━━━━━━━━━━━━━━━━━━┳━━━━━━━━━━━━━━━━━┓
┃ Layer (type)                         ┃ Output Shape                ┃         Param # ┃
┡━━━━━━━━━━━━━━━━━━━━━━━━━━━━━━━━━━━━━━╇━━━━━━━━━━━━━━━━━━━━━━━━━━━━━╇━━━━━━━━━━━━━━━━━┩
│ input_layer (InputLayer)             │ (None, 200, 2)              │               0 │
├──────────────────────────────────────┼─────────────────────────────┼─────────────────┤
│ conv1d (Conv1D)                      │ (None, 200, 8)              │              88 │
├──────────────────────────────────────┼─────────────────────────────┼─────────────────┤
│ batch_normalization                  │ (None, 200, 8)              │              32 │
│ (BatchNormalization)                 │                             │                 │
├──────────────────────────────────────┼─────────────────────────────┼─────────────────┤
│ zero_padding1d (ZeroPadding1D)       │ (None, 202, 8)              │               0 │
├──────────────────────────────────────┼─────────────────────────────┼─────────────────┤
│ average_pooling1d (AveragePooling1D) │ (None, 200, 8)              │               0 │
├──────────────────────────────────────┼─────────────────────────────┼─────────────────┤
│ gru (GRU)                            │ (None, 16)                  │           1,248 │
├──────────────────────────────────────┼─────────────────────────────┼─────────────────┤
│ dense (Dense)                        │ (None, 2)                   │              34 │
├──────────────────────────────────────┼─────────────────────────────┼─────────────────┤
│ phase (UnitNormalization)            │ (None, 2)                   │               0 │
└──────────────────────────────────────┴─────────────────────────────┴─────────────────┘
 Total params: 1,402 (5.48 KB)
 Trainable params: 1,386 (5.41 KB)
 Non-trainable params: 16 (64.00 B)


2026-03-26 01:17:21.403 | INFO     | ao_compensation_model.training_search:train:262 - Parameters — trainable: 1386  non-trainable: 16  total: 1402
2026-03-26 01:17:21.486 | INFO     | ao_compensation_model.training_search:on_train_begin:130 - Training started.
2026-03-26 01:17:21.487 | INFO     | ao_compensation_model.training_search:on_train_begin:131 - Hyperparameters:
  WINDOW_SIZE: 200
  STRIDE: 20
  TARGET_LEAD: 0
  GRU_UNITS: 16
  DROPOUT_RATE: 0.2
  FILTERS: 8
  KERNEL_SIZE: 5
  POOL_SIZE: 3
  BATCH_SIZE: 64
  MAX_EPOCHS: 100
  LEARNING_RATE: 0.0005
  TRAINING_DATA_DIR: D:\01_Code\ao_compensation_model\src\ao_compensation_model\dataset\training
  MODEL_DIR: D:\01_Code\ao_compensation_model\src\ao_compensation_model\model
2026-03-26 01:17:41.142 | INFO     | ao_compensation_model.training_search:on_epoch_end:150 - Epoch   1 | val_loss: 0.282016
2026-03-26 01:17:54.995 | INFO     | ao_compensation_model.training_search:on_epoch_end:150 - Epoch   2 | val_loss: 0.216321
2026-03-26 01:18:08.836 | INFO     | ao_compensation_model.training_search:on_epoch_end:150 - Epoch   3 | val_loss: 0.204058
2026-03-26 01:18:22.730 | INFO     | ao_compensation_model.training_search:on_epoch_end:150 - Epoch   4 | val_loss: 0.203847
2026-03-26 01:18:36.534 | INFO     | ao_compensation_model.training_search:on_epoch_end:150 - Epoch   5 | val_loss: 0.205125
2026-03-26 01:18:50.467 | INFO     | ao_compensation_model.training_search:on_epoch_end:150 - Epoch   6 | val_loss: 0.201394
2026-03-26 01:19:04.351 | INFO     | ao_compensation_model.training_search:on_epoch_end:150 - Epoch   7 | val_loss: 0.198077
2026-03-26 01:19:18.241 | INFO     | ao_compensation_model.training_search:on_epoch_end:150 - Epoch   8 | val_loss: 0.197166
2026-03-26 01:19:32.043 | INFO     | ao_compensation_model.training_search:on_epoch_end:150 - Epoch   9 | val_loss: 0.196860
2026-03-26 01:19:45.846 | INFO     | ao_compensation_model.training_search:on_epoch_end:150 - Epoch  10 | val_loss: 0.195039
2026-03-26 01:19:59.567 | INFO     | ao_compensation_model.training_search:on_epoch_end:150 - Epoch  11 | val_loss: 0.194706
2026-03-26 01:20:13.454 | INFO     | ao_compensation_model.training_search:on_epoch_end:150 - Epoch  12 | val_loss: 0.195715
2026-03-26 01:20:27.203 | INFO     | ao_compensation_model.training_search:on_epoch_end:150 - Epoch  13 | val_loss: 0.193376
2026-03-26 01:20:41.096 | INFO     | ao_compensation_model.training_search:on_epoch_end:150 - Epoch  14 | val_loss: 0.192921
2026-03-26 01:20:55.108 | INFO     | ao_compensation_model.training_search:on_epoch_end:150 - Epoch  15 | val_loss: 0.192288
2026-03-26 01:21:09.813 | INFO     | ao_compensation_model.training_search:on_epoch_end:150 - Epoch  16 | val_loss: 0.191525
2026-03-26 01:21:23.577 | INFO     | ao_compensation_model.training_search:on_epoch_end:150 - Epoch  17 | val_loss: 0.192989
2026-03-26 01:21:37.128 | INFO     | ao_compensation_model.training_search:on_epoch_end:150 - Epoch  18 | val_loss: 0.192072
2026-03-26 01:21:37.157 | INFO     | ao_compensation_model.training_search:train:294 - Best model for this run saved as: gru_model.keras (val_loss=0.191525)
2026-03-26 01:21:39.097 | INFO     | ao_compensation_model.training_search:train:311 - TFLite model saved as: gru_model_edge.tflite
2026-03-26 01:21:40.145 | INFO     | ao_compensation_model.training_search:train:241 - --- Testing Config: GRU=16 | BATCH=64 | KERNEL=5 | FILTERS=16 | POOL=5 ---
2026-03-26 01:21:40.340 | INFO     | ao_compensation_model.training_search:train:259 - Model architecture:
Model: "functional"
┏━━━━━━━━━━━━━━━━━━━━━━━━━━━━━━━━━━━━━━┳━━━━━━━━━━━━━━━━━━━━━━━━━━━━━┳━━━━━━━━━━━━━━━━━┓
┃ Layer (type)                         ┃ Output Shape                ┃         Param # ┃
┡━━━━━━━━━━━━━━━━━━━━━━━━━━━━━━━━━━━━━━╇━━━━━━━━━━━━━━━━━━━━━━━━━━━━━╇━━━━━━━━━━━━━━━━━┩
│ input_layer (InputLayer)             │ (None, 200, 2)              │               0 │
├──────────────────────────────────────┼─────────────────────────────┼─────────────────┤
│ conv1d (Conv1D)                      │ (None, 200, 16)             │             176 │
├──────────────────────────────────────┼─────────────────────────────┼─────────────────┤
│ batch_normalization                  │ (None, 200, 16)             │              64 │
│ (BatchNormalization)                 │                             │                 │
├──────────────────────────────────────┼─────────────────────────────┼─────────────────┤
│ zero_padding1d (ZeroPadding1D)       │ (None, 204, 16)             │               0 │
├──────────────────────────────────────┼─────────────────────────────┼─────────────────┤
│ average_pooling1d (AveragePooling1D) │ (None, 200, 16)             │               0 │
├──────────────────────────────────────┼─────────────────────────────┼─────────────────┤
│ gru (GRU)                            │ (None, 16)                  │           1,632 │
├──────────────────────────────────────┼─────────────────────────────┼─────────────────┤
│ dense (Dense)                        │ (None, 2)                   │              34 │
├──────────────────────────────────────┼─────────────────────────────┼─────────────────┤
│ phase (UnitNormalization)            │ (None, 2)                   │               0 │
└──────────────────────────────────────┴─────────────────────────────┴─────────────────┘
 Total params: 1,906 (7.45 KB)
 Trainable params: 1,874 (7.32 KB)
 Non-trainable params: 32 (128.00 B)


2026-03-26 01:21:40.362 | INFO     | ao_compensation_model.training_search:train:262 - Parameters — trainable: 1874  non-trainable: 32  total: 1906
2026-03-26 01:21:40.472 | INFO     | ao_compensation_model.training_search:on_train_begin:130 - Training started.
2026-03-26 01:21:40.477 | INFO     | ao_compensation_model.training_search:on_train_begin:131 - Hyperparameters:
  WINDOW_SIZE: 200
  STRIDE: 20
  TARGET_LEAD: 0
  GRU_UNITS: 16
  DROPOUT_RATE: 0.2
  FILTERS: 16
  KERNEL_SIZE: 5
  POOL_SIZE: 5
  BATCH_SIZE: 64
  MAX_EPOCHS: 100
  LEARNING_RATE: 0.0005
  TRAINING_DATA_DIR: D:\01_Code\ao_compensation_model\src\ao_compensation_model\dataset\training
  MODEL_DIR: D:\01_Code\ao_compensation_model\src\ao_compensation_model\model
2026-03-26 01:22:00.178 | INFO     | ao_compensation_model.training_search:on_epoch_end:150 - Epoch   1 | val_loss: 0.284173
2026-03-26 01:22:14.684 | INFO     | ao_compensation_model.training_search:on_epoch_end:150 - Epoch   2 | val_loss: 0.234085
2026-03-26 01:22:28.942 | INFO     | ao_compensation_model.training_search:on_epoch_end:150 - Epoch   3 | val_loss: 0.209583
2026-03-26 01:22:43.170 | INFO     | ao_compensation_model.training_search:on_epoch_end:150 - Epoch   4 | val_loss: 0.194502
2026-03-26 01:22:57.548 | INFO     | ao_compensation_model.training_search:on_epoch_end:150 - Epoch   5 | val_loss: 0.187276
2026-03-26 01:23:11.868 | INFO     | ao_compensation_model.training_search:on_epoch_end:150 - Epoch   6 | val_loss: 0.194281
2026-03-26 01:23:25.965 | INFO     | ao_compensation_model.training_search:on_epoch_end:150 - Epoch   7 | val_loss: 0.191488
2026-03-26 01:23:25.998 | INFO     | ao_compensation_model.training_search:train:294 - Best model for this run saved as: gru_model.keras (val_loss=0.187276)
2026-03-26 01:23:28.534 | INFO     | ao_compensation_model.training_search:train:311 - TFLite model saved as: gru_model_edge.tflite
2026-03-26 01:23:29.567 | INFO     | ao_compensation_model.training_search:train:241 - --- Testing Config: GRU=16 | BATCH=64 | KERNEL=5 | FILTERS=16 | POOL=3 ---
2026-03-26 01:23:29.694 | INFO     | ao_compensation_model.training_search:train:259 - Model architecture:
Model: "functional"
┏━━━━━━━━━━━━━━━━━━━━━━━━━━━━━━━━━━━━━━┳━━━━━━━━━━━━━━━━━━━━━━━━━━━━━┳━━━━━━━━━━━━━━━━━┓
┃ Layer (type)                         ┃ Output Shape                ┃         Param # ┃
┡━━━━━━━━━━━━━━━━━━━━━━━━━━━━━━━━━━━━━━╇━━━━━━━━━━━━━━━━━━━━━━━━━━━━━╇━━━━━━━━━━━━━━━━━┩
│ input_layer (InputLayer)             │ (None, 200, 2)              │               0 │
├──────────────────────────────────────┼─────────────────────────────┼─────────────────┤
│ conv1d (Conv1D)                      │ (None, 200, 16)             │             176 │
├──────────────────────────────────────┼─────────────────────────────┼─────────────────┤
│ batch_normalization                  │ (None, 200, 16)             │              64 │
│ (BatchNormalization)                 │                             │                 │
├──────────────────────────────────────┼─────────────────────────────┼─────────────────┤
│ zero_padding1d (ZeroPadding1D)       │ (None, 202, 16)             │               0 │
├──────────────────────────────────────┼─────────────────────────────┼─────────────────┤
│ average_pooling1d (AveragePooling1D) │ (None, 200, 16)             │               0 │
├──────────────────────────────────────┼─────────────────────────────┼─────────────────┤
│ gru (GRU)                            │ (None, 16)                  │           1,632 │
├──────────────────────────────────────┼─────────────────────────────┼─────────────────┤
│ dense (Dense)                        │ (None, 2)                   │              34 │
├──────────────────────────────────────┼─────────────────────────────┼─────────────────┤
│ phase (UnitNormalization)            │ (None, 2)                   │               0 │
└──────────────────────────────────────┴─────────────────────────────┴─────────────────┘
 Total params: 1,906 (7.45 KB)
 Trainable params: 1,874 (7.32 KB)
 Non-trainable params: 32 (128.00 B)


2026-03-26 01:23:29.705 | INFO     | ao_compensation_model.training_search:train:262 - Parameters — trainable: 1874  non-trainable: 32  total: 1906
2026-03-26 01:23:29.798 | INFO     | ao_compensation_model.training_search:on_train_begin:130 - Training started.
2026-03-26 01:23:29.799 | INFO     | ao_compensation_model.training_search:on_train_begin:131 - Hyperparameters:
  WINDOW_SIZE: 200
  STRIDE: 20
  TARGET_LEAD: 0
  GRU_UNITS: 16
  DROPOUT_RATE: 0.2
  FILTERS: 16
  KERNEL_SIZE: 5
  POOL_SIZE: 3
  BATCH_SIZE: 64
  MAX_EPOCHS: 100
  LEARNING_RATE: 0.0005
  TRAINING_DATA_DIR: D:\01_Code\ao_compensation_model\src\ao_compensation_model\dataset\training
  MODEL_DIR: D:\01_Code\ao_compensation_model\src\ao_compensation_model\model
2026-03-26 01:23:48.759 | INFO     | ao_compensation_model.training_search:on_epoch_end:150 - Epoch   1 | val_loss: 0.320402
2026-03-26 01:24:02.680 | INFO     | ao_compensation_model.training_search:on_epoch_end:150 - Epoch   2 | val_loss: 0.214840
2026-03-26 01:24:16.701 | INFO     | ao_compensation_model.training_search:on_epoch_end:150 - Epoch   3 | val_loss: 0.200416
2026-03-26 01:24:30.801 | INFO     | ao_compensation_model.training_search:on_epoch_end:150 - Epoch   4 | val_loss: 0.199790
2026-03-26 01:24:44.948 | INFO     | ao_compensation_model.training_search:on_epoch_end:150 - Epoch   5 | val_loss: 0.193417
2026-03-26 01:24:58.918 | INFO     | ao_compensation_model.training_search:on_epoch_end:150 - Epoch   6 | val_loss: 0.184746
2026-03-26 01:25:12.971 | INFO     | ao_compensation_model.training_search:on_epoch_end:150 - Epoch   7 | val_loss: 0.181063
2026-03-26 01:25:26.948 | INFO     | ao_compensation_model.training_search:on_epoch_end:150 - Epoch   8 | val_loss: 0.179147
2026-03-26 01:25:41.019 | INFO     | ao_compensation_model.training_search:on_epoch_end:150 - Epoch   9 | val_loss: 0.181450
2026-03-26 01:25:54.778 | INFO     | ao_compensation_model.training_search:on_epoch_end:150 - Epoch  10 | val_loss: 0.182546
2026-03-26 01:25:54.806 | INFO     | ao_compensation_model.training_search:train:294 - Best model for this run saved as: gru_model.keras (val_loss=0.179147)
2026-03-26 01:25:57.494 | INFO     | ao_compensation_model.training_search:train:311 - TFLite model saved as: gru_model_edge.tflite
2026-03-26 01:25:58.522 | INFO     | ao_compensation_model.training_search:train:241 - --- Testing Config: GRU=16 | BATCH=64 | KERNEL=10 | FILTERS=4 | POOL=5 ---
2026-03-26 01:25:58.645 | INFO     | ao_compensation_model.training_search:train:259 - Model architecture:
Model: "functional"
┏━━━━━━━━━━━━━━━━━━━━━━━━━━━━━━━━━━━━━━┳━━━━━━━━━━━━━━━━━━━━━━━━━━━━━┳━━━━━━━━━━━━━━━━━┓
┃ Layer (type)                         ┃ Output Shape                ┃         Param # ┃
┡━━━━━━━━━━━━━━━━━━━━━━━━━━━━━━━━━━━━━━╇━━━━━━━━━━━━━━━━━━━━━━━━━━━━━╇━━━━━━━━━━━━━━━━━┩
│ input_layer (InputLayer)             │ (None, 200, 2)              │               0 │
├──────────────────────────────────────┼─────────────────────────────┼─────────────────┤
│ conv1d (Conv1D)                      │ (None, 200, 4)              │              84 │
├──────────────────────────────────────┼─────────────────────────────┼─────────────────┤
│ batch_normalization                  │ (None, 200, 4)              │              16 │
│ (BatchNormalization)                 │                             │                 │
├──────────────────────────────────────┼─────────────────────────────┼─────────────────┤
│ zero_padding1d (ZeroPadding1D)       │ (None, 204, 4)              │               0 │
├──────────────────────────────────────┼─────────────────────────────┼─────────────────┤
│ average_pooling1d (AveragePooling1D) │ (None, 200, 4)              │               0 │
├──────────────────────────────────────┼─────────────────────────────┼─────────────────┤
│ gru (GRU)                            │ (None, 16)                  │           1,056 │
├──────────────────────────────────────┼─────────────────────────────┼─────────────────┤
│ dense (Dense)                        │ (None, 2)                   │              34 │
├──────────────────────────────────────┼─────────────────────────────┼─────────────────┤
│ phase (UnitNormalization)            │ (None, 2)                   │               0 │
└──────────────────────────────────────┴─────────────────────────────┴─────────────────┘
 Total params: 1,190 (4.65 KB)
 Trainable params: 1,182 (4.62 KB)
 Non-trainable params: 8 (32.00 B)


2026-03-26 01:25:58.663 | INFO     | ao_compensation_model.training_search:train:262 - Parameters — trainable: 1182  non-trainable: 8  total: 1190
2026-03-26 01:25:58.732 | INFO     | ao_compensation_model.training_search:on_train_begin:130 - Training started.
2026-03-26 01:25:58.733 | INFO     | ao_compensation_model.training_search:on_train_begin:131 - Hyperparameters:
  WINDOW_SIZE: 200
  STRIDE: 20
  TARGET_LEAD: 0
  GRU_UNITS: 16
  DROPOUT_RATE: 0.2
  FILTERS: 4
  KERNEL_SIZE: 10
  POOL_SIZE: 5
  BATCH_SIZE: 64
  MAX_EPOCHS: 100
  LEARNING_RATE: 0.0005
  TRAINING_DATA_DIR: D:\01_Code\ao_compensation_model\src\ao_compensation_model\dataset\training
  MODEL_DIR: D:\01_Code\ao_compensation_model\src\ao_compensation_model\model
2026-03-26 01:26:17.132 | INFO     | ao_compensation_model.training_search:on_epoch_end:150 - Epoch   1 | val_loss: 0.261688
2026-03-26 01:26:30.510 | INFO     | ao_compensation_model.training_search:on_epoch_end:150 - Epoch   2 | val_loss: 0.212995
2026-03-26 01:26:43.826 | INFO     | ao_compensation_model.training_search:on_epoch_end:150 - Epoch   3 | val_loss: 0.200409
2026-03-26 01:26:57.207 | INFO     | ao_compensation_model.training_search:on_epoch_end:150 - Epoch   4 | val_loss: 0.198365
2026-03-26 01:27:10.655 | INFO     | ao_compensation_model.training_search:on_epoch_end:150 - Epoch   5 | val_loss: 0.207472
2026-03-26 01:27:23.920 | INFO     | ao_compensation_model.training_search:on_epoch_end:150 - Epoch   6 | val_loss: 0.209105
2026-03-26 01:27:23.954 | INFO     | ao_compensation_model.training_search:train:294 - Best model for this run saved as: gru_model.keras (val_loss=0.198365)
2026-03-26 01:27:26.046 | INFO     | ao_compensation_model.training_search:train:311 - TFLite model saved as: gru_model_edge.tflite
2026-03-26 01:27:27.065 | INFO     | ao_compensation_model.training_search:train:241 - --- Testing Config: GRU=16 | BATCH=64 | KERNEL=10 | FILTERS=4 | POOL=3 ---
2026-03-26 01:27:27.168 | INFO     | ao_compensation_model.training_search:train:259 - Model architecture:
Model: "functional"
┏━━━━━━━━━━━━━━━━━━━━━━━━━━━━━━━━━━━━━━┳━━━━━━━━━━━━━━━━━━━━━━━━━━━━━┳━━━━━━━━━━━━━━━━━┓
┃ Layer (type)                         ┃ Output Shape                ┃         Param # ┃
┡━━━━━━━━━━━━━━━━━━━━━━━━━━━━━━━━━━━━━━╇━━━━━━━━━━━━━━━━━━━━━━━━━━━━━╇━━━━━━━━━━━━━━━━━┩
│ input_layer (InputLayer)             │ (None, 200, 2)              │               0 │
├──────────────────────────────────────┼─────────────────────────────┼─────────────────┤
│ conv1d (Conv1D)                      │ (None, 200, 4)              │              84 │
├──────────────────────────────────────┼─────────────────────────────┼─────────────────┤
│ batch_normalization                  │ (None, 200, 4)              │              16 │
│ (BatchNormalization)                 │                             │                 │
├──────────────────────────────────────┼─────────────────────────────┼─────────────────┤
│ zero_padding1d (ZeroPadding1D)       │ (None, 202, 4)              │               0 │
├──────────────────────────────────────┼─────────────────────────────┼─────────────────┤
│ average_pooling1d (AveragePooling1D) │ (None, 200, 4)              │               0 │
├──────────────────────────────────────┼─────────────────────────────┼─────────────────┤
│ gru (GRU)                            │ (None, 16)                  │           1,056 │
├──────────────────────────────────────┼─────────────────────────────┼─────────────────┤
│ dense (Dense)                        │ (None, 2)                   │              34 │
├──────────────────────────────────────┼─────────────────────────────┼─────────────────┤
│ phase (UnitNormalization)            │ (None, 2)                   │               0 │
└──────────────────────────────────────┴─────────────────────────────┴─────────────────┘
 Total params: 1,190 (4.65 KB)
 Trainable params: 1,182 (4.62 KB)
 Non-trainable params: 8 (32.00 B)


2026-03-26 01:27:27.180 | INFO     | ao_compensation_model.training_search:train:262 - Parameters — trainable: 1182  non-trainable: 8  total: 1190
2026-03-26 01:27:27.258 | INFO     | ao_compensation_model.training_search:on_train_begin:130 - Training started.
2026-03-26 01:27:27.259 | INFO     | ao_compensation_model.training_search:on_train_begin:131 - Hyperparameters:
  WINDOW_SIZE: 200
  STRIDE: 20
  TARGET_LEAD: 0
  GRU_UNITS: 16
  DROPOUT_RATE: 0.2
  FILTERS: 4
  KERNEL_SIZE: 10
  POOL_SIZE: 3
  BATCH_SIZE: 64
  MAX_EPOCHS: 100
  LEARNING_RATE: 0.0005
  TRAINING_DATA_DIR: D:\01_Code\ao_compensation_model\src\ao_compensation_model\dataset\training
  MODEL_DIR: D:\01_Code\ao_compensation_model\src\ao_compensation_model\model
2026-03-26 01:27:46.747 | INFO     | ao_compensation_model.training_search:on_epoch_end:150 - Epoch   1 | val_loss: 0.299080
2026-03-26 01:28:00.678 | INFO     | ao_compensation_model.training_search:on_epoch_end:150 - Epoch   2 | val_loss: 0.221066
2026-03-26 01:28:14.339 | INFO     | ao_compensation_model.training_search:on_epoch_end:150 - Epoch   3 | val_loss: 0.204842
2026-03-26 01:28:28.176 | INFO     | ao_compensation_model.training_search:on_epoch_end:150 - Epoch   4 | val_loss: 0.199055
2026-03-26 01:28:41.944 | INFO     | ao_compensation_model.training_search:on_epoch_end:150 - Epoch   5 | val_loss: 0.214723
2026-03-26 01:28:55.722 | INFO     | ao_compensation_model.training_search:on_epoch_end:150 - Epoch   6 | val_loss: 0.212227
2026-03-26 01:28:55.753 | INFO     | ao_compensation_model.training_search:train:294 - Best model for this run saved as: gru_model.keras (val_loss=0.199055)
2026-03-26 01:28:57.934 | INFO     | ao_compensation_model.training_search:train:311 - TFLite model saved as: gru_model_edge.tflite
2026-03-26 01:28:58.965 | INFO     | ao_compensation_model.training_search:train:241 - --- Testing Config: GRU=16 | BATCH=64 | KERNEL=10 | FILTERS=8 | POOL=5 ---
2026-03-26 01:28:59.084 | INFO     | ao_compensation_model.training_search:train:259 - Model architecture:
Model: "functional"
┏━━━━━━━━━━━━━━━━━━━━━━━━━━━━━━━━━━━━━━┳━━━━━━━━━━━━━━━━━━━━━━━━━━━━━┳━━━━━━━━━━━━━━━━━┓
┃ Layer (type)                         ┃ Output Shape                ┃         Param # ┃
┡━━━━━━━━━━━━━━━━━━━━━━━━━━━━━━━━━━━━━━╇━━━━━━━━━━━━━━━━━━━━━━━━━━━━━╇━━━━━━━━━━━━━━━━━┩
│ input_layer (InputLayer)             │ (None, 200, 2)              │               0 │
├──────────────────────────────────────┼─────────────────────────────┼─────────────────┤
│ conv1d (Conv1D)                      │ (None, 200, 8)              │             168 │
├──────────────────────────────────────┼─────────────────────────────┼─────────────────┤
│ batch_normalization                  │ (None, 200, 8)              │              32 │
│ (BatchNormalization)                 │                             │                 │
├──────────────────────────────────────┼─────────────────────────────┼─────────────────┤
│ zero_padding1d (ZeroPadding1D)       │ (None, 204, 8)              │               0 │
├──────────────────────────────────────┼─────────────────────────────┼─────────────────┤
│ average_pooling1d (AveragePooling1D) │ (None, 200, 8)              │               0 │
├──────────────────────────────────────┼─────────────────────────────┼─────────────────┤
│ gru (GRU)                            │ (None, 16)                  │           1,248 │
├──────────────────────────────────────┼─────────────────────────────┼─────────────────┤
│ dense (Dense)                        │ (None, 2)                   │              34 │
├──────────────────────────────────────┼─────────────────────────────┼─────────────────┤
│ phase (UnitNormalization)            │ (None, 2)                   │               0 │
└──────────────────────────────────────┴─────────────────────────────┴─────────────────┘
 Total params: 1,482 (5.79 KB)
 Trainable params: 1,466 (5.73 KB)
 Non-trainable params: 16 (64.00 B)


2026-03-26 01:28:59.099 | INFO     | ao_compensation_model.training_search:train:262 - Parameters — trainable: 1466  non-trainable: 16  total: 1482
2026-03-26 01:28:59.164 | INFO     | ao_compensation_model.training_search:on_train_begin:130 - Training started.
2026-03-26 01:28:59.165 | INFO     | ao_compensation_model.training_search:on_train_begin:131 - Hyperparameters:
  WINDOW_SIZE: 200
  STRIDE: 20
  TARGET_LEAD: 0
  GRU_UNITS: 16
  DROPOUT_RATE: 0.2
  FILTERS: 8
  KERNEL_SIZE: 10
  POOL_SIZE: 5
  BATCH_SIZE: 64
  MAX_EPOCHS: 100
  LEARNING_RATE: 0.0005
  TRAINING_DATA_DIR: D:\01_Code\ao_compensation_model\src\ao_compensation_model\dataset\training
  MODEL_DIR: D:\01_Code\ao_compensation_model\src\ao_compensation_model\model
2026-03-26 01:29:19.338 | INFO     | ao_compensation_model.training_search:on_epoch_end:150 - Epoch   1 | val_loss: 0.286015
2026-03-26 01:29:33.431 | INFO     | ao_compensation_model.training_search:on_epoch_end:150 - Epoch   2 | val_loss: 0.226099
2026-03-26 01:29:47.389 | INFO     | ao_compensation_model.training_search:on_epoch_end:150 - Epoch   3 | val_loss: 0.208523
2026-03-26 01:30:01.455 | INFO     | ao_compensation_model.training_search:on_epoch_end:150 - Epoch   4 | val_loss: 0.194717
2026-03-26 01:30:15.517 | INFO     | ao_compensation_model.training_search:on_epoch_end:150 - Epoch   5 | val_loss: 0.190764
2026-03-26 01:30:29.551 | INFO     | ao_compensation_model.training_search:on_epoch_end:150 - Epoch   6 | val_loss: 0.192133
2026-03-26 01:30:43.615 | INFO     | ao_compensation_model.training_search:on_epoch_end:150 - Epoch   7 | val_loss: 0.189131
2026-03-26 01:30:57.856 | INFO     | ao_compensation_model.training_search:on_epoch_end:150 - Epoch   8 | val_loss: 0.185601
2026-03-26 01:31:12.157 | INFO     | ao_compensation_model.training_search:on_epoch_end:150 - Epoch   9 | val_loss: 0.187052
2026-03-26 01:31:26.205 | INFO     | ao_compensation_model.training_search:on_epoch_end:150 - Epoch  10 | val_loss: 0.186866
2026-03-26 01:31:26.241 | INFO     | ao_compensation_model.training_search:train:294 - Best model for this run saved as: gru_model.keras (val_loss=0.185601)
2026-03-26 01:31:28.557 | INFO     | ao_compensation_model.training_search:train:311 - TFLite model saved as: gru_model_edge.tflite
2026-03-26 01:31:29.606 | INFO     | ao_compensation_model.training_search:train:241 - --- Testing Config: GRU=16 | BATCH=64 | KERNEL=10 | FILTERS=8 | POOL=3 ---
2026-03-26 01:31:29.708 | INFO     | ao_compensation_model.training_search:train:259 - Model architecture:
Model: "functional"
┏━━━━━━━━━━━━━━━━━━━━━━━━━━━━━━━━━━━━━━┳━━━━━━━━━━━━━━━━━━━━━━━━━━━━━┳━━━━━━━━━━━━━━━━━┓
┃ Layer (type)                         ┃ Output Shape                ┃         Param # ┃
┡━━━━━━━━━━━━━━━━━━━━━━━━━━━━━━━━━━━━━━╇━━━━━━━━━━━━━━━━━━━━━━━━━━━━━╇━━━━━━━━━━━━━━━━━┩
│ input_layer (InputLayer)             │ (None, 200, 2)              │               0 │
├──────────────────────────────────────┼─────────────────────────────┼─────────────────┤
│ conv1d (Conv1D)                      │ (None, 200, 8)              │             168 │
├──────────────────────────────────────┼─────────────────────────────┼─────────────────┤
│ batch_normalization                  │ (None, 200, 8)              │              32 │
│ (BatchNormalization)                 │                             │                 │
├──────────────────────────────────────┼─────────────────────────────┼─────────────────┤
│ zero_padding1d (ZeroPadding1D)       │ (None, 202, 8)              │               0 │
├──────────────────────────────────────┼─────────────────────────────┼─────────────────┤
│ average_pooling1d (AveragePooling1D) │ (None, 200, 8)              │               0 │
├──────────────────────────────────────┼─────────────────────────────┼─────────────────┤
│ gru (GRU)                            │ (None, 16)                  │           1,248 │
├──────────────────────────────────────┼─────────────────────────────┼─────────────────┤
│ dense (Dense)                        │ (None, 2)                   │              34 │
├──────────────────────────────────────┼─────────────────────────────┼─────────────────┤
│ phase (UnitNormalization)            │ (None, 2)                   │               0 │
└──────────────────────────────────────┴─────────────────────────────┴─────────────────┘
 Total params: 1,482 (5.79 KB)
 Trainable params: 1,466 (5.73 KB)
 Non-trainable params: 16 (64.00 B)


2026-03-26 01:31:29.720 | INFO     | ao_compensation_model.training_search:train:262 - Parameters — trainable: 1466  non-trainable: 16  total: 1482
2026-03-26 01:31:29.785 | INFO     | ao_compensation_model.training_search:on_train_begin:130 - Training started.
2026-03-26 01:31:29.785 | INFO     | ao_compensation_model.training_search:on_train_begin:131 - Hyperparameters:
  WINDOW_SIZE: 200
  STRIDE: 20
  TARGET_LEAD: 0
  GRU_UNITS: 16
  DROPOUT_RATE: 0.2
  FILTERS: 8
  KERNEL_SIZE: 10
  POOL_SIZE: 3
  BATCH_SIZE: 64
  MAX_EPOCHS: 100
  LEARNING_RATE: 0.0005
  TRAINING_DATA_DIR: D:\01_Code\ao_compensation_model\src\ao_compensation_model\dataset\training
  MODEL_DIR: D:\01_Code\ao_compensation_model\src\ao_compensation_model\model
2026-03-26 01:31:49.025 | INFO     | ao_compensation_model.training_search:on_epoch_end:150 - Epoch   1 | val_loss: 0.269283
2026-03-26 01:32:03.238 | INFO     | ao_compensation_model.training_search:on_epoch_end:150 - Epoch   2 | val_loss: 0.231974
2026-03-26 01:32:17.176 | INFO     | ao_compensation_model.training_search:on_epoch_end:150 - Epoch   3 | val_loss: 0.212323
2026-03-26 01:32:31.151 | INFO     | ao_compensation_model.training_search:on_epoch_end:150 - Epoch   4 | val_loss: 0.202186
2026-03-26 01:32:45.060 | INFO     | ao_compensation_model.training_search:on_epoch_end:150 - Epoch   5 | val_loss: 0.197484
2026-03-26 01:32:59.075 | INFO     | ao_compensation_model.training_search:on_epoch_end:150 - Epoch   6 | val_loss: 0.196012
2026-03-26 01:33:13.072 | INFO     | ao_compensation_model.training_search:on_epoch_end:150 - Epoch   7 | val_loss: 0.194855
2026-03-26 01:33:27.066 | INFO     | ao_compensation_model.training_search:on_epoch_end:150 - Epoch   8 | val_loss: 0.195696
2026-03-26 01:33:41.015 | INFO     | ao_compensation_model.training_search:on_epoch_end:150 - Epoch   9 | val_loss: 0.192465
2026-03-26 01:33:55.084 | INFO     | ao_compensation_model.training_search:on_epoch_end:150 - Epoch  10 | val_loss: 0.192739
2026-03-26 01:34:08.958 | INFO     | ao_compensation_model.training_search:on_epoch_end:150 - Epoch  11 | val_loss: 0.191678
2026-03-26 01:34:23.074 | INFO     | ao_compensation_model.training_search:on_epoch_end:150 - Epoch  12 | val_loss: 0.193216
2026-03-26 01:34:36.960 | INFO     | ao_compensation_model.training_search:on_epoch_end:150 - Epoch  13 | val_loss: 0.192144
2026-03-26 01:34:37.022 | INFO     | ao_compensation_model.training_search:train:294 - Best model for this run saved as: gru_model.keras (val_loss=0.191678)
2026-03-26 01:34:39.546 | INFO     | ao_compensation_model.training_search:train:311 - TFLite model saved as: gru_model_edge.tflite
2026-03-26 01:34:40.639 | INFO     | ao_compensation_model.training_search:train:241 - --- Testing Config: GRU=16 | BATCH=64 | KERNEL=10 | FILTERS=16 | POOL=5 ---
2026-03-26 01:34:40.751 | INFO     | ao_compensation_model.training_search:train:259 - Model architecture:
Model: "functional"
┏━━━━━━━━━━━━━━━━━━━━━━━━━━━━━━━━━━━━━━┳━━━━━━━━━━━━━━━━━━━━━━━━━━━━━┳━━━━━━━━━━━━━━━━━┓
┃ Layer (type)                         ┃ Output Shape                ┃         Param # ┃
┡━━━━━━━━━━━━━━━━━━━━━━━━━━━━━━━━━━━━━━╇━━━━━━━━━━━━━━━━━━━━━━━━━━━━━╇━━━━━━━━━━━━━━━━━┩
│ input_layer (InputLayer)             │ (None, 200, 2)              │               0 │
├──────────────────────────────────────┼─────────────────────────────┼─────────────────┤
│ conv1d (Conv1D)                      │ (None, 200, 16)             │             336 │
├──────────────────────────────────────┼─────────────────────────────┼─────────────────┤
│ batch_normalization                  │ (None, 200, 16)             │              64 │
│ (BatchNormalization)                 │                             │                 │
├──────────────────────────────────────┼─────────────────────────────┼─────────────────┤
│ zero_padding1d (ZeroPadding1D)       │ (None, 204, 16)             │               0 │
├──────────────────────────────────────┼─────────────────────────────┼─────────────────┤
│ average_pooling1d (AveragePooling1D) │ (None, 200, 16)             │               0 │
├──────────────────────────────────────┼─────────────────────────────┼─────────────────┤
│ gru (GRU)                            │ (None, 16)                  │           1,632 │
├──────────────────────────────────────┼─────────────────────────────┼─────────────────┤
│ dense (Dense)                        │ (None, 2)                   │              34 │
├──────────────────────────────────────┼─────────────────────────────┼─────────────────┤
│ phase (UnitNormalization)            │ (None, 2)                   │               0 │
└──────────────────────────────────────┴─────────────────────────────┴─────────────────┘
 Total params: 2,066 (8.07 KB)
 Trainable params: 2,034 (7.95 KB)
 Non-trainable params: 32 (128.00 B)


2026-03-26 01:34:40.762 | INFO     | ao_compensation_model.training_search:train:262 - Parameters — trainable: 2034  non-trainable: 32  total: 2066
2026-03-26 01:34:40.838 | INFO     | ao_compensation_model.training_search:on_train_begin:130 - Training started.
2026-03-26 01:34:40.839 | INFO     | ao_compensation_model.training_search:on_train_begin:131 - Hyperparameters:
  WINDOW_SIZE: 200
  STRIDE: 20
  TARGET_LEAD: 0
  GRU_UNITS: 16
  DROPOUT_RATE: 0.2
  FILTERS: 16
  KERNEL_SIZE: 10
  POOL_SIZE: 5
  BATCH_SIZE: 64
  MAX_EPOCHS: 100
  LEARNING_RATE: 0.0005
  TRAINING_DATA_DIR: D:\01_Code\ao_compensation_model\src\ao_compensation_model\dataset\training
  MODEL_DIR: D:\01_Code\ao_compensation_model\src\ao_compensation_model\model
2026-03-26 01:34:59.980 | INFO     | ao_compensation_model.training_search:on_epoch_end:150 - Epoch   1 | val_loss: 0.248231
2026-03-26 01:35:14.313 | INFO     | ao_compensation_model.training_search:on_epoch_end:150 - Epoch   2 | val_loss: 0.212508
2026-03-26 01:35:28.859 | INFO     | ao_compensation_model.training_search:on_epoch_end:150 - Epoch   3 | val_loss: 0.200856
2026-03-26 01:35:43.555 | INFO     | ao_compensation_model.training_search:on_epoch_end:150 - Epoch   4 | val_loss: 0.197588
2026-03-26 01:35:58.531 | INFO     | ao_compensation_model.training_search:on_epoch_end:150 - Epoch   5 | val_loss: 0.190299
2026-03-26 01:36:12.927 | INFO     | ao_compensation_model.training_search:on_epoch_end:150 - Epoch   6 | val_loss: 0.197445
2026-03-26 01:36:27.276 | INFO     | ao_compensation_model.training_search:on_epoch_end:150 - Epoch   7 | val_loss: 0.191388
2026-03-26 01:36:27.335 | INFO     | ao_compensation_model.training_search:train:294 - Best model for this run saved as: gru_model.keras (val_loss=0.190299)
2026-03-26 01:36:29.349 | INFO     | ao_compensation_model.training_search:train:311 - TFLite model saved as: gru_model_edge.tflite
2026-03-26 01:36:30.450 | INFO     | ao_compensation_model.training_search:train:241 - --- Testing Config: GRU=16 | BATCH=64 | KERNEL=10 | FILTERS=16 | POOL=3 ---
2026-03-26 01:36:30.598 | INFO     | ao_compensation_model.training_search:train:259 - Model architecture:
Model: "functional"
┏━━━━━━━━━━━━━━━━━━━━━━━━━━━━━━━━━━━━━━┳━━━━━━━━━━━━━━━━━━━━━━━━━━━━━┳━━━━━━━━━━━━━━━━━┓
┃ Layer (type)                         ┃ Output Shape                ┃         Param # ┃
┡━━━━━━━━━━━━━━━━━━━━━━━━━━━━━━━━━━━━━━╇━━━━━━━━━━━━━━━━━━━━━━━━━━━━━╇━━━━━━━━━━━━━━━━━┩
│ input_layer (InputLayer)             │ (None, 200, 2)              │               0 │
├──────────────────────────────────────┼─────────────────────────────┼─────────────────┤
│ conv1d (Conv1D)                      │ (None, 200, 16)             │             336 │
├──────────────────────────────────────┼─────────────────────────────┼─────────────────┤
│ batch_normalization                  │ (None, 200, 16)             │              64 │
│ (BatchNormalization)                 │                             │                 │
├──────────────────────────────────────┼─────────────────────────────┼─────────────────┤
│ zero_padding1d (ZeroPadding1D)       │ (None, 202, 16)             │               0 │
├──────────────────────────────────────┼─────────────────────────────┼─────────────────┤
│ average_pooling1d (AveragePooling1D) │ (None, 200, 16)             │               0 │
├──────────────────────────────────────┼─────────────────────────────┼─────────────────┤
│ gru (GRU)                            │ (None, 16)                  │           1,632 │
├──────────────────────────────────────┼─────────────────────────────┼─────────────────┤
│ dense (Dense)                        │ (None, 2)                   │              34 │
├──────────────────────────────────────┼─────────────────────────────┼─────────────────┤
│ phase (UnitNormalization)            │ (None, 2)                   │               0 │
└──────────────────────────────────────┴─────────────────────────────┴─────────────────┘
 Total params: 2,066 (8.07 KB)
 Trainable params: 2,034 (7.95 KB)
 Non-trainable params: 32 (128.00 B)


2026-03-26 01:36:30.613 | INFO     | ao_compensation_model.training_search:train:262 - Parameters — trainable: 2034  non-trainable: 32  total: 2066
2026-03-26 01:36:30.716 | INFO     | ao_compensation_model.training_search:on_train_begin:130 - Training started.
2026-03-26 01:36:30.716 | INFO     | ao_compensation_model.training_search:on_train_begin:131 - Hyperparameters:
  WINDOW_SIZE: 200
  STRIDE: 20
  TARGET_LEAD: 0
  GRU_UNITS: 16
  DROPOUT_RATE: 0.2
  FILTERS: 16
  KERNEL_SIZE: 10
  POOL_SIZE: 3
  BATCH_SIZE: 64
  MAX_EPOCHS: 100
  LEARNING_RATE: 0.0005
  TRAINING_DATA_DIR: D:\01_Code\ao_compensation_model\src\ao_compensation_model\dataset\training
  MODEL_DIR: D:\01_Code\ao_compensation_model\src\ao_compensation_model\model
2026-03-26 01:36:51.120 | INFO     | ao_compensation_model.training_search:on_epoch_end:150 - Epoch   1 | val_loss: 0.332117
2026-03-26 01:37:05.689 | INFO     | ao_compensation_model.training_search:on_epoch_end:150 - Epoch   2 | val_loss: 0.230660
2026-03-26 01:37:20.422 | INFO     | ao_compensation_model.training_search:on_epoch_end:150 - Epoch   3 | val_loss: 0.201028
2026-03-26 01:37:35.063 | INFO     | ao_compensation_model.training_search:on_epoch_end:150 - Epoch   4 | val_loss: 0.190420
2026-03-26 01:37:49.770 | INFO     | ao_compensation_model.training_search:on_epoch_end:150 - Epoch   5 | val_loss: 0.185561
2026-03-26 01:38:04.520 | INFO     | ao_compensation_model.training_search:on_epoch_end:150 - Epoch   6 | val_loss: 0.185980
2026-03-26 01:38:19.110 | INFO     | ao_compensation_model.training_search:on_epoch_end:150 - Epoch   7 | val_loss: 0.187267
2026-03-26 01:38:19.145 | INFO     | ao_compensation_model.training_search:train:294 - Best model for this run saved as: gru_model.keras (val_loss=0.185561)
2026-03-26 01:38:21.361 | INFO     | ao_compensation_model.training_search:train:311 - TFLite model saved as: gru_model_edge.tflite
2026-03-26 01:38:22.728 | INFO     | ao_compensation_model.training_search:train:241 - --- Testing Config: GRU=16 | BATCH=64 | KERNEL=20 | FILTERS=4 | POOL=5 ---
2026-03-26 01:38:22.952 | INFO     | ao_compensation_model.training_search:train:259 - Model architecture:
Model: "functional"
┏━━━━━━━━━━━━━━━━━━━━━━━━━━━━━━━━━━━━━━┳━━━━━━━━━━━━━━━━━━━━━━━━━━━━━┳━━━━━━━━━━━━━━━━━┓
┃ Layer (type)                         ┃ Output Shape                ┃         Param # ┃
┡━━━━━━━━━━━━━━━━━━━━━━━━━━━━━━━━━━━━━━╇━━━━━━━━━━━━━━━━━━━━━━━━━━━━━╇━━━━━━━━━━━━━━━━━┩
│ input_layer (InputLayer)             │ (None, 200, 2)              │               0 │
├──────────────────────────────────────┼─────────────────────────────┼─────────────────┤
│ conv1d (Conv1D)                      │ (None, 200, 4)              │             164 │
├──────────────────────────────────────┼─────────────────────────────┼─────────────────┤
│ batch_normalization                  │ (None, 200, 4)              │              16 │
│ (BatchNormalization)                 │                             │                 │
├──────────────────────────────────────┼─────────────────────────────┼─────────────────┤
│ zero_padding1d (ZeroPadding1D)       │ (None, 204, 4)              │               0 │
├──────────────────────────────────────┼─────────────────────────────┼─────────────────┤
│ average_pooling1d (AveragePooling1D) │ (None, 200, 4)              │               0 │
├──────────────────────────────────────┼─────────────────────────────┼─────────────────┤
│ gru (GRU)                            │ (None, 16)                  │           1,056 │
├──────────────────────────────────────┼─────────────────────────────┼─────────────────┤
│ dense (Dense)                        │ (None, 2)                   │              34 │
├──────────────────────────────────────┼─────────────────────────────┼─────────────────┤
│ phase (UnitNormalization)            │ (None, 2)                   │               0 │
└──────────────────────────────────────┴─────────────────────────────┴─────────────────┘
 Total params: 1,270 (4.96 KB)
 Trainable params: 1,262 (4.93 KB)
 Non-trainable params: 8 (32.00 B)


2026-03-26 01:38:22.978 | INFO     | ao_compensation_model.training_search:train:262 - Parameters — trainable: 1262  non-trainable: 8  total: 1270
2026-03-26 01:38:23.159 | INFO     | ao_compensation_model.training_search:on_train_begin:130 - Training started.
2026-03-26 01:38:23.167 | INFO     | ao_compensation_model.training_search:on_train_begin:131 - Hyperparameters:
  WINDOW_SIZE: 200
  STRIDE: 20
  TARGET_LEAD: 0
  GRU_UNITS: 16
  DROPOUT_RATE: 0.2
  FILTERS: 4
  KERNEL_SIZE: 20
  POOL_SIZE: 5
  BATCH_SIZE: 64
  MAX_EPOCHS: 100
  LEARNING_RATE: 0.0005
  TRAINING_DATA_DIR: D:\01_Code\ao_compensation_model\src\ao_compensation_model\dataset\training
  MODEL_DIR: D:\01_Code\ao_compensation_model\src\ao_compensation_model\model
2026-03-26 01:38:42.923 | INFO     | ao_compensation_model.training_search:on_epoch_end:150 - Epoch   1 | val_loss: 0.216097
2026-03-26 01:38:57.335 | INFO     | ao_compensation_model.training_search:on_epoch_end:150 - Epoch   2 | val_loss: 0.195534
2026-03-26 01:39:11.655 | INFO     | ao_compensation_model.training_search:on_epoch_end:150 - Epoch   3 | val_loss: 0.196789
2026-03-26 01:39:25.971 | INFO     | ao_compensation_model.training_search:on_epoch_end:150 - Epoch   4 | val_loss: 0.192495
2026-03-26 01:39:40.359 | INFO     | ao_compensation_model.training_search:on_epoch_end:150 - Epoch   5 | val_loss: 0.190557
2026-03-26 01:39:54.456 | INFO     | ao_compensation_model.training_search:on_epoch_end:150 - Epoch   6 | val_loss: 0.194927
2026-03-26 01:40:08.529 | INFO     | ao_compensation_model.training_search:on_epoch_end:150 - Epoch   7 | val_loss: 0.191655
2026-03-26 01:40:15.042 | INFO     | ao_compensation_model.training_search:train:294 - Best model for this run saved as: gru_model.keras (val_loss=0.190557)
2026-03-26 01:40:17.077 | INFO     | ao_compensation_model.training_search:train:311 - TFLite model saved as: gru_model_edge.tflite
2026-03-26 01:40:18.913 | INFO     | ao_compensation_model.training_search:train:241 - --- Testing Config: GRU=16 | BATCH=64 | KERNEL=20 | FILTERS=4 | POOL=3 ---
2026-03-26 01:40:19.039 | INFO     | ao_compensation_model.training_search:train:259 - Model architecture:
Model: "functional"
┏━━━━━━━━━━━━━━━━━━━━━━━━━━━━━━━━━━━━━━┳━━━━━━━━━━━━━━━━━━━━━━━━━━━━━┳━━━━━━━━━━━━━━━━━┓
┃ Layer (type)                         ┃ Output Shape                ┃         Param # ┃
┡━━━━━━━━━━━━━━━━━━━━━━━━━━━━━━━━━━━━━━╇━━━━━━━━━━━━━━━━━━━━━━━━━━━━━╇━━━━━━━━━━━━━━━━━┩
│ input_layer (InputLayer)             │ (None, 200, 2)              │               0 │
├──────────────────────────────────────┼─────────────────────────────┼─────────────────┤
│ conv1d (Conv1D)                      │ (None, 200, 4)              │             164 │
├──────────────────────────────────────┼─────────────────────────────┼─────────────────┤
│ batch_normalization                  │ (None, 200, 4)              │              16 │
│ (BatchNormalization)                 │                             │                 │
├──────────────────────────────────────┼─────────────────────────────┼─────────────────┤
│ zero_padding1d (ZeroPadding1D)       │ (None, 202, 4)              │               0 │
├──────────────────────────────────────┼─────────────────────────────┼─────────────────┤
│ average_pooling1d (AveragePooling1D) │ (None, 200, 4)              │               0 │
├──────────────────────────────────────┼─────────────────────────────┼─────────────────┤
│ gru (GRU)                            │ (None, 16)                  │           1,056 │
├──────────────────────────────────────┼─────────────────────────────┼─────────────────┤
│ dense (Dense)                        │ (None, 2)                   │              34 │
├──────────────────────────────────────┼─────────────────────────────┼─────────────────┤
│ phase (UnitNormalization)            │ (None, 2)                   │               0 │
└──────────────────────────────────────┴─────────────────────────────┴─────────────────┘
 Total params: 1,270 (4.96 KB)
 Trainable params: 1,262 (4.93 KB)
 Non-trainable params: 8 (32.00 B)


2026-03-26 01:40:19.057 | INFO     | ao_compensation_model.training_search:train:262 - Parameters — trainable: 1262  non-trainable: 8  total: 1270
2026-03-26 01:40:19.150 | INFO     | ao_compensation_model.training_search:on_train_begin:130 - Training started.
2026-03-26 01:40:19.151 | INFO     | ao_compensation_model.training_search:on_train_begin:131 - Hyperparameters:
  WINDOW_SIZE: 200
  STRIDE: 20
  TARGET_LEAD: 0
  GRU_UNITS: 16
  DROPOUT_RATE: 0.2
  FILTERS: 4
  KERNEL_SIZE: 20
  POOL_SIZE: 3
  BATCH_SIZE: 64
  MAX_EPOCHS: 100
  LEARNING_RATE: 0.0005
  TRAINING_DATA_DIR: D:\01_Code\ao_compensation_model\src\ao_compensation_model\dataset\training
  MODEL_DIR: D:\01_Code\ao_compensation_model\src\ao_compensation_model\model
2026-03-26 01:40:38.436 | INFO     | ao_compensation_model.training_search:on_epoch_end:150 - Epoch   1 | val_loss: 0.225323
2026-03-26 01:40:52.719 | INFO     | ao_compensation_model.training_search:on_epoch_end:150 - Epoch   2 | val_loss: 0.203483
2026-03-26 01:41:06.876 | INFO     | ao_compensation_model.training_search:on_epoch_end:150 - Epoch   3 | val_loss: 0.194468
2026-03-26 01:41:20.947 | INFO     | ao_compensation_model.training_search:on_epoch_end:150 - Epoch   4 | val_loss: 0.189326
2026-03-26 01:41:34.948 | INFO     | ao_compensation_model.training_search:on_epoch_end:150 - Epoch   5 | val_loss: 0.193009
2026-03-26 01:41:48.851 | INFO     | ao_compensation_model.training_search:on_epoch_end:150 - Epoch   6 | val_loss: 0.187737
2026-03-26 01:42:03.045 | INFO     | ao_compensation_model.training_search:on_epoch_end:150 - Epoch   7 | val_loss: 0.189306
2026-03-26 01:42:17.235 | INFO     | ao_compensation_model.training_search:on_epoch_end:150 - Epoch   8 | val_loss: 0.192977
2026-03-26 01:42:17.282 | INFO     | ao_compensation_model.training_search:train:294 - Best model for this run saved as: gru_model.keras (val_loss=0.187737)
2026-03-26 01:42:19.940 | INFO     | ao_compensation_model.training_search:train:311 - TFLite model saved as: gru_model_edge.tflite
2026-03-26 01:42:21.114 | INFO     | ao_compensation_model.training_search:train:241 - --- Testing Config: GRU=16 | BATCH=64 | KERNEL=20 | FILTERS=8 | POOL=5 ---
2026-03-26 01:42:21.231 | INFO     | ao_compensation_model.training_search:train:259 - Model architecture:
Model: "functional"
┏━━━━━━━━━━━━━━━━━━━━━━━━━━━━━━━━━━━━━━┳━━━━━━━━━━━━━━━━━━━━━━━━━━━━━┳━━━━━━━━━━━━━━━━━┓
┃ Layer (type)                         ┃ Output Shape                ┃         Param # ┃
┡━━━━━━━━━━━━━━━━━━━━━━━━━━━━━━━━━━━━━━╇━━━━━━━━━━━━━━━━━━━━━━━━━━━━━╇━━━━━━━━━━━━━━━━━┩
│ input_layer (InputLayer)             │ (None, 200, 2)              │               0 │
├──────────────────────────────────────┼─────────────────────────────┼─────────────────┤
│ conv1d (Conv1D)                      │ (None, 200, 8)              │             328 │
├──────────────────────────────────────┼─────────────────────────────┼─────────────────┤
│ batch_normalization                  │ (None, 200, 8)              │              32 │
│ (BatchNormalization)                 │                             │                 │
├──────────────────────────────────────┼─────────────────────────────┼─────────────────┤
│ zero_padding1d (ZeroPadding1D)       │ (None, 204, 8)              │               0 │
├──────────────────────────────────────┼─────────────────────────────┼─────────────────┤
│ average_pooling1d (AveragePooling1D) │ (None, 200, 8)              │               0 │
├──────────────────────────────────────┼─────────────────────────────┼─────────────────┤
│ gru (GRU)                            │ (None, 16)                  │           1,248 │
├──────────────────────────────────────┼─────────────────────────────┼─────────────────┤
│ dense (Dense)                        │ (None, 2)                   │              34 │
├──────────────────────────────────────┼─────────────────────────────┼─────────────────┤
│ phase (UnitNormalization)            │ (None, 2)                   │               0 │
└──────────────────────────────────────┴─────────────────────────────┴─────────────────┘
 Total params: 1,642 (6.41 KB)
 Trainable params: 1,626 (6.35 KB)
 Non-trainable params: 16 (64.00 B)


2026-03-26 01:42:21.243 | INFO     | ao_compensation_model.training_search:train:262 - Parameters — trainable: 1626  non-trainable: 16  total: 1642
2026-03-26 01:42:21.309 | INFO     | ao_compensation_model.training_search:on_train_begin:130 - Training started.
2026-03-26 01:42:21.309 | INFO     | ao_compensation_model.training_search:on_train_begin:131 - Hyperparameters:
  WINDOW_SIZE: 200
  STRIDE: 20
  TARGET_LEAD: 0
  GRU_UNITS: 16
  DROPOUT_RATE: 0.2
  FILTERS: 8
  KERNEL_SIZE: 20
  POOL_SIZE: 5
  BATCH_SIZE: 64
  MAX_EPOCHS: 100
  LEARNING_RATE: 0.0005
  TRAINING_DATA_DIR: D:\01_Code\ao_compensation_model\src\ao_compensation_model\dataset\training
  MODEL_DIR: D:\01_Code\ao_compensation_model\src\ao_compensation_model\model
2026-03-26 01:42:40.856 | INFO     | ao_compensation_model.training_search:on_epoch_end:150 - Epoch   1 | val_loss: 0.233305
2026-03-26 01:42:55.507 | INFO     | ao_compensation_model.training_search:on_epoch_end:150 - Epoch   2 | val_loss: 0.204309
2026-03-26 01:43:10.783 | INFO     | ao_compensation_model.training_search:on_epoch_end:150 - Epoch   3 | val_loss: 0.200486
2026-03-26 01:43:25.362 | INFO     | ao_compensation_model.training_search:on_epoch_end:150 - Epoch   4 | val_loss: 0.188309
2026-03-26 01:43:39.847 | INFO     | ao_compensation_model.training_search:on_epoch_end:150 - Epoch   5 | val_loss: 0.188984
2026-03-26 01:43:54.327 | INFO     | ao_compensation_model.training_search:on_epoch_end:150 - Epoch   6 | val_loss: 0.187225
2026-03-26 01:44:08.659 | INFO     | ao_compensation_model.training_search:on_epoch_end:150 - Epoch   7 | val_loss: 0.186860
2026-03-26 01:44:23.083 | INFO     | ao_compensation_model.training_search:on_epoch_end:150 - Epoch   8 | val_loss: 0.187555
2026-03-26 01:44:37.322 | INFO     | ao_compensation_model.training_search:on_epoch_end:150 - Epoch   9 | val_loss: 0.186375
2026-03-26 01:44:51.844 | INFO     | ao_compensation_model.training_search:on_epoch_end:150 - Epoch  10 | val_loss: 0.185386
2026-03-26 01:45:06.313 | INFO     | ao_compensation_model.training_search:on_epoch_end:150 - Epoch  11 | val_loss: 0.185129
2026-03-26 01:45:20.898 | INFO     | ao_compensation_model.training_search:on_epoch_end:150 - Epoch  12 | val_loss: 0.187269
2026-03-26 01:45:35.587 | INFO     | ao_compensation_model.training_search:on_epoch_end:150 - Epoch  13 | val_loss: 0.186459
2026-03-26 01:45:35.617 | INFO     | ao_compensation_model.training_search:train:294 - Best model for this run saved as: gru_model.keras (val_loss=0.185129)
2026-03-26 01:45:37.565 | INFO     | ao_compensation_model.training_search:train:311 - TFLite model saved as: gru_model_edge.tflite
2026-03-26 01:45:39.081 | INFO     | ao_compensation_model.training_search:train:241 - --- Testing Config: GRU=16 | BATCH=64 | KERNEL=20 | FILTERS=8 | POOL=3 ---
2026-03-26 01:45:39.270 | INFO     | ao_compensation_model.training_search:train:259 - Model architecture:
Model: "functional"
┏━━━━━━━━━━━━━━━━━━━━━━━━━━━━━━━━━━━━━━┳━━━━━━━━━━━━━━━━━━━━━━━━━━━━━┳━━━━━━━━━━━━━━━━━┓
┃ Layer (type)                         ┃ Output Shape                ┃         Param # ┃
┡━━━━━━━━━━━━━━━━━━━━━━━━━━━━━━━━━━━━━━╇━━━━━━━━━━━━━━━━━━━━━━━━━━━━━╇━━━━━━━━━━━━━━━━━┩
│ input_layer (InputLayer)             │ (None, 200, 2)              │               0 │
├──────────────────────────────────────┼─────────────────────────────┼─────────────────┤
│ conv1d (Conv1D)                      │ (None, 200, 8)              │             328 │
├──────────────────────────────────────┼─────────────────────────────┼─────────────────┤
│ batch_normalization                  │ (None, 200, 8)              │              32 │
│ (BatchNormalization)                 │                             │                 │
├──────────────────────────────────────┼─────────────────────────────┼─────────────────┤
│ zero_padding1d (ZeroPadding1D)       │ (None, 202, 8)              │               0 │
├──────────────────────────────────────┼─────────────────────────────┼─────────────────┤
│ average_pooling1d (AveragePooling1D) │ (None, 200, 8)              │               0 │
├──────────────────────────────────────┼─────────────────────────────┼─────────────────┤
│ gru (GRU)                            │ (None, 16)                  │           1,248 │
├──────────────────────────────────────┼─────────────────────────────┼─────────────────┤
│ dense (Dense)                        │ (None, 2)                   │              34 │
├──────────────────────────────────────┼─────────────────────────────┼─────────────────┤
│ phase (UnitNormalization)            │ (None, 2)                   │               0 │
└──────────────────────────────────────┴─────────────────────────────┴─────────────────┘
 Total params: 1,642 (6.41 KB)
 Trainable params: 1,626 (6.35 KB)
 Non-trainable params: 16 (64.00 B)


2026-03-26 01:45:39.286 | INFO     | ao_compensation_model.training_search:train:262 - Parameters — trainable: 1626  non-trainable: 16  total: 1642
2026-03-26 01:45:39.356 | INFO     | ao_compensation_model.training_search:on_train_begin:130 - Training started.
2026-03-26 01:45:39.356 | INFO     | ao_compensation_model.training_search:on_train_begin:131 - Hyperparameters:
  WINDOW_SIZE: 200
  STRIDE: 20
  TARGET_LEAD: 0
  GRU_UNITS: 16
  DROPOUT_RATE: 0.2
  FILTERS: 8
  KERNEL_SIZE: 20
  POOL_SIZE: 3
  BATCH_SIZE: 64
  MAX_EPOCHS: 100
  LEARNING_RATE: 0.0005
  TRAINING_DATA_DIR: D:\01_Code\ao_compensation_model\src\ao_compensation_model\dataset\training
  MODEL_DIR: D:\01_Code\ao_compensation_model\src\ao_compensation_model\model
2026-03-26 01:45:59.222 | INFO     | ao_compensation_model.training_search:on_epoch_end:150 - Epoch   1 | val_loss: 0.226094
2026-03-26 01:46:13.751 | INFO     | ao_compensation_model.training_search:on_epoch_end:150 - Epoch   2 | val_loss: 0.212485
2026-03-26 01:46:28.679 | INFO     | ao_compensation_model.training_search:on_epoch_end:150 - Epoch   3 | val_loss: 0.201831
2026-03-26 01:46:43.713 | INFO     | ao_compensation_model.training_search:on_epoch_end:150 - Epoch   4 | val_loss: 0.194405
2026-03-26 01:46:59.184 | INFO     | ao_compensation_model.training_search:on_epoch_end:150 - Epoch   5 | val_loss: 0.191067
2026-03-26 01:47:13.294 | INFO     | ao_compensation_model.training_search:on_epoch_end:150 - Epoch   6 | val_loss: 0.188999
2026-03-26 01:47:26.449 | INFO     | ao_compensation_model.training_search:on_epoch_end:150 - Epoch   7 | val_loss: 0.189871
2026-03-26 01:47:39.582 | INFO     | ao_compensation_model.training_search:on_epoch_end:150 - Epoch   8 | val_loss: 0.188731
2026-03-26 01:47:52.820 | INFO     | ao_compensation_model.training_search:on_epoch_end:150 - Epoch   9 | val_loss: 0.188492
2026-03-26 01:48:05.962 | INFO     | ao_compensation_model.training_search:on_epoch_end:150 - Epoch  10 | val_loss: 0.192134
2026-03-26 01:48:19.035 | INFO     | ao_compensation_model.training_search:on_epoch_end:150 - Epoch  11 | val_loss: 0.190769
2026-03-26 01:48:19.063 | INFO     | ao_compensation_model.training_search:train:294 - Best model for this run saved as: gru_model.keras (val_loss=0.188492)
2026-03-26 01:48:20.819 | INFO     | ao_compensation_model.training_search:train:311 - TFLite model saved as: gru_model_edge.tflite
2026-03-26 01:48:21.946 | INFO     | ao_compensation_model.training_search:train:241 - --- Testing Config: GRU=16 | BATCH=64 | KERNEL=20 | FILTERS=16 | POOL=5 ---
2026-03-26 01:48:22.041 | INFO     | ao_compensation_model.training_search:train:259 - Model architecture:
Model: "functional"
┏━━━━━━━━━━━━━━━━━━━━━━━━━━━━━━━━━━━━━━┳━━━━━━━━━━━━━━━━━━━━━━━━━━━━━┳━━━━━━━━━━━━━━━━━┓
┃ Layer (type)                         ┃ Output Shape                ┃         Param # ┃
┡━━━━━━━━━━━━━━━━━━━━━━━━━━━━━━━━━━━━━━╇━━━━━━━━━━━━━━━━━━━━━━━━━━━━━╇━━━━━━━━━━━━━━━━━┩
│ input_layer (InputLayer)             │ (None, 200, 2)              │               0 │
├──────────────────────────────────────┼─────────────────────────────┼─────────────────┤
│ conv1d (Conv1D)                      │ (None, 200, 16)             │             656 │
├──────────────────────────────────────┼─────────────────────────────┼─────────────────┤
│ batch_normalization                  │ (None, 200, 16)             │              64 │
│ (BatchNormalization)                 │                             │                 │
├──────────────────────────────────────┼─────────────────────────────┼─────────────────┤
│ zero_padding1d (ZeroPadding1D)       │ (None, 204, 16)             │               0 │
├──────────────────────────────────────┼─────────────────────────────┼─────────────────┤
│ average_pooling1d (AveragePooling1D) │ (None, 200, 16)             │               0 │
├──────────────────────────────────────┼─────────────────────────────┼─────────────────┤
│ gru (GRU)                            │ (None, 16)                  │           1,632 │
├──────────────────────────────────────┼─────────────────────────────┼─────────────────┤
│ dense (Dense)                        │ (None, 2)                   │              34 │
├──────────────────────────────────────┼─────────────────────────────┼─────────────────┤
│ phase (UnitNormalization)            │ (None, 2)                   │               0 │
└──────────────────────────────────────┴─────────────────────────────┴─────────────────┘
 Total params: 2,386 (9.32 KB)
 Trainable params: 2,354 (9.20 KB)
 Non-trainable params: 32 (128.00 B)


2026-03-26 01:48:22.052 | INFO     | ao_compensation_model.training_search:train:262 - Parameters — trainable: 2354  non-trainable: 32  total: 2386
2026-03-26 01:48:22.118 | INFO     | ao_compensation_model.training_search:on_train_begin:130 - Training started.
2026-03-26 01:48:22.118 | INFO     | ao_compensation_model.training_search:on_train_begin:131 - Hyperparameters:
  WINDOW_SIZE: 200
  STRIDE: 20
  TARGET_LEAD: 0
  GRU_UNITS: 16
  DROPOUT_RATE: 0.2
  FILTERS: 16
  KERNEL_SIZE: 20
  POOL_SIZE: 5
  BATCH_SIZE: 64
  MAX_EPOCHS: 100
  LEARNING_RATE: 0.0005
  TRAINING_DATA_DIR: D:\01_Code\ao_compensation_model\src\ao_compensation_model\dataset\training
  MODEL_DIR: D:\01_Code\ao_compensation_model\src\ao_compensation_model\model
2026-03-26 01:48:41.446 | INFO     | ao_compensation_model.training_search:on_epoch_end:150 - Epoch   1 | val_loss: 0.243121
2026-03-26 01:48:56.000 | INFO     | ao_compensation_model.training_search:on_epoch_end:150 - Epoch   2 | val_loss: 0.198926
2026-03-26 01:49:10.724 | INFO     | ao_compensation_model.training_search:on_epoch_end:150 - Epoch   3 | val_loss: 0.191726
2026-03-26 01:49:25.473 | INFO     | ao_compensation_model.training_search:on_epoch_end:150 - Epoch   4 | val_loss: 0.186812
2026-03-26 01:49:39.928 | INFO     | ao_compensation_model.training_search:on_epoch_end:150 - Epoch   5 | val_loss: 0.187326
2026-03-26 01:49:54.416 | INFO     | ao_compensation_model.training_search:on_epoch_end:150 - Epoch   6 | val_loss: 0.186200
2026-03-26 01:50:08.967 | INFO     | ao_compensation_model.training_search:on_epoch_end:150 - Epoch   7 | val_loss: 0.184714
2026-03-26 01:50:23.567 | INFO     | ao_compensation_model.training_search:on_epoch_end:150 - Epoch   8 | val_loss: 0.185242
2026-03-26 01:50:38.522 | INFO     | ao_compensation_model.training_search:on_epoch_end:150 - Epoch   9 | val_loss: 0.183449
2026-03-26 01:50:52.566 | INFO     | ao_compensation_model.training_search:on_epoch_end:150 - Epoch  10 | val_loss: 0.183830
2026-03-26 01:51:06.042 | INFO     | ao_compensation_model.training_search:on_epoch_end:150 - Epoch  11 | val_loss: 0.186015
2026-03-26 01:51:06.069 | INFO     | ao_compensation_model.training_search:train:294 - Best model for this run saved as: gru_model.keras (val_loss=0.183449)
2026-03-26 01:51:07.772 | INFO     | ao_compensation_model.training_search:train:311 - TFLite model saved as: gru_model_edge.tflite
2026-03-26 01:51:08.909 | INFO     | ao_compensation_model.training_search:train:241 - --- Testing Config: GRU=16 | BATCH=64 | KERNEL=20 | FILTERS=16 | POOL=3 ---
2026-03-26 01:51:09.007 | INFO     | ao_compensation_model.training_search:train:259 - Model architecture:
Model: "functional"
┏━━━━━━━━━━━━━━━━━━━━━━━━━━━━━━━━━━━━━━┳━━━━━━━━━━━━━━━━━━━━━━━━━━━━━┳━━━━━━━━━━━━━━━━━┓
┃ Layer (type)                         ┃ Output Shape                ┃         Param # ┃
┡━━━━━━━━━━━━━━━━━━━━━━━━━━━━━━━━━━━━━━╇━━━━━━━━━━━━━━━━━━━━━━━━━━━━━╇━━━━━━━━━━━━━━━━━┩
│ input_layer (InputLayer)             │ (None, 200, 2)              │               0 │
├──────────────────────────────────────┼─────────────────────────────┼─────────────────┤
│ conv1d (Conv1D)                      │ (None, 200, 16)             │             656 │
├──────────────────────────────────────┼─────────────────────────────┼─────────────────┤
│ batch_normalization                  │ (None, 200, 16)             │              64 │
│ (BatchNormalization)                 │                             │                 │
├──────────────────────────────────────┼─────────────────────────────┼─────────────────┤
│ zero_padding1d (ZeroPadding1D)       │ (None, 202, 16)             │               0 │
├──────────────────────────────────────┼─────────────────────────────┼─────────────────┤
│ average_pooling1d (AveragePooling1D) │ (None, 200, 16)             │               0 │
├──────────────────────────────────────┼─────────────────────────────┼─────────────────┤
│ gru (GRU)                            │ (None, 16)                  │           1,632 │
├──────────────────────────────────────┼─────────────────────────────┼─────────────────┤
│ dense (Dense)                        │ (None, 2)                   │              34 │
├──────────────────────────────────────┼─────────────────────────────┼─────────────────┤
│ phase (UnitNormalization)            │ (None, 2)                   │               0 │
└──────────────────────────────────────┴─────────────────────────────┴─────────────────┘
 Total params: 2,386 (9.32 KB)
 Trainable params: 2,354 (9.20 KB)
 Non-trainable params: 32 (128.00 B)


2026-03-26 01:51:09.017 | INFO     | ao_compensation_model.training_search:train:262 - Parameters — trainable: 2354  non-trainable: 32  total: 2386
2026-03-26 01:51:09.081 | INFO     | ao_compensation_model.training_search:on_train_begin:130 - Training started.
2026-03-26 01:51:09.082 | INFO     | ao_compensation_model.training_search:on_train_begin:131 - Hyperparameters:
  WINDOW_SIZE: 200
  STRIDE: 20
  TARGET_LEAD: 0
  GRU_UNITS: 16
  DROPOUT_RATE: 0.2
  FILTERS: 16
  KERNEL_SIZE: 20
  POOL_SIZE: 3
  BATCH_SIZE: 64
  MAX_EPOCHS: 100
  LEARNING_RATE: 0.0005
  TRAINING_DATA_DIR: D:\01_Code\ao_compensation_model\src\ao_compensation_model\dataset\training
  MODEL_DIR: D:\01_Code\ao_compensation_model\src\ao_compensation_model\model
2026-03-26 01:51:27.077 | INFO     | ao_compensation_model.training_search:on_epoch_end:150 - Epoch   1 | val_loss: 0.244693
2026-03-26 01:51:41.797 | INFO     | ao_compensation_model.training_search:on_epoch_end:150 - Epoch   2 | val_loss: 0.195757
2026-03-26 01:51:56.640 | INFO     | ao_compensation_model.training_search:on_epoch_end:150 - Epoch   3 | val_loss: 0.195192
2026-03-26 01:52:11.546 | INFO     | ao_compensation_model.training_search:on_epoch_end:150 - Epoch   4 | val_loss: 0.188971
2026-03-26 01:52:26.617 | INFO     | ao_compensation_model.training_search:on_epoch_end:150 - Epoch   5 | val_loss: 0.189979
2026-03-26 01:52:41.380 | INFO     | ao_compensation_model.training_search:on_epoch_end:150 - Epoch   6 | val_loss: 0.184806
2026-03-26 01:52:56.109 | INFO     | ao_compensation_model.training_search:on_epoch_end:150 - Epoch   7 | val_loss: 0.185938
2026-03-26 01:53:11.145 | INFO     | ao_compensation_model.training_search:on_epoch_end:150 - Epoch   8 | val_loss: 0.183691
2026-03-26 01:53:26.103 | INFO     | ao_compensation_model.training_search:on_epoch_end:150 - Epoch   9 | val_loss: 0.182951
2026-03-26 01:53:41.300 | INFO     | ao_compensation_model.training_search:on_epoch_end:150 - Epoch  10 | val_loss: 0.180929
2026-03-26 01:54:02.616 | INFO     | ao_compensation_model.training_search:on_epoch_end:150 - Epoch  11 | val_loss: 0.181586
2026-03-26 01:54:18.405 | INFO     | ao_compensation_model.training_search:on_epoch_end:150 - Epoch  12 | val_loss: 0.182315
2026-03-26 01:54:18.439 | INFO     | ao_compensation_model.training_search:train:294 - Best model for this run saved as: gru_model.keras (val_loss=0.180929)
2026-03-26 01:54:20.772 | INFO     | ao_compensation_model.training_search:train:311 - TFLite model saved as: gru_model_edge.tflite
2026-03-26 01:54:22.036 | INFO     | ao_compensation_model.training_search:train:241 - --- Testing Config: GRU=16 | BATCH=128 | KERNEL=5 | FILTERS=4 | POOL=5 ---
2026-03-26 01:54:22.174 | INFO     | ao_compensation_model.training_search:train:259 - Model architecture:
Model: "functional"
┏━━━━━━━━━━━━━━━━━━━━━━━━━━━━━━━━━━━━━━┳━━━━━━━━━━━━━━━━━━━━━━━━━━━━━┳━━━━━━━━━━━━━━━━━┓
┃ Layer (type)                         ┃ Output Shape                ┃         Param # ┃
┡━━━━━━━━━━━━━━━━━━━━━━━━━━━━━━━━━━━━━━╇━━━━━━━━━━━━━━━━━━━━━━━━━━━━━╇━━━━━━━━━━━━━━━━━┩
│ input_layer (InputLayer)             │ (None, 200, 2)              │               0 │
├──────────────────────────────────────┼─────────────────────────────┼─────────────────┤
│ conv1d (Conv1D)                      │ (None, 200, 4)              │              44 │
├──────────────────────────────────────┼─────────────────────────────┼─────────────────┤
│ batch_normalization                  │ (None, 200, 4)              │              16 │
│ (BatchNormalization)                 │                             │                 │
├──────────────────────────────────────┼─────────────────────────────┼─────────────────┤
│ zero_padding1d (ZeroPadding1D)       │ (None, 204, 4)              │               0 │
├──────────────────────────────────────┼─────────────────────────────┼─────────────────┤
│ average_pooling1d (AveragePooling1D) │ (None, 200, 4)              │               0 │
├──────────────────────────────────────┼─────────────────────────────┼─────────────────┤
│ gru (GRU)                            │ (None, 16)                  │           1,056 │
├──────────────────────────────────────┼─────────────────────────────┼─────────────────┤
│ dense (Dense)                        │ (None, 2)                   │              34 │
├──────────────────────────────────────┼─────────────────────────────┼─────────────────┤
│ phase (UnitNormalization)            │ (None, 2)                   │               0 │
└──────────────────────────────────────┴─────────────────────────────┴─────────────────┘
 Total params: 1,150 (4.49 KB)
 Trainable params: 1,142 (4.46 KB)
 Non-trainable params: 8 (32.00 B)


2026-03-26 01:54:22.192 | INFO     | ao_compensation_model.training_search:train:262 - Parameters — trainable: 1142  non-trainable: 8  total: 1150
2026-03-26 01:54:22.282 | INFO     | ao_compensation_model.training_search:on_train_begin:130 - Training started.
2026-03-26 01:54:22.283 | INFO     | ao_compensation_model.training_search:on_train_begin:131 - Hyperparameters:
  WINDOW_SIZE: 200
  STRIDE: 20
  TARGET_LEAD: 0
  GRU_UNITS: 16
  DROPOUT_RATE: 0.2
  FILTERS: 4
  KERNEL_SIZE: 5
  POOL_SIZE: 5
  BATCH_SIZE: 128
  MAX_EPOCHS: 100
  LEARNING_RATE: 0.0005
  TRAINING_DATA_DIR: D:\01_Code\ao_compensation_model\src\ao_compensation_model\dataset\training
  MODEL_DIR: D:\01_Code\ao_compensation_model\src\ao_compensation_model\model
2026-03-26 01:54:38.234 | INFO     | ao_compensation_model.training_search:on_epoch_end:150 - Epoch   1 | val_loss: 0.401997
2026-03-26 01:54:47.270 | INFO     | ao_compensation_model.training_search:on_epoch_end:150 - Epoch   2 | val_loss: 0.264829
2026-03-26 01:54:56.694 | INFO     | ao_compensation_model.training_search:on_epoch_end:150 - Epoch   3 | val_loss: 0.215798
2026-03-26 01:55:05.083 | INFO     | ao_compensation_model.training_search:on_epoch_end:150 - Epoch   4 | val_loss: 0.203521
2026-03-26 01:55:14.137 | INFO     | ao_compensation_model.training_search:on_epoch_end:150 - Epoch   5 | val_loss: 0.209406
2026-03-26 01:55:22.921 | INFO     | ao_compensation_model.training_search:on_epoch_end:150 - Epoch   6 | val_loss: 0.210733
2026-03-26 01:55:22.959 | INFO     | ao_compensation_model.training_search:train:294 - Best model for this run saved as: gru_model.keras (val_loss=0.203521)
2026-03-26 01:55:25.025 | INFO     | ao_compensation_model.training_search:train:311 - TFLite model saved as: gru_model_edge.tflite
2026-03-26 01:55:26.287 | INFO     | ao_compensation_model.training_search:train:241 - --- Testing Config: GRU=16 | BATCH=128 | KERNEL=5 | FILTERS=4 | POOL=3 ---
2026-03-26 01:55:26.409 | INFO     | ao_compensation_model.training_search:train:259 - Model architecture:
Model: "functional"
┏━━━━━━━━━━━━━━━━━━━━━━━━━━━━━━━━━━━━━━┳━━━━━━━━━━━━━━━━━━━━━━━━━━━━━┳━━━━━━━━━━━━━━━━━┓
┃ Layer (type)                         ┃ Output Shape                ┃         Param # ┃
┡━━━━━━━━━━━━━━━━━━━━━━━━━━━━━━━━━━━━━━╇━━━━━━━━━━━━━━━━━━━━━━━━━━━━━╇━━━━━━━━━━━━━━━━━┩
│ input_layer (InputLayer)             │ (None, 200, 2)              │               0 │
├──────────────────────────────────────┼─────────────────────────────┼─────────────────┤
│ conv1d (Conv1D)                      │ (None, 200, 4)              │              44 │
├──────────────────────────────────────┼─────────────────────────────┼─────────────────┤
│ batch_normalization                  │ (None, 200, 4)              │              16 │
│ (BatchNormalization)                 │                             │                 │
├──────────────────────────────────────┼─────────────────────────────┼─────────────────┤
│ zero_padding1d (ZeroPadding1D)       │ (None, 202, 4)              │               0 │
├──────────────────────────────────────┼─────────────────────────────┼─────────────────┤
│ average_pooling1d (AveragePooling1D) │ (None, 200, 4)              │               0 │
├──────────────────────────────────────┼─────────────────────────────┼─────────────────┤
│ gru (GRU)                            │ (None, 16)                  │           1,056 │
├──────────────────────────────────────┼─────────────────────────────┼─────────────────┤
│ dense (Dense)                        │ (None, 2)                   │              34 │
├──────────────────────────────────────┼─────────────────────────────┼─────────────────┤
│ phase (UnitNormalization)            │ (None, 2)                   │               0 │
└──────────────────────────────────────┴─────────────────────────────┴─────────────────┘
 Total params: 1,150 (4.49 KB)
 Trainable params: 1,142 (4.46 KB)
 Non-trainable params: 8 (32.00 B)


2026-03-26 01:55:26.427 | INFO     | ao_compensation_model.training_search:train:262 - Parameters — trainable: 1142  non-trainable: 8  total: 1150
2026-03-26 01:55:26.508 | INFO     | ao_compensation_model.training_search:on_train_begin:130 - Training started.
2026-03-26 01:55:26.508 | INFO     | ao_compensation_model.training_search:on_train_begin:131 - Hyperparameters:
  WINDOW_SIZE: 200
  STRIDE: 20
  TARGET_LEAD: 0
  GRU_UNITS: 16
  DROPOUT_RATE: 0.2
  FILTERS: 4
  KERNEL_SIZE: 5
  POOL_SIZE: 3
  BATCH_SIZE: 128
  MAX_EPOCHS: 100
  LEARNING_RATE: 0.0005
  TRAINING_DATA_DIR: D:\01_Code\ao_compensation_model\src\ao_compensation_model\dataset\training
  MODEL_DIR: D:\01_Code\ao_compensation_model\src\ao_compensation_model\model
2026-03-26 01:55:41.127 | INFO     | ao_compensation_model.training_search:on_epoch_end:150 - Epoch   1 | val_loss: 0.330525
2026-03-26 01:55:50.344 | INFO     | ao_compensation_model.training_search:on_epoch_end:150 - Epoch   2 | val_loss: 0.291184
2026-03-26 01:55:59.388 | INFO     | ao_compensation_model.training_search:on_epoch_end:150 - Epoch   3 | val_loss: 0.238482
2026-03-26 01:56:08.208 | INFO     | ao_compensation_model.training_search:on_epoch_end:150 - Epoch   4 | val_loss: 0.228104
2026-03-26 01:56:17.249 | INFO     | ao_compensation_model.training_search:on_epoch_end:150 - Epoch   5 | val_loss: 0.221016
2026-03-26 01:56:26.145 | INFO     | ao_compensation_model.training_search:on_epoch_end:150 - Epoch   6 | val_loss: 0.212770
2026-03-26 01:56:35.298 | INFO     | ao_compensation_model.training_search:on_epoch_end:150 - Epoch   7 | val_loss: 0.205789
2026-03-26 01:56:44.348 | INFO     | ao_compensation_model.training_search:on_epoch_end:150 - Epoch   8 | val_loss: 0.199326
2026-03-26 01:56:53.015 | INFO     | ao_compensation_model.training_search:on_epoch_end:150 - Epoch   9 | val_loss: 0.205214
2026-03-26 01:57:02.020 | INFO     | ao_compensation_model.training_search:on_epoch_end:150 - Epoch  10 | val_loss: 0.207675
2026-03-26 01:57:02.055 | INFO     | ao_compensation_model.training_search:train:294 - Best model for this run saved as: gru_model.keras (val_loss=0.199326)
2026-03-26 01:57:04.125 | INFO     | ao_compensation_model.training_search:train:311 - TFLite model saved as: gru_model_edge.tflite
2026-03-26 01:57:05.431 | INFO     | ao_compensation_model.training_search:train:241 - --- Testing Config: GRU=16 | BATCH=128 | KERNEL=5 | FILTERS=8 | POOL=5 ---
2026-03-26 01:57:05.570 | INFO     | ao_compensation_model.training_search:train:259 - Model architecture:
Model: "functional"
┏━━━━━━━━━━━━━━━━━━━━━━━━━━━━━━━━━━━━━━┳━━━━━━━━━━━━━━━━━━━━━━━━━━━━━┳━━━━━━━━━━━━━━━━━┓
┃ Layer (type)                         ┃ Output Shape                ┃         Param # ┃
┡━━━━━━━━━━━━━━━━━━━━━━━━━━━━━━━━━━━━━━╇━━━━━━━━━━━━━━━━━━━━━━━━━━━━━╇━━━━━━━━━━━━━━━━━┩
│ input_layer (InputLayer)             │ (None, 200, 2)              │               0 │
├──────────────────────────────────────┼─────────────────────────────┼─────────────────┤
│ conv1d (Conv1D)                      │ (None, 200, 8)              │              88 │
├──────────────────────────────────────┼─────────────────────────────┼─────────────────┤
│ batch_normalization                  │ (None, 200, 8)              │              32 │
│ (BatchNormalization)                 │                             │                 │
├──────────────────────────────────────┼─────────────────────────────┼─────────────────┤
│ zero_padding1d (ZeroPadding1D)       │ (None, 204, 8)              │               0 │
├──────────────────────────────────────┼─────────────────────────────┼─────────────────┤
│ average_pooling1d (AveragePooling1D) │ (None, 200, 8)              │               0 │
├──────────────────────────────────────┼─────────────────────────────┼─────────────────┤
│ gru (GRU)                            │ (None, 16)                  │           1,248 │
├──────────────────────────────────────┼─────────────────────────────┼─────────────────┤
│ dense (Dense)                        │ (None, 2)                   │              34 │
├──────────────────────────────────────┼─────────────────────────────┼─────────────────┤
│ phase (UnitNormalization)            │ (None, 2)                   │               0 │
└──────────────────────────────────────┴─────────────────────────────┴─────────────────┘
 Total params: 1,402 (5.48 KB)
 Trainable params: 1,386 (5.41 KB)
 Non-trainable params: 16 (64.00 B)


2026-03-26 01:57:05.581 | INFO     | ao_compensation_model.training_search:train:262 - Parameters — trainable: 1386  non-trainable: 16  total: 1402
2026-03-26 01:57:05.651 | INFO     | ao_compensation_model.training_search:on_train_begin:130 - Training started.
2026-03-26 01:57:05.652 | INFO     | ao_compensation_model.training_search:on_train_begin:131 - Hyperparameters:
  WINDOW_SIZE: 200
  STRIDE: 20
  TARGET_LEAD: 0
  GRU_UNITS: 16
  DROPOUT_RATE: 0.2
  FILTERS: 8
  KERNEL_SIZE: 5
  POOL_SIZE: 5
  BATCH_SIZE: 128
  MAX_EPOCHS: 100
  LEARNING_RATE: 0.0005
  TRAINING_DATA_DIR: D:\01_Code\ao_compensation_model\src\ao_compensation_model\dataset\training
  MODEL_DIR: D:\01_Code\ao_compensation_model\src\ao_compensation_model\model
2026-03-26 01:57:20.968 | INFO     | ao_compensation_model.training_search:on_epoch_end:150 - Epoch   1 | val_loss: 0.329728
2026-03-26 01:57:29.913 | INFO     | ao_compensation_model.training_search:on_epoch_end:150 - Epoch   2 | val_loss: 0.318439
2026-03-26 01:57:39.364 | INFO     | ao_compensation_model.training_search:on_epoch_end:150 - Epoch   3 | val_loss: 0.293574
2026-03-26 01:57:48.732 | INFO     | ao_compensation_model.training_search:on_epoch_end:150 - Epoch   4 | val_loss: 0.274403
2026-03-26 01:57:57.683 | INFO     | ao_compensation_model.training_search:on_epoch_end:150 - Epoch   5 | val_loss: 0.225113
2026-03-26 01:58:07.145 | INFO     | ao_compensation_model.training_search:on_epoch_end:150 - Epoch   6 | val_loss: 0.194046
2026-03-26 01:58:16.745 | INFO     | ao_compensation_model.training_search:on_epoch_end:150 - Epoch   7 | val_loss: 0.185828
2026-03-26 01:58:25.783 | INFO     | ao_compensation_model.training_search:on_epoch_end:150 - Epoch   8 | val_loss: 0.190705
2026-03-26 01:58:34.926 | INFO     | ao_compensation_model.training_search:on_epoch_end:150 - Epoch   9 | val_loss: 0.189489
2026-03-26 01:58:34.956 | INFO     | ao_compensation_model.training_search:train:294 - Best model for this run saved as: gru_model.keras (val_loss=0.185828)
2026-03-26 01:58:36.918 | INFO     | ao_compensation_model.training_search:train:311 - TFLite model saved as: gru_model_edge.tflite
2026-03-26 01:58:38.201 | INFO     | ao_compensation_model.training_search:train:241 - --- Testing Config: GRU=16 | BATCH=128 | KERNEL=5 | FILTERS=8 | POOL=3 ---
2026-03-26 01:58:38.330 | INFO     | ao_compensation_model.training_search:train:259 - Model architecture:
Model: "functional"
┏━━━━━━━━━━━━━━━━━━━━━━━━━━━━━━━━━━━━━━┳━━━━━━━━━━━━━━━━━━━━━━━━━━━━━┳━━━━━━━━━━━━━━━━━┓
┃ Layer (type)                         ┃ Output Shape                ┃         Param # ┃
┡━━━━━━━━━━━━━━━━━━━━━━━━━━━━━━━━━━━━━━╇━━━━━━━━━━━━━━━━━━━━━━━━━━━━━╇━━━━━━━━━━━━━━━━━┩
│ input_layer (InputLayer)             │ (None, 200, 2)              │               0 │
├──────────────────────────────────────┼─────────────────────────────┼─────────────────┤
│ conv1d (Conv1D)                      │ (None, 200, 8)              │              88 │
├──────────────────────────────────────┼─────────────────────────────┼─────────────────┤
│ batch_normalization                  │ (None, 200, 8)              │              32 │
│ (BatchNormalization)                 │                             │                 │
├──────────────────────────────────────┼─────────────────────────────┼─────────────────┤
│ zero_padding1d (ZeroPadding1D)       │ (None, 202, 8)              │               0 │
├──────────────────────────────────────┼─────────────────────────────┼─────────────────┤
│ average_pooling1d (AveragePooling1D) │ (None, 200, 8)              │               0 │
├──────────────────────────────────────┼─────────────────────────────┼─────────────────┤
│ gru (GRU)                            │ (None, 16)                  │           1,248 │
├──────────────────────────────────────┼─────────────────────────────┼─────────────────┤
│ dense (Dense)                        │ (None, 2)                   │              34 │
├──────────────────────────────────────┼─────────────────────────────┼─────────────────┤
│ phase (UnitNormalization)            │ (None, 2)                   │               0 │
└──────────────────────────────────────┴─────────────────────────────┴─────────────────┘
 Total params: 1,402 (5.48 KB)
 Trainable params: 1,386 (5.41 KB)
 Non-trainable params: 16 (64.00 B)


2026-03-26 01:58:38.347 | INFO     | ao_compensation_model.training_search:train:262 - Parameters — trainable: 1386  non-trainable: 16  total: 1402
2026-03-26 01:58:38.412 | INFO     | ao_compensation_model.training_search:on_train_begin:130 - Training started.
2026-03-26 01:58:38.413 | INFO     | ao_compensation_model.training_search:on_train_begin:131 - Hyperparameters:
  WINDOW_SIZE: 200
  STRIDE: 20
  TARGET_LEAD: 0
  GRU_UNITS: 16
  DROPOUT_RATE: 0.2
  FILTERS: 8
  KERNEL_SIZE: 5
  POOL_SIZE: 3
  BATCH_SIZE: 128
  MAX_EPOCHS: 100
  LEARNING_RATE: 0.0005
  TRAINING_DATA_DIR: D:\01_Code\ao_compensation_model\src\ao_compensation_model\dataset\training
  MODEL_DIR: D:\01_Code\ao_compensation_model\src\ao_compensation_model\model
2026-03-26 01:58:54.030 | INFO     | ao_compensation_model.training_search:on_epoch_end:150 - Epoch   1 | val_loss: 0.358056
2026-03-26 01:59:03.383 | INFO     | ao_compensation_model.training_search:on_epoch_end:150 - Epoch   2 | val_loss: 0.303645
2026-03-26 01:59:12.779 | INFO     | ao_compensation_model.training_search:on_epoch_end:150 - Epoch   3 | val_loss: 0.286704
2026-03-26 01:59:21.810 | INFO     | ao_compensation_model.training_search:on_epoch_end:150 - Epoch   4 | val_loss: 0.247234
2026-03-26 01:59:31.279 | INFO     | ao_compensation_model.training_search:on_epoch_end:150 - Epoch   5 | val_loss: 0.228443
2026-03-26 01:59:40.379 | INFO     | ao_compensation_model.training_search:on_epoch_end:150 - Epoch   6 | val_loss: 0.222856
2026-03-26 01:59:49.654 | INFO     | ao_compensation_model.training_search:on_epoch_end:150 - Epoch   7 | val_loss: 0.215462
2026-03-26 01:59:58.711 | INFO     | ao_compensation_model.training_search:on_epoch_end:150 - Epoch   8 | val_loss: 0.214622
2026-03-26 02:00:08.367 | INFO     | ao_compensation_model.training_search:on_epoch_end:150 - Epoch   9 | val_loss: 0.204650
2026-03-26 02:00:17.819 | INFO     | ao_compensation_model.training_search:on_epoch_end:150 - Epoch  10 | val_loss: 0.203581
2026-03-26 02:00:26.988 | INFO     | ao_compensation_model.training_search:on_epoch_end:150 - Epoch  11 | val_loss: 0.203754
2026-03-26 02:00:36.418 | INFO     | ao_compensation_model.training_search:on_epoch_end:150 - Epoch  12 | val_loss: 0.202227
2026-03-26 02:00:45.849 | INFO     | ao_compensation_model.training_search:on_epoch_end:150 - Epoch  13 | val_loss: 0.202884
2026-03-26 02:00:54.971 | INFO     | ao_compensation_model.training_search:on_epoch_end:150 - Epoch  14 | val_loss: 0.201572
2026-03-26 02:01:04.548 | INFO     | ao_compensation_model.training_search:on_epoch_end:150 - Epoch  15 | val_loss: 0.201493
2026-03-26 02:01:13.947 | INFO     | ao_compensation_model.training_search:on_epoch_end:150 - Epoch  16 | val_loss: 0.200488
2026-03-26 02:01:23.051 | INFO     | ao_compensation_model.training_search:on_epoch_end:150 - Epoch  17 | val_loss: 0.199647
2026-03-26 02:01:32.579 | INFO     | ao_compensation_model.training_search:on_epoch_end:150 - Epoch  18 | val_loss: 0.199003
2026-03-26 02:01:42.029 | INFO     | ao_compensation_model.training_search:on_epoch_end:150 - Epoch  19 | val_loss: 0.199619
2026-03-26 02:01:51.011 | INFO     | ao_compensation_model.training_search:on_epoch_end:150 - Epoch  20 | val_loss: 0.199352
2026-03-26 02:01:51.090 | INFO     | ao_compensation_model.training_search:train:294 - Best model for this run saved as: gru_model.keras (val_loss=0.199003)
2026-03-26 02:01:53.766 | INFO     | ao_compensation_model.training_search:train:311 - TFLite model saved as: gru_model_edge.tflite
2026-03-26 02:01:55.136 | INFO     | ao_compensation_model.training_search:train:241 - --- Testing Config: GRU=16 | BATCH=128 | KERNEL=5 | FILTERS=16 | POOL=5 ---
2026-03-26 02:01:55.246 | INFO     | ao_compensation_model.training_search:train:259 - Model architecture:
Model: "functional"
┏━━━━━━━━━━━━━━━━━━━━━━━━━━━━━━━━━━━━━━┳━━━━━━━━━━━━━━━━━━━━━━━━━━━━━┳━━━━━━━━━━━━━━━━━┓
┃ Layer (type)                         ┃ Output Shape                ┃         Param # ┃
┡━━━━━━━━━━━━━━━━━━━━━━━━━━━━━━━━━━━━━━╇━━━━━━━━━━━━━━━━━━━━━━━━━━━━━╇━━━━━━━━━━━━━━━━━┩
│ input_layer (InputLayer)             │ (None, 200, 2)              │               0 │
├──────────────────────────────────────┼─────────────────────────────┼─────────────────┤
│ conv1d (Conv1D)                      │ (None, 200, 16)             │             176 │
├──────────────────────────────────────┼─────────────────────────────┼─────────────────┤
│ batch_normalization                  │ (None, 200, 16)             │              64 │
│ (BatchNormalization)                 │                             │                 │
├──────────────────────────────────────┼─────────────────────────────┼─────────────────┤
│ zero_padding1d (ZeroPadding1D)       │ (None, 204, 16)             │               0 │
├──────────────────────────────────────┼─────────────────────────────┼─────────────────┤
│ average_pooling1d (AveragePooling1D) │ (None, 200, 16)             │               0 │
├──────────────────────────────────────┼─────────────────────────────┼─────────────────┤
│ gru (GRU)                            │ (None, 16)                  │           1,632 │
├──────────────────────────────────────┼─────────────────────────────┼─────────────────┤
│ dense (Dense)                        │ (None, 2)                   │              34 │
├──────────────────────────────────────┼─────────────────────────────┼─────────────────┤
│ phase (UnitNormalization)            │ (None, 2)                   │               0 │
└──────────────────────────────────────┴─────────────────────────────┴─────────────────┘
 Total params: 1,906 (7.45 KB)
 Trainable params: 1,874 (7.32 KB)
 Non-trainable params: 32 (128.00 B)


2026-03-26 02:01:55.257 | INFO     | ao_compensation_model.training_search:train:262 - Parameters — trainable: 1874  non-trainable: 32  total: 1906
2026-03-26 02:01:55.328 | INFO     | ao_compensation_model.training_search:on_train_begin:130 - Training started.
2026-03-26 02:01:55.328 | INFO     | ao_compensation_model.training_search:on_train_begin:131 - Hyperparameters:
  WINDOW_SIZE: 200
  STRIDE: 20
  TARGET_LEAD: 0
  GRU_UNITS: 16
  DROPOUT_RATE: 0.2
  FILTERS: 16
  KERNEL_SIZE: 5
  POOL_SIZE: 5
  BATCH_SIZE: 128
  MAX_EPOCHS: 100
  LEARNING_RATE: 0.0005
  TRAINING_DATA_DIR: D:\01_Code\ao_compensation_model\src\ao_compensation_model\dataset\training
  MODEL_DIR: D:\01_Code\ao_compensation_model\src\ao_compensation_model\model
2026-03-26 02:02:10.521 | INFO     | ao_compensation_model.training_search:on_epoch_end:150 - Epoch   1 | val_loss: 0.405109
2026-03-26 02:02:20.408 | INFO     | ao_compensation_model.training_search:on_epoch_end:150 - Epoch   2 | val_loss: 0.360828
2026-03-26 02:02:30.317 | INFO     | ao_compensation_model.training_search:on_epoch_end:150 - Epoch   3 | val_loss: 0.307354
2026-03-26 02:02:40.010 | INFO     | ao_compensation_model.training_search:on_epoch_end:150 - Epoch   4 | val_loss: 0.240283
2026-03-26 02:02:49.862 | INFO     | ao_compensation_model.training_search:on_epoch_end:150 - Epoch   5 | val_loss: 0.200317
2026-03-26 02:02:59.777 | INFO     | ao_compensation_model.training_search:on_epoch_end:150 - Epoch   6 | val_loss: 0.194583
2026-03-26 02:03:09.190 | INFO     | ao_compensation_model.training_search:on_epoch_end:150 - Epoch   7 | val_loss: 0.190521
2026-03-26 02:03:18.930 | INFO     | ao_compensation_model.training_search:on_epoch_end:150 - Epoch   8 | val_loss: 0.184766
2026-03-26 02:03:28.607 | INFO     | ao_compensation_model.training_search:on_epoch_end:150 - Epoch   9 | val_loss: 0.189779
2026-03-26 02:03:37.869 | INFO     | ao_compensation_model.training_search:on_epoch_end:150 - Epoch  10 | val_loss: 0.190930
2026-03-26 02:03:37.898 | INFO     | ao_compensation_model.training_search:train:294 - Best model for this run saved as: gru_model.keras (val_loss=0.184766)
2026-03-26 02:03:40.499 | INFO     | ao_compensation_model.training_search:train:311 - TFLite model saved as: gru_model_edge.tflite
2026-03-26 02:03:41.787 | INFO     | ao_compensation_model.training_search:train:241 - --- Testing Config: GRU=16 | BATCH=128 | KERNEL=5 | FILTERS=16 | POOL=3 ---
2026-03-26 02:03:41.928 | INFO     | ao_compensation_model.training_search:train:259 - Model architecture:
Model: "functional"
┏━━━━━━━━━━━━━━━━━━━━━━━━━━━━━━━━━━━━━━┳━━━━━━━━━━━━━━━━━━━━━━━━━━━━━┳━━━━━━━━━━━━━━━━━┓
┃ Layer (type)                         ┃ Output Shape                ┃         Param # ┃
┡━━━━━━━━━━━━━━━━━━━━━━━━━━━━━━━━━━━━━━╇━━━━━━━━━━━━━━━━━━━━━━━━━━━━━╇━━━━━━━━━━━━━━━━━┩
│ input_layer (InputLayer)             │ (None, 200, 2)              │               0 │
├──────────────────────────────────────┼─────────────────────────────┼─────────────────┤
│ conv1d (Conv1D)                      │ (None, 200, 16)             │             176 │
├──────────────────────────────────────┼─────────────────────────────┼─────────────────┤
│ batch_normalization                  │ (None, 200, 16)             │              64 │
│ (BatchNormalization)                 │                             │                 │
├──────────────────────────────────────┼─────────────────────────────┼─────────────────┤
│ zero_padding1d (ZeroPadding1D)       │ (None, 202, 16)             │               0 │
├──────────────────────────────────────┼─────────────────────────────┼─────────────────┤
│ average_pooling1d (AveragePooling1D) │ (None, 200, 16)             │               0 │
├──────────────────────────────────────┼─────────────────────────────┼─────────────────┤
│ gru (GRU)                            │ (None, 16)                  │           1,632 │
├──────────────────────────────────────┼─────────────────────────────┼─────────────────┤
│ dense (Dense)                        │ (None, 2)                   │              34 │
├──────────────────────────────────────┼─────────────────────────────┼─────────────────┤
│ phase (UnitNormalization)            │ (None, 2)                   │               0 │
└──────────────────────────────────────┴─────────────────────────────┴─────────────────┘
 Total params: 1,906 (7.45 KB)
 Trainable params: 1,874 (7.32 KB)
 Non-trainable params: 32 (128.00 B)


2026-03-26 02:03:41.944 | INFO     | ao_compensation_model.training_search:train:262 - Parameters — trainable: 1874  non-trainable: 32  total: 1906
2026-03-26 02:03:42.033 | INFO     | ao_compensation_model.training_search:on_train_begin:130 - Training started.
2026-03-26 02:03:42.033 | INFO     | ao_compensation_model.training_search:on_train_begin:131 - Hyperparameters:
  WINDOW_SIZE: 200
  STRIDE: 20
  TARGET_LEAD: 0
  GRU_UNITS: 16
  DROPOUT_RATE: 0.2
  FILTERS: 16
  KERNEL_SIZE: 5
  POOL_SIZE: 3
  BATCH_SIZE: 128
  MAX_EPOCHS: 100
  LEARNING_RATE: 0.0005
  TRAINING_DATA_DIR: D:\01_Code\ao_compensation_model\src\ao_compensation_model\dataset\training
  MODEL_DIR: D:\01_Code\ao_compensation_model\src\ao_compensation_model\model
2026-03-26 02:03:57.453 | INFO     | ao_compensation_model.training_search:on_epoch_end:150 - Epoch   1 | val_loss: 0.347712
2026-03-26 02:04:07.253 | INFO     | ao_compensation_model.training_search:on_epoch_end:150 - Epoch   2 | val_loss: 0.277520
2026-03-26 02:04:16.827 | INFO     | ao_compensation_model.training_search:on_epoch_end:150 - Epoch   3 | val_loss: 0.243834
2026-03-26 02:04:26.763 | INFO     | ao_compensation_model.training_search:on_epoch_end:150 - Epoch   4 | val_loss: 0.212378
2026-03-26 02:04:36.850 | INFO     | ao_compensation_model.training_search:on_epoch_end:150 - Epoch   5 | val_loss: 0.199196
2026-03-26 02:04:46.652 | INFO     | ao_compensation_model.training_search:on_epoch_end:150 - Epoch   6 | val_loss: 0.193981
2026-03-26 02:04:56.312 | INFO     | ao_compensation_model.training_search:on_epoch_end:150 - Epoch   7 | val_loss: 0.192826
2026-03-26 02:05:06.008 | INFO     | ao_compensation_model.training_search:on_epoch_end:150 - Epoch   8 | val_loss: 0.194372
2026-03-26 02:05:15.988 | INFO     | ao_compensation_model.training_search:on_epoch_end:150 - Epoch   9 | val_loss: 0.192637
2026-03-26 02:05:25.442 | INFO     | ao_compensation_model.training_search:on_epoch_end:150 - Epoch  10 | val_loss: 0.193310
2026-03-26 02:05:35.301 | INFO     | ao_compensation_model.training_search:on_epoch_end:150 - Epoch  11 | val_loss: 0.192993
2026-03-26 02:05:35.335 | INFO     | ao_compensation_model.training_search:train:294 - Best model for this run saved as: gru_model.keras (val_loss=0.192637)
2026-03-26 02:05:37.288 | INFO     | ao_compensation_model.training_search:train:311 - TFLite model saved as: gru_model_edge.tflite
2026-03-26 02:05:38.592 | INFO     | ao_compensation_model.training_search:train:241 - --- Testing Config: GRU=16 | BATCH=128 | KERNEL=10 | FILTERS=4 | POOL=5 ---
2026-03-26 02:05:38.698 | INFO     | ao_compensation_model.training_search:train:259 - Model architecture:
Model: "functional"
┏━━━━━━━━━━━━━━━━━━━━━━━━━━━━━━━━━━━━━━┳━━━━━━━━━━━━━━━━━━━━━━━━━━━━━┳━━━━━━━━━━━━━━━━━┓
┃ Layer (type)                         ┃ Output Shape                ┃         Param # ┃
┡━━━━━━━━━━━━━━━━━━━━━━━━━━━━━━━━━━━━━━╇━━━━━━━━━━━━━━━━━━━━━━━━━━━━━╇━━━━━━━━━━━━━━━━━┩
│ input_layer (InputLayer)             │ (None, 200, 2)              │               0 │
├──────────────────────────────────────┼─────────────────────────────┼─────────────────┤
│ conv1d (Conv1D)                      │ (None, 200, 4)              │              84 │
├──────────────────────────────────────┼─────────────────────────────┼─────────────────┤
│ batch_normalization                  │ (None, 200, 4)              │              16 │
│ (BatchNormalization)                 │                             │                 │
├──────────────────────────────────────┼─────────────────────────────┼─────────────────┤
│ zero_padding1d (ZeroPadding1D)       │ (None, 204, 4)              │               0 │
├──────────────────────────────────────┼─────────────────────────────┼─────────────────┤
│ average_pooling1d (AveragePooling1D) │ (None, 200, 4)              │               0 │
├──────────────────────────────────────┼─────────────────────────────┼─────────────────┤
│ gru (GRU)                            │ (None, 16)                  │           1,056 │
├──────────────────────────────────────┼─────────────────────────────┼─────────────────┤
│ dense (Dense)                        │ (None, 2)                   │              34 │
├──────────────────────────────────────┼─────────────────────────────┼─────────────────┤
│ phase (UnitNormalization)            │ (None, 2)                   │               0 │
└──────────────────────────────────────┴─────────────────────────────┴─────────────────┘
 Total params: 1,190 (4.65 KB)
 Trainable params: 1,182 (4.62 KB)
 Non-trainable params: 8 (32.00 B)


2026-03-26 02:05:38.714 | INFO     | ao_compensation_model.training_search:train:262 - Parameters — trainable: 1182  non-trainable: 8  total: 1190
2026-03-26 02:05:38.794 | INFO     | ao_compensation_model.training_search:on_train_begin:130 - Training started.
2026-03-26 02:05:38.796 | INFO     | ao_compensation_model.training_search:on_train_begin:131 - Hyperparameters:
  WINDOW_SIZE: 200
  STRIDE: 20
  TARGET_LEAD: 0
  GRU_UNITS: 16
  DROPOUT_RATE: 0.2
  FILTERS: 4
  KERNEL_SIZE: 10
  POOL_SIZE: 5
  BATCH_SIZE: 128
  MAX_EPOCHS: 100
  LEARNING_RATE: 0.0005
  TRAINING_DATA_DIR: D:\01_Code\ao_compensation_model\src\ao_compensation_model\dataset\training
  MODEL_DIR: D:\01_Code\ao_compensation_model\src\ao_compensation_model\model
2026-03-26 02:05:53.652 | INFO     | ao_compensation_model.training_search:on_epoch_end:150 - Epoch   1 | val_loss: 0.350180
2026-03-26 02:06:02.602 | INFO     | ao_compensation_model.training_search:on_epoch_end:150 - Epoch   2 | val_loss: 0.302534
2026-03-26 02:06:11.822 | INFO     | ao_compensation_model.training_search:on_epoch_end:150 - Epoch   3 | val_loss: 0.256072
2026-03-26 02:06:21.091 | INFO     | ao_compensation_model.training_search:on_epoch_end:150 - Epoch   4 | val_loss: 0.218645
2026-03-26 02:06:30.126 | INFO     | ao_compensation_model.training_search:on_epoch_end:150 - Epoch   5 | val_loss: 0.202962
2026-03-26 02:06:39.408 | INFO     | ao_compensation_model.training_search:on_epoch_end:150 - Epoch   6 | val_loss: 0.200996
2026-03-26 02:06:48.813 | INFO     | ao_compensation_model.training_search:on_epoch_end:150 - Epoch   7 | val_loss: 0.198450
2026-03-26 02:06:57.770 | INFO     | ao_compensation_model.training_search:on_epoch_end:150 - Epoch   8 | val_loss: 0.194552
2026-03-26 02:07:06.932 | INFO     | ao_compensation_model.training_search:on_epoch_end:150 - Epoch   9 | val_loss: 0.200416
2026-03-26 02:07:16.085 | INFO     | ao_compensation_model.training_search:on_epoch_end:150 - Epoch  10 | val_loss: 0.202895
2026-03-26 02:07:16.117 | INFO     | ao_compensation_model.training_search:train:294 - Best model for this run saved as: gru_model.keras (val_loss=0.194552)
2026-03-26 02:07:18.222 | INFO     | ao_compensation_model.training_search:train:311 - TFLite model saved as: gru_model_edge.tflite
2026-03-26 02:07:19.675 | INFO     | ao_compensation_model.training_search:train:241 - --- Testing Config: GRU=16 | BATCH=128 | KERNEL=10 | FILTERS=4 | POOL=3 ---
2026-03-26 02:07:19.784 | INFO     | ao_compensation_model.training_search:train:259 - Model architecture:
Model: "functional"
┏━━━━━━━━━━━━━━━━━━━━━━━━━━━━━━━━━━━━━━┳━━━━━━━━━━━━━━━━━━━━━━━━━━━━━┳━━━━━━━━━━━━━━━━━┓
┃ Layer (type)                         ┃ Output Shape                ┃         Param # ┃
┡━━━━━━━━━━━━━━━━━━━━━━━━━━━━━━━━━━━━━━╇━━━━━━━━━━━━━━━━━━━━━━━━━━━━━╇━━━━━━━━━━━━━━━━━┩
│ input_layer (InputLayer)             │ (None, 200, 2)              │               0 │
├──────────────────────────────────────┼─────────────────────────────┼─────────────────┤
│ conv1d (Conv1D)                      │ (None, 200, 4)              │              84 │
├──────────────────────────────────────┼─────────────────────────────┼─────────────────┤
│ batch_normalization                  │ (None, 200, 4)              │              16 │
│ (BatchNormalization)                 │                             │                 │
├──────────────────────────────────────┼─────────────────────────────┼─────────────────┤
│ zero_padding1d (ZeroPadding1D)       │ (None, 202, 4)              │               0 │
├──────────────────────────────────────┼─────────────────────────────┼─────────────────┤
│ average_pooling1d (AveragePooling1D) │ (None, 200, 4)              │               0 │
├──────────────────────────────────────┼─────────────────────────────┼─────────────────┤
│ gru (GRU)                            │ (None, 16)                  │           1,056 │
├──────────────────────────────────────┼─────────────────────────────┼─────────────────┤
│ dense (Dense)                        │ (None, 2)                   │              34 │
├──────────────────────────────────────┼─────────────────────────────┼─────────────────┤
│ phase (UnitNormalization)            │ (None, 2)                   │               0 │
└──────────────────────────────────────┴─────────────────────────────┴─────────────────┘
 Total params: 1,190 (4.65 KB)
 Trainable params: 1,182 (4.62 KB)
 Non-trainable params: 8 (32.00 B)


2026-03-26 02:07:19.803 | INFO     | ao_compensation_model.training_search:train:262 - Parameters — trainable: 1182  non-trainable: 8  total: 1190
2026-03-26 02:07:19.877 | INFO     | ao_compensation_model.training_search:on_train_begin:130 - Training started.
2026-03-26 02:07:19.878 | INFO     | ao_compensation_model.training_search:on_train_begin:131 - Hyperparameters:
  WINDOW_SIZE: 200
  STRIDE: 20
  TARGET_LEAD: 0
  GRU_UNITS: 16
  DROPOUT_RATE: 0.2
  FILTERS: 4
  KERNEL_SIZE: 10
  POOL_SIZE: 3
  BATCH_SIZE: 128
  MAX_EPOCHS: 100
  LEARNING_RATE: 0.0005
  TRAINING_DATA_DIR: D:\01_Code\ao_compensation_model\src\ao_compensation_model\dataset\training
  MODEL_DIR: D:\01_Code\ao_compensation_model\src\ao_compensation_model\model
2026-03-26 02:07:34.528 | INFO     | ao_compensation_model.training_search:on_epoch_end:150 - Epoch   1 | val_loss: 0.278690
2026-03-26 02:07:43.741 | INFO     | ao_compensation_model.training_search:on_epoch_end:150 - Epoch   2 | val_loss: 0.242687
2026-03-26 02:07:52.790 | INFO     | ao_compensation_model.training_search:on_epoch_end:150 - Epoch   3 | val_loss: 0.227065
2026-03-26 02:08:02.895 | INFO     | ao_compensation_model.training_search:on_epoch_end:150 - Epoch   4 | val_loss: 0.215419
2026-03-26 02:08:12.030 | INFO     | ao_compensation_model.training_search:on_epoch_end:150 - Epoch   5 | val_loss: 0.205211
2026-03-26 02:08:21.140 | INFO     | ao_compensation_model.training_search:on_epoch_end:150 - Epoch   6 | val_loss: 0.207138
2026-03-26 02:08:29.970 | INFO     | ao_compensation_model.training_search:on_epoch_end:150 - Epoch   7 | val_loss: 0.203720
2026-03-26 02:08:39.238 | INFO     | ao_compensation_model.training_search:on_epoch_end:150 - Epoch   8 | val_loss: 0.207492
2026-03-26 02:08:48.420 | INFO     | ao_compensation_model.training_search:on_epoch_end:150 - Epoch   9 | val_loss: 0.203141
2026-03-26 02:08:57.286 | INFO     | ao_compensation_model.training_search:on_epoch_end:150 - Epoch  10 | val_loss: 0.206375
2026-03-26 02:09:06.365 | INFO     | ao_compensation_model.training_search:on_epoch_end:150 - Epoch  11 | val_loss: 0.205319
2026-03-26 02:09:06.399 | INFO     | ao_compensation_model.training_search:train:294 - Best model for this run saved as: gru_model.keras (val_loss=0.203141)
2026-03-26 02:09:08.454 | INFO     | ao_compensation_model.training_search:train:311 - TFLite model saved as: gru_model_edge.tflite
2026-03-26 02:09:09.796 | INFO     | ao_compensation_model.training_search:train:241 - --- Testing Config: GRU=16 | BATCH=128 | KERNEL=10 | FILTERS=8 | POOL=5 ---
2026-03-26 02:09:09.906 | INFO     | ao_compensation_model.training_search:train:259 - Model architecture:
Model: "functional"
┏━━━━━━━━━━━━━━━━━━━━━━━━━━━━━━━━━━━━━━┳━━━━━━━━━━━━━━━━━━━━━━━━━━━━━┳━━━━━━━━━━━━━━━━━┓
┃ Layer (type)                         ┃ Output Shape                ┃         Param # ┃
┡━━━━━━━━━━━━━━━━━━━━━━━━━━━━━━━━━━━━━━╇━━━━━━━━━━━━━━━━━━━━━━━━━━━━━╇━━━━━━━━━━━━━━━━━┩
│ input_layer (InputLayer)             │ (None, 200, 2)              │               0 │
├──────────────────────────────────────┼─────────────────────────────┼─────────────────┤
│ conv1d (Conv1D)                      │ (None, 200, 8)              │             168 │
├──────────────────────────────────────┼─────────────────────────────┼─────────────────┤
│ batch_normalization                  │ (None, 200, 8)              │              32 │
│ (BatchNormalization)                 │                             │                 │
├──────────────────────────────────────┼─────────────────────────────┼─────────────────┤
│ zero_padding1d (ZeroPadding1D)       │ (None, 204, 8)              │               0 │
├──────────────────────────────────────┼─────────────────────────────┼─────────────────┤
│ average_pooling1d (AveragePooling1D) │ (None, 200, 8)              │               0 │
├──────────────────────────────────────┼─────────────────────────────┼─────────────────┤
│ gru (GRU)                            │ (None, 16)                  │           1,248 │
├──────────────────────────────────────┼─────────────────────────────┼─────────────────┤
│ dense (Dense)                        │ (None, 2)                   │              34 │
├──────────────────────────────────────┼─────────────────────────────┼─────────────────┤
│ phase (UnitNormalization)            │ (None, 2)                   │               0 │
└──────────────────────────────────────┴─────────────────────────────┴─────────────────┘
 Total params: 1,482 (5.79 KB)
 Trainable params: 1,466 (5.73 KB)
 Non-trainable params: 16 (64.00 B)


2026-03-26 02:09:09.924 | INFO     | ao_compensation_model.training_search:train:262 - Parameters — trainable: 1466  non-trainable: 16  total: 1482
2026-03-26 02:09:09.993 | INFO     | ao_compensation_model.training_search:on_train_begin:130 - Training started.
2026-03-26 02:09:09.994 | INFO     | ao_compensation_model.training_search:on_train_begin:131 - Hyperparameters:
  WINDOW_SIZE: 200
  STRIDE: 20
  TARGET_LEAD: 0
  GRU_UNITS: 16
  DROPOUT_RATE: 0.2
  FILTERS: 8
  KERNEL_SIZE: 10
  POOL_SIZE: 5
  BATCH_SIZE: 128
  MAX_EPOCHS: 100
  LEARNING_RATE: 0.0005
  TRAINING_DATA_DIR: D:\01_Code\ao_compensation_model\src\ao_compensation_model\dataset\training
  MODEL_DIR: D:\01_Code\ao_compensation_model\src\ao_compensation_model\model
2026-03-26 02:09:25.452 | INFO     | ao_compensation_model.training_search:on_epoch_end:150 - Epoch   1 | val_loss: 0.526066
2026-03-26 02:09:34.884 | INFO     | ao_compensation_model.training_search:on_epoch_end:150 - Epoch   2 | val_loss: 0.274059
2026-03-26 02:09:44.367 | INFO     | ao_compensation_model.training_search:on_epoch_end:150 - Epoch   3 | val_loss: 0.235224
2026-03-26 02:09:53.571 | INFO     | ao_compensation_model.training_search:on_epoch_end:150 - Epoch   4 | val_loss: 0.209836
2026-03-26 02:10:03.207 | INFO     | ao_compensation_model.training_search:on_epoch_end:150 - Epoch   5 | val_loss: 0.192677
2026-03-26 02:10:12.690 | INFO     | ao_compensation_model.training_search:on_epoch_end:150 - Epoch   6 | val_loss: 0.188211
2026-03-26 02:10:22.244 | INFO     | ao_compensation_model.training_search:on_epoch_end:150 - Epoch   7 | val_loss: 0.185302
2026-03-26 02:10:31.411 | INFO     | ao_compensation_model.training_search:on_epoch_end:150 - Epoch   8 | val_loss: 0.188276
2026-03-26 02:10:40.623 | INFO     | ao_compensation_model.training_search:on_epoch_end:150 - Epoch   9 | val_loss: 0.188275
2026-03-26 02:10:40.652 | INFO     | ao_compensation_model.training_search:train:294 - Best model for this run saved as: gru_model.keras (val_loss=0.185302)
2026-03-26 02:10:42.778 | INFO     | ao_compensation_model.training_search:train:311 - TFLite model saved as: gru_model_edge.tflite
2026-03-26 02:10:44.174 | INFO     | ao_compensation_model.training_search:train:241 - --- Testing Config: GRU=16 | BATCH=128 | KERNEL=10 | FILTERS=8 | POOL=3 ---
2026-03-26 02:10:44.314 | INFO     | ao_compensation_model.training_search:train:259 - Model architecture:
Model: "functional"
┏━━━━━━━━━━━━━━━━━━━━━━━━━━━━━━━━━━━━━━┳━━━━━━━━━━━━━━━━━━━━━━━━━━━━━┳━━━━━━━━━━━━━━━━━┓
┃ Layer (type)                         ┃ Output Shape                ┃         Param # ┃
┡━━━━━━━━━━━━━━━━━━━━━━━━━━━━━━━━━━━━━━╇━━━━━━━━━━━━━━━━━━━━━━━━━━━━━╇━━━━━━━━━━━━━━━━━┩
│ input_layer (InputLayer)             │ (None, 200, 2)              │               0 │
├──────────────────────────────────────┼─────────────────────────────┼─────────────────┤
│ conv1d (Conv1D)                      │ (None, 200, 8)              │             168 │
├──────────────────────────────────────┼─────────────────────────────┼─────────────────┤
│ batch_normalization                  │ (None, 200, 8)              │              32 │
│ (BatchNormalization)                 │                             │                 │
├──────────────────────────────────────┼─────────────────────────────┼─────────────────┤
│ zero_padding1d (ZeroPadding1D)       │ (None, 202, 8)              │               0 │
├──────────────────────────────────────┼─────────────────────────────┼─────────────────┤
│ average_pooling1d (AveragePooling1D) │ (None, 200, 8)              │               0 │
├──────────────────────────────────────┼─────────────────────────────┼─────────────────┤
│ gru (GRU)                            │ (None, 16)                  │           1,248 │
├──────────────────────────────────────┼─────────────────────────────┼─────────────────┤
│ dense (Dense)                        │ (None, 2)                   │              34 │
├──────────────────────────────────────┼─────────────────────────────┼─────────────────┤
│ phase (UnitNormalization)            │ (None, 2)                   │               0 │
└──────────────────────────────────────┴─────────────────────────────┴─────────────────┘
 Total params: 1,482 (5.79 KB)
 Trainable params: 1,466 (5.73 KB)
 Non-trainable params: 16 (64.00 B)


2026-03-26 02:10:44.332 | INFO     | ao_compensation_model.training_search:train:262 - Parameters — trainable: 1466  non-trainable: 16  total: 1482
2026-03-26 02:10:44.422 | INFO     | ao_compensation_model.training_search:on_train_begin:130 - Training started.
2026-03-26 02:10:44.423 | INFO     | ao_compensation_model.training_search:on_train_begin:131 - Hyperparameters:
  WINDOW_SIZE: 200
  STRIDE: 20
  TARGET_LEAD: 0
  GRU_UNITS: 16
  DROPOUT_RATE: 0.2
  FILTERS: 8
  KERNEL_SIZE: 10
  POOL_SIZE: 3
  BATCH_SIZE: 128
  MAX_EPOCHS: 100
  LEARNING_RATE: 0.0005
  TRAINING_DATA_DIR: D:\01_Code\ao_compensation_model\src\ao_compensation_model\dataset\training
  MODEL_DIR: D:\01_Code\ao_compensation_model\src\ao_compensation_model\model
2026-03-26 02:10:59.453 | INFO     | ao_compensation_model.training_search:on_epoch_end:150 - Epoch   1 | val_loss: 0.406429
2026-03-26 02:11:09.245 | INFO     | ao_compensation_model.training_search:on_epoch_end:150 - Epoch   2 | val_loss: 0.355426
2026-03-26 02:11:18.691 | INFO     | ao_compensation_model.training_search:on_epoch_end:150 - Epoch   3 | val_loss: 0.274636
2026-03-26 02:11:28.055 | INFO     | ao_compensation_model.training_search:on_epoch_end:150 - Epoch   4 | val_loss: 0.206311
2026-03-26 02:11:37.598 | INFO     | ao_compensation_model.training_search:on_epoch_end:150 - Epoch   5 | val_loss: 0.193108
2026-03-26 02:11:47.020 | INFO     | ao_compensation_model.training_search:on_epoch_end:150 - Epoch   6 | val_loss: 0.191582
2026-03-26 02:11:56.368 | INFO     | ao_compensation_model.training_search:on_epoch_end:150 - Epoch   7 | val_loss: 0.203170
2026-03-26 02:12:05.631 | INFO     | ao_compensation_model.training_search:on_epoch_end:150 - Epoch   8 | val_loss: 0.197305
2026-03-26 02:12:05.660 | INFO     | ao_compensation_model.training_search:train:294 - Best model for this run saved as: gru_model.keras (val_loss=0.191582)
2026-03-26 02:12:07.690 | INFO     | ao_compensation_model.training_search:train:311 - TFLite model saved as: gru_model_edge.tflite
2026-03-26 02:12:09.352 | INFO     | ao_compensation_model.training_search:train:241 - --- Testing Config: GRU=16 | BATCH=128 | KERNEL=10 | FILTERS=16 | POOL=5 ---
2026-03-26 02:12:09.534 | INFO     | ao_compensation_model.training_search:train:259 - Model architecture:
Model: "functional"
┏━━━━━━━━━━━━━━━━━━━━━━━━━━━━━━━━━━━━━━┳━━━━━━━━━━━━━━━━━━━━━━━━━━━━━┳━━━━━━━━━━━━━━━━━┓
┃ Layer (type)                         ┃ Output Shape                ┃         Param # ┃
┡━━━━━━━━━━━━━━━━━━━━━━━━━━━━━━━━━━━━━━╇━━━━━━━━━━━━━━━━━━━━━━━━━━━━━╇━━━━━━━━━━━━━━━━━┩
│ input_layer (InputLayer)             │ (None, 200, 2)              │               0 │
├──────────────────────────────────────┼─────────────────────────────┼─────────────────┤
│ conv1d (Conv1D)                      │ (None, 200, 16)             │             336 │
├──────────────────────────────────────┼─────────────────────────────┼─────────────────┤
│ batch_normalization                  │ (None, 200, 16)             │              64 │
│ (BatchNormalization)                 │                             │                 │
├──────────────────────────────────────┼─────────────────────────────┼─────────────────┤
│ zero_padding1d (ZeroPadding1D)       │ (None, 204, 16)             │               0 │
├──────────────────────────────────────┼─────────────────────────────┼─────────────────┤
│ average_pooling1d (AveragePooling1D) │ (None, 200, 16)             │               0 │
├──────────────────────────────────────┼─────────────────────────────┼─────────────────┤
│ gru (GRU)                            │ (None, 16)                  │           1,632 │
├──────────────────────────────────────┼─────────────────────────────┼─────────────────┤
│ dense (Dense)                        │ (None, 2)                   │              34 │
├──────────────────────────────────────┼─────────────────────────────┼─────────────────┤
│ phase (UnitNormalization)            │ (None, 2)                   │               0 │
└──────────────────────────────────────┴─────────────────────────────┴─────────────────┘
 Total params: 2,066 (8.07 KB)
 Trainable params: 2,034 (7.95 KB)
 Non-trainable params: 32 (128.00 B)


2026-03-26 02:12:09.551 | INFO     | ao_compensation_model.training_search:train:262 - Parameters — trainable: 2034  non-trainable: 32  total: 2066
2026-03-26 02:12:09.672 | INFO     | ao_compensation_model.training_search:on_train_begin:130 - Training started.
2026-03-26 02:12:09.674 | INFO     | ao_compensation_model.training_search:on_train_begin:131 - Hyperparameters:
  WINDOW_SIZE: 200
  STRIDE: 20
  TARGET_LEAD: 0
  GRU_UNITS: 16
  DROPOUT_RATE: 0.2
  FILTERS: 16
  KERNEL_SIZE: 10
  POOL_SIZE: 5
  BATCH_SIZE: 128
  MAX_EPOCHS: 100
  LEARNING_RATE: 0.0005
  TRAINING_DATA_DIR: D:\01_Code\ao_compensation_model\src\ao_compensation_model\dataset\training
  MODEL_DIR: D:\01_Code\ao_compensation_model\src\ao_compensation_model\model
2026-03-26 02:12:25.461 | INFO     | ao_compensation_model.training_search:on_epoch_end:150 - Epoch   1 | val_loss: 0.256088
2026-03-26 02:12:36.013 | INFO     | ao_compensation_model.training_search:on_epoch_end:150 - Epoch   2 | val_loss: 0.239188
2026-03-26 02:12:46.224 | INFO     | ao_compensation_model.training_search:on_epoch_end:150 - Epoch   3 | val_loss: 0.210167
2026-03-26 02:12:56.911 | INFO     | ao_compensation_model.training_search:on_epoch_end:150 - Epoch   4 | val_loss: 0.198373
2026-03-26 02:13:07.385 | INFO     | ao_compensation_model.training_search:on_epoch_end:150 - Epoch   5 | val_loss: 0.186548
2026-03-26 02:13:17.850 | INFO     | ao_compensation_model.training_search:on_epoch_end:150 - Epoch   6 | val_loss: 0.184407
2026-03-26 02:13:37.884 | INFO     | ao_compensation_model.training_search:on_epoch_end:150 - Epoch   7 | val_loss: 0.189789
2026-03-26 02:13:48.218 | INFO     | ao_compensation_model.training_search:on_epoch_end:150 - Epoch   8 | val_loss: 0.188539
2026-03-26 02:13:48.246 | INFO     | ao_compensation_model.training_search:train:294 - Best model for this run saved as: gru_model.keras (val_loss=0.184407)
2026-03-26 02:13:50.215 | INFO     | ao_compensation_model.training_search:train:311 - TFLite model saved as: gru_model_edge.tflite
2026-03-26 02:13:51.705 | INFO     | ao_compensation_model.training_search:train:241 - --- Testing Config: GRU=16 | BATCH=128 | KERNEL=10 | FILTERS=16 | POOL=3 ---
2026-03-26 02:13:51.874 | INFO     | ao_compensation_model.training_search:train:259 - Model architecture:
Model: "functional"
┏━━━━━━━━━━━━━━━━━━━━━━━━━━━━━━━━━━━━━━┳━━━━━━━━━━━━━━━━━━━━━━━━━━━━━┳━━━━━━━━━━━━━━━━━┓
┃ Layer (type)                         ┃ Output Shape                ┃         Param # ┃
┡━━━━━━━━━━━━━━━━━━━━━━━━━━━━━━━━━━━━━━╇━━━━━━━━━━━━━━━━━━━━━━━━━━━━━╇━━━━━━━━━━━━━━━━━┩
│ input_layer (InputLayer)             │ (None, 200, 2)              │               0 │
├──────────────────────────────────────┼─────────────────────────────┼─────────────────┤
│ conv1d (Conv1D)                      │ (None, 200, 16)             │             336 │
├──────────────────────────────────────┼─────────────────────────────┼─────────────────┤
│ batch_normalization                  │ (None, 200, 16)             │              64 │
│ (BatchNormalization)                 │                             │                 │
├──────────────────────────────────────┼─────────────────────────────┼─────────────────┤
│ zero_padding1d (ZeroPadding1D)       │ (None, 202, 16)             │               0 │
├──────────────────────────────────────┼─────────────────────────────┼─────────────────┤
│ average_pooling1d (AveragePooling1D) │ (None, 200, 16)             │               0 │
├──────────────────────────────────────┼─────────────────────────────┼─────────────────┤
│ gru (GRU)                            │ (None, 16)                  │           1,632 │
├──────────────────────────────────────┼─────────────────────────────┼─────────────────┤
│ dense (Dense)                        │ (None, 2)                   │              34 │
├──────────────────────────────────────┼─────────────────────────────┼─────────────────┤
│ phase (UnitNormalization)            │ (None, 2)                   │               0 │
└──────────────────────────────────────┴─────────────────────────────┴─────────────────┘
 Total params: 2,066 (8.07 KB)
 Trainable params: 2,034 (7.95 KB)
 Non-trainable params: 32 (128.00 B)


2026-03-26 02:13:51.894 | INFO     | ao_compensation_model.training_search:train:262 - Parameters — trainable: 2034  non-trainable: 32  total: 2066
2026-03-26 02:13:52.004 | INFO     | ao_compensation_model.training_search:on_train_begin:130 - Training started.
2026-03-26 02:13:52.006 | INFO     | ao_compensation_model.training_search:on_train_begin:131 - Hyperparameters:
  WINDOW_SIZE: 200
  STRIDE: 20
  TARGET_LEAD: 0
  GRU_UNITS: 16
  DROPOUT_RATE: 0.2
  FILTERS: 16
  KERNEL_SIZE: 10
  POOL_SIZE: 3
  BATCH_SIZE: 128
  MAX_EPOCHS: 100
  LEARNING_RATE: 0.0005
  TRAINING_DATA_DIR: D:\01_Code\ao_compensation_model\src\ao_compensation_model\dataset\training
  MODEL_DIR: D:\01_Code\ao_compensation_model\src\ao_compensation_model\model
2026-03-26 02:14:08.006 | INFO     | ao_compensation_model.training_search:on_epoch_end:150 - Epoch   1 | val_loss: 0.352913
2026-03-26 02:14:18.252 | INFO     | ao_compensation_model.training_search:on_epoch_end:150 - Epoch   2 | val_loss: 0.307111
2026-03-26 02:14:28.338 | INFO     | ao_compensation_model.training_search:on_epoch_end:150 - Epoch   3 | val_loss: 0.244564
2026-03-26 02:14:38.861 | INFO     | ao_compensation_model.training_search:on_epoch_end:150 - Epoch   4 | val_loss: 0.211502
2026-03-26 02:14:49.293 | INFO     | ao_compensation_model.training_search:on_epoch_end:150 - Epoch   5 | val_loss: 0.199060
2026-03-26 02:14:59.233 | INFO     | ao_compensation_model.training_search:on_epoch_end:150 - Epoch   6 | val_loss: 0.191231
2026-03-26 02:15:09.556 | INFO     | ao_compensation_model.training_search:on_epoch_end:150 - Epoch   7 | val_loss: 0.184089
2026-03-26 02:15:19.835 | INFO     | ao_compensation_model.training_search:on_epoch_end:150 - Epoch   8 | val_loss: 0.182198
2026-03-26 02:15:30.132 | INFO     | ao_compensation_model.training_search:on_epoch_end:150 - Epoch   9 | val_loss: 0.185672
2026-03-26 02:15:39.890 | INFO     | ao_compensation_model.training_search:on_epoch_end:150 - Epoch  10 | val_loss: 0.183088
2026-03-26 02:15:39.919 | INFO     | ao_compensation_model.training_search:train:294 - Best model for this run saved as: gru_model.keras (val_loss=0.182198)
2026-03-26 02:15:42.723 | INFO     | ao_compensation_model.training_search:train:311 - TFLite model saved as: gru_model_edge.tflite
2026-03-26 02:15:44.179 | INFO     | ao_compensation_model.training_search:train:241 - --- Testing Config: GRU=16 | BATCH=128 | KERNEL=20 | FILTERS=4 | POOL=5 ---
2026-03-26 02:15:44.295 | INFO     | ao_compensation_model.training_search:train:259 - Model architecture:
Model: "functional"
┏━━━━━━━━━━━━━━━━━━━━━━━━━━━━━━━━━━━━━━┳━━━━━━━━━━━━━━━━━━━━━━━━━━━━━┳━━━━━━━━━━━━━━━━━┓
┃ Layer (type)                         ┃ Output Shape                ┃         Param # ┃
┡━━━━━━━━━━━━━━━━━━━━━━━━━━━━━━━━━━━━━━╇━━━━━━━━━━━━━━━━━━━━━━━━━━━━━╇━━━━━━━━━━━━━━━━━┩
│ input_layer (InputLayer)             │ (None, 200, 2)              │               0 │
├──────────────────────────────────────┼─────────────────────────────┼─────────────────┤
│ conv1d (Conv1D)                      │ (None, 200, 4)              │             164 │
├──────────────────────────────────────┼─────────────────────────────┼─────────────────┤
│ batch_normalization                  │ (None, 200, 4)              │              16 │
│ (BatchNormalization)                 │                             │                 │
├──────────────────────────────────────┼─────────────────────────────┼─────────────────┤
│ zero_padding1d (ZeroPadding1D)       │ (None, 204, 4)              │               0 │
├──────────────────────────────────────┼─────────────────────────────┼─────────────────┤
│ average_pooling1d (AveragePooling1D) │ (None, 200, 4)              │               0 │
├──────────────────────────────────────┼─────────────────────────────┼─────────────────┤
│ gru (GRU)                            │ (None, 16)                  │           1,056 │
├──────────────────────────────────────┼─────────────────────────────┼─────────────────┤
│ dense (Dense)                        │ (None, 2)                   │              34 │
├──────────────────────────────────────┼─────────────────────────────┼─────────────────┤
│ phase (UnitNormalization)            │ (None, 2)                   │               0 │
└──────────────────────────────────────┴─────────────────────────────┴─────────────────┘
 Total params: 1,270 (4.96 KB)
 Trainable params: 1,262 (4.93 KB)
 Non-trainable params: 8 (32.00 B)


2026-03-26 02:15:44.309 | INFO     | ao_compensation_model.training_search:train:262 - Parameters — trainable: 1262  non-trainable: 8  total: 1270
2026-03-26 02:15:44.398 | INFO     | ao_compensation_model.training_search:on_train_begin:130 - Training started.
2026-03-26 02:15:44.399 | INFO     | ao_compensation_model.training_search:on_train_begin:131 - Hyperparameters:
  WINDOW_SIZE: 200
  STRIDE: 20
  TARGET_LEAD: 0
  GRU_UNITS: 16
  DROPOUT_RATE: 0.2
  FILTERS: 4
  KERNEL_SIZE: 20
  POOL_SIZE: 5
  BATCH_SIZE: 128
  MAX_EPOCHS: 100
  LEARNING_RATE: 0.0005
  TRAINING_DATA_DIR: D:\01_Code\ao_compensation_model\src\ao_compensation_model\dataset\training
  MODEL_DIR: D:\01_Code\ao_compensation_model\src\ao_compensation_model\model
2026-03-26 02:15:59.518 | INFO     | ao_compensation_model.training_search:on_epoch_end:150 - Epoch   1 | val_loss: 0.273756
2026-03-26 02:16:09.207 | INFO     | ao_compensation_model.training_search:on_epoch_end:150 - Epoch   2 | val_loss: 0.228346
2026-03-26 02:16:18.451 | INFO     | ao_compensation_model.training_search:on_epoch_end:150 - Epoch   3 | val_loss: 0.216971
2026-03-26 02:16:28.130 | INFO     | ao_compensation_model.training_search:on_epoch_end:150 - Epoch   4 | val_loss: 0.202866
2026-03-26 02:16:37.873 | INFO     | ao_compensation_model.training_search:on_epoch_end:150 - Epoch   5 | val_loss: 0.198097
2026-03-26 02:16:47.188 | INFO     | ao_compensation_model.training_search:on_epoch_end:150 - Epoch   6 | val_loss: 0.196534
2026-03-26 02:16:56.942 | INFO     | ao_compensation_model.training_search:on_epoch_end:150 - Epoch   7 | val_loss: 0.192620
2026-03-26 02:17:06.611 | INFO     | ao_compensation_model.training_search:on_epoch_end:150 - Epoch   8 | val_loss: 0.196685
2026-03-26 02:17:15.746 | INFO     | ao_compensation_model.training_search:on_epoch_end:150 - Epoch   9 | val_loss: 0.200831
2026-03-26 02:17:15.781 | INFO     | ao_compensation_model.training_search:train:294 - Best model for this run saved as: gru_model.keras (val_loss=0.192620)
2026-03-26 02:17:18.471 | INFO     | ao_compensation_model.training_search:train:311 - TFLite model saved as: gru_model_edge.tflite
2026-03-26 02:17:20.047 | INFO     | ao_compensation_model.training_search:train:241 - --- Testing Config: GRU=16 | BATCH=128 | KERNEL=20 | FILTERS=4 | POOL=3 ---
2026-03-26 02:17:20.163 | INFO     | ao_compensation_model.training_search:train:259 - Model architecture:
Model: "functional"
┏━━━━━━━━━━━━━━━━━━━━━━━━━━━━━━━━━━━━━━┳━━━━━━━━━━━━━━━━━━━━━━━━━━━━━┳━━━━━━━━━━━━━━━━━┓
┃ Layer (type)                         ┃ Output Shape                ┃         Param # ┃
┡━━━━━━━━━━━━━━━━━━━━━━━━━━━━━━━━━━━━━━╇━━━━━━━━━━━━━━━━━━━━━━━━━━━━━╇━━━━━━━━━━━━━━━━━┩
│ input_layer (InputLayer)             │ (None, 200, 2)              │               0 │
├──────────────────────────────────────┼─────────────────────────────┼─────────────────┤
│ conv1d (Conv1D)                      │ (None, 200, 4)              │             164 │
├──────────────────────────────────────┼─────────────────────────────┼─────────────────┤
│ batch_normalization                  │ (None, 200, 4)              │              16 │
│ (BatchNormalization)                 │                             │                 │
├──────────────────────────────────────┼─────────────────────────────┼─────────────────┤
│ zero_padding1d (ZeroPadding1D)       │ (None, 202, 4)              │               0 │
├──────────────────────────────────────┼─────────────────────────────┼─────────────────┤
│ average_pooling1d (AveragePooling1D) │ (None, 200, 4)              │               0 │
├──────────────────────────────────────┼─────────────────────────────┼─────────────────┤
│ gru (GRU)                            │ (None, 16)                  │           1,056 │
├──────────────────────────────────────┼─────────────────────────────┼─────────────────┤
│ dense (Dense)                        │ (None, 2)                   │              34 │
├──────────────────────────────────────┼─────────────────────────────┼─────────────────┤
│ phase (UnitNormalization)            │ (None, 2)                   │               0 │
└──────────────────────────────────────┴─────────────────────────────┴─────────────────┘
 Total params: 1,270 (4.96 KB)
 Trainable params: 1,262 (4.93 KB)
 Non-trainable params: 8 (32.00 B)


2026-03-26 02:17:20.176 | INFO     | ao_compensation_model.training_search:train:262 - Parameters — trainable: 1262  non-trainable: 8  total: 1270
2026-03-26 02:17:20.266 | INFO     | ao_compensation_model.training_search:on_train_begin:130 - Training started.
2026-03-26 02:17:20.267 | INFO     | ao_compensation_model.training_search:on_train_begin:131 - Hyperparameters:
  WINDOW_SIZE: 200
  STRIDE: 20
  TARGET_LEAD: 0
  GRU_UNITS: 16
  DROPOUT_RATE: 0.2
  FILTERS: 4
  KERNEL_SIZE: 20
  POOL_SIZE: 3
  BATCH_SIZE: 128
  MAX_EPOCHS: 100
  LEARNING_RATE: 0.0005
  TRAINING_DATA_DIR: D:\01_Code\ao_compensation_model\src\ao_compensation_model\dataset\training
  MODEL_DIR: D:\01_Code\ao_compensation_model\src\ao_compensation_model\model
2026-03-26 02:17:35.501 | INFO     | ao_compensation_model.training_search:on_epoch_end:150 - Epoch   1 | val_loss: 0.408625
2026-03-26 02:17:45.508 | INFO     | ao_compensation_model.training_search:on_epoch_end:150 - Epoch   2 | val_loss: 0.216946
2026-03-26 02:17:55.465 | INFO     | ao_compensation_model.training_search:on_epoch_end:150 - Epoch   3 | val_loss: 0.207668
2026-03-26 02:18:05.093 | INFO     | ao_compensation_model.training_search:on_epoch_end:150 - Epoch   4 | val_loss: 0.201791
2026-03-26 02:18:15.014 | INFO     | ao_compensation_model.training_search:on_epoch_end:150 - Epoch   5 | val_loss: 0.197365
2026-03-26 02:18:24.888 | INFO     | ao_compensation_model.training_search:on_epoch_end:150 - Epoch   6 | val_loss: 0.197806
2026-03-26 02:18:34.315 | INFO     | ao_compensation_model.training_search:on_epoch_end:150 - Epoch   7 | val_loss: 0.199062
2026-03-26 02:18:34.345 | INFO     | ao_compensation_model.training_search:train:294 - Best model for this run saved as: gru_model.keras (val_loss=0.197365)
2026-03-26 02:18:37.428 | INFO     | ao_compensation_model.training_search:train:311 - TFLite model saved as: gru_model_edge.tflite
2026-03-26 02:18:39.104 | INFO     | ao_compensation_model.training_search:train:241 - --- Testing Config: GRU=16 | BATCH=128 | KERNEL=20 | FILTERS=8 | POOL=5 ---
2026-03-26 02:18:39.222 | INFO     | ao_compensation_model.training_search:train:259 - Model architecture:
Model: "functional"
┏━━━━━━━━━━━━━━━━━━━━━━━━━━━━━━━━━━━━━━┳━━━━━━━━━━━━━━━━━━━━━━━━━━━━━┳━━━━━━━━━━━━━━━━━┓
┃ Layer (type)                         ┃ Output Shape                ┃         Param # ┃
┡━━━━━━━━━━━━━━━━━━━━━━━━━━━━━━━━━━━━━━╇━━━━━━━━━━━━━━━━━━━━━━━━━━━━━╇━━━━━━━━━━━━━━━━━┩
│ input_layer (InputLayer)             │ (None, 200, 2)              │               0 │
├──────────────────────────────────────┼─────────────────────────────┼─────────────────┤
│ conv1d (Conv1D)                      │ (None, 200, 8)              │             328 │
├──────────────────────────────────────┼─────────────────────────────┼─────────────────┤
│ batch_normalization                  │ (None, 200, 8)              │              32 │
│ (BatchNormalization)                 │                             │                 │
├──────────────────────────────────────┼─────────────────────────────┼─────────────────┤
│ zero_padding1d (ZeroPadding1D)       │ (None, 204, 8)              │               0 │
├──────────────────────────────────────┼─────────────────────────────┼─────────────────┤
│ average_pooling1d (AveragePooling1D) │ (None, 200, 8)              │               0 │
├──────────────────────────────────────┼─────────────────────────────┼─────────────────┤
│ gru (GRU)                            │ (None, 16)                  │           1,248 │
├──────────────────────────────────────┼─────────────────────────────┼─────────────────┤
│ dense (Dense)                        │ (None, 2)                   │              34 │
├──────────────────────────────────────┼─────────────────────────────┼─────────────────┤
│ phase (UnitNormalization)            │ (None, 2)                   │               0 │
└──────────────────────────────────────┴─────────────────────────────┴─────────────────┘
 Total params: 1,642 (6.41 KB)
 Trainable params: 1,626 (6.35 KB)
 Non-trainable params: 16 (64.00 B)


2026-03-26 02:18:39.240 | INFO     | ao_compensation_model.training_search:train:262 - Parameters — trainable: 1626  non-trainable: 16  total: 1642
2026-03-26 02:18:39.324 | INFO     | ao_compensation_model.training_search:on_train_begin:130 - Training started.
2026-03-26 02:18:39.325 | INFO     | ao_compensation_model.training_search:on_train_begin:131 - Hyperparameters:
  WINDOW_SIZE: 200
  STRIDE: 20
  TARGET_LEAD: 0
  GRU_UNITS: 16
  DROPOUT_RATE: 0.2
  FILTERS: 8
  KERNEL_SIZE: 20
  POOL_SIZE: 5
  BATCH_SIZE: 128
  MAX_EPOCHS: 100
  LEARNING_RATE: 0.0005
  TRAINING_DATA_DIR: D:\01_Code\ao_compensation_model\src\ao_compensation_model\dataset\training
  MODEL_DIR: D:\01_Code\ao_compensation_model\src\ao_compensation_model\model
2026-03-26 02:18:55.618 | INFO     | ao_compensation_model.training_search:on_epoch_end:150 - Epoch   1 | val_loss: 0.230388
2026-03-26 02:19:06.132 | INFO     | ao_compensation_model.training_search:on_epoch_end:150 - Epoch   2 | val_loss: 0.209773
2026-03-26 02:19:15.938 | INFO     | ao_compensation_model.training_search:on_epoch_end:150 - Epoch   3 | val_loss: 0.199805
2026-03-26 02:19:25.419 | INFO     | ao_compensation_model.training_search:on_epoch_end:150 - Epoch   4 | val_loss: 0.192295
2026-03-26 02:19:34.878 | INFO     | ao_compensation_model.training_search:on_epoch_end:150 - Epoch   5 | val_loss: 0.189653
2026-03-26 02:19:44.965 | INFO     | ao_compensation_model.training_search:on_epoch_end:150 - Epoch   6 | val_loss: 0.185453
2026-03-26 02:19:54.797 | INFO     | ao_compensation_model.training_search:on_epoch_end:150 - Epoch   7 | val_loss: 0.183423
2026-03-26 02:20:04.895 | INFO     | ao_compensation_model.training_search:on_epoch_end:150 - Epoch   8 | val_loss: 0.183513
2026-03-26 02:20:15.059 | INFO     | ao_compensation_model.training_search:on_epoch_end:150 - Epoch   9 | val_loss: 0.186481
2026-03-26 02:20:15.162 | INFO     | ao_compensation_model.training_search:train:294 - Best model for this run saved as: gru_model.keras (val_loss=0.183423)
2026-03-26 02:20:17.238 | INFO     | ao_compensation_model.training_search:train:311 - TFLite model saved as: gru_model_edge.tflite
2026-03-26 02:20:18.757 | INFO     | ao_compensation_model.training_search:train:241 - --- Testing Config: GRU=16 | BATCH=128 | KERNEL=20 | FILTERS=8 | POOL=3 ---
2026-03-26 02:20:18.869 | INFO     | ao_compensation_model.training_search:train:259 - Model architecture:
Model: "functional"
┏━━━━━━━━━━━━━━━━━━━━━━━━━━━━━━━━━━━━━━┳━━━━━━━━━━━━━━━━━━━━━━━━━━━━━┳━━━━━━━━━━━━━━━━━┓
┃ Layer (type)                         ┃ Output Shape                ┃         Param # ┃
┡━━━━━━━━━━━━━━━━━━━━━━━━━━━━━━━━━━━━━━╇━━━━━━━━━━━━━━━━━━━━━━━━━━━━━╇━━━━━━━━━━━━━━━━━┩
│ input_layer (InputLayer)             │ (None, 200, 2)              │               0 │
├──────────────────────────────────────┼─────────────────────────────┼─────────────────┤
│ conv1d (Conv1D)                      │ (None, 200, 8)              │             328 │
├──────────────────────────────────────┼─────────────────────────────┼─────────────────┤
│ batch_normalization                  │ (None, 200, 8)              │              32 │
│ (BatchNormalization)                 │                             │                 │
├──────────────────────────────────────┼─────────────────────────────┼─────────────────┤
│ zero_padding1d (ZeroPadding1D)       │ (None, 202, 8)              │               0 │
├──────────────────────────────────────┼─────────────────────────────┼─────────────────┤
│ average_pooling1d (AveragePooling1D) │ (None, 200, 8)              │               0 │
├──────────────────────────────────────┼─────────────────────────────┼─────────────────┤
│ gru (GRU)                            │ (None, 16)                  │           1,248 │
├──────────────────────────────────────┼─────────────────────────────┼─────────────────┤
│ dense (Dense)                        │ (None, 2)                   │              34 │
├──────────────────────────────────────┼─────────────────────────────┼─────────────────┤
│ phase (UnitNormalization)            │ (None, 2)                   │               0 │
└──────────────────────────────────────┴─────────────────────────────┴─────────────────┘
 Total params: 1,642 (6.41 KB)
 Trainable params: 1,626 (6.35 KB)
 Non-trainable params: 16 (64.00 B)


2026-03-26 02:20:18.882 | INFO     | ao_compensation_model.training_search:train:262 - Parameters — trainable: 1626  non-trainable: 16  total: 1642
2026-03-26 02:20:18.953 | INFO     | ao_compensation_model.training_search:on_train_begin:130 - Training started.
2026-03-26 02:20:18.954 | INFO     | ao_compensation_model.training_search:on_train_begin:131 - Hyperparameters:
  WINDOW_SIZE: 200
  STRIDE: 20
  TARGET_LEAD: 0
  GRU_UNITS: 16
  DROPOUT_RATE: 0.2
  FILTERS: 8
  KERNEL_SIZE: 20
  POOL_SIZE: 3
  BATCH_SIZE: 128
  MAX_EPOCHS: 100
  LEARNING_RATE: 0.0005
  TRAINING_DATA_DIR: D:\01_Code\ao_compensation_model\src\ao_compensation_model\dataset\training
  MODEL_DIR: D:\01_Code\ao_compensation_model\src\ao_compensation_model\model
2026-03-26 02:20:34.975 | INFO     | ao_compensation_model.training_search:on_epoch_end:150 - Epoch   1 | val_loss: 0.242935
2026-03-26 02:20:45.533 | INFO     | ao_compensation_model.training_search:on_epoch_end:150 - Epoch   2 | val_loss: 0.222554
2026-03-26 02:20:56.027 | INFO     | ao_compensation_model.training_search:on_epoch_end:150 - Epoch   3 | val_loss: 0.217739
2026-03-26 02:21:06.333 | INFO     | ao_compensation_model.training_search:on_epoch_end:150 - Epoch   4 | val_loss: 0.206885
2026-03-26 02:21:17.024 | INFO     | ao_compensation_model.training_search:on_epoch_end:150 - Epoch   5 | val_loss: 0.199409
2026-03-26 02:21:27.724 | INFO     | ao_compensation_model.training_search:on_epoch_end:150 - Epoch   6 | val_loss: 0.195826
2026-03-26 02:21:38.364 | INFO     | ao_compensation_model.training_search:on_epoch_end:150 - Epoch   7 | val_loss: 0.191216
2026-03-26 02:21:48.989 | INFO     | ao_compensation_model.training_search:on_epoch_end:150 - Epoch   8 | val_loss: 0.188175
2026-03-26 02:21:59.101 | INFO     | ao_compensation_model.training_search:on_epoch_end:150 - Epoch   9 | val_loss: 0.187191
2026-03-26 02:22:10.124 | INFO     | ao_compensation_model.training_search:on_epoch_end:150 - Epoch  10 | val_loss: 0.184842
2026-03-26 02:22:20.774 | INFO     | ao_compensation_model.training_search:on_epoch_end:150 - Epoch  11 | val_loss: 0.185592
2026-03-26 02:22:31.397 | INFO     | ao_compensation_model.training_search:on_epoch_end:150 - Epoch  12 | val_loss: 0.183479
2026-03-26 02:22:41.989 | INFO     | ao_compensation_model.training_search:on_epoch_end:150 - Epoch  13 | val_loss: 0.183228
2026-03-26 02:22:52.181 | INFO     | ao_compensation_model.training_search:on_epoch_end:150 - Epoch  14 | val_loss: 0.178768
2026-03-26 02:23:03.023 | INFO     | ao_compensation_model.training_search:on_epoch_end:150 - Epoch  15 | val_loss: 0.183466
2026-03-26 02:23:13.552 | INFO     | ao_compensation_model.training_search:on_epoch_end:150 - Epoch  16 | val_loss: 0.183773
2026-03-26 02:23:13.587 | INFO     | ao_compensation_model.training_search:train:294 - Best model for this run saved as: gru_model.keras (val_loss=0.178768)
2026-03-26 02:23:15.594 | INFO     | ao_compensation_model.training_search:train:311 - TFLite model saved as: gru_model_edge.tflite
2026-03-26 02:23:17.113 | INFO     | ao_compensation_model.training_search:train:241 - --- Testing Config: GRU=16 | BATCH=128 | KERNEL=20 | FILTERS=16 | POOL=5 ---
2026-03-26 02:23:17.256 | INFO     | ao_compensation_model.training_search:train:259 - Model architecture:
Model: "functional"
┏━━━━━━━━━━━━━━━━━━━━━━━━━━━━━━━━━━━━━━┳━━━━━━━━━━━━━━━━━━━━━━━━━━━━━┳━━━━━━━━━━━━━━━━━┓
┃ Layer (type)                         ┃ Output Shape                ┃         Param # ┃
┡━━━━━━━━━━━━━━━━━━━━━━━━━━━━━━━━━━━━━━╇━━━━━━━━━━━━━━━━━━━━━━━━━━━━━╇━━━━━━━━━━━━━━━━━┩
│ input_layer (InputLayer)             │ (None, 200, 2)              │               0 │
├──────────────────────────────────────┼─────────────────────────────┼─────────────────┤
│ conv1d (Conv1D)                      │ (None, 200, 16)             │             656 │
├──────────────────────────────────────┼─────────────────────────────┼─────────────────┤
│ batch_normalization                  │ (None, 200, 16)             │              64 │
│ (BatchNormalization)                 │                             │                 │
├──────────────────────────────────────┼─────────────────────────────┼─────────────────┤
│ zero_padding1d (ZeroPadding1D)       │ (None, 204, 16)             │               0 │
├──────────────────────────────────────┼─────────────────────────────┼─────────────────┤
│ average_pooling1d (AveragePooling1D) │ (None, 200, 16)             │               0 │
├──────────────────────────────────────┼─────────────────────────────┼─────────────────┤
│ gru (GRU)                            │ (None, 16)                  │           1,632 │
├──────────────────────────────────────┼─────────────────────────────┼─────────────────┤
│ dense (Dense)                        │ (None, 2)                   │              34 │
├──────────────────────────────────────┼─────────────────────────────┼─────────────────┤
│ phase (UnitNormalization)            │ (None, 2)                   │               0 │
└──────────────────────────────────────┴─────────────────────────────┴─────────────────┘
 Total params: 2,386 (9.32 KB)
 Trainable params: 2,354 (9.20 KB)
 Non-trainable params: 32 (128.00 B)


2026-03-26 02:23:17.271 | INFO     | ao_compensation_model.training_search:train:262 - Parameters — trainable: 2354  non-trainable: 32  total: 2386
2026-03-26 02:23:17.335 | INFO     | ao_compensation_model.training_search:on_train_begin:130 - Training started.
2026-03-26 02:23:17.335 | INFO     | ao_compensation_model.training_search:on_train_begin:131 - Hyperparameters:
  WINDOW_SIZE: 200
  STRIDE: 20
  TARGET_LEAD: 0
  GRU_UNITS: 16
  DROPOUT_RATE: 0.2
  FILTERS: 16
  KERNEL_SIZE: 20
  POOL_SIZE: 5
  BATCH_SIZE: 128
  MAX_EPOCHS: 100
  LEARNING_RATE: 0.0005
  TRAINING_DATA_DIR: D:\01_Code\ao_compensation_model\src\ao_compensation_model\dataset\training
  MODEL_DIR: D:\01_Code\ao_compensation_model\src\ao_compensation_model\model
2026-03-26 02:23:35.302 | INFO     | ao_compensation_model.training_search:on_epoch_end:150 - Epoch   1 | val_loss: 0.232366
2026-03-26 02:23:46.530 | INFO     | ao_compensation_model.training_search:on_epoch_end:150 - Epoch   2 | val_loss: 0.197898
2026-03-26 02:23:57.916 | INFO     | ao_compensation_model.training_search:on_epoch_end:150 - Epoch   3 | val_loss: 0.188433
2026-03-26 02:24:09.587 | INFO     | ao_compensation_model.training_search:on_epoch_end:150 - Epoch   4 | val_loss: 0.183543
2026-03-26 02:24:21.095 | INFO     | ao_compensation_model.training_search:on_epoch_end:150 - Epoch   5 | val_loss: 0.181816
2026-03-26 02:24:32.573 | INFO     | ao_compensation_model.training_search:on_epoch_end:150 - Epoch   6 | val_loss: 0.180170
2026-03-26 02:24:44.072 | INFO     | ao_compensation_model.training_search:on_epoch_end:150 - Epoch   7 | val_loss: 0.177739
2026-03-26 02:24:55.559 | INFO     | ao_compensation_model.training_search:on_epoch_end:150 - Epoch   8 | val_loss: 0.179732
2026-03-26 02:25:06.296 | INFO     | ao_compensation_model.training_search:on_epoch_end:150 - Epoch   9 | val_loss: 0.179182
2026-03-26 02:25:06.325 | INFO     | ao_compensation_model.training_search:train:294 - Best model for this run saved as: gru_model.keras (val_loss=0.177739)
2026-03-26 02:25:09.034 | INFO     | ao_compensation_model.training_search:train:311 - TFLite model saved as: gru_model_edge.tflite
2026-03-26 02:25:10.539 | INFO     | ao_compensation_model.training_search:train:241 - --- Testing Config: GRU=16 | BATCH=128 | KERNEL=20 | FILTERS=16 | POOL=3 ---
2026-03-26 02:25:10.657 | INFO     | ao_compensation_model.training_search:train:259 - Model architecture:
Model: "functional"
┏━━━━━━━━━━━━━━━━━━━━━━━━━━━━━━━━━━━━━━┳━━━━━━━━━━━━━━━━━━━━━━━━━━━━━┳━━━━━━━━━━━━━━━━━┓
┃ Layer (type)                         ┃ Output Shape                ┃         Param # ┃
┡━━━━━━━━━━━━━━━━━━━━━━━━━━━━━━━━━━━━━━╇━━━━━━━━━━━━━━━━━━━━━━━━━━━━━╇━━━━━━━━━━━━━━━━━┩
│ input_layer (InputLayer)             │ (None, 200, 2)              │               0 │
├──────────────────────────────────────┼─────────────────────────────┼─────────────────┤
│ conv1d (Conv1D)                      │ (None, 200, 16)             │             656 │
├──────────────────────────────────────┼─────────────────────────────┼─────────────────┤
│ batch_normalization                  │ (None, 200, 16)             │              64 │
│ (BatchNormalization)                 │                             │                 │
├──────────────────────────────────────┼─────────────────────────────┼─────────────────┤
│ zero_padding1d (ZeroPadding1D)       │ (None, 202, 16)             │               0 │
├──────────────────────────────────────┼─────────────────────────────┼─────────────────┤
│ average_pooling1d (AveragePooling1D) │ (None, 200, 16)             │               0 │
├──────────────────────────────────────┼─────────────────────────────┼─────────────────┤
│ gru (GRU)                            │ (None, 16)                  │           1,632 │
├──────────────────────────────────────┼─────────────────────────────┼─────────────────┤
│ dense (Dense)                        │ (None, 2)                   │              34 │
├──────────────────────────────────────┼─────────────────────────────┼─────────────────┤
│ phase (UnitNormalization)            │ (None, 2)                   │               0 │
└──────────────────────────────────────┴─────────────────────────────┴─────────────────┘
 Total params: 2,386 (9.32 KB)
 Trainable params: 2,354 (9.20 KB)
 Non-trainable params: 32 (128.00 B)


2026-03-26 02:25:10.668 | INFO     | ao_compensation_model.training_search:train:262 - Parameters — trainable: 2354  non-trainable: 32  total: 2386
2026-03-26 02:25:10.751 | INFO     | ao_compensation_model.training_search:on_train_begin:130 - Training started.
2026-03-26 02:25:10.752 | INFO     | ao_compensation_model.training_search:on_train_begin:131 - Hyperparameters:
  WINDOW_SIZE: 200
  STRIDE: 20
  TARGET_LEAD: 0
  GRU_UNITS: 16
  DROPOUT_RATE: 0.2
  FILTERS: 16
  KERNEL_SIZE: 20
  POOL_SIZE: 3
  BATCH_SIZE: 128
  MAX_EPOCHS: 100
  LEARNING_RATE: 0.0005
  TRAINING_DATA_DIR: D:\01_Code\ao_compensation_model\src\ao_compensation_model\dataset\training
  MODEL_DIR: D:\01_Code\ao_compensation_model\src\ao_compensation_model\model
2026-03-26 02:25:27.399 | INFO     | ao_compensation_model.training_search:on_epoch_end:150 - Epoch   1 | val_loss: 0.235471
2026-03-26 02:25:38.763 | INFO     | ao_compensation_model.training_search:on_epoch_end:150 - Epoch   2 | val_loss: 0.226542
2026-03-26 02:25:50.078 | INFO     | ao_compensation_model.training_search:on_epoch_end:150 - Epoch   3 | val_loss: 0.212288
2026-03-26 02:26:01.364 | INFO     | ao_compensation_model.training_search:on_epoch_end:150 - Epoch   4 | val_loss: 0.199924
2026-03-26 02:26:12.102 | INFO     | ao_compensation_model.training_search:on_epoch_end:150 - Epoch   5 | val_loss: 0.196625
2026-03-26 02:26:23.511 | INFO     | ao_compensation_model.training_search:on_epoch_end:150 - Epoch   6 | val_loss: 0.190367
2026-03-26 02:26:34.895 | INFO     | ao_compensation_model.training_search:on_epoch_end:150 - Epoch   7 | val_loss: 0.187575
2026-03-26 02:26:46.567 | INFO     | ao_compensation_model.training_search:on_epoch_end:150 - Epoch   8 | val_loss: 0.184713
2026-03-26 02:26:57.895 | INFO     | ao_compensation_model.training_search:on_epoch_end:150 - Epoch   9 | val_loss: 0.180863
2026-03-26 02:27:09.301 | INFO     | ao_compensation_model.training_search:on_epoch_end:150 - Epoch  10 | val_loss: 0.179696
2026-03-26 02:27:19.930 | INFO     | ao_compensation_model.training_search:on_epoch_end:150 - Epoch  11 | val_loss: 0.180091
2026-03-26 02:27:31.302 | INFO     | ao_compensation_model.training_search:on_epoch_end:150 - Epoch  12 | val_loss: 0.176428
2026-03-26 02:27:42.663 | INFO     | ao_compensation_model.training_search:on_epoch_end:150 - Epoch  13 | val_loss: 0.176090
2026-03-26 02:27:54.110 | INFO     | ao_compensation_model.training_search:on_epoch_end:150 - Epoch  14 | val_loss: 0.175364
2026-03-26 02:28:05.450 | INFO     | ao_compensation_model.training_search:on_epoch_end:150 - Epoch  15 | val_loss: 0.176608
2026-03-26 02:28:16.781 | INFO     | ao_compensation_model.training_search:on_epoch_end:150 - Epoch  16 | val_loss: 0.177227
2026-03-26 02:28:16.810 | INFO     | ao_compensation_model.training_search:train:294 - Best model for this run saved as: gru_model.keras (val_loss=0.175364)
2026-03-26 02:28:18.857 | INFO     | ao_compensation_model.training_search:train:311 - TFLite model saved as: gru_model_edge.tflite
2026-03-26 02:28:18.860 | INFO     | ao_compensation_model.training_search:train:317 - *** New best overall config! Val Loss: 0.175364 ***
2026-03-26 02:28:20.408 | INFO     | ao_compensation_model.training_search:train:241 - --- Testing Config: GRU=32 | BATCH=64 | KERNEL=5 | FILTERS=4 | POOL=5 ---
2026-03-26 02:28:20.518 | INFO     | ao_compensation_model.training_search:train:259 - Model architecture:
Model: "functional"
┏━━━━━━━━━━━━━━━━━━━━━━━━━━━━━━━━━━━━━━┳━━━━━━━━━━━━━━━━━━━━━━━━━━━━━┳━━━━━━━━━━━━━━━━━┓
┃ Layer (type)                         ┃ Output Shape                ┃         Param # ┃
┡━━━━━━━━━━━━━━━━━━━━━━━━━━━━━━━━━━━━━━╇━━━━━━━━━━━━━━━━━━━━━━━━━━━━━╇━━━━━━━━━━━━━━━━━┩
│ input_layer (InputLayer)             │ (None, 200, 2)              │               0 │
├──────────────────────────────────────┼─────────────────────────────┼─────────────────┤
│ conv1d (Conv1D)                      │ (None, 200, 4)              │              44 │
├──────────────────────────────────────┼─────────────────────────────┼─────────────────┤
│ batch_normalization                  │ (None, 200, 4)              │              16 │
│ (BatchNormalization)                 │                             │                 │
├──────────────────────────────────────┼─────────────────────────────┼─────────────────┤
│ zero_padding1d (ZeroPadding1D)       │ (None, 204, 4)              │               0 │
├──────────────────────────────────────┼─────────────────────────────┼─────────────────┤
│ average_pooling1d (AveragePooling1D) │ (None, 200, 4)              │               0 │
├──────────────────────────────────────┼─────────────────────────────┼─────────────────┤
│ gru (GRU)                            │ (None, 32)                  │           3,648 │
├──────────────────────────────────────┼─────────────────────────────┼─────────────────┤
│ dense (Dense)                        │ (None, 2)                   │              66 │
├──────────────────────────────────────┼─────────────────────────────┼─────────────────┤
│ phase (UnitNormalization)            │ (None, 2)                   │               0 │
└──────────────────────────────────────┴─────────────────────────────┴─────────────────┘
 Total params: 3,774 (14.74 KB)
 Trainable params: 3,766 (14.71 KB)
 Non-trainable params: 8 (32.00 B)


2026-03-26 02:28:20.530 | INFO     | ao_compensation_model.training_search:train:262 - Parameters — trainable: 3766  non-trainable: 8  total: 3774
2026-03-26 02:28:20.610 | INFO     | ao_compensation_model.training_search:on_train_begin:130 - Training started.
2026-03-26 02:28:20.611 | INFO     | ao_compensation_model.training_search:on_train_begin:131 - Hyperparameters:
  WINDOW_SIZE: 200
  STRIDE: 20
  TARGET_LEAD: 0
  GRU_UNITS: 32
  DROPOUT_RATE: 0.2
  FILTERS: 4
  KERNEL_SIZE: 5
  POOL_SIZE: 5
  BATCH_SIZE: 64
  MAX_EPOCHS: 100
  LEARNING_RATE: 0.0005
  TRAINING_DATA_DIR: D:\01_Code\ao_compensation_model\src\ao_compensation_model\dataset\training
  MODEL_DIR: D:\01_Code\ao_compensation_model\src\ao_compensation_model\model
2026-03-26 02:28:46.394 | INFO     | ao_compensation_model.training_search:on_epoch_end:150 - Epoch   1 | val_loss: 0.228037
2026-03-26 02:29:06.540 | INFO     | ao_compensation_model.training_search:on_epoch_end:150 - Epoch   2 | val_loss: 0.197203
2026-03-26 02:29:25.758 | INFO     | ao_compensation_model.training_search:on_epoch_end:150 - Epoch   3 | val_loss: 0.202530
2026-03-26 02:29:45.481 | INFO     | ao_compensation_model.training_search:on_epoch_end:150 - Epoch   4 | val_loss: 0.200317
2026-03-26 02:29:45.517 | INFO     | ao_compensation_model.training_search:train:294 - Best model for this run saved as: gru_model.keras (val_loss=0.197203)
2026-03-26 02:29:47.576 | INFO     | ao_compensation_model.training_search:train:311 - TFLite model saved as: gru_model_edge.tflite
2026-03-26 02:29:49.178 | INFO     | ao_compensation_model.training_search:train:241 - --- Testing Config: GRU=32 | BATCH=64 | KERNEL=5 | FILTERS=4 | POOL=3 ---
2026-03-26 02:29:49.287 | INFO     | ao_compensation_model.training_search:train:259 - Model architecture:
Model: "functional"
┏━━━━━━━━━━━━━━━━━━━━━━━━━━━━━━━━━━━━━━┳━━━━━━━━━━━━━━━━━━━━━━━━━━━━━┳━━━━━━━━━━━━━━━━━┓
┃ Layer (type)                         ┃ Output Shape                ┃         Param # ┃
┡━━━━━━━━━━━━━━━━━━━━━━━━━━━━━━━━━━━━━━╇━━━━━━━━━━━━━━━━━━━━━━━━━━━━━╇━━━━━━━━━━━━━━━━━┩
│ input_layer (InputLayer)             │ (None, 200, 2)              │               0 │
├──────────────────────────────────────┼─────────────────────────────┼─────────────────┤
│ conv1d (Conv1D)                      │ (None, 200, 4)              │              44 │
├──────────────────────────────────────┼─────────────────────────────┼─────────────────┤
│ batch_normalization                  │ (None, 200, 4)              │              16 │
│ (BatchNormalization)                 │                             │                 │
├──────────────────────────────────────┼─────────────────────────────┼─────────────────┤
│ zero_padding1d (ZeroPadding1D)       │ (None, 202, 4)              │               0 │
├──────────────────────────────────────┼─────────────────────────────┼─────────────────┤
│ average_pooling1d (AveragePooling1D) │ (None, 200, 4)              │               0 │
├──────────────────────────────────────┼─────────────────────────────┼─────────────────┤
│ gru (GRU)                            │ (None, 32)                  │           3,648 │
├──────────────────────────────────────┼─────────────────────────────┼─────────────────┤
│ dense (Dense)                        │ (None, 2)                   │              66 │
├──────────────────────────────────────┼─────────────────────────────┼─────────────────┤
│ phase (UnitNormalization)            │ (None, 2)                   │               0 │
└──────────────────────────────────────┴─────────────────────────────┴─────────────────┘
 Total params: 3,774 (14.74 KB)
 Trainable params: 3,766 (14.71 KB)
 Non-trainable params: 8 (32.00 B)


2026-03-26 02:29:49.299 | INFO     | ao_compensation_model.training_search:train:262 - Parameters — trainable: 3766  non-trainable: 8  total: 3774
2026-03-26 02:29:49.364 | INFO     | ao_compensation_model.training_search:on_train_begin:130 - Training started.
2026-03-26 02:29:49.365 | INFO     | ao_compensation_model.training_search:on_train_begin:131 - Hyperparameters:
  WINDOW_SIZE: 200
  STRIDE: 20
  TARGET_LEAD: 0
  GRU_UNITS: 32
  DROPOUT_RATE: 0.2
  FILTERS: 4
  KERNEL_SIZE: 5
  POOL_SIZE: 3
  BATCH_SIZE: 64
  MAX_EPOCHS: 100
  LEARNING_RATE: 0.0005
  TRAINING_DATA_DIR: D:\01_Code\ao_compensation_model\src\ao_compensation_model\dataset\training
  MODEL_DIR: D:\01_Code\ao_compensation_model\src\ao_compensation_model\model
2026-03-26 02:30:14.385 | INFO     | ao_compensation_model.training_search:on_epoch_end:150 - Epoch   1 | val_loss: 0.225548
2026-03-26 02:30:53.667 | INFO     | ao_compensation_model.training_search:on_epoch_end:150 - Epoch   2 | val_loss: 0.194112
2026-03-26 02:31:11.761 | INFO     | ao_compensation_model.training_search:on_epoch_end:150 - Epoch   3 | val_loss: 0.198827
2026-03-26 02:31:29.601 | INFO     | ao_compensation_model.training_search:on_epoch_end:150 - Epoch   4 | val_loss: 0.199638
2026-03-26 02:31:29.629 | INFO     | ao_compensation_model.training_search:train:294 - Best model for this run saved as: gru_model.keras (val_loss=0.194112)
2026-03-26 02:31:31.296 | INFO     | ao_compensation_model.training_search:train:311 - TFLite model saved as: gru_model_edge.tflite
2026-03-26 02:31:32.822 | INFO     | ao_compensation_model.training_search:train:241 - --- Testing Config: GRU=32 | BATCH=64 | KERNEL=5 | FILTERS=8 | POOL=5 ---
2026-03-26 02:31:32.923 | INFO     | ao_compensation_model.training_search:train:259 - Model architecture:
Model: "functional"
┏━━━━━━━━━━━━━━━━━━━━━━━━━━━━━━━━━━━━━━┳━━━━━━━━━━━━━━━━━━━━━━━━━━━━━┳━━━━━━━━━━━━━━━━━┓
┃ Layer (type)                         ┃ Output Shape                ┃         Param # ┃
┡━━━━━━━━━━━━━━━━━━━━━━━━━━━━━━━━━━━━━━╇━━━━━━━━━━━━━━━━━━━━━━━━━━━━━╇━━━━━━━━━━━━━━━━━┩
│ input_layer (InputLayer)             │ (None, 200, 2)              │               0 │
├──────────────────────────────────────┼─────────────────────────────┼─────────────────┤
│ conv1d (Conv1D)                      │ (None, 200, 8)              │              88 │
├──────────────────────────────────────┼─────────────────────────────┼─────────────────┤
│ batch_normalization                  │ (None, 200, 8)              │              32 │
│ (BatchNormalization)                 │                             │                 │
├──────────────────────────────────────┼─────────────────────────────┼─────────────────┤
│ zero_padding1d (ZeroPadding1D)       │ (None, 204, 8)              │               0 │
├──────────────────────────────────────┼─────────────────────────────┼─────────────────┤
│ average_pooling1d (AveragePooling1D) │ (None, 200, 8)              │               0 │
├──────────────────────────────────────┼─────────────────────────────┼─────────────────┤
│ gru (GRU)                            │ (None, 32)                  │           4,032 │
├──────────────────────────────────────┼─────────────────────────────┼─────────────────┤
│ dense (Dense)                        │ (None, 2)                   │              66 │
├──────────────────────────────────────┼─────────────────────────────┼─────────────────┤
│ phase (UnitNormalization)            │ (None, 2)                   │               0 │
└──────────────────────────────────────┴─────────────────────────────┴─────────────────┘
 Total params: 4,218 (16.48 KB)
 Trainable params: 4,202 (16.41 KB)
 Non-trainable params: 16 (64.00 B)


2026-03-26 02:31:32.936 | INFO     | ao_compensation_model.training_search:train:262 - Parameters — trainable: 4202  non-trainable: 16  total: 4218
2026-03-26 02:31:33.000 | INFO     | ao_compensation_model.training_search:on_train_begin:130 - Training started.
2026-03-26 02:31:33.001 | INFO     | ao_compensation_model.training_search:on_train_begin:131 - Hyperparameters:
  WINDOW_SIZE: 200
  STRIDE: 20
  TARGET_LEAD: 0
  GRU_UNITS: 32
  DROPOUT_RATE: 0.2
  FILTERS: 8
  KERNEL_SIZE: 5
  POOL_SIZE: 5
  BATCH_SIZE: 64
  MAX_EPOCHS: 100
  LEARNING_RATE: 0.0005
  TRAINING_DATA_DIR: D:\01_Code\ao_compensation_model\src\ao_compensation_model\dataset\training
  MODEL_DIR: D:\01_Code\ao_compensation_model\src\ao_compensation_model\model
2026-03-26 02:31:56.472 | INFO     | ao_compensation_model.training_search:on_epoch_end:150 - Epoch   1 | val_loss: 0.325957
2026-03-26 02:32:16.573 | INFO     | ao_compensation_model.training_search:on_epoch_end:150 - Epoch   2 | val_loss: 0.216637
2026-03-26 02:32:35.914 | INFO     | ao_compensation_model.training_search:on_epoch_end:150 - Epoch   3 | val_loss: 0.198545
2026-03-26 02:32:55.182 | INFO     | ao_compensation_model.training_search:on_epoch_end:150 - Epoch   4 | val_loss: 0.208140
2026-03-26 02:33:14.791 | INFO     | ao_compensation_model.training_search:on_epoch_end:150 - Epoch   5 | val_loss: 0.201847
2026-03-26 02:33:14.856 | INFO     | ao_compensation_model.training_search:train:294 - Best model for this run saved as: gru_model.keras (val_loss=0.198545)
2026-03-26 02:33:16.777 | INFO     | ao_compensation_model.training_search:train:311 - TFLite model saved as: gru_model_edge.tflite
2026-03-26 02:33:18.389 | INFO     | ao_compensation_model.training_search:train:241 - --- Testing Config: GRU=32 | BATCH=64 | KERNEL=5 | FILTERS=8 | POOL=3 ---
2026-03-26 02:33:18.510 | INFO     | ao_compensation_model.training_search:train:259 - Model architecture:
Model: "functional"
┏━━━━━━━━━━━━━━━━━━━━━━━━━━━━━━━━━━━━━━┳━━━━━━━━━━━━━━━━━━━━━━━━━━━━━┳━━━━━━━━━━━━━━━━━┓
┃ Layer (type)                         ┃ Output Shape                ┃         Param # ┃
┡━━━━━━━━━━━━━━━━━━━━━━━━━━━━━━━━━━━━━━╇━━━━━━━━━━━━━━━━━━━━━━━━━━━━━╇━━━━━━━━━━━━━━━━━┩
│ input_layer (InputLayer)             │ (None, 200, 2)              │               0 │
├──────────────────────────────────────┼─────────────────────────────┼─────────────────┤
│ conv1d (Conv1D)                      │ (None, 200, 8)              │              88 │
├──────────────────────────────────────┼─────────────────────────────┼─────────────────┤
│ batch_normalization                  │ (None, 200, 8)              │              32 │
│ (BatchNormalization)                 │                             │                 │
├──────────────────────────────────────┼─────────────────────────────┼─────────────────┤
│ zero_padding1d (ZeroPadding1D)       │ (None, 202, 8)              │               0 │
├──────────────────────────────────────┼─────────────────────────────┼─────────────────┤
│ average_pooling1d (AveragePooling1D) │ (None, 200, 8)              │               0 │
├──────────────────────────────────────┼─────────────────────────────┼─────────────────┤
│ gru (GRU)                            │ (None, 32)                  │           4,032 │
├──────────────────────────────────────┼─────────────────────────────┼─────────────────┤
│ dense (Dense)                        │ (None, 2)                   │              66 │
├──────────────────────────────────────┼─────────────────────────────┼─────────────────┤
│ phase (UnitNormalization)            │ (None, 2)                   │               0 │
└──────────────────────────────────────┴─────────────────────────────┴─────────────────┘
 Total params: 4,218 (16.48 KB)
 Trainable params: 4,202 (16.41 KB)
 Non-trainable params: 16 (64.00 B)


2026-03-26 02:33:18.523 | INFO     | ao_compensation_model.training_search:train:262 - Parameters — trainable: 4202  non-trainable: 16  total: 4218
2026-03-26 02:33:18.598 | INFO     | ao_compensation_model.training_search:on_train_begin:130 - Training started.
2026-03-26 02:33:18.599 | INFO     | ao_compensation_model.training_search:on_train_begin:131 - Hyperparameters:
  WINDOW_SIZE: 200
  STRIDE: 20
  TARGET_LEAD: 0
  GRU_UNITS: 32
  DROPOUT_RATE: 0.2
  FILTERS: 8
  KERNEL_SIZE: 5
  POOL_SIZE: 3
  BATCH_SIZE: 64
  MAX_EPOCHS: 100
  LEARNING_RATE: 0.0005
  TRAINING_DATA_DIR: D:\01_Code\ao_compensation_model\src\ao_compensation_model\dataset\training
  MODEL_DIR: D:\01_Code\ao_compensation_model\src\ao_compensation_model\model
2026-03-26 02:33:44.241 | INFO     | ao_compensation_model.training_search:on_epoch_end:150 - Epoch   1 | val_loss: 0.332336
2026-03-26 02:34:04.738 | INFO     | ao_compensation_model.training_search:on_epoch_end:150 - Epoch   2 | val_loss: 0.189965
2026-03-26 02:34:25.021 | INFO     | ao_compensation_model.training_search:on_epoch_end:150 - Epoch   3 | val_loss: 0.213359
2026-03-26 02:34:45.489 | INFO     | ao_compensation_model.training_search:on_epoch_end:150 - Epoch   4 | val_loss: 0.212014
2026-03-26 02:34:45.527 | INFO     | ao_compensation_model.training_search:train:294 - Best model for this run saved as: gru_model.keras (val_loss=0.189965)
2026-03-26 02:34:47.526 | INFO     | ao_compensation_model.training_search:train:311 - TFLite model saved as: gru_model_edge.tflite
2026-03-26 02:34:49.117 | INFO     | ao_compensation_model.training_search:train:241 - --- Testing Config: GRU=32 | BATCH=64 | KERNEL=5 | FILTERS=16 | POOL=5 ---
2026-03-26 02:34:49.226 | INFO     | ao_compensation_model.training_search:train:259 - Model architecture:
Model: "functional"
┏━━━━━━━━━━━━━━━━━━━━━━━━━━━━━━━━━━━━━━┳━━━━━━━━━━━━━━━━━━━━━━━━━━━━━┳━━━━━━━━━━━━━━━━━┓
┃ Layer (type)                         ┃ Output Shape                ┃         Param # ┃
┡━━━━━━━━━━━━━━━━━━━━━━━━━━━━━━━━━━━━━━╇━━━━━━━━━━━━━━━━━━━━━━━━━━━━━╇━━━━━━━━━━━━━━━━━┩
│ input_layer (InputLayer)             │ (None, 200, 2)              │               0 │
├──────────────────────────────────────┼─────────────────────────────┼─────────────────┤
│ conv1d (Conv1D)                      │ (None, 200, 16)             │             176 │
├──────────────────────────────────────┼─────────────────────────────┼─────────────────┤
│ batch_normalization                  │ (None, 200, 16)             │              64 │
│ (BatchNormalization)                 │                             │                 │
├──────────────────────────────────────┼─────────────────────────────┼─────────────────┤
│ zero_padding1d (ZeroPadding1D)       │ (None, 204, 16)             │               0 │
├──────────────────────────────────────┼─────────────────────────────┼─────────────────┤
│ average_pooling1d (AveragePooling1D) │ (None, 200, 16)             │               0 │
├──────────────────────────────────────┼─────────────────────────────┼─────────────────┤
│ gru (GRU)                            │ (None, 32)                  │           4,800 │
├──────────────────────────────────────┼─────────────────────────────┼─────────────────┤
│ dense (Dense)                        │ (None, 2)                   │              66 │
├──────────────────────────────────────┼─────────────────────────────┼─────────────────┤
│ phase (UnitNormalization)            │ (None, 2)                   │               0 │
└──────────────────────────────────────┴─────────────────────────────┴─────────────────┘
 Total params: 5,106 (19.95 KB)
 Trainable params: 5,074 (19.82 KB)
 Non-trainable params: 32 (128.00 B)


2026-03-26 02:34:49.238 | INFO     | ao_compensation_model.training_search:train:262 - Parameters — trainable: 5074  non-trainable: 32  total: 5106
2026-03-26 02:34:49.302 | INFO     | ao_compensation_model.training_search:on_train_begin:130 - Training started.
2026-03-26 02:34:49.303 | INFO     | ao_compensation_model.training_search:on_train_begin:131 - Hyperparameters:
  WINDOW_SIZE: 200
  STRIDE: 20
  TARGET_LEAD: 0
  GRU_UNITS: 32
  DROPOUT_RATE: 0.2
  FILTERS: 16
  KERNEL_SIZE: 5
  POOL_SIZE: 5
  BATCH_SIZE: 64
  MAX_EPOCHS: 100
  LEARNING_RATE: 0.0005
  TRAINING_DATA_DIR: D:\01_Code\ao_compensation_model\src\ao_compensation_model\dataset\training
  MODEL_DIR: D:\01_Code\ao_compensation_model\src\ao_compensation_model\model
2026-03-26 02:35:16.463 | INFO     | ao_compensation_model.training_search:on_epoch_end:150 - Epoch   1 | val_loss: 0.323838
2026-03-26 02:35:37.676 | INFO     | ao_compensation_model.training_search:on_epoch_end:150 - Epoch   2 | val_loss: 0.208254
2026-03-26 02:35:58.923 | INFO     | ao_compensation_model.training_search:on_epoch_end:150 - Epoch   3 | val_loss: 0.187453
2026-03-26 02:36:20.313 | INFO     | ao_compensation_model.training_search:on_epoch_end:150 - Epoch   4 | val_loss: 0.186613
2026-03-26 02:36:41.593 | INFO     | ao_compensation_model.training_search:on_epoch_end:150 - Epoch   5 | val_loss: 0.183847
2026-03-26 02:37:22.338 | INFO     | ao_compensation_model.training_search:on_epoch_end:150 - Epoch   6 | val_loss: 0.185399
2026-03-26 02:37:43.731 | INFO     | ao_compensation_model.training_search:on_epoch_end:150 - Epoch   7 | val_loss: 0.191348
2026-03-26 02:37:43.763 | INFO     | ao_compensation_model.training_search:train:294 - Best model for this run saved as: gru_model.keras (val_loss=0.183847)
2026-03-26 02:37:45.829 | INFO     | ao_compensation_model.training_search:train:311 - TFLite model saved as: gru_model_edge.tflite
2026-03-26 02:37:47.547 | INFO     | ao_compensation_model.training_search:train:241 - --- Testing Config: GRU=32 | BATCH=64 | KERNEL=5 | FILTERS=16 | POOL=3 ---
2026-03-26 02:37:47.653 | INFO     | ao_compensation_model.training_search:train:259 - Model architecture:
Model: "functional"
┏━━━━━━━━━━━━━━━━━━━━━━━━━━━━━━━━━━━━━━┳━━━━━━━━━━━━━━━━━━━━━━━━━━━━━┳━━━━━━━━━━━━━━━━━┓
┃ Layer (type)                         ┃ Output Shape                ┃         Param # ┃
┡━━━━━━━━━━━━━━━━━━━━━━━━━━━━━━━━━━━━━━╇━━━━━━━━━━━━━━━━━━━━━━━━━━━━━╇━━━━━━━━━━━━━━━━━┩
│ input_layer (InputLayer)             │ (None, 200, 2)              │               0 │
├──────────────────────────────────────┼─────────────────────────────┼─────────────────┤
│ conv1d (Conv1D)                      │ (None, 200, 16)             │             176 │
├──────────────────────────────────────┼─────────────────────────────┼─────────────────┤
│ batch_normalization                  │ (None, 200, 16)             │              64 │
│ (BatchNormalization)                 │                             │                 │
├──────────────────────────────────────┼─────────────────────────────┼─────────────────┤
│ zero_padding1d (ZeroPadding1D)       │ (None, 202, 16)             │               0 │
├──────────────────────────────────────┼─────────────────────────────┼─────────────────┤
│ average_pooling1d (AveragePooling1D) │ (None, 200, 16)             │               0 │
├──────────────────────────────────────┼─────────────────────────────┼─────────────────┤
│ gru (GRU)                            │ (None, 32)                  │           4,800 │
├──────────────────────────────────────┼─────────────────────────────┼─────────────────┤
│ dense (Dense)                        │ (None, 2)                   │              66 │
├──────────────────────────────────────┼─────────────────────────────┼─────────────────┤
│ phase (UnitNormalization)            │ (None, 2)                   │               0 │
└──────────────────────────────────────┴─────────────────────────────┴─────────────────┘
 Total params: 5,106 (19.95 KB)
 Trainable params: 5,074 (19.82 KB)
 Non-trainable params: 32 (128.00 B)


2026-03-26 02:37:47.665 | INFO     | ao_compensation_model.training_search:train:262 - Parameters — trainable: 5074  non-trainable: 32  total: 5106
2026-03-26 02:37:47.729 | INFO     | ao_compensation_model.training_search:on_train_begin:130 - Training started.
2026-03-26 02:37:47.730 | INFO     | ao_compensation_model.training_search:on_train_begin:131 - Hyperparameters:
  WINDOW_SIZE: 200
  STRIDE: 20
  TARGET_LEAD: 0
  GRU_UNITS: 32
  DROPOUT_RATE: 0.2
  FILTERS: 16
  KERNEL_SIZE: 5
  POOL_SIZE: 3
  BATCH_SIZE: 64
  MAX_EPOCHS: 100
  LEARNING_RATE: 0.0005
  TRAINING_DATA_DIR: D:\01_Code\ao_compensation_model\src\ao_compensation_model\dataset\training
  MODEL_DIR: D:\01_Code\ao_compensation_model\src\ao_compensation_model\model
2026-03-26 02:38:14.748 | INFO     | ao_compensation_model.training_search:on_epoch_end:150 - Epoch   1 | val_loss: 0.248555
2026-03-26 02:38:36.076 | INFO     | ao_compensation_model.training_search:on_epoch_end:150 - Epoch   2 | val_loss: 0.197804
2026-03-26 02:38:56.792 | INFO     | ao_compensation_model.training_search:on_epoch_end:150 - Epoch   3 | val_loss: 0.203168
2026-03-26 02:39:17.759 | INFO     | ao_compensation_model.training_search:on_epoch_end:150 - Epoch   4 | val_loss: 0.191764
2026-03-26 02:39:38.473 | INFO     | ao_compensation_model.training_search:on_epoch_end:150 - Epoch   5 | val_loss: 0.194410
2026-03-26 02:39:59.370 | INFO     | ao_compensation_model.training_search:on_epoch_end:150 - Epoch   6 | val_loss: 0.189414
2026-03-26 02:40:19.956 | INFO     | ao_compensation_model.training_search:on_epoch_end:150 - Epoch   7 | val_loss: 0.191988
2026-03-26 02:40:40.651 | INFO     | ao_compensation_model.training_search:on_epoch_end:150 - Epoch   8 | val_loss: 0.193393
2026-03-26 02:40:40.682 | INFO     | ao_compensation_model.training_search:train:294 - Best model for this run saved as: gru_model.keras (val_loss=0.189414)
2026-03-26 02:40:42.710 | INFO     | ao_compensation_model.training_search:train:311 - TFLite model saved as: gru_model_edge.tflite
2026-03-26 02:40:44.385 | INFO     | ao_compensation_model.training_search:train:241 - --- Testing Config: GRU=32 | BATCH=64 | KERNEL=10 | FILTERS=4 | POOL=5 ---
2026-03-26 02:40:44.497 | INFO     | ao_compensation_model.training_search:train:259 - Model architecture:
Model: "functional"
┏━━━━━━━━━━━━━━━━━━━━━━━━━━━━━━━━━━━━━━┳━━━━━━━━━━━━━━━━━━━━━━━━━━━━━┳━━━━━━━━━━━━━━━━━┓
┃ Layer (type)                         ┃ Output Shape                ┃         Param # ┃
┡━━━━━━━━━━━━━━━━━━━━━━━━━━━━━━━━━━━━━━╇━━━━━━━━━━━━━━━━━━━━━━━━━━━━━╇━━━━━━━━━━━━━━━━━┩
│ input_layer (InputLayer)             │ (None, 200, 2)              │               0 │
├──────────────────────────────────────┼─────────────────────────────┼─────────────────┤
│ conv1d (Conv1D)                      │ (None, 200, 4)              │              84 │
├──────────────────────────────────────┼─────────────────────────────┼─────────────────┤
│ batch_normalization                  │ (None, 200, 4)              │              16 │
│ (BatchNormalization)                 │                             │                 │
├──────────────────────────────────────┼─────────────────────────────┼─────────────────┤
│ zero_padding1d (ZeroPadding1D)       │ (None, 204, 4)              │               0 │
├──────────────────────────────────────┼─────────────────────────────┼─────────────────┤
│ average_pooling1d (AveragePooling1D) │ (None, 200, 4)              │               0 │
├──────────────────────────────────────┼─────────────────────────────┼─────────────────┤
│ gru (GRU)                            │ (None, 32)                  │           3,648 │
├──────────────────────────────────────┼─────────────────────────────┼─────────────────┤
│ dense (Dense)                        │ (None, 2)                   │              66 │
├──────────────────────────────────────┼─────────────────────────────┼─────────────────┤
│ phase (UnitNormalization)            │ (None, 2)                   │               0 │
└──────────────────────────────────────┴─────────────────────────────┴─────────────────┘
 Total params: 3,814 (14.90 KB)
 Trainable params: 3,806 (14.87 KB)
 Non-trainable params: 8 (32.00 B)


2026-03-26 02:40:44.509 | INFO     | ao_compensation_model.training_search:train:262 - Parameters — trainable: 3806  non-trainable: 8  total: 3814
2026-03-26 02:40:44.575 | INFO     | ao_compensation_model.training_search:on_train_begin:130 - Training started.
2026-03-26 02:40:44.575 | INFO     | ao_compensation_model.training_search:on_train_begin:131 - Hyperparameters:
  WINDOW_SIZE: 200
  STRIDE: 20
  TARGET_LEAD: 0
  GRU_UNITS: 32
  DROPOUT_RATE: 0.2
  FILTERS: 4
  KERNEL_SIZE: 10
  POOL_SIZE: 5
  BATCH_SIZE: 64
  MAX_EPOCHS: 100
  LEARNING_RATE: 0.0005
  TRAINING_DATA_DIR: D:\01_Code\ao_compensation_model\src\ao_compensation_model\dataset\training
  MODEL_DIR: D:\01_Code\ao_compensation_model\src\ao_compensation_model\model
2026-03-26 02:41:09.382 | INFO     | ao_compensation_model.training_search:on_epoch_end:150 - Epoch   1 | val_loss: 0.235283
2026-03-26 02:41:28.180 | INFO     | ao_compensation_model.training_search:on_epoch_end:150 - Epoch   2 | val_loss: 0.184748
2026-03-26 02:41:46.681 | INFO     | ao_compensation_model.training_search:on_epoch_end:150 - Epoch   3 | val_loss: 0.206363
2026-03-26 02:42:05.196 | INFO     | ao_compensation_model.training_search:on_epoch_end:150 - Epoch   4 | val_loss: 0.210005
2026-03-26 02:42:05.234 | INFO     | ao_compensation_model.training_search:train:294 - Best model for this run saved as: gru_model.keras (val_loss=0.184748)
2026-03-26 02:42:08.263 | INFO     | ao_compensation_model.training_search:train:311 - TFLite model saved as: gru_model_edge.tflite
2026-03-26 02:42:09.904 | INFO     | ao_compensation_model.training_search:train:241 - --- Testing Config: GRU=32 | BATCH=64 | KERNEL=10 | FILTERS=4 | POOL=3 ---
2026-03-26 02:42:10.018 | INFO     | ao_compensation_model.training_search:train:259 - Model architecture:
Model: "functional"
┏━━━━━━━━━━━━━━━━━━━━━━━━━━━━━━━━━━━━━━┳━━━━━━━━━━━━━━━━━━━━━━━━━━━━━┳━━━━━━━━━━━━━━━━━┓
┃ Layer (type)                         ┃ Output Shape                ┃         Param # ┃
┡━━━━━━━━━━━━━━━━━━━━━━━━━━━━━━━━━━━━━━╇━━━━━━━━━━━━━━━━━━━━━━━━━━━━━╇━━━━━━━━━━━━━━━━━┩
│ input_layer (InputLayer)             │ (None, 200, 2)              │               0 │
├──────────────────────────────────────┼─────────────────────────────┼─────────────────┤
│ conv1d (Conv1D)                      │ (None, 200, 4)              │              84 │
├──────────────────────────────────────┼─────────────────────────────┼─────────────────┤
│ batch_normalization                  │ (None, 200, 4)              │              16 │
│ (BatchNormalization)                 │                             │                 │
├──────────────────────────────────────┼─────────────────────────────┼─────────────────┤
│ zero_padding1d (ZeroPadding1D)       │ (None, 202, 4)              │               0 │
├──────────────────────────────────────┼─────────────────────────────┼─────────────────┤
│ average_pooling1d (AveragePooling1D) │ (None, 200, 4)              │               0 │
├──────────────────────────────────────┼─────────────────────────────┼─────────────────┤
│ gru (GRU)                            │ (None, 32)                  │           3,648 │
├──────────────────────────────────────┼─────────────────────────────┼─────────────────┤
│ dense (Dense)                        │ (None, 2)                   │              66 │
├──────────────────────────────────────┼─────────────────────────────┼─────────────────┤
│ phase (UnitNormalization)            │ (None, 2)                   │               0 │
└──────────────────────────────────────┴─────────────────────────────┴─────────────────┘
 Total params: 3,814 (14.90 KB)
 Trainable params: 3,806 (14.87 KB)
 Non-trainable params: 8 (32.00 B)


2026-03-26 02:42:10.030 | INFO     | ao_compensation_model.training_search:train:262 - Parameters — trainable: 3806  non-trainable: 8  total: 3814
2026-03-26 02:42:10.114 | INFO     | ao_compensation_model.training_search:on_train_begin:130 - Training started.
2026-03-26 02:42:10.115 | INFO     | ao_compensation_model.training_search:on_train_begin:131 - Hyperparameters:
  WINDOW_SIZE: 200
  STRIDE: 20
  TARGET_LEAD: 0
  GRU_UNITS: 32
  DROPOUT_RATE: 0.2
  FILTERS: 4
  KERNEL_SIZE: 10
  POOL_SIZE: 3
  BATCH_SIZE: 64
  MAX_EPOCHS: 100
  LEARNING_RATE: 0.0005
  TRAINING_DATA_DIR: D:\01_Code\ao_compensation_model\src\ao_compensation_model\dataset\training
  MODEL_DIR: D:\01_Code\ao_compensation_model\src\ao_compensation_model\model
2026-03-26 02:42:34.227 | INFO     | ao_compensation_model.training_search:on_epoch_end:150 - Epoch   1 | val_loss: 0.250907
2026-03-26 02:42:52.722 | INFO     | ao_compensation_model.training_search:on_epoch_end:150 - Epoch   2 | val_loss: 0.214785
2026-03-26 02:43:11.254 | INFO     | ao_compensation_model.training_search:on_epoch_end:150 - Epoch   3 | val_loss: 0.201326
2026-03-26 02:43:29.828 | INFO     | ao_compensation_model.training_search:on_epoch_end:150 - Epoch   4 | val_loss: 0.207348
2026-03-26 02:43:48.145 | INFO     | ao_compensation_model.training_search:on_epoch_end:150 - Epoch   5 | val_loss: 0.206852
2026-03-26 02:43:48.212 | INFO     | ao_compensation_model.training_search:train:294 - Best model for this run saved as: gru_model.keras (val_loss=0.201326)
2026-03-26 02:43:50.269 | INFO     | ao_compensation_model.training_search:train:311 - TFLite model saved as: gru_model_edge.tflite
2026-03-26 02:43:51.958 | INFO     | ao_compensation_model.training_search:train:241 - --- Testing Config: GRU=32 | BATCH=64 | KERNEL=10 | FILTERS=8 | POOL=5 ---
2026-03-26 02:43:52.077 | INFO     | ao_compensation_model.training_search:train:259 - Model architecture:
Model: "functional"
┏━━━━━━━━━━━━━━━━━━━━━━━━━━━━━━━━━━━━━━┳━━━━━━━━━━━━━━━━━━━━━━━━━━━━━┳━━━━━━━━━━━━━━━━━┓
┃ Layer (type)                         ┃ Output Shape                ┃         Param # ┃
┡━━━━━━━━━━━━━━━━━━━━━━━━━━━━━━━━━━━━━━╇━━━━━━━━━━━━━━━━━━━━━━━━━━━━━╇━━━━━━━━━━━━━━━━━┩
│ input_layer (InputLayer)             │ (None, 200, 2)              │               0 │
├──────────────────────────────────────┼─────────────────────────────┼─────────────────┤
│ conv1d (Conv1D)                      │ (None, 200, 8)              │             168 │
├──────────────────────────────────────┼─────────────────────────────┼─────────────────┤
│ batch_normalization                  │ (None, 200, 8)              │              32 │
│ (BatchNormalization)                 │                             │                 │
├──────────────────────────────────────┼─────────────────────────────┼─────────────────┤
│ zero_padding1d (ZeroPadding1D)       │ (None, 204, 8)              │               0 │
├──────────────────────────────────────┼─────────────────────────────┼─────────────────┤
│ average_pooling1d (AveragePooling1D) │ (None, 200, 8)              │               0 │
├──────────────────────────────────────┼─────────────────────────────┼─────────────────┤
│ gru (GRU)                            │ (None, 32)                  │           4,032 │
├──────────────────────────────────────┼─────────────────────────────┼─────────────────┤
│ dense (Dense)                        │ (None, 2)                   │              66 │
├──────────────────────────────────────┼─────────────────────────────┼─────────────────┤
│ phase (UnitNormalization)            │ (None, 2)                   │               0 │
└──────────────────────────────────────┴─────────────────────────────┴─────────────────┘
 Total params: 4,298 (16.79 KB)
 Trainable params: 4,282 (16.73 KB)
 Non-trainable params: 16 (64.00 B)


2026-03-26 02:43:52.089 | INFO     | ao_compensation_model.training_search:train:262 - Parameters — trainable: 4282  non-trainable: 16  total: 4298
2026-03-26 02:43:52.156 | INFO     | ao_compensation_model.training_search:on_train_begin:130 - Training started.
2026-03-26 02:43:52.157 | INFO     | ao_compensation_model.training_search:on_train_begin:131 - Hyperparameters:
  WINDOW_SIZE: 200
  STRIDE: 20
  TARGET_LEAD: 0
  GRU_UNITS: 32
  DROPOUT_RATE: 0.2
  FILTERS: 8
  KERNEL_SIZE: 10
  POOL_SIZE: 5
  BATCH_SIZE: 64
  MAX_EPOCHS: 100
  LEARNING_RATE: 0.0005
  TRAINING_DATA_DIR: D:\01_Code\ao_compensation_model\src\ao_compensation_model\dataset\training
  MODEL_DIR: D:\01_Code\ao_compensation_model\src\ao_compensation_model\model
2026-03-26 02:44:16.749 | INFO     | ao_compensation_model.training_search:on_epoch_end:150 - Epoch   1 | val_loss: 0.239570
2026-03-26 02:44:36.032 | INFO     | ao_compensation_model.training_search:on_epoch_end:150 - Epoch   2 | val_loss: 0.198576
2026-03-26 02:44:55.050 | INFO     | ao_compensation_model.training_search:on_epoch_end:150 - Epoch   3 | val_loss: 0.200799
2026-03-26 02:45:14.455 | INFO     | ao_compensation_model.training_search:on_epoch_end:150 - Epoch   4 | val_loss: 0.196514
2026-03-26 02:45:33.796 | INFO     | ao_compensation_model.training_search:on_epoch_end:150 - Epoch   5 | val_loss: 0.195374
2026-03-26 02:45:52.975 | INFO     | ao_compensation_model.training_search:on_epoch_end:150 - Epoch   6 | val_loss: 0.192898
2026-03-26 02:46:12.677 | INFO     | ao_compensation_model.training_search:on_epoch_end:150 - Epoch   7 | val_loss: 0.192256
2026-03-26 02:46:31.885 | INFO     | ao_compensation_model.training_search:on_epoch_end:150 - Epoch   8 | val_loss: 0.193557
2026-03-26 02:46:51.646 | INFO     | ao_compensation_model.training_search:on_epoch_end:150 - Epoch   9 | val_loss: 0.191749
2026-03-26 02:47:10.786 | INFO     | ao_compensation_model.training_search:on_epoch_end:150 - Epoch  10 | val_loss: 0.188465
2026-03-26 02:47:30.083 | INFO     | ao_compensation_model.training_search:on_epoch_end:150 - Epoch  11 | val_loss: 0.189570
2026-03-26 02:47:49.906 | INFO     | ao_compensation_model.training_search:on_epoch_end:150 - Epoch  12 | val_loss: 0.186831
2026-03-26 02:48:09.070 | INFO     | ao_compensation_model.training_search:on_epoch_end:150 - Epoch  13 | val_loss: 0.187298
2026-03-26 02:48:28.932 | INFO     | ao_compensation_model.training_search:on_epoch_end:150 - Epoch  14 | val_loss: 0.186458
2026-03-26 02:48:48.386 | INFO     | ao_compensation_model.training_search:on_epoch_end:150 - Epoch  15 | val_loss: 0.186198
2026-03-26 02:49:08.382 | INFO     | ao_compensation_model.training_search:on_epoch_end:150 - Epoch  16 | val_loss: 0.186278
2026-03-26 02:49:27.620 | INFO     | ao_compensation_model.training_search:on_epoch_end:150 - Epoch  17 | val_loss: 0.186289
2026-03-26 02:49:27.651 | INFO     | ao_compensation_model.training_search:train:294 - Best model for this run saved as: gru_model.keras (val_loss=0.186198)
2026-03-26 02:49:29.625 | INFO     | ao_compensation_model.training_search:train:311 - TFLite model saved as: gru_model_edge.tflite
2026-03-26 02:49:31.908 | INFO     | ao_compensation_model.training_search:train:241 - --- Testing Config: GRU=32 | BATCH=64 | KERNEL=10 | FILTERS=8 | POOL=3 ---
2026-03-26 02:49:32.052 | INFO     | ao_compensation_model.training_search:train:259 - Model architecture:
Model: "functional"
┏━━━━━━━━━━━━━━━━━━━━━━━━━━━━━━━━━━━━━━┳━━━━━━━━━━━━━━━━━━━━━━━━━━━━━┳━━━━━━━━━━━━━━━━━┓
┃ Layer (type)                         ┃ Output Shape                ┃         Param # ┃
┡━━━━━━━━━━━━━━━━━━━━━━━━━━━━━━━━━━━━━━╇━━━━━━━━━━━━━━━━━━━━━━━━━━━━━╇━━━━━━━━━━━━━━━━━┩
│ input_layer (InputLayer)             │ (None, 200, 2)              │               0 │
├──────────────────────────────────────┼─────────────────────────────┼─────────────────┤
│ conv1d (Conv1D)                      │ (None, 200, 8)              │             168 │
├──────────────────────────────────────┼─────────────────────────────┼─────────────────┤
│ batch_normalization                  │ (None, 200, 8)              │              32 │
│ (BatchNormalization)                 │                             │                 │
├──────────────────────────────────────┼─────────────────────────────┼─────────────────┤
│ zero_padding1d (ZeroPadding1D)       │ (None, 202, 8)              │               0 │
├──────────────────────────────────────┼─────────────────────────────┼─────────────────┤
│ average_pooling1d (AveragePooling1D) │ (None, 200, 8)              │               0 │
├──────────────────────────────────────┼─────────────────────────────┼─────────────────┤
│ gru (GRU)                            │ (None, 32)                  │           4,032 │
├──────────────────────────────────────┼─────────────────────────────┼─────────────────┤
│ dense (Dense)                        │ (None, 2)                   │              66 │
├──────────────────────────────────────┼─────────────────────────────┼─────────────────┤
│ phase (UnitNormalization)            │ (None, 2)                   │               0 │
└──────────────────────────────────────┴─────────────────────────────┴─────────────────┘
 Total params: 4,298 (16.79 KB)
 Trainable params: 4,282 (16.73 KB)
 Non-trainable params: 16 (64.00 B)


2026-03-26 02:49:32.069 | INFO     | ao_compensation_model.training_search:train:262 - Parameters — trainable: 4282  non-trainable: 16  total: 4298
2026-03-26 02:49:32.148 | INFO     | ao_compensation_model.training_search:on_train_begin:130 - Training started.
2026-03-26 02:49:32.149 | INFO     | ao_compensation_model.training_search:on_train_begin:131 - Hyperparameters:
  WINDOW_SIZE: 200
  STRIDE: 20
  TARGET_LEAD: 0
  GRU_UNITS: 32
  DROPOUT_RATE: 0.2
  FILTERS: 8
  KERNEL_SIZE: 10
  POOL_SIZE: 3
  BATCH_SIZE: 64
  MAX_EPOCHS: 100
  LEARNING_RATE: 0.0005
  TRAINING_DATA_DIR: D:\01_Code\ao_compensation_model\src\ao_compensation_model\dataset\training
  MODEL_DIR: D:\01_Code\ao_compensation_model\src\ao_compensation_model\model
2026-03-26 02:49:57.823 | INFO     | ao_compensation_model.training_search:on_epoch_end:150 - Epoch   1 | val_loss: 0.302960
2026-03-26 02:50:17.301 | INFO     | ao_compensation_model.training_search:on_epoch_end:150 - Epoch   2 | val_loss: 0.201858
2026-03-26 02:50:37.658 | INFO     | ao_compensation_model.training_search:on_epoch_end:150 - Epoch   3 | val_loss: 0.194558
2026-03-26 02:50:57.219 | INFO     | ao_compensation_model.training_search:on_epoch_end:150 - Epoch   4 | val_loss: 0.195239
2026-03-26 02:51:17.114 | INFO     | ao_compensation_model.training_search:on_epoch_end:150 - Epoch   5 | val_loss: 0.197054
2026-03-26 02:51:17.227 | INFO     | ao_compensation_model.training_search:train:294 - Best model for this run saved as: gru_model.keras (val_loss=0.194558)
2026-03-26 02:51:19.567 | INFO     | ao_compensation_model.training_search:train:311 - TFLite model saved as: gru_model_edge.tflite
2026-03-26 02:51:21.319 | INFO     | ao_compensation_model.training_search:train:241 - --- Testing Config: GRU=32 | BATCH=64 | KERNEL=10 | FILTERS=16 | POOL=5 ---
2026-03-26 02:51:21.435 | INFO     | ao_compensation_model.training_search:train:259 - Model architecture:
Model: "functional"
┏━━━━━━━━━━━━━━━━━━━━━━━━━━━━━━━━━━━━━━┳━━━━━━━━━━━━━━━━━━━━━━━━━━━━━┳━━━━━━━━━━━━━━━━━┓
┃ Layer (type)                         ┃ Output Shape                ┃         Param # ┃
┡━━━━━━━━━━━━━━━━━━━━━━━━━━━━━━━━━━━━━━╇━━━━━━━━━━━━━━━━━━━━━━━━━━━━━╇━━━━━━━━━━━━━━━━━┩
│ input_layer (InputLayer)             │ (None, 200, 2)              │               0 │
├──────────────────────────────────────┼─────────────────────────────┼─────────────────┤
│ conv1d (Conv1D)                      │ (None, 200, 16)             │             336 │
├──────────────────────────────────────┼─────────────────────────────┼─────────────────┤
│ batch_normalization                  │ (None, 200, 16)             │              64 │
│ (BatchNormalization)                 │                             │                 │
├──────────────────────────────────────┼─────────────────────────────┼─────────────────┤
│ zero_padding1d (ZeroPadding1D)       │ (None, 204, 16)             │               0 │
├──────────────────────────────────────┼─────────────────────────────┼─────────────────┤
│ average_pooling1d (AveragePooling1D) │ (None, 200, 16)             │               0 │
├──────────────────────────────────────┼─────────────────────────────┼─────────────────┤
│ gru (GRU)                            │ (None, 32)                  │           4,800 │
├──────────────────────────────────────┼─────────────────────────────┼─────────────────┤
│ dense (Dense)                        │ (None, 2)                   │              66 │
├──────────────────────────────────────┼─────────────────────────────┼─────────────────┤
│ phase (UnitNormalization)            │ (None, 2)                   │               0 │
└──────────────────────────────────────┴─────────────────────────────┴─────────────────┘
 Total params: 5,266 (20.57 KB)
 Trainable params: 5,234 (20.45 KB)
 Non-trainable params: 32 (128.00 B)


2026-03-26 02:51:21.451 | INFO     | ao_compensation_model.training_search:train:262 - Parameters — trainable: 5234  non-trainable: 32  total: 5266
2026-03-26 02:51:21.533 | INFO     | ao_compensation_model.training_search:on_train_begin:130 - Training started.
2026-03-26 02:51:21.533 | INFO     | ao_compensation_model.training_search:on_train_begin:131 - Hyperparameters:
  WINDOW_SIZE: 200
  STRIDE: 20
  TARGET_LEAD: 0
  GRU_UNITS: 32
  DROPOUT_RATE: 0.2
  FILTERS: 16
  KERNEL_SIZE: 10
  POOL_SIZE: 5
  BATCH_SIZE: 64
  MAX_EPOCHS: 100
  LEARNING_RATE: 0.0005
  TRAINING_DATA_DIR: D:\01_Code\ao_compensation_model\src\ao_compensation_model\dataset\training
  MODEL_DIR: D:\01_Code\ao_compensation_model\src\ao_compensation_model\model
2026-03-26 02:51:48.032 | INFO     | ao_compensation_model.training_search:on_epoch_end:150 - Epoch   1 | val_loss: 0.282448
2026-03-26 02:52:09.620 | INFO     | ao_compensation_model.training_search:on_epoch_end:150 - Epoch   2 | val_loss: 0.194354
2026-03-26 02:52:30.570 | INFO     | ao_compensation_model.training_search:on_epoch_end:150 - Epoch   3 | val_loss: 0.180140
2026-03-26 02:52:52.104 | INFO     | ao_compensation_model.training_search:on_epoch_end:150 - Epoch   4 | val_loss: 0.182468
2026-03-26 02:53:12.904 | INFO     | ao_compensation_model.training_search:on_epoch_end:150 - Epoch   5 | val_loss: 0.181940
2026-03-26 02:53:12.942 | INFO     | ao_compensation_model.training_search:train:294 - Best model for this run saved as: gru_model.keras (val_loss=0.180140)
2026-03-26 02:53:15.953 | INFO     | ao_compensation_model.training_search:train:311 - TFLite model saved as: gru_model_edge.tflite
2026-03-26 02:53:17.719 | INFO     | ao_compensation_model.training_search:train:241 - --- Testing Config: GRU=32 | BATCH=64 | KERNEL=10 | FILTERS=16 | POOL=3 ---
2026-03-26 02:53:17.849 | INFO     | ao_compensation_model.training_search:train:259 - Model architecture:
Model: "functional"
┏━━━━━━━━━━━━━━━━━━━━━━━━━━━━━━━━━━━━━━┳━━━━━━━━━━━━━━━━━━━━━━━━━━━━━┳━━━━━━━━━━━━━━━━━┓
┃ Layer (type)                         ┃ Output Shape                ┃         Param # ┃
┡━━━━━━━━━━━━━━━━━━━━━━━━━━━━━━━━━━━━━━╇━━━━━━━━━━━━━━━━━━━━━━━━━━━━━╇━━━━━━━━━━━━━━━━━┩
│ input_layer (InputLayer)             │ (None, 200, 2)              │               0 │
├──────────────────────────────────────┼─────────────────────────────┼─────────────────┤
│ conv1d (Conv1D)                      │ (None, 200, 16)             │             336 │
├──────────────────────────────────────┼─────────────────────────────┼─────────────────┤
│ batch_normalization                  │ (None, 200, 16)             │              64 │
│ (BatchNormalization)                 │                             │                 │
├──────────────────────────────────────┼─────────────────────────────┼─────────────────┤
│ zero_padding1d (ZeroPadding1D)       │ (None, 202, 16)             │               0 │
├──────────────────────────────────────┼─────────────────────────────┼─────────────────┤
│ average_pooling1d (AveragePooling1D) │ (None, 200, 16)             │               0 │
├──────────────────────────────────────┼─────────────────────────────┼─────────────────┤
│ gru (GRU)                            │ (None, 32)                  │           4,800 │
├──────────────────────────────────────┼─────────────────────────────┼─────────────────┤
│ dense (Dense)                        │ (None, 2)                   │              66 │
├──────────────────────────────────────┼─────────────────────────────┼─────────────────┤
│ phase (UnitNormalization)            │ (None, 2)                   │               0 │
└──────────────────────────────────────┴─────────────────────────────┴─────────────────┘
 Total params: 5,266 (20.57 KB)
 Trainable params: 5,234 (20.45 KB)
 Non-trainable params: 32 (128.00 B)


2026-03-26 02:53:17.861 | INFO     | ao_compensation_model.training_search:train:262 - Parameters — trainable: 5234  non-trainable: 32  total: 5266
2026-03-26 02:53:17.925 | INFO     | ao_compensation_model.training_search:on_train_begin:130 - Training started.
2026-03-26 02:53:17.926 | INFO     | ao_compensation_model.training_search:on_train_begin:131 - Hyperparameters:
  WINDOW_SIZE: 200
  STRIDE: 20
  TARGET_LEAD: 0
  GRU_UNITS: 32
  DROPOUT_RATE: 0.2
  FILTERS: 16
  KERNEL_SIZE: 10
  POOL_SIZE: 3
  BATCH_SIZE: 64
  MAX_EPOCHS: 100
  LEARNING_RATE: 0.0005
  TRAINING_DATA_DIR: D:\01_Code\ao_compensation_model\src\ao_compensation_model\dataset\training
  MODEL_DIR: D:\01_Code\ao_compensation_model\src\ao_compensation_model\model
2026-03-26 02:53:45.151 | INFO     | ao_compensation_model.training_search:on_epoch_end:150 - Epoch   1 | val_loss: 0.272023
2026-03-26 02:54:07.075 | INFO     | ao_compensation_model.training_search:on_epoch_end:150 - Epoch   2 | val_loss: 0.202140
2026-03-26 02:54:28.315 | INFO     | ao_compensation_model.training_search:on_epoch_end:150 - Epoch   3 | val_loss: 0.192791
2026-03-26 02:54:50.208 | INFO     | ao_compensation_model.training_search:on_epoch_end:150 - Epoch   4 | val_loss: 0.196489
2026-03-26 02:55:11.421 | INFO     | ao_compensation_model.training_search:on_epoch_end:150 - Epoch   5 | val_loss: 0.192185
2026-03-26 02:55:33.186 | INFO     | ao_compensation_model.training_search:on_epoch_end:150 - Epoch   6 | val_loss: 0.194227
2026-03-26 02:55:55.120 | INFO     | ao_compensation_model.training_search:on_epoch_end:150 - Epoch   7 | val_loss: 0.190537
2026-03-26 02:56:16.328 | INFO     | ao_compensation_model.training_search:on_epoch_end:150 - Epoch   8 | val_loss: 0.190636
2026-03-26 02:56:37.596 | INFO     | ao_compensation_model.training_search:on_epoch_end:150 - Epoch   9 | val_loss: 0.189107
2026-03-26 02:56:59.526 | INFO     | ao_compensation_model.training_search:on_epoch_end:150 - Epoch  10 | val_loss: 0.189823
2026-03-26 02:57:21.363 | INFO     | ao_compensation_model.training_search:on_epoch_end:150 - Epoch  11 | val_loss: 0.189096
2026-03-26 02:57:42.496 | INFO     | ao_compensation_model.training_search:on_epoch_end:150 - Epoch  12 | val_loss: 0.189006
2026-03-26 02:58:04.460 | INFO     | ao_compensation_model.training_search:on_epoch_end:150 - Epoch  13 | val_loss: 0.189193
2026-03-26 02:58:25.680 | INFO     | ao_compensation_model.training_search:on_epoch_end:150 - Epoch  14 | val_loss: 0.189166
2026-03-26 02:58:25.717 | INFO     | ao_compensation_model.training_search:train:294 - Best model for this run saved as: gru_model.keras (val_loss=0.189006)
2026-03-26 02:58:28.400 | INFO     | ao_compensation_model.training_search:train:311 - TFLite model saved as: gru_model_edge.tflite
2026-03-26 02:58:30.227 | INFO     | ao_compensation_model.training_search:train:241 - --- Testing Config: GRU=32 | BATCH=64 | KERNEL=20 | FILTERS=4 | POOL=5 ---
2026-03-26 02:58:30.358 | INFO     | ao_compensation_model.training_search:train:259 - Model architecture:
Model: "functional"
┏━━━━━━━━━━━━━━━━━━━━━━━━━━━━━━━━━━━━━━┳━━━━━━━━━━━━━━━━━━━━━━━━━━━━━┳━━━━━━━━━━━━━━━━━┓
┃ Layer (type)                         ┃ Output Shape                ┃         Param # ┃
┡━━━━━━━━━━━━━━━━━━━━━━━━━━━━━━━━━━━━━━╇━━━━━━━━━━━━━━━━━━━━━━━━━━━━━╇━━━━━━━━━━━━━━━━━┩
│ input_layer (InputLayer)             │ (None, 200, 2)              │               0 │
├──────────────────────────────────────┼─────────────────────────────┼─────────────────┤
│ conv1d (Conv1D)                      │ (None, 200, 4)              │             164 │
├──────────────────────────────────────┼─────────────────────────────┼─────────────────┤
│ batch_normalization                  │ (None, 200, 4)              │              16 │
│ (BatchNormalization)                 │                             │                 │
├──────────────────────────────────────┼─────────────────────────────┼─────────────────┤
│ zero_padding1d (ZeroPadding1D)       │ (None, 204, 4)              │               0 │
├──────────────────────────────────────┼─────────────────────────────┼─────────────────┤
│ average_pooling1d (AveragePooling1D) │ (None, 200, 4)              │               0 │
├──────────────────────────────────────┼─────────────────────────────┼─────────────────┤
│ gru (GRU)                            │ (None, 32)                  │           3,648 │
├──────────────────────────────────────┼─────────────────────────────┼─────────────────┤
│ dense (Dense)                        │ (None, 2)                   │              66 │
├──────────────────────────────────────┼─────────────────────────────┼─────────────────┤
│ phase (UnitNormalization)            │ (None, 2)                   │               0 │
└──────────────────────────────────────┴─────────────────────────────┴─────────────────┘
 Total params: 3,894 (15.21 KB)
 Trainable params: 3,886 (15.18 KB)
 Non-trainable params: 8 (32.00 B)


2026-03-26 02:58:30.376 | INFO     | ao_compensation_model.training_search:train:262 - Parameters — trainable: 3886  non-trainable: 8  total: 3894
2026-03-26 02:58:30.473 | INFO     | ao_compensation_model.training_search:on_train_begin:130 - Training started.
2026-03-26 02:58:30.474 | INFO     | ao_compensation_model.training_search:on_train_begin:131 - Hyperparameters:
  WINDOW_SIZE: 200
  STRIDE: 20
  TARGET_LEAD: 0
  GRU_UNITS: 32
  DROPOUT_RATE: 0.2
  FILTERS: 4
  KERNEL_SIZE: 20
  POOL_SIZE: 5
  BATCH_SIZE: 64
  MAX_EPOCHS: 100
  LEARNING_RATE: 0.0005
  TRAINING_DATA_DIR: D:\01_Code\ao_compensation_model\src\ao_compensation_model\dataset\training
  MODEL_DIR: D:\01_Code\ao_compensation_model\src\ao_compensation_model\model
2026-03-26 02:58:55.612 | INFO     | ao_compensation_model.training_search:on_epoch_end:150 - Epoch   1 | val_loss: 0.222503
2026-03-26 02:59:14.384 | INFO     | ao_compensation_model.training_search:on_epoch_end:150 - Epoch   2 | val_loss: 0.191867
2026-03-26 02:59:33.889 | INFO     | ao_compensation_model.training_search:on_epoch_end:150 - Epoch   3 | val_loss: 0.196385
2026-03-26 02:59:52.683 | INFO     | ao_compensation_model.training_search:on_epoch_end:150 - Epoch   4 | val_loss: 0.208979
2026-03-26 02:59:52.714 | INFO     | ao_compensation_model.training_search:train:294 - Best model for this run saved as: gru_model.keras (val_loss=0.191867)
2026-03-26 02:59:54.736 | INFO     | ao_compensation_model.training_search:train:311 - TFLite model saved as: gru_model_edge.tflite
2026-03-26 02:59:56.597 | INFO     | ao_compensation_model.training_search:train:241 - --- Testing Config: GRU=32 | BATCH=64 | KERNEL=20 | FILTERS=4 | POOL=3 ---
2026-03-26 02:59:57.106 | INFO     | ao_compensation_model.training_search:train:259 - Model architecture:
Model: "functional"
┏━━━━━━━━━━━━━━━━━━━━━━━━━━━━━━━━━━━━━━┳━━━━━━━━━━━━━━━━━━━━━━━━━━━━━┳━━━━━━━━━━━━━━━━━┓
┃ Layer (type)                         ┃ Output Shape                ┃         Param # ┃
┡━━━━━━━━━━━━━━━━━━━━━━━━━━━━━━━━━━━━━━╇━━━━━━━━━━━━━━━━━━━━━━━━━━━━━╇━━━━━━━━━━━━━━━━━┩
│ input_layer (InputLayer)             │ (None, 200, 2)              │               0 │
├──────────────────────────────────────┼─────────────────────────────┼─────────────────┤
│ conv1d (Conv1D)                      │ (None, 200, 4)              │             164 │
├──────────────────────────────────────┼─────────────────────────────┼─────────────────┤
│ batch_normalization                  │ (None, 200, 4)              │              16 │
│ (BatchNormalization)                 │                             │                 │
├──────────────────────────────────────┼─────────────────────────────┼─────────────────┤
│ zero_padding1d (ZeroPadding1D)       │ (None, 202, 4)              │               0 │
├──────────────────────────────────────┼─────────────────────────────┼─────────────────┤
│ average_pooling1d (AveragePooling1D) │ (None, 200, 4)              │               0 │
├──────────────────────────────────────┼─────────────────────────────┼─────────────────┤
│ gru (GRU)                            │ (None, 32)                  │           3,648 │
├──────────────────────────────────────┼─────────────────────────────┼─────────────────┤
│ dense (Dense)                        │ (None, 2)                   │              66 │
├──────────────────────────────────────┼─────────────────────────────┼─────────────────┤
│ phase (UnitNormalization)            │ (None, 2)                   │               0 │
└──────────────────────────────────────┴─────────────────────────────┴─────────────────┘
 Total params: 3,894 (15.21 KB)
 Trainable params: 3,886 (15.18 KB)
 Non-trainable params: 8 (32.00 B)


2026-03-26 02:59:57.245 | INFO     | ao_compensation_model.training_search:train:262 - Parameters — trainable: 3886  non-trainable: 8  total: 3894
2026-03-26 02:59:57.403 | INFO     | ao_compensation_model.training_search:on_train_begin:130 - Training started.
2026-03-26 02:59:57.408 | INFO     | ao_compensation_model.training_search:on_train_begin:131 - Hyperparameters:
  WINDOW_SIZE: 200
  STRIDE: 20
  TARGET_LEAD: 0
  GRU_UNITS: 32
  DROPOUT_RATE: 0.2
  FILTERS: 4
  KERNEL_SIZE: 20
  POOL_SIZE: 3
  BATCH_SIZE: 64
  MAX_EPOCHS: 100
  LEARNING_RATE: 0.0005
  TRAINING_DATA_DIR: D:\01_Code\ao_compensation_model\src\ao_compensation_model\dataset\training
  MODEL_DIR: D:\01_Code\ao_compensation_model\src\ao_compensation_model\model
2026-03-26 03:00:22.743 | INFO     | ao_compensation_model.training_search:on_epoch_end:150 - Epoch   1 | val_loss: 0.232211
2026-03-26 03:00:41.909 | INFO     | ao_compensation_model.training_search:on_epoch_end:150 - Epoch   2 | val_loss: 0.197763
2026-03-26 03:01:01.017 | INFO     | ao_compensation_model.training_search:on_epoch_end:150 - Epoch   3 | val_loss: 0.202652
2026-03-26 03:01:20.687 | INFO     | ao_compensation_model.training_search:on_epoch_end:150 - Epoch   4 | val_loss: 0.206257
2026-03-26 03:01:20.718 | INFO     | ao_compensation_model.training_search:train:294 - Best model for this run saved as: gru_model.keras (val_loss=0.197763)
2026-03-26 03:01:22.744 | INFO     | ao_compensation_model.training_search:train:311 - TFLite model saved as: gru_model_edge.tflite
2026-03-26 03:01:24.672 | INFO     | ao_compensation_model.training_search:train:241 - --- Testing Config: GRU=32 | BATCH=64 | KERNEL=20 | FILTERS=8 | POOL=5 ---
2026-03-26 03:01:24.783 | INFO     | ao_compensation_model.training_search:train:259 - Model architecture:
Model: "functional"
┏━━━━━━━━━━━━━━━━━━━━━━━━━━━━━━━━━━━━━━┳━━━━━━━━━━━━━━━━━━━━━━━━━━━━━┳━━━━━━━━━━━━━━━━━┓
┃ Layer (type)                         ┃ Output Shape                ┃         Param # ┃
┡━━━━━━━━━━━━━━━━━━━━━━━━━━━━━━━━━━━━━━╇━━━━━━━━━━━━━━━━━━━━━━━━━━━━━╇━━━━━━━━━━━━━━━━━┩
│ input_layer (InputLayer)             │ (None, 200, 2)              │               0 │
├──────────────────────────────────────┼─────────────────────────────┼─────────────────┤
│ conv1d (Conv1D)                      │ (None, 200, 8)              │             328 │
├──────────────────────────────────────┼─────────────────────────────┼─────────────────┤
│ batch_normalization                  │ (None, 200, 8)              │              32 │
│ (BatchNormalization)                 │                             │                 │
├──────────────────────────────────────┼─────────────────────────────┼─────────────────┤
│ zero_padding1d (ZeroPadding1D)       │ (None, 204, 8)              │               0 │
├──────────────────────────────────────┼─────────────────────────────┼─────────────────┤
│ average_pooling1d (AveragePooling1D) │ (None, 200, 8)              │               0 │
├──────────────────────────────────────┼─────────────────────────────┼─────────────────┤
│ gru (GRU)                            │ (None, 32)                  │           4,032 │
├──────────────────────────────────────┼─────────────────────────────┼─────────────────┤
│ dense (Dense)                        │ (None, 2)                   │              66 │
├──────────────────────────────────────┼─────────────────────────────┼─────────────────┤
│ phase (UnitNormalization)            │ (None, 2)                   │               0 │
└──────────────────────────────────────┴─────────────────────────────┴─────────────────┘
 Total params: 4,458 (17.41 KB)
 Trainable params: 4,442 (17.35 KB)
 Non-trainable params: 16 (64.00 B)


2026-03-26 03:01:24.799 | INFO     | ao_compensation_model.training_search:train:262 - Parameters — trainable: 4442  non-trainable: 16  total: 4458
2026-03-26 03:01:24.871 | INFO     | ao_compensation_model.training_search:on_train_begin:130 - Training started.
2026-03-26 03:01:24.872 | INFO     | ao_compensation_model.training_search:on_train_begin:131 - Hyperparameters:
  WINDOW_SIZE: 200
  STRIDE: 20
  TARGET_LEAD: 0
  GRU_UNITS: 32
  DROPOUT_RATE: 0.2
  FILTERS: 8
  KERNEL_SIZE: 20
  POOL_SIZE: 5
  BATCH_SIZE: 64
  MAX_EPOCHS: 100
  LEARNING_RATE: 0.0005
  TRAINING_DATA_DIR: D:\01_Code\ao_compensation_model\src\ao_compensation_model\dataset\training
  MODEL_DIR: D:\01_Code\ao_compensation_model\src\ao_compensation_model\model
2026-03-26 03:01:50.570 | INFO     | ao_compensation_model.training_search:on_epoch_end:150 - Epoch   1 | val_loss: 0.195408
2026-03-26 03:02:10.738 | INFO     | ao_compensation_model.training_search:on_epoch_end:150 - Epoch   2 | val_loss: 0.178052
2026-03-26 03:02:30.251 | INFO     | ao_compensation_model.training_search:on_epoch_end:150 - Epoch   3 | val_loss: 0.185552
2026-03-26 03:02:50.350 | INFO     | ao_compensation_model.training_search:on_epoch_end:150 - Epoch   4 | val_loss: 0.183196
2026-03-26 03:02:50.379 | INFO     | ao_compensation_model.training_search:train:294 - Best model for this run saved as: gru_model.keras (val_loss=0.178052)
2026-03-26 03:02:52.455 | INFO     | ao_compensation_model.training_search:train:311 - TFLite model saved as: gru_model_edge.tflite
2026-03-26 03:02:54.321 | INFO     | ao_compensation_model.training_search:train:241 - --- Testing Config: GRU=32 | BATCH=64 | KERNEL=20 | FILTERS=8 | POOL=3 ---
2026-03-26 03:02:54.431 | INFO     | ao_compensation_model.training_search:train:259 - Model architecture:
Model: "functional"
┏━━━━━━━━━━━━━━━━━━━━━━━━━━━━━━━━━━━━━━┳━━━━━━━━━━━━━━━━━━━━━━━━━━━━━┳━━━━━━━━━━━━━━━━━┓
┃ Layer (type)                         ┃ Output Shape                ┃         Param # ┃
┡━━━━━━━━━━━━━━━━━━━━━━━━━━━━━━━━━━━━━━╇━━━━━━━━━━━━━━━━━━━━━━━━━━━━━╇━━━━━━━━━━━━━━━━━┩
│ input_layer (InputLayer)             │ (None, 200, 2)              │               0 │
├──────────────────────────────────────┼─────────────────────────────┼─────────────────┤
│ conv1d (Conv1D)                      │ (None, 200, 8)              │             328 │
├──────────────────────────────────────┼─────────────────────────────┼─────────────────┤
│ batch_normalization                  │ (None, 200, 8)              │              32 │
│ (BatchNormalization)                 │                             │                 │
├──────────────────────────────────────┼─────────────────────────────┼─────────────────┤
│ zero_padding1d (ZeroPadding1D)       │ (None, 202, 8)              │               0 │
├──────────────────────────────────────┼─────────────────────────────┼─────────────────┤
│ average_pooling1d (AveragePooling1D) │ (None, 200, 8)              │               0 │
├──────────────────────────────────────┼─────────────────────────────┼─────────────────┤
│ gru (GRU)                            │ (None, 32)                  │           4,032 │
├──────────────────────────────────────┼─────────────────────────────┼─────────────────┤
│ dense (Dense)                        │ (None, 2)                   │              66 │
├──────────────────────────────────────┼─────────────────────────────┼─────────────────┤
│ phase (UnitNormalization)            │ (None, 2)                   │               0 │
└──────────────────────────────────────┴─────────────────────────────┴─────────────────┘
 Total params: 4,458 (17.41 KB)
 Trainable params: 4,442 (17.35 KB)
 Non-trainable params: 16 (64.00 B)


2026-03-26 03:02:54.442 | INFO     | ao_compensation_model.training_search:train:262 - Parameters — trainable: 4442  non-trainable: 16  total: 4458
2026-03-26 03:02:54.533 | INFO     | ao_compensation_model.training_search:on_train_begin:130 - Training started.
2026-03-26 03:02:54.533 | INFO     | ao_compensation_model.training_search:on_train_begin:131 - Hyperparameters:
  WINDOW_SIZE: 200
  STRIDE: 20
  TARGET_LEAD: 0
  GRU_UNITS: 32
  DROPOUT_RATE: 0.2
  FILTERS: 8
  KERNEL_SIZE: 20
  POOL_SIZE: 3
  BATCH_SIZE: 64
  MAX_EPOCHS: 100
  LEARNING_RATE: 0.0005
  TRAINING_DATA_DIR: D:\01_Code\ao_compensation_model\src\ao_compensation_model\dataset\training
  MODEL_DIR: D:\01_Code\ao_compensation_model\src\ao_compensation_model\model
2026-03-26 03:03:20.573 | INFO     | ao_compensation_model.training_search:on_epoch_end:150 - Epoch   1 | val_loss: 0.196607
2026-03-26 03:03:40.911 | INFO     | ao_compensation_model.training_search:on_epoch_end:150 - Epoch   2 | val_loss: 0.190306
2026-03-26 03:04:00.700 | INFO     | ao_compensation_model.training_search:on_epoch_end:150 - Epoch   3 | val_loss: 0.197086
2026-03-26 03:04:20.884 | INFO     | ao_compensation_model.training_search:on_epoch_end:150 - Epoch   4 | val_loss: 0.188417
2026-03-26 03:04:40.430 | INFO     | ao_compensation_model.training_search:on_epoch_end:150 - Epoch   5 | val_loss: 0.192827
2026-03-26 03:05:00.426 | INFO     | ao_compensation_model.training_search:on_epoch_end:150 - Epoch   6 | val_loss: 0.193881
2026-03-26 03:05:00.458 | INFO     | ao_compensation_model.training_search:train:294 - Best model for this run saved as: gru_model.keras (val_loss=0.188417)
2026-03-26 03:05:02.443 | INFO     | ao_compensation_model.training_search:train:311 - TFLite model saved as: gru_model_edge.tflite
2026-03-26 03:05:04.313 | INFO     | ao_compensation_model.training_search:train:241 - --- Testing Config: GRU=32 | BATCH=64 | KERNEL=20 | FILTERS=16 | POOL=5 ---
2026-03-26 03:05:04.425 | INFO     | ao_compensation_model.training_search:train:259 - Model architecture:
Model: "functional"
┏━━━━━━━━━━━━━━━━━━━━━━━━━━━━━━━━━━━━━━┳━━━━━━━━━━━━━━━━━━━━━━━━━━━━━┳━━━━━━━━━━━━━━━━━┓
┃ Layer (type)                         ┃ Output Shape                ┃         Param # ┃
┡━━━━━━━━━━━━━━━━━━━━━━━━━━━━━━━━━━━━━━╇━━━━━━━━━━━━━━━━━━━━━━━━━━━━━╇━━━━━━━━━━━━━━━━━┩
│ input_layer (InputLayer)             │ (None, 200, 2)              │               0 │
├──────────────────────────────────────┼─────────────────────────────┼─────────────────┤
│ conv1d (Conv1D)                      │ (None, 200, 16)             │             656 │
├──────────────────────────────────────┼─────────────────────────────┼─────────────────┤
│ batch_normalization                  │ (None, 200, 16)             │              64 │
│ (BatchNormalization)                 │                             │                 │
├──────────────────────────────────────┼─────────────────────────────┼─────────────────┤
│ zero_padding1d (ZeroPadding1D)       │ (None, 204, 16)             │               0 │
├──────────────────────────────────────┼─────────────────────────────┼─────────────────┤
│ average_pooling1d (AveragePooling1D) │ (None, 200, 16)             │               0 │
├──────────────────────────────────────┼─────────────────────────────┼─────────────────┤
│ gru (GRU)                            │ (None, 32)                  │           4,800 │
├──────────────────────────────────────┼─────────────────────────────┼─────────────────┤
│ dense (Dense)                        │ (None, 2)                   │              66 │
├──────────────────────────────────────┼─────────────────────────────┼─────────────────┤
│ phase (UnitNormalization)            │ (None, 2)                   │               0 │
└──────────────────────────────────────┴─────────────────────────────┴─────────────────┘
 Total params: 5,586 (21.82 KB)
 Trainable params: 5,554 (21.70 KB)
 Non-trainable params: 32 (128.00 B)


2026-03-26 03:05:04.442 | INFO     | ao_compensation_model.training_search:train:262 - Parameters — trainable: 5554  non-trainable: 32  total: 5586
2026-03-26 03:05:04.511 | INFO     | ao_compensation_model.training_search:on_train_begin:130 - Training started.
2026-03-26 03:05:04.512 | INFO     | ao_compensation_model.training_search:on_train_begin:131 - Hyperparameters:
  WINDOW_SIZE: 200
  STRIDE: 20
  TARGET_LEAD: 0
  GRU_UNITS: 32
  DROPOUT_RATE: 0.2
  FILTERS: 16
  KERNEL_SIZE: 20
  POOL_SIZE: 5
  BATCH_SIZE: 64
  MAX_EPOCHS: 100
  LEARNING_RATE: 0.0005
  TRAINING_DATA_DIR: D:\01_Code\ao_compensation_model\src\ao_compensation_model\dataset\training
  MODEL_DIR: D:\01_Code\ao_compensation_model\src\ao_compensation_model\model
2026-03-26 03:05:31.163 | INFO     | ao_compensation_model.training_search:on_epoch_end:150 - Epoch   1 | val_loss: 0.215474
2026-03-26 03:05:52.353 | INFO     | ao_compensation_model.training_search:on_epoch_end:150 - Epoch   2 | val_loss: 0.187192
2026-03-26 03:06:13.193 | INFO     | ao_compensation_model.training_search:on_epoch_end:150 - Epoch   3 | val_loss: 0.180379
2026-03-26 03:06:34.731 | INFO     | ao_compensation_model.training_search:on_epoch_end:150 - Epoch   4 | val_loss: 0.177839
2026-03-26 03:06:55.548 | INFO     | ao_compensation_model.training_search:on_epoch_end:150 - Epoch   5 | val_loss: 0.191252
2026-03-26 03:07:17.069 | INFO     | ao_compensation_model.training_search:on_epoch_end:150 - Epoch   6 | val_loss: 0.184083
2026-03-26 03:07:17.099 | INFO     | ao_compensation_model.training_search:train:294 - Best model for this run saved as: gru_model.keras (val_loss=0.177839)
2026-03-26 03:07:19.060 | INFO     | ao_compensation_model.training_search:train:311 - TFLite model saved as: gru_model_edge.tflite
2026-03-26 03:07:20.900 | INFO     | ao_compensation_model.training_search:train:241 - --- Testing Config: GRU=32 | BATCH=64 | KERNEL=20 | FILTERS=16 | POOL=3 ---
2026-03-26 03:07:20.997 | INFO     | ao_compensation_model.training_search:train:259 - Model architecture:
Model: "functional"
┏━━━━━━━━━━━━━━━━━━━━━━━━━━━━━━━━━━━━━━┳━━━━━━━━━━━━━━━━━━━━━━━━━━━━━┳━━━━━━━━━━━━━━━━━┓
┃ Layer (type)                         ┃ Output Shape                ┃         Param # ┃
┡━━━━━━━━━━━━━━━━━━━━━━━━━━━━━━━━━━━━━━╇━━━━━━━━━━━━━━━━━━━━━━━━━━━━━╇━━━━━━━━━━━━━━━━━┩
│ input_layer (InputLayer)             │ (None, 200, 2)              │               0 │
├──────────────────────────────────────┼─────────────────────────────┼─────────────────┤
│ conv1d (Conv1D)                      │ (None, 200, 16)             │             656 │
├──────────────────────────────────────┼─────────────────────────────┼─────────────────┤
│ batch_normalization                  │ (None, 200, 16)             │              64 │
│ (BatchNormalization)                 │                             │                 │
├──────────────────────────────────────┼─────────────────────────────┼─────────────────┤
│ zero_padding1d (ZeroPadding1D)       │ (None, 202, 16)             │               0 │
├──────────────────────────────────────┼─────────────────────────────┼─────────────────┤
│ average_pooling1d (AveragePooling1D) │ (None, 200, 16)             │               0 │
├──────────────────────────────────────┼─────────────────────────────┼─────────────────┤
│ gru (GRU)                            │ (None, 32)                  │           4,800 │
├──────────────────────────────────────┼─────────────────────────────┼─────────────────┤
│ dense (Dense)                        │ (None, 2)                   │              66 │
├──────────────────────────────────────┼─────────────────────────────┼─────────────────┤
│ phase (UnitNormalization)            │ (None, 2)                   │               0 │
└──────────────────────────────────────┴─────────────────────────────┴─────────────────┘
 Total params: 5,586 (21.82 KB)
 Trainable params: 5,554 (21.70 KB)
 Non-trainable params: 32 (128.00 B)


2026-03-26 03:07:21.008 | INFO     | ao_compensation_model.training_search:train:262 - Parameters — trainable: 5554  non-trainable: 32  total: 5586
2026-03-26 03:07:21.071 | INFO     | ao_compensation_model.training_search:on_train_begin:130 - Training started.
2026-03-26 03:07:21.072 | INFO     | ao_compensation_model.training_search:on_train_begin:131 - Hyperparameters:
  WINDOW_SIZE: 200
  STRIDE: 20
  TARGET_LEAD: 0
  GRU_UNITS: 32
  DROPOUT_RATE: 0.2
  FILTERS: 16
  KERNEL_SIZE: 20
  POOL_SIZE: 3
  BATCH_SIZE: 64
  MAX_EPOCHS: 100
  LEARNING_RATE: 0.0005
  TRAINING_DATA_DIR: D:\01_Code\ao_compensation_model\src\ao_compensation_model\dataset\training
  MODEL_DIR: D:\01_Code\ao_compensation_model\src\ao_compensation_model\model
2026-03-26 03:07:47.975 | INFO     | ao_compensation_model.training_search:on_epoch_end:150 - Epoch   1 | val_loss: 0.219571
2026-03-26 03:08:09.411 | INFO     | ao_compensation_model.training_search:on_epoch_end:150 - Epoch   2 | val_loss: 0.182939
2026-03-26 03:08:31.247 | INFO     | ao_compensation_model.training_search:on_epoch_end:150 - Epoch   3 | val_loss: 0.186527
2026-03-26 03:08:52.039 | INFO     | ao_compensation_model.training_search:on_epoch_end:150 - Epoch   4 | val_loss: 0.185839
2026-03-26 03:08:52.074 | INFO     | ao_compensation_model.training_search:train:294 - Best model for this run saved as: gru_model.keras (val_loss=0.182939)
2026-03-26 03:08:54.101 | INFO     | ao_compensation_model.training_search:train:311 - TFLite model saved as: gru_model_edge.tflite
2026-03-26 03:08:56.071 | INFO     | ao_compensation_model.training_search:train:241 - --- Testing Config: GRU=32 | BATCH=128 | KERNEL=5 | FILTERS=4 | POOL=5 ---
2026-03-26 03:08:56.607 | INFO     | ao_compensation_model.training_search:train:259 - Model architecture:
Model: "functional"
┏━━━━━━━━━━━━━━━━━━━━━━━━━━━━━━━━━━━━━━┳━━━━━━━━━━━━━━━━━━━━━━━━━━━━━┳━━━━━━━━━━━━━━━━━┓
┃ Layer (type)                         ┃ Output Shape                ┃         Param # ┃
┡━━━━━━━━━━━━━━━━━━━━━━━━━━━━━━━━━━━━━━╇━━━━━━━━━━━━━━━━━━━━━━━━━━━━━╇━━━━━━━━━━━━━━━━━┩
│ input_layer (InputLayer)             │ (None, 200, 2)              │               0 │
├──────────────────────────────────────┼─────────────────────────────┼─────────────────┤
│ conv1d (Conv1D)                      │ (None, 200, 4)              │              44 │
├──────────────────────────────────────┼─────────────────────────────┼─────────────────┤
│ batch_normalization                  │ (None, 200, 4)              │              16 │
│ (BatchNormalization)                 │                             │                 │
├──────────────────────────────────────┼─────────────────────────────┼─────────────────┤
│ zero_padding1d (ZeroPadding1D)       │ (None, 204, 4)              │               0 │
├──────────────────────────────────────┼─────────────────────────────┼─────────────────┤
│ average_pooling1d (AveragePooling1D) │ (None, 200, 4)              │               0 │
├──────────────────────────────────────┼─────────────────────────────┼─────────────────┤
│ gru (GRU)                            │ (None, 32)                  │           3,648 │
├──────────────────────────────────────┼─────────────────────────────┼─────────────────┤
│ dense (Dense)                        │ (None, 2)                   │              66 │
├──────────────────────────────────────┼─────────────────────────────┼─────────────────┤
│ phase (UnitNormalization)            │ (None, 2)                   │               0 │
└──────────────────────────────────────┴─────────────────────────────┴─────────────────┘
 Total params: 3,774 (14.74 KB)
 Trainable params: 3,766 (14.71 KB)
 Non-trainable params: 8 (32.00 B)


2026-03-26 03:08:56.630 | INFO     | ao_compensation_model.training_search:train:262 - Parameters — trainable: 3766  non-trainable: 8  total: 3774
2026-03-26 03:08:56.712 | INFO     | ao_compensation_model.training_search:on_train_begin:130 - Training started.
2026-03-26 03:08:56.713 | INFO     | ao_compensation_model.training_search:on_train_begin:131 - Hyperparameters:
  WINDOW_SIZE: 200
  STRIDE: 20
  TARGET_LEAD: 0
  GRU_UNITS: 32
  DROPOUT_RATE: 0.2
  FILTERS: 4
  KERNEL_SIZE: 5
  POOL_SIZE: 5
  BATCH_SIZE: 128
  MAX_EPOCHS: 100
  LEARNING_RATE: 0.0005
  TRAINING_DATA_DIR: D:\01_Code\ao_compensation_model\src\ao_compensation_model\dataset\training
  MODEL_DIR: D:\01_Code\ao_compensation_model\src\ao_compensation_model\model
2026-03-26 03:09:13.770 | INFO     | ao_compensation_model.training_search:on_epoch_end:150 - Epoch   1 | val_loss: 0.305205
2026-03-26 03:09:25.653 | INFO     | ao_compensation_model.training_search:on_epoch_end:150 - Epoch   2 | val_loss: 0.236640
2026-03-26 03:09:37.462 | INFO     | ao_compensation_model.training_search:on_epoch_end:150 - Epoch   3 | val_loss: 0.210920
2026-03-26 03:09:49.290 | INFO     | ao_compensation_model.training_search:on_epoch_end:150 - Epoch   4 | val_loss: 0.204071
2026-03-26 03:10:01.011 | INFO     | ao_compensation_model.training_search:on_epoch_end:150 - Epoch   5 | val_loss: 0.189495
2026-03-26 03:10:12.617 | INFO     | ao_compensation_model.training_search:on_epoch_end:150 - Epoch   6 | val_loss: 0.198260
2026-03-26 03:10:24.455 | INFO     | ao_compensation_model.training_search:on_epoch_end:150 - Epoch   7 | val_loss: 0.189456
2026-03-26 03:10:36.276 | INFO     | ao_compensation_model.training_search:on_epoch_end:150 - Epoch   8 | val_loss: 0.194679
2026-03-26 03:10:48.128 | INFO     | ao_compensation_model.training_search:on_epoch_end:150 - Epoch   9 | val_loss: 0.202071
2026-03-26 03:10:48.161 | INFO     | ao_compensation_model.training_search:train:294 - Best model for this run saved as: gru_model.keras (val_loss=0.189456)
2026-03-26 03:10:50.254 | INFO     | ao_compensation_model.training_search:train:311 - TFLite model saved as: gru_model_edge.tflite
2026-03-26 03:10:52.157 | INFO     | ao_compensation_model.training_search:train:241 - --- Testing Config: GRU=32 | BATCH=128 | KERNEL=5 | FILTERS=4 | POOL=3 ---
2026-03-26 03:10:52.264 | INFO     | ao_compensation_model.training_search:train:259 - Model architecture:
Model: "functional"
┏━━━━━━━━━━━━━━━━━━━━━━━━━━━━━━━━━━━━━━┳━━━━━━━━━━━━━━━━━━━━━━━━━━━━━┳━━━━━━━━━━━━━━━━━┓
┃ Layer (type)                         ┃ Output Shape                ┃         Param # ┃
┡━━━━━━━━━━━━━━━━━━━━━━━━━━━━━━━━━━━━━━╇━━━━━━━━━━━━━━━━━━━━━━━━━━━━━╇━━━━━━━━━━━━━━━━━┩
│ input_layer (InputLayer)             │ (None, 200, 2)              │               0 │
├──────────────────────────────────────┼─────────────────────────────┼─────────────────┤
│ conv1d (Conv1D)                      │ (None, 200, 4)              │              44 │
├──────────────────────────────────────┼─────────────────────────────┼─────────────────┤
│ batch_normalization                  │ (None, 200, 4)              │              16 │
│ (BatchNormalization)                 │                             │                 │
├──────────────────────────────────────┼─────────────────────────────┼─────────────────┤
│ zero_padding1d (ZeroPadding1D)       │ (None, 202, 4)              │               0 │
├──────────────────────────────────────┼─────────────────────────────┼─────────────────┤
│ average_pooling1d (AveragePooling1D) │ (None, 200, 4)              │               0 │
├──────────────────────────────────────┼─────────────────────────────┼─────────────────┤
│ gru (GRU)                            │ (None, 32)                  │           3,648 │
├──────────────────────────────────────┼─────────────────────────────┼─────────────────┤
│ dense (Dense)                        │ (None, 2)                   │              66 │
├──────────────────────────────────────┼─────────────────────────────┼─────────────────┤
│ phase (UnitNormalization)            │ (None, 2)                   │               0 │
└──────────────────────────────────────┴─────────────────────────────┴─────────────────┘
 Total params: 3,774 (14.74 KB)
 Trainable params: 3,766 (14.71 KB)
 Non-trainable params: 8 (32.00 B)


2026-03-26 03:10:52.277 | INFO     | ao_compensation_model.training_search:train:262 - Parameters — trainable: 3766  non-trainable: 8  total: 3774
2026-03-26 03:10:52.351 | INFO     | ao_compensation_model.training_search:on_train_begin:130 - Training started.
2026-03-26 03:10:52.352 | INFO     | ao_compensation_model.training_search:on_train_begin:131 - Hyperparameters:
  WINDOW_SIZE: 200
  STRIDE: 20
  TARGET_LEAD: 0
  GRU_UNITS: 32
  DROPOUT_RATE: 0.2
  FILTERS: 4
  KERNEL_SIZE: 5
  POOL_SIZE: 3
  BATCH_SIZE: 128
  MAX_EPOCHS: 100
  LEARNING_RATE: 0.0005
  TRAINING_DATA_DIR: D:\01_Code\ao_compensation_model\src\ao_compensation_model\dataset\training
  MODEL_DIR: D:\01_Code\ao_compensation_model\src\ao_compensation_model\model
2026-03-26 03:11:09.400 | INFO     | ao_compensation_model.training_search:on_epoch_end:150 - Epoch   1 | val_loss: 0.338926
2026-03-26 03:11:20.093 | INFO     | ao_compensation_model.training_search:on_epoch_end:150 - Epoch   2 | val_loss: 0.240819
2026-03-26 03:11:30.809 | INFO     | ao_compensation_model.training_search:on_epoch_end:150 - Epoch   3 | val_loss: 0.201702
2026-03-26 03:11:41.378 | INFO     | ao_compensation_model.training_search:on_epoch_end:150 - Epoch   4 | val_loss: 0.197514
2026-03-26 03:11:52.459 | INFO     | ao_compensation_model.training_search:on_epoch_end:150 - Epoch   5 | val_loss: 0.208390
2026-03-26 03:12:03.735 | INFO     | ao_compensation_model.training_search:on_epoch_end:150 - Epoch   6 | val_loss: 0.209955
2026-03-26 03:12:03.767 | INFO     | ao_compensation_model.training_search:train:294 - Best model for this run saved as: gru_model.keras (val_loss=0.197514)
2026-03-26 03:12:06.784 | INFO     | ao_compensation_model.training_search:train:311 - TFLite model saved as: gru_model_edge.tflite
2026-03-26 03:12:08.707 | INFO     | ao_compensation_model.training_search:train:241 - --- Testing Config: GRU=32 | BATCH=128 | KERNEL=5 | FILTERS=8 | POOL=5 ---
2026-03-26 03:12:08.813 | INFO     | ao_compensation_model.training_search:train:259 - Model architecture:
Model: "functional"
┏━━━━━━━━━━━━━━━━━━━━━━━━━━━━━━━━━━━━━━┳━━━━━━━━━━━━━━━━━━━━━━━━━━━━━┳━━━━━━━━━━━━━━━━━┓
┃ Layer (type)                         ┃ Output Shape                ┃         Param # ┃
┡━━━━━━━━━━━━━━━━━━━━━━━━━━━━━━━━━━━━━━╇━━━━━━━━━━━━━━━━━━━━━━━━━━━━━╇━━━━━━━━━━━━━━━━━┩
│ input_layer (InputLayer)             │ (None, 200, 2)              │               0 │
├──────────────────────────────────────┼─────────────────────────────┼─────────────────┤
│ conv1d (Conv1D)                      │ (None, 200, 8)              │              88 │
├──────────────────────────────────────┼─────────────────────────────┼─────────────────┤
│ batch_normalization                  │ (None, 200, 8)              │              32 │
│ (BatchNormalization)                 │                             │                 │
├──────────────────────────────────────┼─────────────────────────────┼─────────────────┤
│ zero_padding1d (ZeroPadding1D)       │ (None, 204, 8)              │               0 │
├──────────────────────────────────────┼─────────────────────────────┼─────────────────┤
│ average_pooling1d (AveragePooling1D) │ (None, 200, 8)              │               0 │
├──────────────────────────────────────┼─────────────────────────────┼─────────────────┤
│ gru (GRU)                            │ (None, 32)                  │           4,032 │
├──────────────────────────────────────┼─────────────────────────────┼─────────────────┤
│ dense (Dense)                        │ (None, 2)                   │              66 │
├──────────────────────────────────────┼─────────────────────────────┼─────────────────┤
│ phase (UnitNormalization)            │ (None, 2)                   │               0 │
└──────────────────────────────────────┴─────────────────────────────┴─────────────────┘
 Total params: 4,218 (16.48 KB)
 Trainable params: 4,202 (16.41 KB)
 Non-trainable params: 16 (64.00 B)


2026-03-26 03:12:08.826 | INFO     | ao_compensation_model.training_search:train:262 - Parameters — trainable: 4202  non-trainable: 16  total: 4218
2026-03-26 03:12:08.899 | INFO     | ao_compensation_model.training_search:on_train_begin:130 - Training started.
2026-03-26 03:12:08.900 | INFO     | ao_compensation_model.training_search:on_train_begin:131 - Hyperparameters:
  WINDOW_SIZE: 200
  STRIDE: 20
  TARGET_LEAD: 0
  GRU_UNITS: 32
  DROPOUT_RATE: 0.2
  FILTERS: 8
  KERNEL_SIZE: 5
  POOL_SIZE: 5
  BATCH_SIZE: 128
  MAX_EPOCHS: 100
  LEARNING_RATE: 0.0005
  TRAINING_DATA_DIR: D:\01_Code\ao_compensation_model\src\ao_compensation_model\dataset\training
  MODEL_DIR: D:\01_Code\ao_compensation_model\src\ao_compensation_model\model
2026-03-26 03:12:25.872 | INFO     | ao_compensation_model.training_search:on_epoch_end:150 - Epoch   1 | val_loss: 0.312234
2026-03-26 03:12:37.913 | INFO     | ao_compensation_model.training_search:on_epoch_end:150 - Epoch   2 | val_loss: 0.241922
2026-03-26 03:12:49.923 | INFO     | ao_compensation_model.training_search:on_epoch_end:150 - Epoch   3 | val_loss: 0.190805
2026-03-26 03:13:01.824 | INFO     | ao_compensation_model.training_search:on_epoch_end:150 - Epoch   4 | val_loss: 0.191111
2026-03-26 03:13:13.743 | INFO     | ao_compensation_model.training_search:on_epoch_end:150 - Epoch   5 | val_loss: 0.191162
2026-03-26 03:13:13.772 | INFO     | ao_compensation_model.training_search:train:294 - Best model for this run saved as: gru_model.keras (val_loss=0.190805)
2026-03-26 03:13:15.823 | INFO     | ao_compensation_model.training_search:train:311 - TFLite model saved as: gru_model_edge.tflite
2026-03-26 03:13:17.817 | INFO     | ao_compensation_model.training_search:train:241 - --- Testing Config: GRU=32 | BATCH=128 | KERNEL=5 | FILTERS=8 | POOL=3 ---
2026-03-26 03:13:17.950 | INFO     | ao_compensation_model.training_search:train:259 - Model architecture:
Model: "functional"
┏━━━━━━━━━━━━━━━━━━━━━━━━━━━━━━━━━━━━━━┳━━━━━━━━━━━━━━━━━━━━━━━━━━━━━┳━━━━━━━━━━━━━━━━━┓
┃ Layer (type)                         ┃ Output Shape                ┃         Param # ┃
┡━━━━━━━━━━━━━━━━━━━━━━━━━━━━━━━━━━━━━━╇━━━━━━━━━━━━━━━━━━━━━━━━━━━━━╇━━━━━━━━━━━━━━━━━┩
│ input_layer (InputLayer)             │ (None, 200, 2)              │               0 │
├──────────────────────────────────────┼─────────────────────────────┼─────────────────┤
│ conv1d (Conv1D)                      │ (None, 200, 8)              │              88 │
├──────────────────────────────────────┼─────────────────────────────┼─────────────────┤
│ batch_normalization                  │ (None, 200, 8)              │              32 │
│ (BatchNormalization)                 │                             │                 │
├──────────────────────────────────────┼─────────────────────────────┼─────────────────┤
│ zero_padding1d (ZeroPadding1D)       │ (None, 202, 8)              │               0 │
├──────────────────────────────────────┼─────────────────────────────┼─────────────────┤
│ average_pooling1d (AveragePooling1D) │ (None, 200, 8)              │               0 │
├──────────────────────────────────────┼─────────────────────────────┼─────────────────┤
│ gru (GRU)                            │ (None, 32)                  │           4,032 │
├──────────────────────────────────────┼─────────────────────────────┼─────────────────┤
│ dense (Dense)                        │ (None, 2)                   │              66 │
├──────────────────────────────────────┼─────────────────────────────┼─────────────────┤
│ phase (UnitNormalization)            │ (None, 2)                   │               0 │
└──────────────────────────────────────┴─────────────────────────────┴─────────────────┘
 Total params: 4,218 (16.48 KB)
 Trainable params: 4,202 (16.41 KB)
 Non-trainable params: 16 (64.00 B)


2026-03-26 03:13:17.969 | INFO     | ao_compensation_model.training_search:train:262 - Parameters — trainable: 4202  non-trainable: 16  total: 4218
2026-03-26 03:13:18.066 | INFO     | ao_compensation_model.training_search:on_train_begin:130 - Training started.
2026-03-26 03:13:18.067 | INFO     | ao_compensation_model.training_search:on_train_begin:131 - Hyperparameters:
  WINDOW_SIZE: 200
  STRIDE: 20
  TARGET_LEAD: 0
  GRU_UNITS: 32
  DROPOUT_RATE: 0.2
  FILTERS: 8
  KERNEL_SIZE: 5
  POOL_SIZE: 3
  BATCH_SIZE: 128
  MAX_EPOCHS: 100
  LEARNING_RATE: 0.0005
  TRAINING_DATA_DIR: D:\01_Code\ao_compensation_model\src\ao_compensation_model\dataset\training
  MODEL_DIR: D:\01_Code\ao_compensation_model\src\ao_compensation_model\model
2026-03-26 03:13:36.213 | INFO     | ao_compensation_model.training_search:on_epoch_end:150 - Epoch   1 | val_loss: 0.293798
2026-03-26 03:13:48.863 | INFO     | ao_compensation_model.training_search:on_epoch_end:150 - Epoch   2 | val_loss: 0.254087
2026-03-26 03:14:00.728 | INFO     | ao_compensation_model.training_search:on_epoch_end:150 - Epoch   3 | val_loss: 0.199596
2026-03-26 03:14:12.584 | INFO     | ao_compensation_model.training_search:on_epoch_end:150 - Epoch   4 | val_loss: 0.195816
2026-03-26 03:14:24.595 | INFO     | ao_compensation_model.training_search:on_epoch_end:150 - Epoch   5 | val_loss: 0.198109
2026-03-26 03:14:36.431 | INFO     | ao_compensation_model.training_search:on_epoch_end:150 - Epoch   6 | val_loss: 0.197579
2026-03-26 03:14:36.462 | INFO     | ao_compensation_model.training_search:train:294 - Best model for this run saved as: gru_model.keras (val_loss=0.195816)
2026-03-26 03:14:38.605 | INFO     | ao_compensation_model.training_search:train:311 - TFLite model saved as: gru_model_edge.tflite
2026-03-26 03:14:41.458 | INFO     | ao_compensation_model.training_search:train:241 - --- Testing Config: GRU=32 | BATCH=128 | KERNEL=5 | FILTERS=16 | POOL=5 ---
2026-03-26 03:14:41.574 | INFO     | ao_compensation_model.training_search:train:259 - Model architecture:
Model: "functional"
┏━━━━━━━━━━━━━━━━━━━━━━━━━━━━━━━━━━━━━━┳━━━━━━━━━━━━━━━━━━━━━━━━━━━━━┳━━━━━━━━━━━━━━━━━┓
┃ Layer (type)                         ┃ Output Shape                ┃         Param # ┃
┡━━━━━━━━━━━━━━━━━━━━━━━━━━━━━━━━━━━━━━╇━━━━━━━━━━━━━━━━━━━━━━━━━━━━━╇━━━━━━━━━━━━━━━━━┩
│ input_layer (InputLayer)             │ (None, 200, 2)              │               0 │
├──────────────────────────────────────┼─────────────────────────────┼─────────────────┤
│ conv1d (Conv1D)                      │ (None, 200, 16)             │             176 │
├──────────────────────────────────────┼─────────────────────────────┼─────────────────┤
│ batch_normalization                  │ (None, 200, 16)             │              64 │
│ (BatchNormalization)                 │                             │                 │
├──────────────────────────────────────┼─────────────────────────────┼─────────────────┤
│ zero_padding1d (ZeroPadding1D)       │ (None, 204, 16)             │               0 │
├──────────────────────────────────────┼─────────────────────────────┼─────────────────┤
│ average_pooling1d (AveragePooling1D) │ (None, 200, 16)             │               0 │
├──────────────────────────────────────┼─────────────────────────────┼─────────────────┤
│ gru (GRU)                            │ (None, 32)                  │           4,800 │
├──────────────────────────────────────┼─────────────────────────────┼─────────────────┤
│ dense (Dense)                        │ (None, 2)                   │              66 │
├──────────────────────────────────────┼─────────────────────────────┼─────────────────┤
│ phase (UnitNormalization)            │ (None, 2)                   │               0 │
└──────────────────────────────────────┴─────────────────────────────┴─────────────────┘
 Total params: 5,106 (19.95 KB)
 Trainable params: 5,074 (19.82 KB)
 Non-trainable params: 32 (128.00 B)


2026-03-26 03:14:41.585 | INFO     | ao_compensation_model.training_search:train:262 - Parameters — trainable: 5074  non-trainable: 32  total: 5106
2026-03-26 03:14:41.688 | INFO     | ao_compensation_model.training_search:on_train_begin:130 - Training started.
2026-03-26 03:14:41.689 | INFO     | ao_compensation_model.training_search:on_train_begin:131 - Hyperparameters:
  WINDOW_SIZE: 200
  STRIDE: 20
  TARGET_LEAD: 0
  GRU_UNITS: 32
  DROPOUT_RATE: 0.2
  FILTERS: 16
  KERNEL_SIZE: 5
  POOL_SIZE: 5
  BATCH_SIZE: 128
  MAX_EPOCHS: 100
  LEARNING_RATE: 0.0005
  TRAINING_DATA_DIR: D:\01_Code\ao_compensation_model\src\ao_compensation_model\dataset\training
  MODEL_DIR: D:\01_Code\ao_compensation_model\src\ao_compensation_model\model
2026-03-26 03:14:59.797 | INFO     | ao_compensation_model.training_search:on_epoch_end:150 - Epoch   1 | val_loss: 0.351817
2026-03-26 03:15:13.135 | INFO     | ao_compensation_model.training_search:on_epoch_end:150 - Epoch   2 | val_loss: 0.280201
2026-03-26 03:15:26.471 | INFO     | ao_compensation_model.training_search:on_epoch_end:150 - Epoch   3 | val_loss: 0.216804
2026-03-26 03:15:39.685 | INFO     | ao_compensation_model.training_search:on_epoch_end:150 - Epoch   4 | val_loss: 0.198434
2026-03-26 03:15:52.846 | INFO     | ao_compensation_model.training_search:on_epoch_end:150 - Epoch   5 | val_loss: 0.194665
2026-03-26 03:16:06.271 | INFO     | ao_compensation_model.training_search:on_epoch_end:150 - Epoch   6 | val_loss: 0.200079
2026-03-26 03:16:19.456 | INFO     | ao_compensation_model.training_search:on_epoch_end:150 - Epoch   7 | val_loss: 0.193308
2026-03-26 03:16:32.686 | INFO     | ao_compensation_model.training_search:on_epoch_end:150 - Epoch   8 | val_loss: 0.192248
2026-03-26 03:16:46.006 | INFO     | ao_compensation_model.training_search:on_epoch_end:150 - Epoch   9 | val_loss: 0.191012
2026-03-26 03:16:59.539 | INFO     | ao_compensation_model.training_search:on_epoch_end:150 - Epoch  10 | val_loss: 0.175922
2026-03-26 03:17:13.187 | INFO     | ao_compensation_model.training_search:on_epoch_end:150 - Epoch  11 | val_loss: 0.183235
2026-03-26 03:17:26.585 | INFO     | ao_compensation_model.training_search:on_epoch_end:150 - Epoch  12 | val_loss: 0.178948
2026-03-26 03:17:26.617 | INFO     | ao_compensation_model.training_search:train:294 - Best model for this run saved as: gru_model.keras (val_loss=0.175922)
2026-03-26 03:17:28.625 | INFO     | ao_compensation_model.training_search:train:311 - TFLite model saved as: gru_model_edge.tflite
2026-03-26 03:17:30.701 | INFO     | ao_compensation_model.training_search:train:241 - --- Testing Config: GRU=32 | BATCH=128 | KERNEL=5 | FILTERS=16 | POOL=3 ---
2026-03-26 03:17:30.821 | INFO     | ao_compensation_model.training_search:train:259 - Model architecture:
Model: "functional"
┏━━━━━━━━━━━━━━━━━━━━━━━━━━━━━━━━━━━━━━┳━━━━━━━━━━━━━━━━━━━━━━━━━━━━━┳━━━━━━━━━━━━━━━━━┓
┃ Layer (type)                         ┃ Output Shape                ┃         Param # ┃
┡━━━━━━━━━━━━━━━━━━━━━━━━━━━━━━━━━━━━━━╇━━━━━━━━━━━━━━━━━━━━━━━━━━━━━╇━━━━━━━━━━━━━━━━━┩
│ input_layer (InputLayer)             │ (None, 200, 2)              │               0 │
├──────────────────────────────────────┼─────────────────────────────┼─────────────────┤
│ conv1d (Conv1D)                      │ (None, 200, 16)             │             176 │
├──────────────────────────────────────┼─────────────────────────────┼─────────────────┤
│ batch_normalization                  │ (None, 200, 16)             │              64 │
│ (BatchNormalization)                 │                             │                 │
├──────────────────────────────────────┼─────────────────────────────┼─────────────────┤
│ zero_padding1d (ZeroPadding1D)       │ (None, 202, 16)             │               0 │
├──────────────────────────────────────┼─────────────────────────────┼─────────────────┤
│ average_pooling1d (AveragePooling1D) │ (None, 200, 16)             │               0 │
├──────────────────────────────────────┼─────────────────────────────┼─────────────────┤
│ gru (GRU)                            │ (None, 32)                  │           4,800 │
├──────────────────────────────────────┼─────────────────────────────┼─────────────────┤
│ dense (Dense)                        │ (None, 2)                   │              66 │
├──────────────────────────────────────┼─────────────────────────────┼─────────────────┤
│ phase (UnitNormalization)            │ (None, 2)                   │               0 │
└──────────────────────────────────────┴─────────────────────────────┴─────────────────┘
 Total params: 5,106 (19.95 KB)
 Trainable params: 5,074 (19.82 KB)
 Non-trainable params: 32 (128.00 B)


2026-03-26 03:17:30.834 | INFO     | ao_compensation_model.training_search:train:262 - Parameters — trainable: 5074  non-trainable: 32  total: 5106
2026-03-26 03:17:30.914 | INFO     | ao_compensation_model.training_search:on_train_begin:130 - Training started.
2026-03-26 03:17:30.915 | INFO     | ao_compensation_model.training_search:on_train_begin:131 - Hyperparameters:
  WINDOW_SIZE: 200
  STRIDE: 20
  TARGET_LEAD: 0
  GRU_UNITS: 32
  DROPOUT_RATE: 0.2
  FILTERS: 16
  KERNEL_SIZE: 5
  POOL_SIZE: 3
  BATCH_SIZE: 128
  MAX_EPOCHS: 100
  LEARNING_RATE: 0.0005
  TRAINING_DATA_DIR: D:\01_Code\ao_compensation_model\src\ao_compensation_model\dataset\training
  MODEL_DIR: D:\01_Code\ao_compensation_model\src\ao_compensation_model\model
2026-03-26 03:17:50.206 | INFO     | ao_compensation_model.training_search:on_epoch_end:150 - Epoch   1 | val_loss: 0.333526
2026-03-26 03:18:03.730 | INFO     | ao_compensation_model.training_search:on_epoch_end:150 - Epoch   2 | val_loss: 0.259450
2026-03-26 03:18:16.883 | INFO     | ao_compensation_model.training_search:on_epoch_end:150 - Epoch   3 | val_loss: 0.200785
2026-03-26 03:18:30.190 | INFO     | ao_compensation_model.training_search:on_epoch_end:150 - Epoch   4 | val_loss: 0.193203
2026-03-26 03:18:43.297 | INFO     | ao_compensation_model.training_search:on_epoch_end:150 - Epoch   5 | val_loss: 0.185200
2026-03-26 03:18:56.452 | INFO     | ao_compensation_model.training_search:on_epoch_end:150 - Epoch   6 | val_loss: 0.191839
2026-03-26 03:19:09.493 | INFO     | ao_compensation_model.training_search:on_epoch_end:150 - Epoch   7 | val_loss: 0.189970
2026-03-26 03:19:09.524 | INFO     | ao_compensation_model.training_search:train:294 - Best model for this run saved as: gru_model.keras (val_loss=0.185200)
2026-03-26 03:19:11.696 | INFO     | ao_compensation_model.training_search:train:311 - TFLite model saved as: gru_model_edge.tflite
2026-03-26 03:19:13.681 | INFO     | ao_compensation_model.training_search:train:241 - --- Testing Config: GRU=32 | BATCH=128 | KERNEL=10 | FILTERS=4 | POOL=5 ---
2026-03-26 03:19:13.808 | INFO     | ao_compensation_model.training_search:train:259 - Model architecture:
Model: "functional"
┏━━━━━━━━━━━━━━━━━━━━━━━━━━━━━━━━━━━━━━┳━━━━━━━━━━━━━━━━━━━━━━━━━━━━━┳━━━━━━━━━━━━━━━━━┓
┃ Layer (type)                         ┃ Output Shape                ┃         Param # ┃
┡━━━━━━━━━━━━━━━━━━━━━━━━━━━━━━━━━━━━━━╇━━━━━━━━━━━━━━━━━━━━━━━━━━━━━╇━━━━━━━━━━━━━━━━━┩
│ input_layer (InputLayer)             │ (None, 200, 2)              │               0 │
├──────────────────────────────────────┼─────────────────────────────┼─────────────────┤
│ conv1d (Conv1D)                      │ (None, 200, 4)              │              84 │
├──────────────────────────────────────┼─────────────────────────────┼─────────────────┤
│ batch_normalization                  │ (None, 200, 4)              │              16 │
│ (BatchNormalization)                 │                             │                 │
├──────────────────────────────────────┼─────────────────────────────┼─────────────────┤
│ zero_padding1d (ZeroPadding1D)       │ (None, 204, 4)              │               0 │
├──────────────────────────────────────┼─────────────────────────────┼─────────────────┤
│ average_pooling1d (AveragePooling1D) │ (None, 200, 4)              │               0 │
├──────────────────────────────────────┼─────────────────────────────┼─────────────────┤
│ gru (GRU)                            │ (None, 32)                  │           3,648 │
├──────────────────────────────────────┼─────────────────────────────┼─────────────────┤
│ dense (Dense)                        │ (None, 2)                   │              66 │
├──────────────────────────────────────┼─────────────────────────────┼─────────────────┤
│ phase (UnitNormalization)            │ (None, 2)                   │               0 │
└──────────────────────────────────────┴─────────────────────────────┴─────────────────┘
 Total params: 3,814 (14.90 KB)
 Trainable params: 3,806 (14.87 KB)
 Non-trainable params: 8 (32.00 B)


2026-03-26 03:19:13.826 | INFO     | ao_compensation_model.training_search:train:262 - Parameters — trainable: 3806  non-trainable: 8  total: 3814
2026-03-26 03:19:13.926 | INFO     | ao_compensation_model.training_search:on_train_begin:130 - Training started.
2026-03-26 03:19:13.927 | INFO     | ao_compensation_model.training_search:on_train_begin:131 - Hyperparameters:
  WINDOW_SIZE: 200
  STRIDE: 20
  TARGET_LEAD: 0
  GRU_UNITS: 32
  DROPOUT_RATE: 0.2
  FILTERS: 4
  KERNEL_SIZE: 10
  POOL_SIZE: 5
  BATCH_SIZE: 128
  MAX_EPOCHS: 100
  LEARNING_RATE: 0.0005
  TRAINING_DATA_DIR: D:\01_Code\ao_compensation_model\src\ao_compensation_model\dataset\training
  MODEL_DIR: D:\01_Code\ao_compensation_model\src\ao_compensation_model\model
2026-03-26 03:19:31.017 | INFO     | ao_compensation_model.training_search:on_epoch_end:150 - Epoch   1 | val_loss: 0.256179
2026-03-26 03:19:43.172 | INFO     | ao_compensation_model.training_search:on_epoch_end:150 - Epoch   2 | val_loss: 0.233791
2026-03-26 03:19:55.584 | INFO     | ao_compensation_model.training_search:on_epoch_end:150 - Epoch   3 | val_loss: 0.211086
2026-03-26 03:20:08.156 | INFO     | ao_compensation_model.training_search:on_epoch_end:150 - Epoch   4 | val_loss: 0.199327
2026-03-26 03:20:20.562 | INFO     | ao_compensation_model.training_search:on_epoch_end:150 - Epoch   5 | val_loss: 0.204044
2026-03-26 03:20:32.307 | INFO     | ao_compensation_model.training_search:on_epoch_end:150 - Epoch   6 | val_loss: 0.198762
2026-03-26 03:20:44.547 | INFO     | ao_compensation_model.training_search:on_epoch_end:150 - Epoch   7 | val_loss: 0.207916
2026-03-26 03:20:56.899 | INFO     | ao_compensation_model.training_search:on_epoch_end:150 - Epoch   8 | val_loss: 0.210089
2026-03-26 03:20:56.929 | INFO     | ao_compensation_model.training_search:train:294 - Best model for this run saved as: gru_model.keras (val_loss=0.198762)
2026-03-26 03:20:59.597 | INFO     | ao_compensation_model.training_search:train:311 - TFLite model saved as: gru_model_edge.tflite
2026-03-26 03:21:01.856 | INFO     | ao_compensation_model.training_search:train:241 - --- Testing Config: GRU=32 | BATCH=128 | KERNEL=10 | FILTERS=4 | POOL=3 ---
2026-03-26 03:21:01.991 | INFO     | ao_compensation_model.training_search:train:259 - Model architecture:
Model: "functional"
┏━━━━━━━━━━━━━━━━━━━━━━━━━━━━━━━━━━━━━━┳━━━━━━━━━━━━━━━━━━━━━━━━━━━━━┳━━━━━━━━━━━━━━━━━┓
┃ Layer (type)                         ┃ Output Shape                ┃         Param # ┃
┡━━━━━━━━━━━━━━━━━━━━━━━━━━━━━━━━━━━━━━╇━━━━━━━━━━━━━━━━━━━━━━━━━━━━━╇━━━━━━━━━━━━━━━━━┩
│ input_layer (InputLayer)             │ (None, 200, 2)              │               0 │
├──────────────────────────────────────┼─────────────────────────────┼─────────────────┤
│ conv1d (Conv1D)                      │ (None, 200, 4)              │              84 │
├──────────────────────────────────────┼─────────────────────────────┼─────────────────┤
│ batch_normalization                  │ (None, 200, 4)              │              16 │
│ (BatchNormalization)                 │                             │                 │
├──────────────────────────────────────┼─────────────────────────────┼─────────────────┤
│ zero_padding1d (ZeroPadding1D)       │ (None, 202, 4)              │               0 │
├──────────────────────────────────────┼─────────────────────────────┼─────────────────┤
│ average_pooling1d (AveragePooling1D) │ (None, 200, 4)              │               0 │
├──────────────────────────────────────┼─────────────────────────────┼─────────────────┤
│ gru (GRU)                            │ (None, 32)                  │           3,648 │
├──────────────────────────────────────┼─────────────────────────────┼─────────────────┤
│ dense (Dense)                        │ (None, 2)                   │              66 │
├──────────────────────────────────────┼─────────────────────────────┼─────────────────┤
│ phase (UnitNormalization)            │ (None, 2)                   │               0 │
└──────────────────────────────────────┴─────────────────────────────┴─────────────────┘
 Total params: 3,814 (14.90 KB)
 Trainable params: 3,806 (14.87 KB)
 Non-trainable params: 8 (32.00 B)


2026-03-26 03:21:02.006 | INFO     | ao_compensation_model.training_search:train:262 - Parameters — trainable: 3806  non-trainable: 8  total: 3814
2026-03-26 03:21:02.087 | INFO     | ao_compensation_model.training_search:on_train_begin:130 - Training started.
2026-03-26 03:21:02.088 | INFO     | ao_compensation_model.training_search:on_train_begin:131 - Hyperparameters:
  WINDOW_SIZE: 200
  STRIDE: 20
  TARGET_LEAD: 0
  GRU_UNITS: 32
  DROPOUT_RATE: 0.2
  FILTERS: 4
  KERNEL_SIZE: 10
  POOL_SIZE: 3
  BATCH_SIZE: 128
  MAX_EPOCHS: 100
  LEARNING_RATE: 0.0005
  TRAINING_DATA_DIR: D:\01_Code\ao_compensation_model\src\ao_compensation_model\dataset\training
  MODEL_DIR: D:\01_Code\ao_compensation_model\src\ao_compensation_model\model
2026-03-26 03:21:19.527 | INFO     | ao_compensation_model.training_search:on_epoch_end:150 - Epoch   1 | val_loss: 0.272527
2026-03-26 03:21:31.875 | INFO     | ao_compensation_model.training_search:on_epoch_end:150 - Epoch   2 | val_loss: 0.228170
2026-03-26 03:21:44.076 | INFO     | ao_compensation_model.training_search:on_epoch_end:150 - Epoch   3 | val_loss: 0.206595
2026-03-26 03:21:56.466 | INFO     | ao_compensation_model.training_search:on_epoch_end:150 - Epoch   4 | val_loss: 0.197022
2026-03-26 03:22:09.023 | INFO     | ao_compensation_model.training_search:on_epoch_end:150 - Epoch   5 | val_loss: 0.191744
2026-03-26 03:22:21.465 | INFO     | ao_compensation_model.training_search:on_epoch_end:150 - Epoch   6 | val_loss: 0.187107
2026-03-26 03:22:33.515 | INFO     | ao_compensation_model.training_search:on_epoch_end:150 - Epoch   7 | val_loss: 0.197495
2026-03-26 03:22:45.867 | INFO     | ao_compensation_model.training_search:on_epoch_end:150 - Epoch   8 | val_loss: 0.194772
2026-03-26 03:22:45.905 | INFO     | ao_compensation_model.training_search:train:294 - Best model for this run saved as: gru_model.keras (val_loss=0.187107)
2026-03-26 03:22:47.841 | INFO     | ao_compensation_model.training_search:train:311 - TFLite model saved as: gru_model_edge.tflite
2026-03-26 03:22:49.925 | INFO     | ao_compensation_model.training_search:train:241 - --- Testing Config: GRU=32 | BATCH=128 | KERNEL=10 | FILTERS=8 | POOL=5 ---
2026-03-26 03:22:50.067 | INFO     | ao_compensation_model.training_search:train:259 - Model architecture:
Model: "functional"
┏━━━━━━━━━━━━━━━━━━━━━━━━━━━━━━━━━━━━━━┳━━━━━━━━━━━━━━━━━━━━━━━━━━━━━┳━━━━━━━━━━━━━━━━━┓
┃ Layer (type)                         ┃ Output Shape                ┃         Param # ┃
┡━━━━━━━━━━━━━━━━━━━━━━━━━━━━━━━━━━━━━━╇━━━━━━━━━━━━━━━━━━━━━━━━━━━━━╇━━━━━━━━━━━━━━━━━┩
│ input_layer (InputLayer)             │ (None, 200, 2)              │               0 │
├──────────────────────────────────────┼─────────────────────────────┼─────────────────┤
│ conv1d (Conv1D)                      │ (None, 200, 8)              │             168 │
├──────────────────────────────────────┼─────────────────────────────┼─────────────────┤
│ batch_normalization                  │ (None, 200, 8)              │              32 │
│ (BatchNormalization)                 │                             │                 │
├──────────────────────────────────────┼─────────────────────────────┼─────────────────┤
│ zero_padding1d (ZeroPadding1D)       │ (None, 204, 8)              │               0 │
├──────────────────────────────────────┼─────────────────────────────┼─────────────────┤
│ average_pooling1d (AveragePooling1D) │ (None, 200, 8)              │               0 │
├──────────────────────────────────────┼─────────────────────────────┼─────────────────┤
│ gru (GRU)                            │ (None, 32)                  │           4,032 │
├──────────────────────────────────────┼─────────────────────────────┼─────────────────┤
│ dense (Dense)                        │ (None, 2)                   │              66 │
├──────────────────────────────────────┼─────────────────────────────┼─────────────────┤
│ phase (UnitNormalization)            │ (None, 2)                   │               0 │
└──────────────────────────────────────┴─────────────────────────────┴─────────────────┘
 Total params: 4,298 (16.79 KB)
 Trainable params: 4,282 (16.73 KB)
 Non-trainable params: 16 (64.00 B)


2026-03-26 03:22:50.079 | INFO     | ao_compensation_model.training_search:train:262 - Parameters — trainable: 4282  non-trainable: 16  total: 4298
2026-03-26 03:22:50.146 | INFO     | ao_compensation_model.training_search:on_train_begin:130 - Training started.
2026-03-26 03:22:50.147 | INFO     | ao_compensation_model.training_search:on_train_begin:131 - Hyperparameters:
  WINDOW_SIZE: 200
  STRIDE: 20
  TARGET_LEAD: 0
  GRU_UNITS: 32
  DROPOUT_RATE: 0.2
  FILTERS: 8
  KERNEL_SIZE: 10
  POOL_SIZE: 5
  BATCH_SIZE: 128
  MAX_EPOCHS: 100
  LEARNING_RATE: 0.0005
  TRAINING_DATA_DIR: D:\01_Code\ao_compensation_model\src\ao_compensation_model\dataset\training
  MODEL_DIR: D:\01_Code\ao_compensation_model\src\ao_compensation_model\model
2026-03-26 03:23:08.816 | INFO     | ao_compensation_model.training_search:on_epoch_end:150 - Epoch   1 | val_loss: 0.315816
2026-03-26 03:23:21.622 | INFO     | ao_compensation_model.training_search:on_epoch_end:150 - Epoch   2 | val_loss: 0.247803
2026-03-26 03:23:34.471 | INFO     | ao_compensation_model.training_search:on_epoch_end:150 - Epoch   3 | val_loss: 0.215631
2026-03-26 03:23:47.442 | INFO     | ao_compensation_model.training_search:on_epoch_end:150 - Epoch   4 | val_loss: 0.202388
2026-03-26 03:23:59.837 | INFO     | ao_compensation_model.training_search:on_epoch_end:150 - Epoch   5 | val_loss: 0.194030
2026-03-26 03:24:12.340 | INFO     | ao_compensation_model.training_search:on_epoch_end:150 - Epoch   6 | val_loss: 0.195789
2026-03-26 03:24:25.144 | INFO     | ao_compensation_model.training_search:on_epoch_end:150 - Epoch   7 | val_loss: 0.189914
2026-03-26 03:24:37.834 | INFO     | ao_compensation_model.training_search:on_epoch_end:150 - Epoch   8 | val_loss: 0.192344
2026-03-26 03:24:50.497 | INFO     | ao_compensation_model.training_search:on_epoch_end:150 - Epoch   9 | val_loss: 0.189819
2026-03-26 03:25:03.106 | INFO     | ao_compensation_model.training_search:on_epoch_end:150 - Epoch  10 | val_loss: 0.191371
2026-03-26 03:25:15.756 | INFO     | ao_compensation_model.training_search:on_epoch_end:150 - Epoch  11 | val_loss: 0.191674
2026-03-26 03:25:15.788 | INFO     | ao_compensation_model.training_search:train:294 - Best model for this run saved as: gru_model.keras (val_loss=0.189819)
2026-03-26 03:25:17.856 | INFO     | ao_compensation_model.training_search:train:311 - TFLite model saved as: gru_model_edge.tflite
2026-03-26 03:25:20.247 | INFO     | ao_compensation_model.training_search:train:241 - --- Testing Config: GRU=32 | BATCH=128 | KERNEL=10 | FILTERS=8 | POOL=3 ---
2026-03-26 03:25:20.592 | INFO     | ao_compensation_model.training_search:train:259 - Model architecture:
Model: "functional"
┏━━━━━━━━━━━━━━━━━━━━━━━━━━━━━━━━━━━━━━┳━━━━━━━━━━━━━━━━━━━━━━━━━━━━━┳━━━━━━━━━━━━━━━━━┓
┃ Layer (type)                         ┃ Output Shape                ┃         Param # ┃
┡━━━━━━━━━━━━━━━━━━━━━━━━━━━━━━━━━━━━━━╇━━━━━━━━━━━━━━━━━━━━━━━━━━━━━╇━━━━━━━━━━━━━━━━━┩
│ input_layer (InputLayer)             │ (None, 200, 2)              │               0 │
├──────────────────────────────────────┼─────────────────────────────┼─────────────────┤
│ conv1d (Conv1D)                      │ (None, 200, 8)              │             168 │
├──────────────────────────────────────┼─────────────────────────────┼─────────────────┤
│ batch_normalization                  │ (None, 200, 8)              │              32 │
│ (BatchNormalization)                 │                             │                 │
├──────────────────────────────────────┼─────────────────────────────┼─────────────────┤
│ zero_padding1d (ZeroPadding1D)       │ (None, 202, 8)              │               0 │
├──────────────────────────────────────┼─────────────────────────────┼─────────────────┤
│ average_pooling1d (AveragePooling1D) │ (None, 200, 8)              │               0 │
├──────────────────────────────────────┼─────────────────────────────┼─────────────────┤
│ gru (GRU)                            │ (None, 32)                  │           4,032 │
├──────────────────────────────────────┼─────────────────────────────┼─────────────────┤
│ dense (Dense)                        │ (None, 2)                   │              66 │
├──────────────────────────────────────┼─────────────────────────────┼─────────────────┤
│ phase (UnitNormalization)            │ (None, 2)                   │               0 │
└──────────────────────────────────────┴─────────────────────────────┴─────────────────┘
 Total params: 4,298 (16.79 KB)
 Trainable params: 4,282 (16.73 KB)
 Non-trainable params: 16 (64.00 B)


2026-03-26 03:25:20.611 | INFO     | ao_compensation_model.training_search:train:262 - Parameters — trainable: 4282  non-trainable: 16  total: 4298
2026-03-26 03:25:20.688 | INFO     | ao_compensation_model.training_search:on_train_begin:130 - Training started.
2026-03-26 03:25:20.689 | INFO     | ao_compensation_model.training_search:on_train_begin:131 - Hyperparameters:
  WINDOW_SIZE: 200
  STRIDE: 20
  TARGET_LEAD: 0
  GRU_UNITS: 32
  DROPOUT_RATE: 0.2
  FILTERS: 8
  KERNEL_SIZE: 10
  POOL_SIZE: 3
  BATCH_SIZE: 128
  MAX_EPOCHS: 100
  LEARNING_RATE: 0.0005
  TRAINING_DATA_DIR: D:\01_Code\ao_compensation_model\src\ao_compensation_model\dataset\training
  MODEL_DIR: D:\01_Code\ao_compensation_model\src\ao_compensation_model\model
2026-03-26 03:25:38.594 | INFO     | ao_compensation_model.training_search:on_epoch_end:150 - Epoch   1 | val_loss: 0.345329
2026-03-26 03:25:51.482 | INFO     | ao_compensation_model.training_search:on_epoch_end:150 - Epoch   2 | val_loss: 0.278984
2026-03-26 03:26:04.501 | INFO     | ao_compensation_model.training_search:on_epoch_end:150 - Epoch   3 | val_loss: 0.202442
2026-03-26 03:26:17.271 | INFO     | ao_compensation_model.training_search:on_epoch_end:150 - Epoch   4 | val_loss: 0.192533
2026-03-26 03:26:37.858 | INFO     | ao_compensation_model.training_search:on_epoch_end:150 - Epoch   5 | val_loss: 0.193772
2026-03-26 03:26:50.698 | INFO     | ao_compensation_model.training_search:on_epoch_end:150 - Epoch   6 | val_loss: 0.192497
2026-03-26 03:27:03.509 | INFO     | ao_compensation_model.training_search:on_epoch_end:150 - Epoch   7 | val_loss: 0.196839
2026-03-26 03:27:16.342 | INFO     | ao_compensation_model.training_search:on_epoch_end:150 - Epoch   8 | val_loss: 0.197697
2026-03-26 03:27:16.375 | INFO     | ao_compensation_model.training_search:train:294 - Best model for this run saved as: gru_model.keras (val_loss=0.192497)
2026-03-26 03:27:18.349 | INFO     | ao_compensation_model.training_search:train:311 - TFLite model saved as: gru_model_edge.tflite
2026-03-26 03:27:20.509 | INFO     | ao_compensation_model.training_search:train:241 - --- Testing Config: GRU=32 | BATCH=128 | KERNEL=10 | FILTERS=16 | POOL=5 ---
2026-03-26 03:27:20.627 | INFO     | ao_compensation_model.training_search:train:259 - Model architecture:
Model: "functional"
┏━━━━━━━━━━━━━━━━━━━━━━━━━━━━━━━━━━━━━━┳━━━━━━━━━━━━━━━━━━━━━━━━━━━━━┳━━━━━━━━━━━━━━━━━┓
┃ Layer (type)                         ┃ Output Shape                ┃         Param # ┃
┡━━━━━━━━━━━━━━━━━━━━━━━━━━━━━━━━━━━━━━╇━━━━━━━━━━━━━━━━━━━━━━━━━━━━━╇━━━━━━━━━━━━━━━━━┩
│ input_layer (InputLayer)             │ (None, 200, 2)              │               0 │
├──────────────────────────────────────┼─────────────────────────────┼─────────────────┤
│ conv1d (Conv1D)                      │ (None, 200, 16)             │             336 │
├──────────────────────────────────────┼─────────────────────────────┼─────────────────┤
│ batch_normalization                  │ (None, 200, 16)             │              64 │
│ (BatchNormalization)                 │                             │                 │
├──────────────────────────────────────┼─────────────────────────────┼─────────────────┤
│ zero_padding1d (ZeroPadding1D)       │ (None, 204, 16)             │               0 │
├──────────────────────────────────────┼─────────────────────────────┼─────────────────┤
│ average_pooling1d (AveragePooling1D) │ (None, 200, 16)             │               0 │
├──────────────────────────────────────┼─────────────────────────────┼─────────────────┤
│ gru (GRU)                            │ (None, 32)                  │           4,800 │
├──────────────────────────────────────┼─────────────────────────────┼─────────────────┤
│ dense (Dense)                        │ (None, 2)                   │              66 │
├──────────────────────────────────────┼─────────────────────────────┼─────────────────┤
│ phase (UnitNormalization)            │ (None, 2)                   │               0 │
└──────────────────────────────────────┴─────────────────────────────┴─────────────────┘
 Total params: 5,266 (20.57 KB)
 Trainable params: 5,234 (20.45 KB)
 Non-trainable params: 32 (128.00 B)


2026-03-26 03:27:20.645 | INFO     | ao_compensation_model.training_search:train:262 - Parameters — trainable: 5234  non-trainable: 32  total: 5266
2026-03-26 03:27:20.734 | INFO     | ao_compensation_model.training_search:on_train_begin:130 - Training started.
2026-03-26 03:27:20.735 | INFO     | ao_compensation_model.training_search:on_train_begin:131 - Hyperparameters:
  WINDOW_SIZE: 200
  STRIDE: 20
  TARGET_LEAD: 0
  GRU_UNITS: 32
  DROPOUT_RATE: 0.2
  FILTERS: 16
  KERNEL_SIZE: 10
  POOL_SIZE: 5
  BATCH_SIZE: 128
  MAX_EPOCHS: 100
  LEARNING_RATE: 0.0005
  TRAINING_DATA_DIR: D:\01_Code\ao_compensation_model\src\ao_compensation_model\dataset\training
  MODEL_DIR: D:\01_Code\ao_compensation_model\src\ao_compensation_model\model
2026-03-26 03:27:40.396 | INFO     | ao_compensation_model.training_search:on_epoch_end:150 - Epoch   1 | val_loss: 0.394721
2026-03-26 03:27:54.248 | INFO     | ao_compensation_model.training_search:on_epoch_end:150 - Epoch   2 | val_loss: 0.340737
2026-03-26 03:28:07.974 | INFO     | ao_compensation_model.training_search:on_epoch_end:150 - Epoch   3 | val_loss: 0.285120
2026-03-26 03:28:21.813 | INFO     | ao_compensation_model.training_search:on_epoch_end:150 - Epoch   4 | val_loss: 0.218654
2026-03-26 03:28:35.489 | INFO     | ao_compensation_model.training_search:on_epoch_end:150 - Epoch   5 | val_loss: 0.175544
2026-03-26 03:28:49.276 | INFO     | ao_compensation_model.training_search:on_epoch_end:150 - Epoch   6 | val_loss: 0.181054
2026-03-26 03:29:03.006 | INFO     | ao_compensation_model.training_search:on_epoch_end:150 - Epoch   7 | val_loss: 0.185350
2026-03-26 03:29:03.037 | INFO     | ao_compensation_model.training_search:train:294 - Best model for this run saved as: gru_model.keras (val_loss=0.175544)
2026-03-26 03:29:05.080 | INFO     | ao_compensation_model.training_search:train:311 - TFLite model saved as: gru_model_edge.tflite
2026-03-26 03:29:07.225 | INFO     | ao_compensation_model.training_search:train:241 - --- Testing Config: GRU=32 | BATCH=128 | KERNEL=10 | FILTERS=16 | POOL=3 ---
2026-03-26 03:29:07.342 | INFO     | ao_compensation_model.training_search:train:259 - Model architecture:
Model: "functional"
┏━━━━━━━━━━━━━━━━━━━━━━━━━━━━━━━━━━━━━━┳━━━━━━━━━━━━━━━━━━━━━━━━━━━━━┳━━━━━━━━━━━━━━━━━┓
┃ Layer (type)                         ┃ Output Shape                ┃         Param # ┃
┡━━━━━━━━━━━━━━━━━━━━━━━━━━━━━━━━━━━━━━╇━━━━━━━━━━━━━━━━━━━━━━━━━━━━━╇━━━━━━━━━━━━━━━━━┩
│ input_layer (InputLayer)             │ (None, 200, 2)              │               0 │
├──────────────────────────────────────┼─────────────────────────────┼─────────────────┤
│ conv1d (Conv1D)                      │ (None, 200, 16)             │             336 │
├──────────────────────────────────────┼─────────────────────────────┼─────────────────┤
│ batch_normalization                  │ (None, 200, 16)             │              64 │
│ (BatchNormalization)                 │                             │                 │
├──────────────────────────────────────┼─────────────────────────────┼─────────────────┤
│ zero_padding1d (ZeroPadding1D)       │ (None, 202, 16)             │               0 │
├──────────────────────────────────────┼─────────────────────────────┼─────────────────┤
│ average_pooling1d (AveragePooling1D) │ (None, 200, 16)             │               0 │
├──────────────────────────────────────┼─────────────────────────────┼─────────────────┤
│ gru (GRU)                            │ (None, 32)                  │           4,800 │
├──────────────────────────────────────┼─────────────────────────────┼─────────────────┤
│ dense (Dense)                        │ (None, 2)                   │              66 │
├──────────────────────────────────────┼─────────────────────────────┼─────────────────┤
│ phase (UnitNormalization)            │ (None, 2)                   │               0 │
└──────────────────────────────────────┴─────────────────────────────┴─────────────────┘
 Total params: 5,266 (20.57 KB)
 Trainable params: 5,234 (20.45 KB)
 Non-trainable params: 32 (128.00 B)


2026-03-26 03:29:07.360 | INFO     | ao_compensation_model.training_search:train:262 - Parameters — trainable: 5234  non-trainable: 32  total: 5266
2026-03-26 03:29:07.425 | INFO     | ao_compensation_model.training_search:on_train_begin:130 - Training started.
2026-03-26 03:29:07.426 | INFO     | ao_compensation_model.training_search:on_train_begin:131 - Hyperparameters:
  WINDOW_SIZE: 200
  STRIDE: 20
  TARGET_LEAD: 0
  GRU_UNITS: 32
  DROPOUT_RATE: 0.2
  FILTERS: 16
  KERNEL_SIZE: 10
  POOL_SIZE: 3
  BATCH_SIZE: 128
  MAX_EPOCHS: 100
  LEARNING_RATE: 0.0005
  TRAINING_DATA_DIR: D:\01_Code\ao_compensation_model\src\ao_compensation_model\dataset\training
  MODEL_DIR: D:\01_Code\ao_compensation_model\src\ao_compensation_model\model
2026-03-26 03:29:26.884 | INFO     | ao_compensation_model.training_search:on_epoch_end:150 - Epoch   1 | val_loss: 0.364738
2026-03-26 03:29:40.519 | INFO     | ao_compensation_model.training_search:on_epoch_end:150 - Epoch   2 | val_loss: 0.323725
2026-03-26 03:29:54.463 | INFO     | ao_compensation_model.training_search:on_epoch_end:150 - Epoch   3 | val_loss: 0.255289
2026-03-26 03:30:08.473 | INFO     | ao_compensation_model.training_search:on_epoch_end:150 - Epoch   4 | val_loss: 0.209103
2026-03-26 03:30:22.235 | INFO     | ao_compensation_model.training_search:on_epoch_end:150 - Epoch   5 | val_loss: 0.192617
2026-03-26 03:30:36.022 | INFO     | ao_compensation_model.training_search:on_epoch_end:150 - Epoch   6 | val_loss: 0.187768
2026-03-26 03:30:49.759 | INFO     | ao_compensation_model.training_search:on_epoch_end:150 - Epoch   7 | val_loss: 0.183340
2026-03-26 03:31:03.372 | INFO     | ao_compensation_model.training_search:on_epoch_end:150 - Epoch   8 | val_loss: 0.185471
2026-03-26 03:31:17.167 | INFO     | ao_compensation_model.training_search:on_epoch_end:150 - Epoch   9 | val_loss: 0.185477
2026-03-26 03:31:17.205 | INFO     | ao_compensation_model.training_search:train:294 - Best model for this run saved as: gru_model.keras (val_loss=0.183340)
2026-03-26 03:31:19.252 | INFO     | ao_compensation_model.training_search:train:311 - TFLite model saved as: gru_model_edge.tflite
2026-03-26 03:31:21.355 | INFO     | ao_compensation_model.training_search:train:241 - --- Testing Config: GRU=32 | BATCH=128 | KERNEL=20 | FILTERS=4 | POOL=5 ---
2026-03-26 03:31:21.457 | INFO     | ao_compensation_model.training_search:train:259 - Model architecture:
Model: "functional"
┏━━━━━━━━━━━━━━━━━━━━━━━━━━━━━━━━━━━━━━┳━━━━━━━━━━━━━━━━━━━━━━━━━━━━━┳━━━━━━━━━━━━━━━━━┓
┃ Layer (type)                         ┃ Output Shape                ┃         Param # ┃
┡━━━━━━━━━━━━━━━━━━━━━━━━━━━━━━━━━━━━━━╇━━━━━━━━━━━━━━━━━━━━━━━━━━━━━╇━━━━━━━━━━━━━━━━━┩
│ input_layer (InputLayer)             │ (None, 200, 2)              │               0 │
├──────────────────────────────────────┼─────────────────────────────┼─────────────────┤
│ conv1d (Conv1D)                      │ (None, 200, 4)              │             164 │
├──────────────────────────────────────┼─────────────────────────────┼─────────────────┤
│ batch_normalization                  │ (None, 200, 4)              │              16 │
│ (BatchNormalization)                 │                             │                 │
├──────────────────────────────────────┼─────────────────────────────┼─────────────────┤
│ zero_padding1d (ZeroPadding1D)       │ (None, 204, 4)              │               0 │
├──────────────────────────────────────┼─────────────────────────────┼─────────────────┤
│ average_pooling1d (AveragePooling1D) │ (None, 200, 4)              │               0 │
├──────────────────────────────────────┼─────────────────────────────┼─────────────────┤
│ gru (GRU)                            │ (None, 32)                  │           3,648 │
├──────────────────────────────────────┼─────────────────────────────┼─────────────────┤
│ dense (Dense)                        │ (None, 2)                   │              66 │
├──────────────────────────────────────┼─────────────────────────────┼─────────────────┤
│ phase (UnitNormalization)            │ (None, 2)                   │               0 │
└──────────────────────────────────────┴─────────────────────────────┴─────────────────┘
 Total params: 3,894 (15.21 KB)
 Trainable params: 3,886 (15.18 KB)
 Non-trainable params: 8 (32.00 B)


2026-03-26 03:31:21.471 | INFO     | ao_compensation_model.training_search:train:262 - Parameters — trainable: 3886  non-trainable: 8  total: 3894
2026-03-26 03:31:21.543 | INFO     | ao_compensation_model.training_search:on_train_begin:130 - Training started.
2026-03-26 03:31:21.544 | INFO     | ao_compensation_model.training_search:on_train_begin:131 - Hyperparameters:
  WINDOW_SIZE: 200
  STRIDE: 20
  TARGET_LEAD: 0
  GRU_UNITS: 32
  DROPOUT_RATE: 0.2
  FILTERS: 4
  KERNEL_SIZE: 20
  POOL_SIZE: 5
  BATCH_SIZE: 128
  MAX_EPOCHS: 100
  LEARNING_RATE: 0.0005
  TRAINING_DATA_DIR: D:\01_Code\ao_compensation_model\src\ao_compensation_model\dataset\training
  MODEL_DIR: D:\01_Code\ao_compensation_model\src\ao_compensation_model\model
2026-03-26 03:31:40.411 | INFO     | ao_compensation_model.training_search:on_epoch_end:150 - Epoch   1 | val_loss: 0.252870
2026-03-26 03:31:53.665 | INFO     | ao_compensation_model.training_search:on_epoch_end:150 - Epoch   2 | val_loss: 0.211999
2026-03-26 03:32:06.980 | INFO     | ao_compensation_model.training_search:on_epoch_end:150 - Epoch   3 | val_loss: 0.184028
2026-03-26 03:32:19.925 | INFO     | ao_compensation_model.training_search:on_epoch_end:150 - Epoch   4 | val_loss: 0.189410
2026-03-26 03:32:32.722 | INFO     | ao_compensation_model.training_search:on_epoch_end:150 - Epoch   5 | val_loss: 0.186140
2026-03-26 03:32:32.754 | INFO     | ao_compensation_model.training_search:train:294 - Best model for this run saved as: gru_model.keras (val_loss=0.184028)
2026-03-26 03:32:35.007 | INFO     | ao_compensation_model.training_search:train:311 - TFLite model saved as: gru_model_edge.tflite
2026-03-26 03:32:37.141 | INFO     | ao_compensation_model.training_search:train:241 - --- Testing Config: GRU=32 | BATCH=128 | KERNEL=20 | FILTERS=4 | POOL=3 ---
2026-03-26 03:32:37.273 | INFO     | ao_compensation_model.training_search:train:259 - Model architecture:
Model: "functional"
┏━━━━━━━━━━━━━━━━━━━━━━━━━━━━━━━━━━━━━━┳━━━━━━━━━━━━━━━━━━━━━━━━━━━━━┳━━━━━━━━━━━━━━━━━┓
┃ Layer (type)                         ┃ Output Shape                ┃         Param # ┃
┡━━━━━━━━━━━━━━━━━━━━━━━━━━━━━━━━━━━━━━╇━━━━━━━━━━━━━━━━━━━━━━━━━━━━━╇━━━━━━━━━━━━━━━━━┩
│ input_layer (InputLayer)             │ (None, 200, 2)              │               0 │
├──────────────────────────────────────┼─────────────────────────────┼─────────────────┤
│ conv1d (Conv1D)                      │ (None, 200, 4)              │             164 │
├──────────────────────────────────────┼─────────────────────────────┼─────────────────┤
│ batch_normalization                  │ (None, 200, 4)              │              16 │
│ (BatchNormalization)                 │                             │                 │
├──────────────────────────────────────┼─────────────────────────────┼─────────────────┤
│ zero_padding1d (ZeroPadding1D)       │ (None, 202, 4)              │               0 │
├──────────────────────────────────────┼─────────────────────────────┼─────────────────┤
│ average_pooling1d (AveragePooling1D) │ (None, 200, 4)              │               0 │
├──────────────────────────────────────┼─────────────────────────────┼─────────────────┤
│ gru (GRU)                            │ (None, 32)                  │           3,648 │
├──────────────────────────────────────┼─────────────────────────────┼─────────────────┤
│ dense (Dense)                        │ (None, 2)                   │              66 │
├──────────────────────────────────────┼─────────────────────────────┼─────────────────┤
│ phase (UnitNormalization)            │ (None, 2)                   │               0 │
└──────────────────────────────────────┴─────────────────────────────┴─────────────────┘
 Total params: 3,894 (15.21 KB)
 Trainable params: 3,886 (15.18 KB)
 Non-trainable params: 8 (32.00 B)


2026-03-26 03:32:37.287 | INFO     | ao_compensation_model.training_search:train:262 - Parameters — trainable: 3886  non-trainable: 8  total: 3894
2026-03-26 03:32:37.352 | INFO     | ao_compensation_model.training_search:on_train_begin:130 - Training started.
2026-03-26 03:32:37.352 | INFO     | ao_compensation_model.training_search:on_train_begin:131 - Hyperparameters:
  WINDOW_SIZE: 200
  STRIDE: 20
  TARGET_LEAD: 0
  GRU_UNITS: 32
  DROPOUT_RATE: 0.2
  FILTERS: 4
  KERNEL_SIZE: 20
  POOL_SIZE: 3
  BATCH_SIZE: 128
  MAX_EPOCHS: 100
  LEARNING_RATE: 0.0005
  TRAINING_DATA_DIR: D:\01_Code\ao_compensation_model\src\ao_compensation_model\dataset\training
  MODEL_DIR: D:\01_Code\ao_compensation_model\src\ao_compensation_model\model
2026-03-26 03:32:55.950 | INFO     | ao_compensation_model.training_search:on_epoch_end:150 - Epoch   1 | val_loss: 0.252618
2026-03-26 03:33:08.941 | INFO     | ao_compensation_model.training_search:on_epoch_end:150 - Epoch   2 | val_loss: 0.218230
2026-03-26 03:33:22.068 | INFO     | ao_compensation_model.training_search:on_epoch_end:150 - Epoch   3 | val_loss: 0.200367
2026-03-26 03:33:42.289 | INFO     | ao_compensation_model.training_search:on_epoch_end:150 - Epoch   4 | val_loss: 0.199914
2026-03-26 03:33:55.164 | INFO     | ao_compensation_model.training_search:on_epoch_end:150 - Epoch   5 | val_loss: 0.206234
2026-03-26 03:34:07.889 | INFO     | ao_compensation_model.training_search:on_epoch_end:150 - Epoch   6 | val_loss: 0.210525
2026-03-26 03:34:07.926 | INFO     | ao_compensation_model.training_search:train:294 - Best model for this run saved as: gru_model.keras (val_loss=0.199914)
2026-03-26 03:34:10.042 | INFO     | ao_compensation_model.training_search:train:311 - TFLite model saved as: gru_model_edge.tflite
2026-03-26 03:34:12.815 | INFO     | ao_compensation_model.training_search:train:241 - --- Testing Config: GRU=32 | BATCH=128 | KERNEL=20 | FILTERS=8 | POOL=5 ---
2026-03-26 03:34:12.918 | INFO     | ao_compensation_model.training_search:train:259 - Model architecture:
Model: "functional"
┏━━━━━━━━━━━━━━━━━━━━━━━━━━━━━━━━━━━━━━┳━━━━━━━━━━━━━━━━━━━━━━━━━━━━━┳━━━━━━━━━━━━━━━━━┓
┃ Layer (type)                         ┃ Output Shape                ┃         Param # ┃
┡━━━━━━━━━━━━━━━━━━━━━━━━━━━━━━━━━━━━━━╇━━━━━━━━━━━━━━━━━━━━━━━━━━━━━╇━━━━━━━━━━━━━━━━━┩
│ input_layer (InputLayer)             │ (None, 200, 2)              │               0 │
├──────────────────────────────────────┼─────────────────────────────┼─────────────────┤
│ conv1d (Conv1D)                      │ (None, 200, 8)              │             328 │
├──────────────────────────────────────┼─────────────────────────────┼─────────────────┤
│ batch_normalization                  │ (None, 200, 8)              │              32 │
│ (BatchNormalization)                 │                             │                 │
├──────────────────────────────────────┼─────────────────────────────┼─────────────────┤
│ zero_padding1d (ZeroPadding1D)       │ (None, 204, 8)              │               0 │
├──────────────────────────────────────┼─────────────────────────────┼─────────────────┤
│ average_pooling1d (AveragePooling1D) │ (None, 200, 8)              │               0 │
├──────────────────────────────────────┼─────────────────────────────┼─────────────────┤
│ gru (GRU)                            │ (None, 32)                  │           4,032 │
├──────────────────────────────────────┼─────────────────────────────┼─────────────────┤
│ dense (Dense)                        │ (None, 2)                   │              66 │
├──────────────────────────────────────┼─────────────────────────────┼─────────────────┤
│ phase (UnitNormalization)            │ (None, 2)                   │               0 │
└──────────────────────────────────────┴─────────────────────────────┴─────────────────┘
 Total params: 4,458 (17.41 KB)
 Trainable params: 4,442 (17.35 KB)
 Non-trainable params: 16 (64.00 B)


2026-03-26 03:34:12.934 | INFO     | ao_compensation_model.training_search:train:262 - Parameters — trainable: 4442  non-trainable: 16  total: 4458
2026-03-26 03:34:13.000 | INFO     | ao_compensation_model.training_search:on_train_begin:130 - Training started.
2026-03-26 03:34:13.001 | INFO     | ao_compensation_model.training_search:on_train_begin:131 - Hyperparameters:
  WINDOW_SIZE: 200
  STRIDE: 20
  TARGET_LEAD: 0
  GRU_UNITS: 32
  DROPOUT_RATE: 0.2
  FILTERS: 8
  KERNEL_SIZE: 20
  POOL_SIZE: 5
  BATCH_SIZE: 128
  MAX_EPOCHS: 100
  LEARNING_RATE: 0.0005
  TRAINING_DATA_DIR: D:\01_Code\ao_compensation_model\src\ao_compensation_model\dataset\training
  MODEL_DIR: D:\01_Code\ao_compensation_model\src\ao_compensation_model\model
2026-03-26 03:34:31.042 | INFO     | ao_compensation_model.training_search:on_epoch_end:150 - Epoch   1 | val_loss: 0.235120
2026-03-26 03:34:44.128 | INFO     | ao_compensation_model.training_search:on_epoch_end:150 - Epoch   2 | val_loss: 0.213452
2026-03-26 03:34:57.306 | INFO     | ao_compensation_model.training_search:on_epoch_end:150 - Epoch   3 | val_loss: 0.205006
2026-03-26 03:35:10.465 | INFO     | ao_compensation_model.training_search:on_epoch_end:150 - Epoch   4 | val_loss: 0.196661
2026-03-26 03:35:23.542 | INFO     | ao_compensation_model.training_search:on_epoch_end:150 - Epoch   5 | val_loss: 0.186753
2026-03-26 03:35:36.460 | INFO     | ao_compensation_model.training_search:on_epoch_end:150 - Epoch   6 | val_loss: 0.189957
2026-03-26 03:35:49.296 | INFO     | ao_compensation_model.training_search:on_epoch_end:150 - Epoch   7 | val_loss: 0.188459
2026-03-26 03:35:49.329 | INFO     | ao_compensation_model.training_search:train:294 - Best model for this run saved as: gru_model.keras (val_loss=0.186753)
2026-03-26 03:35:51.381 | INFO     | ao_compensation_model.training_search:train:311 - TFLite model saved as: gru_model_edge.tflite
2026-03-26 03:35:53.550 | INFO     | ao_compensation_model.training_search:train:241 - --- Testing Config: GRU=32 | BATCH=128 | KERNEL=20 | FILTERS=8 | POOL=3 ---
2026-03-26 03:35:53.660 | INFO     | ao_compensation_model.training_search:train:259 - Model architecture:
Model: "functional"
┏━━━━━━━━━━━━━━━━━━━━━━━━━━━━━━━━━━━━━━┳━━━━━━━━━━━━━━━━━━━━━━━━━━━━━┳━━━━━━━━━━━━━━━━━┓
┃ Layer (type)                         ┃ Output Shape                ┃         Param # ┃
┡━━━━━━━━━━━━━━━━━━━━━━━━━━━━━━━━━━━━━━╇━━━━━━━━━━━━━━━━━━━━━━━━━━━━━╇━━━━━━━━━━━━━━━━━┩
│ input_layer (InputLayer)             │ (None, 200, 2)              │               0 │
├──────────────────────────────────────┼─────────────────────────────┼─────────────────┤
│ conv1d (Conv1D)                      │ (None, 200, 8)              │             328 │
├──────────────────────────────────────┼─────────────────────────────┼─────────────────┤
│ batch_normalization                  │ (None, 200, 8)              │              32 │
│ (BatchNormalization)                 │                             │                 │
├──────────────────────────────────────┼─────────────────────────────┼─────────────────┤
│ zero_padding1d (ZeroPadding1D)       │ (None, 202, 8)              │               0 │
├──────────────────────────────────────┼─────────────────────────────┼─────────────────┤
│ average_pooling1d (AveragePooling1D) │ (None, 200, 8)              │               0 │
├──────────────────────────────────────┼─────────────────────────────┼─────────────────┤
│ gru (GRU)                            │ (None, 32)                  │           4,032 │
├──────────────────────────────────────┼─────────────────────────────┼─────────────────┤
│ dense (Dense)                        │ (None, 2)                   │              66 │
├──────────────────────────────────────┼─────────────────────────────┼─────────────────┤
│ phase (UnitNormalization)            │ (None, 2)                   │               0 │
└──────────────────────────────────────┴─────────────────────────────┴─────────────────┘
 Total params: 4,458 (17.41 KB)
 Trainable params: 4,442 (17.35 KB)
 Non-trainable params: 16 (64.00 B)


2026-03-26 03:35:53.672 | INFO     | ao_compensation_model.training_search:train:262 - Parameters — trainable: 4442  non-trainable: 16  total: 4458
2026-03-26 03:35:53.740 | INFO     | ao_compensation_model.training_search:on_train_begin:130 - Training started.
2026-03-26 03:35:53.740 | INFO     | ao_compensation_model.training_search:on_train_begin:131 - Hyperparameters:
  WINDOW_SIZE: 200
  STRIDE: 20
  TARGET_LEAD: 0
  GRU_UNITS: 32
  DROPOUT_RATE: 0.2
  FILTERS: 8
  KERNEL_SIZE: 20
  POOL_SIZE: 3
  BATCH_SIZE: 128
  MAX_EPOCHS: 100
  LEARNING_RATE: 0.0005
  TRAINING_DATA_DIR: D:\01_Code\ao_compensation_model\src\ao_compensation_model\dataset\training
  MODEL_DIR: D:\01_Code\ao_compensation_model\src\ao_compensation_model\model
2026-03-26 03:36:12.792 | INFO     | ao_compensation_model.training_search:on_epoch_end:150 - Epoch   1 | val_loss: 0.233362
2026-03-26 03:36:25.998 | INFO     | ao_compensation_model.training_search:on_epoch_end:150 - Epoch   2 | val_loss: 0.217173
2026-03-26 03:36:39.183 | INFO     | ao_compensation_model.training_search:on_epoch_end:150 - Epoch   3 | val_loss: 0.200937
2026-03-26 03:36:52.286 | INFO     | ao_compensation_model.training_search:on_epoch_end:150 - Epoch   4 | val_loss: 0.195359
2026-03-26 03:37:05.668 | INFO     | ao_compensation_model.training_search:on_epoch_end:150 - Epoch   5 | val_loss: 0.193911
2026-03-26 03:37:18.827 | INFO     | ao_compensation_model.training_search:on_epoch_end:150 - Epoch   6 | val_loss: 0.186680
2026-03-26 03:37:31.960 | INFO     | ao_compensation_model.training_search:on_epoch_end:150 - Epoch   7 | val_loss: 0.185043
2026-03-26 03:37:45.067 | INFO     | ao_compensation_model.training_search:on_epoch_end:150 - Epoch   8 | val_loss: 0.189813
2026-03-26 03:37:58.302 | INFO     | ao_compensation_model.training_search:on_epoch_end:150 - Epoch   9 | val_loss: 0.190190
2026-03-26 03:37:58.333 | INFO     | ao_compensation_model.training_search:train:294 - Best model for this run saved as: gru_model.keras (val_loss=0.185043)
2026-03-26 03:38:00.458 | INFO     | ao_compensation_model.training_search:train:311 - TFLite model saved as: gru_model_edge.tflite
2026-03-26 03:38:02.617 | INFO     | ao_compensation_model.training_search:train:241 - --- Testing Config: GRU=32 | BATCH=128 | KERNEL=20 | FILTERS=16 | POOL=5 ---
2026-03-26 03:38:02.755 | INFO     | ao_compensation_model.training_search:train:259 - Model architecture:
Model: "functional"
┏━━━━━━━━━━━━━━━━━━━━━━━━━━━━━━━━━━━━━━┳━━━━━━━━━━━━━━━━━━━━━━━━━━━━━┳━━━━━━━━━━━━━━━━━┓
┃ Layer (type)                         ┃ Output Shape                ┃         Param # ┃
┡━━━━━━━━━━━━━━━━━━━━━━━━━━━━━━━━━━━━━━╇━━━━━━━━━━━━━━━━━━━━━━━━━━━━━╇━━━━━━━━━━━━━━━━━┩
│ input_layer (InputLayer)             │ (None, 200, 2)              │               0 │
├──────────────────────────────────────┼─────────────────────────────┼─────────────────┤
│ conv1d (Conv1D)                      │ (None, 200, 16)             │             656 │
├──────────────────────────────────────┼─────────────────────────────┼─────────────────┤
│ batch_normalization                  │ (None, 200, 16)             │              64 │
│ (BatchNormalization)                 │                             │                 │
├──────────────────────────────────────┼─────────────────────────────┼─────────────────┤
│ zero_padding1d (ZeroPadding1D)       │ (None, 204, 16)             │               0 │
├──────────────────────────────────────┼─────────────────────────────┼─────────────────┤
│ average_pooling1d (AveragePooling1D) │ (None, 200, 16)             │               0 │
├──────────────────────────────────────┼─────────────────────────────┼─────────────────┤
│ gru (GRU)                            │ (None, 32)                  │           4,800 │
├──────────────────────────────────────┼─────────────────────────────┼─────────────────┤
│ dense (Dense)                        │ (None, 2)                   │              66 │
├──────────────────────────────────────┼─────────────────────────────┼─────────────────┤
│ phase (UnitNormalization)            │ (None, 2)                   │               0 │
└──────────────────────────────────────┴─────────────────────────────┴─────────────────┘
 Total params: 5,586 (21.82 KB)
 Trainable params: 5,554 (21.70 KB)
 Non-trainable params: 32 (128.00 B)


2026-03-26 03:38:02.773 | INFO     | ao_compensation_model.training_search:train:262 - Parameters — trainable: 5554  non-trainable: 32  total: 5586
2026-03-26 03:38:02.853 | INFO     | ao_compensation_model.training_search:on_train_begin:130 - Training started.
2026-03-26 03:38:02.854 | INFO     | ao_compensation_model.training_search:on_train_begin:131 - Hyperparameters:
  WINDOW_SIZE: 200
  STRIDE: 20
  TARGET_LEAD: 0
  GRU_UNITS: 32
  DROPOUT_RATE: 0.2
  FILTERS: 16
  KERNEL_SIZE: 20
  POOL_SIZE: 5
  BATCH_SIZE: 128
  MAX_EPOCHS: 100
  LEARNING_RATE: 0.0005
  TRAINING_DATA_DIR: D:\01_Code\ao_compensation_model\src\ao_compensation_model\dataset\training
  MODEL_DIR: D:\01_Code\ao_compensation_model\src\ao_compensation_model\model
2026-03-26 03:38:22.477 | INFO     | ao_compensation_model.training_search:on_epoch_end:150 - Epoch   1 | val_loss: 0.233371
2026-03-26 03:38:35.831 | INFO     | ao_compensation_model.training_search:on_epoch_end:150 - Epoch   2 | val_loss: 0.204646
2026-03-26 03:38:48.563 | INFO     | ao_compensation_model.training_search:on_epoch_end:150 - Epoch   3 | val_loss: 0.188947
2026-03-26 03:39:01.905 | INFO     | ao_compensation_model.training_search:on_epoch_end:150 - Epoch   4 | val_loss: 0.181128
2026-03-26 03:39:15.317 | INFO     | ao_compensation_model.training_search:on_epoch_end:150 - Epoch   5 | val_loss: 0.177518
2026-03-26 03:39:29.226 | INFO     | ao_compensation_model.training_search:on_epoch_end:150 - Epoch   6 | val_loss: 0.175300
2026-03-26 03:39:42.963 | INFO     | ao_compensation_model.training_search:on_epoch_end:150 - Epoch   7 | val_loss: 0.178166
2026-03-26 03:39:57.137 | INFO     | ao_compensation_model.training_search:on_epoch_end:150 - Epoch   8 | val_loss: 0.180501
2026-03-26 03:39:57.167 | INFO     | ao_compensation_model.training_search:train:294 - Best model for this run saved as: gru_model.keras (val_loss=0.175300)
2026-03-26 03:40:00.023 | INFO     | ao_compensation_model.training_search:train:311 - TFLite model saved as: gru_model_edge.tflite
2026-03-26 03:40:00.026 | INFO     | ao_compensation_model.training_search:train:317 - *** New best overall config! Val Loss: 0.175300 ***
2026-03-26 03:40:02.223 | INFO     | ao_compensation_model.training_search:train:241 - --- Testing Config: GRU=32 | BATCH=128 | KERNEL=20 | FILTERS=16 | POOL=3 ---
2026-03-26 03:40:02.348 | INFO     | ao_compensation_model.training_search:train:259 - Model architecture:
Model: "functional"
┏━━━━━━━━━━━━━━━━━━━━━━━━━━━━━━━━━━━━━━┳━━━━━━━━━━━━━━━━━━━━━━━━━━━━━┳━━━━━━━━━━━━━━━━━┓
┃ Layer (type)                         ┃ Output Shape                ┃         Param # ┃
┡━━━━━━━━━━━━━━━━━━━━━━━━━━━━━━━━━━━━━━╇━━━━━━━━━━━━━━━━━━━━━━━━━━━━━╇━━━━━━━━━━━━━━━━━┩
│ input_layer (InputLayer)             │ (None, 200, 2)              │               0 │
├──────────────────────────────────────┼─────────────────────────────┼─────────────────┤
│ conv1d (Conv1D)                      │ (None, 200, 16)             │             656 │
├──────────────────────────────────────┼─────────────────────────────┼─────────────────┤
│ batch_normalization                  │ (None, 200, 16)             │              64 │
│ (BatchNormalization)                 │                             │                 │
├──────────────────────────────────────┼─────────────────────────────┼─────────────────┤
│ zero_padding1d (ZeroPadding1D)       │ (None, 202, 16)             │               0 │
├──────────────────────────────────────┼─────────────────────────────┼─────────────────┤
│ average_pooling1d (AveragePooling1D) │ (None, 200, 16)             │               0 │
├──────────────────────────────────────┼─────────────────────────────┼─────────────────┤
│ gru (GRU)                            │ (None, 32)                  │           4,800 │
├──────────────────────────────────────┼─────────────────────────────┼─────────────────┤
│ dense (Dense)                        │ (None, 2)                   │              66 │
├──────────────────────────────────────┼─────────────────────────────┼─────────────────┤
│ phase (UnitNormalization)            │ (None, 2)                   │               0 │
└──────────────────────────────────────┴─────────────────────────────┴─────────────────┘
 Total params: 5,586 (21.82 KB)
 Trainable params: 5,554 (21.70 KB)
 Non-trainable params: 32 (128.00 B)


2026-03-26 03:40:02.362 | INFO     | ao_compensation_model.training_search:train:262 - Parameters — trainable: 5554  non-trainable: 32  total: 5586
2026-03-26 03:40:02.427 | INFO     | ao_compensation_model.training_search:on_train_begin:130 - Training started.
2026-03-26 03:40:02.428 | INFO     | ao_compensation_model.training_search:on_train_begin:131 - Hyperparameters:
  WINDOW_SIZE: 200
  STRIDE: 20
  TARGET_LEAD: 0
  GRU_UNITS: 32
  DROPOUT_RATE: 0.2
  FILTERS: 16
  KERNEL_SIZE: 20
  POOL_SIZE: 3
  BATCH_SIZE: 128
  MAX_EPOCHS: 100
  LEARNING_RATE: 0.0005
  TRAINING_DATA_DIR: D:\01_Code\ao_compensation_model\src\ao_compensation_model\dataset\training
  MODEL_DIR: D:\01_Code\ao_compensation_model\src\ao_compensation_model\model
2026-03-26 03:40:21.316 | INFO     | ao_compensation_model.training_search:on_epoch_end:150 - Epoch   1 | val_loss: 0.279541
2026-03-26 03:40:35.487 | INFO     | ao_compensation_model.training_search:on_epoch_end:150 - Epoch   2 | val_loss: 0.231959
2026-03-26 03:40:49.701 | INFO     | ao_compensation_model.training_search:on_epoch_end:150 - Epoch   3 | val_loss: 0.206058
2026-03-26 03:41:04.084 | INFO     | ao_compensation_model.training_search:on_epoch_end:150 - Epoch   4 | val_loss: 0.192451
2026-03-26 03:41:24.290 | INFO     | ao_compensation_model.training_search:on_epoch_end:150 - Epoch   5 | val_loss: 0.185866
2026-03-26 03:41:38.345 | INFO     | ao_compensation_model.training_search:on_epoch_end:150 - Epoch   6 | val_loss: 0.183243
2026-03-26 03:41:52.375 | INFO     | ao_compensation_model.training_search:on_epoch_end:150 - Epoch   7 | val_loss: 0.185251
2026-03-26 03:42:06.470 | INFO     | ao_compensation_model.training_search:on_epoch_end:150 - Epoch   8 | val_loss: 0.186708
2026-03-26 03:42:06.500 | INFO     | ao_compensation_model.training_search:train:294 - Best model for this run saved as: gru_model.keras (val_loss=0.183243)
2026-03-26 03:42:08.610 | INFO     | ao_compensation_model.training_search:train:311 - TFLite model saved as: gru_model_edge.tflite
2026-03-26 03:42:11.462 | INFO     | ao_compensation_model.training_search:train:241 - --- Testing Config: GRU=64 | BATCH=64 | KERNEL=5 | FILTERS=4 | POOL=5 ---
2026-03-26 03:42:11.574 | INFO     | ao_compensation_model.training_search:train:259 - Model architecture:
Model: "functional"
┏━━━━━━━━━━━━━━━━━━━━━━━━━━━━━━━━━━━━━━┳━━━━━━━━━━━━━━━━━━━━━━━━━━━━━┳━━━━━━━━━━━━━━━━━┓
┃ Layer (type)                         ┃ Output Shape                ┃         Param # ┃
┡━━━━━━━━━━━━━━━━━━━━━━━━━━━━━━━━━━━━━━╇━━━━━━━━━━━━━━━━━━━━━━━━━━━━━╇━━━━━━━━━━━━━━━━━┩
│ input_layer (InputLayer)             │ (None, 200, 2)              │               0 │
├──────────────────────────────────────┼─────────────────────────────┼─────────────────┤
│ conv1d (Conv1D)                      │ (None, 200, 4)              │              44 │
├──────────────────────────────────────┼─────────────────────────────┼─────────────────┤
│ batch_normalization                  │ (None, 200, 4)              │              16 │
│ (BatchNormalization)                 │                             │                 │
├──────────────────────────────────────┼─────────────────────────────┼─────────────────┤
│ zero_padding1d (ZeroPadding1D)       │ (None, 204, 4)              │               0 │
├──────────────────────────────────────┼─────────────────────────────┼─────────────────┤
│ average_pooling1d (AveragePooling1D) │ (None, 200, 4)              │               0 │
├──────────────────────────────────────┼─────────────────────────────┼─────────────────┤
│ gru (GRU)                            │ (None, 64)                  │          13,440 │
├──────────────────────────────────────┼─────────────────────────────┼─────────────────┤
│ dense (Dense)                        │ (None, 2)                   │             130 │
├──────────────────────────────────────┼─────────────────────────────┼─────────────────┤
│ phase (UnitNormalization)            │ (None, 2)                   │               0 │
└──────────────────────────────────────┴─────────────────────────────┴─────────────────┘
 Total params: 13,630 (53.24 KB)
 Trainable params: 13,622 (53.21 KB)
 Non-trainable params: 8 (32.00 B)


2026-03-26 03:42:11.591 | INFO     | ao_compensation_model.training_search:train:262 - Parameters — trainable: 13622  non-trainable: 8  total: 13630
2026-03-26 03:42:11.674 | INFO     | ao_compensation_model.training_search:on_train_begin:130 - Training started.
2026-03-26 03:42:11.674 | INFO     | ao_compensation_model.training_search:on_train_begin:131 - Hyperparameters:
  WINDOW_SIZE: 200
  STRIDE: 20
  TARGET_LEAD: 0
  GRU_UNITS: 64
  DROPOUT_RATE: 0.2
  FILTERS: 4
  KERNEL_SIZE: 5
  POOL_SIZE: 5
  BATCH_SIZE: 64
  MAX_EPOCHS: 100
  LEARNING_RATE: 0.0005
  TRAINING_DATA_DIR: D:\01_Code\ao_compensation_model\src\ao_compensation_model\dataset\training
  MODEL_DIR: D:\01_Code\ao_compensation_model\src\ao_compensation_model\model
2026-03-26 03:42:42.013 | INFO     | ao_compensation_model.training_search:on_epoch_end:150 - Epoch   1 | val_loss: 0.263315
2026-03-26 03:43:07.702 | INFO     | ao_compensation_model.training_search:on_epoch_end:150 - Epoch   2 | val_loss: 0.211586
2026-03-26 03:43:33.191 | INFO     | ao_compensation_model.training_search:on_epoch_end:150 - Epoch   3 | val_loss: 0.218443
2026-03-26 03:43:58.807 | INFO     | ao_compensation_model.training_search:on_epoch_end:150 - Epoch   4 | val_loss: 0.217538
2026-03-26 03:43:58.842 | INFO     | ao_compensation_model.training_search:train:294 - Best model for this run saved as: gru_model.keras (val_loss=0.211586)
2026-03-26 03:44:01.023 | INFO     | ao_compensation_model.training_search:train:311 - TFLite model saved as: gru_model_edge.tflite
2026-03-26 03:44:03.261 | INFO     | ao_compensation_model.training_search:train:241 - --- Testing Config: GRU=64 | BATCH=64 | KERNEL=5 | FILTERS=4 | POOL=3 ---
2026-03-26 03:44:03.384 | INFO     | ao_compensation_model.training_search:train:259 - Model architecture:
Model: "functional"
┏━━━━━━━━━━━━━━━━━━━━━━━━━━━━━━━━━━━━━━┳━━━━━━━━━━━━━━━━━━━━━━━━━━━━━┳━━━━━━━━━━━━━━━━━┓
┃ Layer (type)                         ┃ Output Shape                ┃         Param # ┃
┡━━━━━━━━━━━━━━━━━━━━━━━━━━━━━━━━━━━━━━╇━━━━━━━━━━━━━━━━━━━━━━━━━━━━━╇━━━━━━━━━━━━━━━━━┩
│ input_layer (InputLayer)             │ (None, 200, 2)              │               0 │
├──────────────────────────────────────┼─────────────────────────────┼─────────────────┤
│ conv1d (Conv1D)                      │ (None, 200, 4)              │              44 │
├──────────────────────────────────────┼─────────────────────────────┼─────────────────┤
│ batch_normalization                  │ (None, 200, 4)              │              16 │
│ (BatchNormalization)                 │                             │                 │
├──────────────────────────────────────┼─────────────────────────────┼─────────────────┤
│ zero_padding1d (ZeroPadding1D)       │ (None, 202, 4)              │               0 │
├──────────────────────────────────────┼─────────────────────────────┼─────────────────┤
│ average_pooling1d (AveragePooling1D) │ (None, 200, 4)              │               0 │
├──────────────────────────────────────┼─────────────────────────────┼─────────────────┤
│ gru (GRU)                            │ (None, 64)                  │          13,440 │
├──────────────────────────────────────┼─────────────────────────────┼─────────────────┤
│ dense (Dense)                        │ (None, 2)                   │             130 │
├──────────────────────────────────────┼─────────────────────────────┼─────────────────┤
│ phase (UnitNormalization)            │ (None, 2)                   │               0 │
└──────────────────────────────────────┴─────────────────────────────┴─────────────────┘
 Total params: 13,630 (53.24 KB)
 Trainable params: 13,622 (53.21 KB)
 Non-trainable params: 8 (32.00 B)


2026-03-26 03:44:03.400 | INFO     | ao_compensation_model.training_search:train:262 - Parameters — trainable: 13622  non-trainable: 8  total: 13630
2026-03-26 03:44:03.467 | INFO     | ao_compensation_model.training_search:on_train_begin:130 - Training started.
2026-03-26 03:44:03.468 | INFO     | ao_compensation_model.training_search:on_train_begin:131 - Hyperparameters:
  WINDOW_SIZE: 200
  STRIDE: 20
  TARGET_LEAD: 0
  GRU_UNITS: 64
  DROPOUT_RATE: 0.2
  FILTERS: 4
  KERNEL_SIZE: 5
  POOL_SIZE: 3
  BATCH_SIZE: 64
  MAX_EPOCHS: 100
  LEARNING_RATE: 0.0005
  TRAINING_DATA_DIR: D:\01_Code\ao_compensation_model\src\ao_compensation_model\dataset\training
  MODEL_DIR: D:\01_Code\ao_compensation_model\src\ao_compensation_model\model
2026-03-26 03:44:35.172 | INFO     | ao_compensation_model.training_search:on_epoch_end:150 - Epoch   1 | val_loss: 0.233276
2026-03-26 03:45:01.797 | INFO     | ao_compensation_model.training_search:on_epoch_end:150 - Epoch   2 | val_loss: 0.203986
2026-03-26 03:45:29.914 | INFO     | ao_compensation_model.training_search:on_epoch_end:150 - Epoch   3 | val_loss: 0.218182
2026-03-26 03:45:56.391 | INFO     | ao_compensation_model.training_search:on_epoch_end:150 - Epoch   4 | val_loss: 0.226615
2026-03-26 03:45:56.425 | INFO     | ao_compensation_model.training_search:train:294 - Best model for this run saved as: gru_model.keras (val_loss=0.203986)
2026-03-26 03:45:58.565 | INFO     | ao_compensation_model.training_search:train:311 - TFLite model saved as: gru_model_edge.tflite
2026-03-26 03:46:00.876 | INFO     | ao_compensation_model.training_search:train:241 - --- Testing Config: GRU=64 | BATCH=64 | KERNEL=5 | FILTERS=8 | POOL=5 ---
2026-03-26 03:46:01.002 | INFO     | ao_compensation_model.training_search:train:259 - Model architecture:
Model: "functional"
┏━━━━━━━━━━━━━━━━━━━━━━━━━━━━━━━━━━━━━━┳━━━━━━━━━━━━━━━━━━━━━━━━━━━━━┳━━━━━━━━━━━━━━━━━┓
┃ Layer (type)                         ┃ Output Shape                ┃         Param # ┃
┡━━━━━━━━━━━━━━━━━━━━━━━━━━━━━━━━━━━━━━╇━━━━━━━━━━━━━━━━━━━━━━━━━━━━━╇━━━━━━━━━━━━━━━━━┩
│ input_layer (InputLayer)             │ (None, 200, 2)              │               0 │
├──────────────────────────────────────┼─────────────────────────────┼─────────────────┤
│ conv1d (Conv1D)                      │ (None, 200, 8)              │              88 │
├──────────────────────────────────────┼─────────────────────────────┼─────────────────┤
│ batch_normalization                  │ (None, 200, 8)              │              32 │
│ (BatchNormalization)                 │                             │                 │
├──────────────────────────────────────┼─────────────────────────────┼─────────────────┤
│ zero_padding1d (ZeroPadding1D)       │ (None, 204, 8)              │               0 │
├──────────────────────────────────────┼─────────────────────────────┼─────────────────┤
│ average_pooling1d (AveragePooling1D) │ (None, 200, 8)              │               0 │
├──────────────────────────────────────┼─────────────────────────────┼─────────────────┤
│ gru (GRU)                            │ (None, 64)                  │          14,208 │
├──────────────────────────────────────┼─────────────────────────────┼─────────────────┤
│ dense (Dense)                        │ (None, 2)                   │             130 │
├──────────────────────────────────────┼─────────────────────────────┼─────────────────┤
│ phase (UnitNormalization)            │ (None, 2)                   │               0 │
└──────────────────────────────────────┴─────────────────────────────┴─────────────────┘
 Total params: 14,458 (56.48 KB)
 Trainable params: 14,442 (56.41 KB)
 Non-trainable params: 16 (64.00 B)


2026-03-26 03:46:01.015 | INFO     | ao_compensation_model.training_search:train:262 - Parameters — trainable: 14442  non-trainable: 16  total: 14458
2026-03-26 03:46:01.087 | INFO     | ao_compensation_model.training_search:on_train_begin:130 - Training started.
2026-03-26 03:46:01.088 | INFO     | ao_compensation_model.training_search:on_train_begin:131 - Hyperparameters:
  WINDOW_SIZE: 200
  STRIDE: 20
  TARGET_LEAD: 0
  GRU_UNITS: 64
  DROPOUT_RATE: 0.2
  FILTERS: 8
  KERNEL_SIZE: 5
  POOL_SIZE: 5
  BATCH_SIZE: 64
  MAX_EPOCHS: 100
  LEARNING_RATE: 0.0005
  TRAINING_DATA_DIR: D:\01_Code\ao_compensation_model\src\ao_compensation_model\dataset\training
  MODEL_DIR: D:\01_Code\ao_compensation_model\src\ao_compensation_model\model
2026-03-26 03:46:34.403 | INFO     | ao_compensation_model.training_search:on_epoch_end:150 - Epoch   1 | val_loss: 0.272075
2026-03-26 03:47:01.847 | INFO     | ao_compensation_model.training_search:on_epoch_end:150 - Epoch   2 | val_loss: 0.192265
2026-03-26 03:47:29.359 | INFO     | ao_compensation_model.training_search:on_epoch_end:150 - Epoch   3 | val_loss: 0.206881
2026-03-26 03:47:56.608 | INFO     | ao_compensation_model.training_search:on_epoch_end:150 - Epoch   4 | val_loss: 0.201153
2026-03-26 03:47:56.644 | INFO     | ao_compensation_model.training_search:train:294 - Best model for this run saved as: gru_model.keras (val_loss=0.192265)
2026-03-26 03:47:58.639 | INFO     | ao_compensation_model.training_search:train:311 - TFLite model saved as: gru_model_edge.tflite
2026-03-26 03:48:01.659 | INFO     | ao_compensation_model.training_search:train:241 - --- Testing Config: GRU=64 | BATCH=64 | KERNEL=5 | FILTERS=8 | POOL=3 ---
2026-03-26 03:48:01.782 | INFO     | ao_compensation_model.training_search:train:259 - Model architecture:
Model: "functional"
┏━━━━━━━━━━━━━━━━━━━━━━━━━━━━━━━━━━━━━━┳━━━━━━━━━━━━━━━━━━━━━━━━━━━━━┳━━━━━━━━━━━━━━━━━┓
┃ Layer (type)                         ┃ Output Shape                ┃         Param # ┃
┡━━━━━━━━━━━━━━━━━━━━━━━━━━━━━━━━━━━━━━╇━━━━━━━━━━━━━━━━━━━━━━━━━━━━━╇━━━━━━━━━━━━━━━━━┩
│ input_layer (InputLayer)             │ (None, 200, 2)              │               0 │
├──────────────────────────────────────┼─────────────────────────────┼─────────────────┤
│ conv1d (Conv1D)                      │ (None, 200, 8)              │              88 │
├──────────────────────────────────────┼─────────────────────────────┼─────────────────┤
│ batch_normalization                  │ (None, 200, 8)              │              32 │
│ (BatchNormalization)                 │                             │                 │
├──────────────────────────────────────┼─────────────────────────────┼─────────────────┤
│ zero_padding1d (ZeroPadding1D)       │ (None, 202, 8)              │               0 │
├──────────────────────────────────────┼─────────────────────────────┼─────────────────┤
│ average_pooling1d (AveragePooling1D) │ (None, 200, 8)              │               0 │
├──────────────────────────────────────┼─────────────────────────────┼─────────────────┤
│ gru (GRU)                            │ (None, 64)                  │          14,208 │
├──────────────────────────────────────┼─────────────────────────────┼─────────────────┤
│ dense (Dense)                        │ (None, 2)                   │             130 │
├──────────────────────────────────────┼─────────────────────────────┼─────────────────┤
│ phase (UnitNormalization)            │ (None, 2)                   │               0 │
└──────────────────────────────────────┴─────────────────────────────┴─────────────────┘
 Total params: 14,458 (56.48 KB)
 Trainable params: 14,442 (56.41 KB)
 Non-trainable params: 16 (64.00 B)


2026-03-26 03:48:01.797 | INFO     | ao_compensation_model.training_search:train:262 - Parameters — trainable: 14442  non-trainable: 16  total: 14458
2026-03-26 03:48:01.881 | INFO     | ao_compensation_model.training_search:on_train_begin:130 - Training started.
2026-03-26 03:48:01.882 | INFO     | ao_compensation_model.training_search:on_train_begin:131 - Hyperparameters:
  WINDOW_SIZE: 200
  STRIDE: 20
  TARGET_LEAD: 0
  GRU_UNITS: 64
  DROPOUT_RATE: 0.2
  FILTERS: 8
  KERNEL_SIZE: 5
  POOL_SIZE: 3
  BATCH_SIZE: 64
  MAX_EPOCHS: 100
  LEARNING_RATE: 0.0005
  TRAINING_DATA_DIR: D:\01_Code\ao_compensation_model\src\ao_compensation_model\dataset\training
  MODEL_DIR: D:\01_Code\ao_compensation_model\src\ao_compensation_model\model
2026-03-26 03:48:33.935 | INFO     | ao_compensation_model.training_search:on_epoch_end:150 - Epoch   1 | val_loss: 0.231857
2026-03-26 03:49:01.462 | INFO     | ao_compensation_model.training_search:on_epoch_end:150 - Epoch   2 | val_loss: 0.203040
2026-03-26 03:49:28.608 | INFO     | ao_compensation_model.training_search:on_epoch_end:150 - Epoch   3 | val_loss: 0.208381
2026-03-26 03:49:54.150 | INFO     | ao_compensation_model.training_search:on_epoch_end:150 - Epoch   4 | val_loss: 0.208685
2026-03-26 03:49:54.179 | INFO     | ao_compensation_model.training_search:train:294 - Best model for this run saved as: gru_model.keras (val_loss=0.203040)
2026-03-26 03:49:55.924 | INFO     | ao_compensation_model.training_search:train:311 - TFLite model saved as: gru_model_edge.tflite
2026-03-26 03:49:58.080 | INFO     | ao_compensation_model.training_search:train:241 - --- Testing Config: GRU=64 | BATCH=64 | KERNEL=5 | FILTERS=16 | POOL=5 ---
2026-03-26 03:49:58.187 | INFO     | ao_compensation_model.training_search:train:259 - Model architecture:
Model: "functional"
┏━━━━━━━━━━━━━━━━━━━━━━━━━━━━━━━━━━━━━━┳━━━━━━━━━━━━━━━━━━━━━━━━━━━━━┳━━━━━━━━━━━━━━━━━┓
┃ Layer (type)                         ┃ Output Shape                ┃         Param # ┃
┡━━━━━━━━━━━━━━━━━━━━━━━━━━━━━━━━━━━━━━╇━━━━━━━━━━━━━━━━━━━━━━━━━━━━━╇━━━━━━━━━━━━━━━━━┩
│ input_layer (InputLayer)             │ (None, 200, 2)              │               0 │
├──────────────────────────────────────┼─────────────────────────────┼─────────────────┤
│ conv1d (Conv1D)                      │ (None, 200, 16)             │             176 │
├──────────────────────────────────────┼─────────────────────────────┼─────────────────┤
│ batch_normalization                  │ (None, 200, 16)             │              64 │
│ (BatchNormalization)                 │                             │                 │
├──────────────────────────────────────┼─────────────────────────────┼─────────────────┤
│ zero_padding1d (ZeroPadding1D)       │ (None, 204, 16)             │               0 │
├──────────────────────────────────────┼─────────────────────────────┼─────────────────┤
│ average_pooling1d (AveragePooling1D) │ (None, 200, 16)             │               0 │
├──────────────────────────────────────┼─────────────────────────────┼─────────────────┤
│ gru (GRU)                            │ (None, 64)                  │          15,744 │
├──────────────────────────────────────┼─────────────────────────────┼─────────────────┤
│ dense (Dense)                        │ (None, 2)                   │             130 │
├──────────────────────────────────────┼─────────────────────────────┼─────────────────┤
│ phase (UnitNormalization)            │ (None, 2)                   │               0 │
└──────────────────────────────────────┴─────────────────────────────┴─────────────────┘
 Total params: 16,114 (62.95 KB)
 Trainable params: 16,082 (62.82 KB)
 Non-trainable params: 32 (128.00 B)


2026-03-26 03:49:58.199 | INFO     | ao_compensation_model.training_search:train:262 - Parameters — trainable: 16082  non-trainable: 32  total: 16114
2026-03-26 03:49:58.264 | INFO     | ao_compensation_model.training_search:on_train_begin:130 - Training started.
2026-03-26 03:49:58.264 | INFO     | ao_compensation_model.training_search:on_train_begin:131 - Hyperparameters:
  WINDOW_SIZE: 200
  STRIDE: 20
  TARGET_LEAD: 0
  GRU_UNITS: 64
  DROPOUT_RATE: 0.2
  FILTERS: 16
  KERNEL_SIZE: 5
  POOL_SIZE: 5
  BATCH_SIZE: 64
  MAX_EPOCHS: 100
  LEARNING_RATE: 0.0005
  TRAINING_DATA_DIR: D:\01_Code\ao_compensation_model\src\ao_compensation_model\dataset\training
  MODEL_DIR: D:\01_Code\ao_compensation_model\src\ao_compensation_model\model
2026-03-26 03:50:28.795 | INFO     | ao_compensation_model.training_search:on_epoch_end:150 - Epoch   1 | val_loss: 0.250734
2026-03-26 03:50:54.330 | INFO     | ao_compensation_model.training_search:on_epoch_end:150 - Epoch   2 | val_loss: 0.194558
2026-03-26 03:51:21.423 | INFO     | ao_compensation_model.training_search:on_epoch_end:150 - Epoch   3 | val_loss: 0.187355
2026-03-26 03:51:49.166 | INFO     | ao_compensation_model.training_search:on_epoch_end:150 - Epoch   4 | val_loss: 0.187508
2026-03-26 03:52:16.923 | INFO     | ao_compensation_model.training_search:on_epoch_end:150 - Epoch   5 | val_loss: 0.185046
2026-03-26 03:52:44.835 | INFO     | ao_compensation_model.training_search:on_epoch_end:150 - Epoch   6 | val_loss: 0.183954
2026-03-26 03:53:12.540 | INFO     | ao_compensation_model.training_search:on_epoch_end:150 - Epoch   7 | val_loss: 0.182694
2026-03-26 03:53:40.326 | INFO     | ao_compensation_model.training_search:on_epoch_end:150 - Epoch   8 | val_loss: 0.179211
2026-03-26 03:54:07.812 | INFO     | ao_compensation_model.training_search:on_epoch_end:150 - Epoch   9 | val_loss: 0.179983
2026-03-26 03:54:35.439 | INFO     | ao_compensation_model.training_search:on_epoch_end:150 - Epoch  10 | val_loss: 0.184875
2026-03-26 03:54:35.469 | INFO     | ao_compensation_model.training_search:train:294 - Best model for this run saved as: gru_model.keras (val_loss=0.179211)
2026-03-26 03:54:37.588 | INFO     | ao_compensation_model.training_search:train:311 - TFLite model saved as: gru_model_edge.tflite
2026-03-26 03:54:40.276 | INFO     | ao_compensation_model.training_search:train:241 - --- Testing Config: GRU=64 | BATCH=64 | KERNEL=5 | FILTERS=16 | POOL=3 ---
2026-03-26 03:54:40.537 | INFO     | ao_compensation_model.training_search:train:259 - Model architecture:
Model: "functional"
┏━━━━━━━━━━━━━━━━━━━━━━━━━━━━━━━━━━━━━━┳━━━━━━━━━━━━━━━━━━━━━━━━━━━━━┳━━━━━━━━━━━━━━━━━┓
┃ Layer (type)                         ┃ Output Shape                ┃         Param # ┃
┡━━━━━━━━━━━━━━━━━━━━━━━━━━━━━━━━━━━━━━╇━━━━━━━━━━━━━━━━━━━━━━━━━━━━━╇━━━━━━━━━━━━━━━━━┩
│ input_layer (InputLayer)             │ (None, 200, 2)              │               0 │
├──────────────────────────────────────┼─────────────────────────────┼─────────────────┤
│ conv1d (Conv1D)                      │ (None, 200, 16)             │             176 │
├──────────────────────────────────────┼─────────────────────────────┼─────────────────┤
│ batch_normalization                  │ (None, 200, 16)             │              64 │
│ (BatchNormalization)                 │                             │                 │
├──────────────────────────────────────┼─────────────────────────────┼─────────────────┤
│ zero_padding1d (ZeroPadding1D)       │ (None, 202, 16)             │               0 │
├──────────────────────────────────────┼─────────────────────────────┼─────────────────┤
│ average_pooling1d (AveragePooling1D) │ (None, 200, 16)             │               0 │
├──────────────────────────────────────┼─────────────────────────────┼─────────────────┤
│ gru (GRU)                            │ (None, 64)                  │          15,744 │
├──────────────────────────────────────┼─────────────────────────────┼─────────────────┤
│ dense (Dense)                        │ (None, 2)                   │             130 │
├──────────────────────────────────────┼─────────────────────────────┼─────────────────┤
│ phase (UnitNormalization)            │ (None, 2)                   │               0 │
└──────────────────────────────────────┴─────────────────────────────┴─────────────────┘
 Total params: 16,114 (62.95 KB)
 Trainable params: 16,082 (62.82 KB)
 Non-trainable params: 32 (128.00 B)


2026-03-26 03:54:40.559 | INFO     | ao_compensation_model.training_search:train:262 - Parameters — trainable: 16082  non-trainable: 32  total: 16114
2026-03-26 03:54:40.715 | INFO     | ao_compensation_model.training_search:on_train_begin:130 - Training started.
2026-03-26 03:54:40.716 | INFO     | ao_compensation_model.training_search:on_train_begin:131 - Hyperparameters:
  WINDOW_SIZE: 200
  STRIDE: 20
  TARGET_LEAD: 0
  GRU_UNITS: 64
  DROPOUT_RATE: 0.2
  FILTERS: 16
  KERNEL_SIZE: 5
  POOL_SIZE: 3
  BATCH_SIZE: 64
  MAX_EPOCHS: 100
  LEARNING_RATE: 0.0005
  TRAINING_DATA_DIR: D:\01_Code\ao_compensation_model\src\ao_compensation_model\dataset\training
  MODEL_DIR: D:\01_Code\ao_compensation_model\src\ao_compensation_model\model
2026-03-26 03:55:13.732 | INFO     | ao_compensation_model.training_search:on_epoch_end:150 - Epoch   1 | val_loss: 0.278326
2026-03-26 03:55:42.345 | INFO     | ao_compensation_model.training_search:on_epoch_end:150 - Epoch   2 | val_loss: 0.202740
2026-03-26 03:56:10.683 | INFO     | ao_compensation_model.training_search:on_epoch_end:150 - Epoch   3 | val_loss: 0.192027
2026-03-26 03:56:38.903 | INFO     | ao_compensation_model.training_search:on_epoch_end:150 - Epoch   4 | val_loss: 0.187990
2026-03-26 03:57:06.858 | INFO     | ao_compensation_model.training_search:on_epoch_end:150 - Epoch   5 | val_loss: 0.190214
2026-03-26 03:57:34.747 | INFO     | ao_compensation_model.training_search:on_epoch_end:150 - Epoch   6 | val_loss: 0.189563
2026-03-26 03:57:34.777 | INFO     | ao_compensation_model.training_search:train:294 - Best model for this run saved as: gru_model.keras (val_loss=0.187990)
2026-03-26 03:57:36.809 | INFO     | ao_compensation_model.training_search:train:311 - TFLite model saved as: gru_model_edge.tflite
2026-03-26 03:57:39.150 | INFO     | ao_compensation_model.training_search:train:241 - --- Testing Config: GRU=64 | BATCH=64 | KERNEL=10 | FILTERS=4 | POOL=5 ---
2026-03-26 03:57:39.271 | INFO     | ao_compensation_model.training_search:train:259 - Model architecture:
Model: "functional"
┏━━━━━━━━━━━━━━━━━━━━━━━━━━━━━━━━━━━━━━┳━━━━━━━━━━━━━━━━━━━━━━━━━━━━━┳━━━━━━━━━━━━━━━━━┓
┃ Layer (type)                         ┃ Output Shape                ┃         Param # ┃
┡━━━━━━━━━━━━━━━━━━━━━━━━━━━━━━━━━━━━━━╇━━━━━━━━━━━━━━━━━━━━━━━━━━━━━╇━━━━━━━━━━━━━━━━━┩
│ input_layer (InputLayer)             │ (None, 200, 2)              │               0 │
├──────────────────────────────────────┼─────────────────────────────┼─────────────────┤
│ conv1d (Conv1D)                      │ (None, 200, 4)              │              84 │
├──────────────────────────────────────┼─────────────────────────────┼─────────────────┤
│ batch_normalization                  │ (None, 200, 4)              │              16 │
│ (BatchNormalization)                 │                             │                 │
├──────────────────────────────────────┼─────────────────────────────┼─────────────────┤
│ zero_padding1d (ZeroPadding1D)       │ (None, 204, 4)              │               0 │
├──────────────────────────────────────┼─────────────────────────────┼─────────────────┤
│ average_pooling1d (AveragePooling1D) │ (None, 200, 4)              │               0 │
├──────────────────────────────────────┼─────────────────────────────┼─────────────────┤
│ gru (GRU)                            │ (None, 64)                  │          13,440 │
├──────────────────────────────────────┼─────────────────────────────┼─────────────────┤
│ dense (Dense)                        │ (None, 2)                   │             130 │
├──────────────────────────────────────┼─────────────────────────────┼─────────────────┤
│ phase (UnitNormalization)            │ (None, 2)                   │               0 │
└──────────────────────────────────────┴─────────────────────────────┴─────────────────┘
 Total params: 13,670 (53.40 KB)
 Trainable params: 13,662 (53.37 KB)
 Non-trainable params: 8 (32.00 B)


2026-03-26 03:57:39.291 | INFO     | ao_compensation_model.training_search:train:262 - Parameters — trainable: 13662  non-trainable: 8  total: 13670
2026-03-26 03:57:39.382 | INFO     | ao_compensation_model.training_search:on_train_begin:130 - Training started.
2026-03-26 03:57:39.382 | INFO     | ao_compensation_model.training_search:on_train_begin:131 - Hyperparameters:
  WINDOW_SIZE: 200
  STRIDE: 20
  TARGET_LEAD: 0
  GRU_UNITS: 64
  DROPOUT_RATE: 0.2
  FILTERS: 4
  KERNEL_SIZE: 10
  POOL_SIZE: 5
  BATCH_SIZE: 64
  MAX_EPOCHS: 100
  LEARNING_RATE: 0.0005
  TRAINING_DATA_DIR: D:\01_Code\ao_compensation_model\src\ao_compensation_model\dataset\training
  MODEL_DIR: D:\01_Code\ao_compensation_model\src\ao_compensation_model\model
2026-03-26 03:58:11.632 | INFO     | ao_compensation_model.training_search:on_epoch_end:150 - Epoch   1 | val_loss: 0.206475
2026-03-26 03:58:39.291 | INFO     | ao_compensation_model.training_search:on_epoch_end:150 - Epoch   2 | val_loss: 0.200512
2026-03-26 03:59:05.582 | INFO     | ao_compensation_model.training_search:on_epoch_end:150 - Epoch   3 | val_loss: 0.219623
2026-03-26 03:59:33.053 | INFO     | ao_compensation_model.training_search:on_epoch_end:150 - Epoch   4 | val_loss: 0.225937
2026-03-26 03:59:33.084 | INFO     | ao_compensation_model.training_search:train:294 - Best model for this run saved as: gru_model.keras (val_loss=0.200512)
2026-03-26 03:59:35.123 | INFO     | ao_compensation_model.training_search:train:311 - TFLite model saved as: gru_model_edge.tflite
2026-03-26 03:59:37.410 | INFO     | ao_compensation_model.training_search:train:241 - --- Testing Config: GRU=64 | BATCH=64 | KERNEL=10 | FILTERS=4 | POOL=3 ---
2026-03-26 03:59:37.510 | INFO     | ao_compensation_model.training_search:train:259 - Model architecture:
Model: "functional"
┏━━━━━━━━━━━━━━━━━━━━━━━━━━━━━━━━━━━━━━┳━━━━━━━━━━━━━━━━━━━━━━━━━━━━━┳━━━━━━━━━━━━━━━━━┓
┃ Layer (type)                         ┃ Output Shape                ┃         Param # ┃
┡━━━━━━━━━━━━━━━━━━━━━━━━━━━━━━━━━━━━━━╇━━━━━━━━━━━━━━━━━━━━━━━━━━━━━╇━━━━━━━━━━━━━━━━━┩
│ input_layer (InputLayer)             │ (None, 200, 2)              │               0 │
├──────────────────────────────────────┼─────────────────────────────┼─────────────────┤
│ conv1d (Conv1D)                      │ (None, 200, 4)              │              84 │
├──────────────────────────────────────┼─────────────────────────────┼─────────────────┤
│ batch_normalization                  │ (None, 200, 4)              │              16 │
│ (BatchNormalization)                 │                             │                 │
├──────────────────────────────────────┼─────────────────────────────┼─────────────────┤
│ zero_padding1d (ZeroPadding1D)       │ (None, 202, 4)              │               0 │
├──────────────────────────────────────┼─────────────────────────────┼─────────────────┤
│ average_pooling1d (AveragePooling1D) │ (None, 200, 4)              │               0 │
├──────────────────────────────────────┼─────────────────────────────┼─────────────────┤
│ gru (GRU)                            │ (None, 64)                  │          13,440 │
├──────────────────────────────────────┼─────────────────────────────┼─────────────────┤
│ dense (Dense)                        │ (None, 2)                   │             130 │
├──────────────────────────────────────┼─────────────────────────────┼─────────────────┤
│ phase (UnitNormalization)            │ (None, 2)                   │               0 │
└──────────────────────────────────────┴─────────────────────────────┴─────────────────┘
 Total params: 13,670 (53.40 KB)
 Trainable params: 13,662 (53.37 KB)
 Non-trainable params: 8 (32.00 B)


2026-03-26 03:59:37.523 | INFO     | ao_compensation_model.training_search:train:262 - Parameters — trainable: 13662  non-trainable: 8  total: 13670
2026-03-26 03:59:37.587 | INFO     | ao_compensation_model.training_search:on_train_begin:130 - Training started.
2026-03-26 03:59:37.588 | INFO     | ao_compensation_model.training_search:on_train_begin:131 - Hyperparameters:
  WINDOW_SIZE: 200
  STRIDE: 20
  TARGET_LEAD: 0
  GRU_UNITS: 64
  DROPOUT_RATE: 0.2
  FILTERS: 4
  KERNEL_SIZE: 10
  POOL_SIZE: 3
  BATCH_SIZE: 64
  MAX_EPOCHS: 100
  LEARNING_RATE: 0.0005
  TRAINING_DATA_DIR: D:\01_Code\ao_compensation_model\src\ao_compensation_model\dataset\training
  MODEL_DIR: D:\01_Code\ao_compensation_model\src\ao_compensation_model\model
2026-03-26 04:00:10.313 | INFO     | ao_compensation_model.training_search:on_epoch_end:150 - Epoch   1 | val_loss: 0.209807
2026-03-26 04:00:38.548 | INFO     | ao_compensation_model.training_search:on_epoch_end:150 - Epoch   2 | val_loss: 0.215742
2026-03-26 04:01:05.245 | INFO     | ao_compensation_model.training_search:on_epoch_end:150 - Epoch   3 | val_loss: 0.227652
2026-03-26 04:01:05.275 | INFO     | ao_compensation_model.training_search:train:294 - Best model for this run saved as: gru_model.keras (val_loss=0.209807)
2026-03-26 04:01:07.266 | INFO     | ao_compensation_model.training_search:train:311 - TFLite model saved as: gru_model_edge.tflite
2026-03-26 04:01:09.654 | INFO     | ao_compensation_model.training_search:train:241 - --- Testing Config: GRU=64 | BATCH=64 | KERNEL=10 | FILTERS=8 | POOL=5 ---
2026-03-26 04:01:09.788 | INFO     | ao_compensation_model.training_search:train:259 - Model architecture:
Model: "functional"
┏━━━━━━━━━━━━━━━━━━━━━━━━━━━━━━━━━━━━━━┳━━━━━━━━━━━━━━━━━━━━━━━━━━━━━┳━━━━━━━━━━━━━━━━━┓
┃ Layer (type)                         ┃ Output Shape                ┃         Param # ┃
┡━━━━━━━━━━━━━━━━━━━━━━━━━━━━━━━━━━━━━━╇━━━━━━━━━━━━━━━━━━━━━━━━━━━━━╇━━━━━━━━━━━━━━━━━┩
│ input_layer (InputLayer)             │ (None, 200, 2)              │               0 │
├──────────────────────────────────────┼─────────────────────────────┼─────────────────┤
│ conv1d (Conv1D)                      │ (None, 200, 8)              │             168 │
├──────────────────────────────────────┼─────────────────────────────┼─────────────────┤
│ batch_normalization                  │ (None, 200, 8)              │              32 │
│ (BatchNormalization)                 │                             │                 │
├──────────────────────────────────────┼─────────────────────────────┼─────────────────┤
│ zero_padding1d (ZeroPadding1D)       │ (None, 204, 8)              │               0 │
├──────────────────────────────────────┼─────────────────────────────┼─────────────────┤
│ average_pooling1d (AveragePooling1D) │ (None, 200, 8)              │               0 │
├──────────────────────────────────────┼─────────────────────────────┼─────────────────┤
│ gru (GRU)                            │ (None, 64)                  │          14,208 │
├──────────────────────────────────────┼─────────────────────────────┼─────────────────┤
│ dense (Dense)                        │ (None, 2)                   │             130 │
├──────────────────────────────────────┼─────────────────────────────┼─────────────────┤
│ phase (UnitNormalization)            │ (None, 2)                   │               0 │
└──────────────────────────────────────┴─────────────────────────────┴─────────────────┘
 Total params: 14,538 (56.79 KB)
 Trainable params: 14,522 (56.73 KB)
 Non-trainable params: 16 (64.00 B)


2026-03-26 04:01:09.800 | INFO     | ao_compensation_model.training_search:train:262 - Parameters — trainable: 14522  non-trainable: 16  total: 14538
2026-03-26 04:01:09.879 | INFO     | ao_compensation_model.training_search:on_train_begin:130 - Training started.
2026-03-26 04:01:09.879 | INFO     | ao_compensation_model.training_search:on_train_begin:131 - Hyperparameters:
  WINDOW_SIZE: 200
  STRIDE: 20
  TARGET_LEAD: 0
  GRU_UNITS: 64
  DROPOUT_RATE: 0.2
  FILTERS: 8
  KERNEL_SIZE: 10
  POOL_SIZE: 5
  BATCH_SIZE: 64
  MAX_EPOCHS: 100
  LEARNING_RATE: 0.0005
  TRAINING_DATA_DIR: D:\01_Code\ao_compensation_model\src\ao_compensation_model\dataset\training
  MODEL_DIR: D:\01_Code\ao_compensation_model\src\ao_compensation_model\model
2026-03-26 04:01:43.595 | INFO     | ao_compensation_model.training_search:on_epoch_end:150 - Epoch   1 | val_loss: 0.203548
2026-03-26 04:02:12.003 | INFO     | ao_compensation_model.training_search:on_epoch_end:150 - Epoch   2 | val_loss: 0.198502
2026-03-26 04:02:39.668 | INFO     | ao_compensation_model.training_search:on_epoch_end:150 - Epoch   3 | val_loss: 0.205180
2026-03-26 04:03:08.293 | INFO     | ao_compensation_model.training_search:on_epoch_end:150 - Epoch   4 | val_loss: 0.207540
2026-03-26 04:03:08.325 | INFO     | ao_compensation_model.training_search:train:294 - Best model for this run saved as: gru_model.keras (val_loss=0.198502)
2026-03-26 04:03:10.465 | INFO     | ao_compensation_model.training_search:train:311 - TFLite model saved as: gru_model_edge.tflite
2026-03-26 04:03:13.457 | INFO     | ao_compensation_model.training_search:train:241 - --- Testing Config: GRU=64 | BATCH=64 | KERNEL=10 | FILTERS=8 | POOL=3 ---
2026-03-26 04:03:13.773 | INFO     | ao_compensation_model.training_search:train:259 - Model architecture:
Model: "functional"
┏━━━━━━━━━━━━━━━━━━━━━━━━━━━━━━━━━━━━━━┳━━━━━━━━━━━━━━━━━━━━━━━━━━━━━┳━━━━━━━━━━━━━━━━━┓
┃ Layer (type)                         ┃ Output Shape                ┃         Param # ┃
┡━━━━━━━━━━━━━━━━━━━━━━━━━━━━━━━━━━━━━━╇━━━━━━━━━━━━━━━━━━━━━━━━━━━━━╇━━━━━━━━━━━━━━━━━┩
│ input_layer (InputLayer)             │ (None, 200, 2)              │               0 │
├──────────────────────────────────────┼─────────────────────────────┼─────────────────┤
│ conv1d (Conv1D)                      │ (None, 200, 8)              │             168 │
├──────────────────────────────────────┼─────────────────────────────┼─────────────────┤
│ batch_normalization                  │ (None, 200, 8)              │              32 │
│ (BatchNormalization)                 │                             │                 │
├──────────────────────────────────────┼─────────────────────────────┼─────────────────┤
│ zero_padding1d (ZeroPadding1D)       │ (None, 202, 8)              │               0 │
├──────────────────────────────────────┼─────────────────────────────┼─────────────────┤
│ average_pooling1d (AveragePooling1D) │ (None, 200, 8)              │               0 │
├──────────────────────────────────────┼─────────────────────────────┼─────────────────┤
│ gru (GRU)                            │ (None, 64)                  │          14,208 │
├──────────────────────────────────────┼─────────────────────────────┼─────────────────┤
│ dense (Dense)                        │ (None, 2)                   │             130 │
├──────────────────────────────────────┼─────────────────────────────┼─────────────────┤
│ phase (UnitNormalization)            │ (None, 2)                   │               0 │
└──────────────────────────────────────┴─────────────────────────────┴─────────────────┘
 Total params: 14,538 (56.79 KB)
 Trainable params: 14,522 (56.73 KB)
 Non-trainable params: 16 (64.00 B)


2026-03-26 04:03:13.792 | INFO     | ao_compensation_model.training_search:train:262 - Parameters — trainable: 14522  non-trainable: 16  total: 14538
2026-03-26 04:03:13.860 | INFO     | ao_compensation_model.training_search:on_train_begin:130 - Training started.
2026-03-26 04:03:13.860 | INFO     | ao_compensation_model.training_search:on_train_begin:131 - Hyperparameters:
  WINDOW_SIZE: 200
  STRIDE: 20
  TARGET_LEAD: 0
  GRU_UNITS: 64
  DROPOUT_RATE: 0.2
  FILTERS: 8
  KERNEL_SIZE: 10
  POOL_SIZE: 3
  BATCH_SIZE: 64
  MAX_EPOCHS: 100
  LEARNING_RATE: 0.0005
  TRAINING_DATA_DIR: D:\01_Code\ao_compensation_model\src\ao_compensation_model\dataset\training
  MODEL_DIR: D:\01_Code\ao_compensation_model\src\ao_compensation_model\model
2026-03-26 04:03:47.270 | INFO     | ao_compensation_model.training_search:on_epoch_end:150 - Epoch   1 | val_loss: 0.258383
2026-03-26 04:04:16.477 | INFO     | ao_compensation_model.training_search:on_epoch_end:150 - Epoch   2 | val_loss: 0.195331
2026-03-26 04:04:45.246 | INFO     | ao_compensation_model.training_search:on_epoch_end:150 - Epoch   3 | val_loss: 0.205778
2026-03-26 04:05:14.907 | INFO     | ao_compensation_model.training_search:on_epoch_end:150 - Epoch   4 | val_loss: 0.202689
2026-03-26 04:05:14.939 | INFO     | ao_compensation_model.training_search:train:294 - Best model for this run saved as: gru_model.keras (val_loss=0.195331)
2026-03-26 04:05:16.960 | INFO     | ao_compensation_model.training_search:train:311 - TFLite model saved as: gru_model_edge.tflite
2026-03-26 04:05:19.436 | INFO     | ao_compensation_model.training_search:train:241 - --- Testing Config: GRU=64 | BATCH=64 | KERNEL=10 | FILTERS=16 | POOL=5 ---
2026-03-26 04:05:19.575 | INFO     | ao_compensation_model.training_search:train:259 - Model architecture:
Model: "functional"
┏━━━━━━━━━━━━━━━━━━━━━━━━━━━━━━━━━━━━━━┳━━━━━━━━━━━━━━━━━━━━━━━━━━━━━┳━━━━━━━━━━━━━━━━━┓
┃ Layer (type)                         ┃ Output Shape                ┃         Param # ┃
┡━━━━━━━━━━━━━━━━━━━━━━━━━━━━━━━━━━━━━━╇━━━━━━━━━━━━━━━━━━━━━━━━━━━━━╇━━━━━━━━━━━━━━━━━┩
│ input_layer (InputLayer)             │ (None, 200, 2)              │               0 │
├──────────────────────────────────────┼─────────────────────────────┼─────────────────┤
│ conv1d (Conv1D)                      │ (None, 200, 16)             │             336 │
├──────────────────────────────────────┼─────────────────────────────┼─────────────────┤
│ batch_normalization                  │ (None, 200, 16)             │              64 │
│ (BatchNormalization)                 │                             │                 │
├──────────────────────────────────────┼─────────────────────────────┼─────────────────┤
│ zero_padding1d (ZeroPadding1D)       │ (None, 204, 16)             │               0 │
├──────────────────────────────────────┼─────────────────────────────┼─────────────────┤
│ average_pooling1d (AveragePooling1D) │ (None, 200, 16)             │               0 │
├──────────────────────────────────────┼─────────────────────────────┼─────────────────┤
│ gru (GRU)                            │ (None, 64)                  │          15,744 │
├──────────────────────────────────────┼─────────────────────────────┼─────────────────┤
│ dense (Dense)                        │ (None, 2)                   │             130 │
├──────────────────────────────────────┼─────────────────────────────┼─────────────────┤
│ phase (UnitNormalization)            │ (None, 2)                   │               0 │
└──────────────────────────────────────┴─────────────────────────────┴─────────────────┘
 Total params: 16,274 (63.57 KB)
 Trainable params: 16,242 (63.45 KB)
 Non-trainable params: 32 (128.00 B)


2026-03-26 04:05:19.587 | INFO     | ao_compensation_model.training_search:train:262 - Parameters — trainable: 16242  non-trainable: 32  total: 16274
2026-03-26 04:05:19.667 | INFO     | ao_compensation_model.training_search:on_train_begin:130 - Training started.
2026-03-26 04:05:19.668 | INFO     | ao_compensation_model.training_search:on_train_begin:131 - Hyperparameters:
  WINDOW_SIZE: 200
  STRIDE: 20
  TARGET_LEAD: 0
  GRU_UNITS: 64
  DROPOUT_RATE: 0.2
  FILTERS: 16
  KERNEL_SIZE: 10
  POOL_SIZE: 5
  BATCH_SIZE: 64
  MAX_EPOCHS: 100
  LEARNING_RATE: 0.0005
  TRAINING_DATA_DIR: D:\01_Code\ao_compensation_model\src\ao_compensation_model\dataset\training
  MODEL_DIR: D:\01_Code\ao_compensation_model\src\ao_compensation_model\model
2026-03-26 04:06:05.097 | INFO     | ao_compensation_model.training_search:on_epoch_end:150 - Epoch   1 | val_loss: 0.221394
2026-03-26 04:06:45.779 | INFO     | ao_compensation_model.training_search:on_epoch_end:150 - Epoch   2 | val_loss: 0.185875
2026-03-26 04:07:25.135 | INFO     | ao_compensation_model.training_search:on_epoch_end:150 - Epoch   3 | val_loss: 0.193733
2026-03-26 04:08:05.327 | INFO     | ao_compensation_model.training_search:on_epoch_end:150 - Epoch   4 | val_loss: 0.192009
2026-03-26 04:08:05.366 | INFO     | ao_compensation_model.training_search:train:294 - Best model for this run saved as: gru_model.keras (val_loss=0.185875)
2026-03-26 04:08:07.451 | INFO     | ao_compensation_model.training_search:train:311 - TFLite model saved as: gru_model_edge.tflite
2026-03-26 04:08:10.036 | INFO     | ao_compensation_model.training_search:train:241 - --- Testing Config: GRU=64 | BATCH=64 | KERNEL=10 | FILTERS=16 | POOL=3 ---
2026-03-26 04:08:10.150 | INFO     | ao_compensation_model.training_search:train:259 - Model architecture:
Model: "functional"
┏━━━━━━━━━━━━━━━━━━━━━━━━━━━━━━━━━━━━━━┳━━━━━━━━━━━━━━━━━━━━━━━━━━━━━┳━━━━━━━━━━━━━━━━━┓
┃ Layer (type)                         ┃ Output Shape                ┃         Param # ┃
┡━━━━━━━━━━━━━━━━━━━━━━━━━━━━━━━━━━━━━━╇━━━━━━━━━━━━━━━━━━━━━━━━━━━━━╇━━━━━━━━━━━━━━━━━┩
│ input_layer (InputLayer)             │ (None, 200, 2)              │               0 │
├──────────────────────────────────────┼─────────────────────────────┼─────────────────┤
│ conv1d (Conv1D)                      │ (None, 200, 16)             │             336 │
├──────────────────────────────────────┼─────────────────────────────┼─────────────────┤
│ batch_normalization                  │ (None, 200, 16)             │              64 │
│ (BatchNormalization)                 │                             │                 │
├──────────────────────────────────────┼─────────────────────────────┼─────────────────┤
│ zero_padding1d (ZeroPadding1D)       │ (None, 202, 16)             │               0 │
├──────────────────────────────────────┼─────────────────────────────┼─────────────────┤
│ average_pooling1d (AveragePooling1D) │ (None, 200, 16)             │               0 │
├──────────────────────────────────────┼─────────────────────────────┼─────────────────┤
│ gru (GRU)                            │ (None, 64)                  │          15,744 │
├──────────────────────────────────────┼─────────────────────────────┼─────────────────┤
│ dense (Dense)                        │ (None, 2)                   │             130 │
├──────────────────────────────────────┼─────────────────────────────┼─────────────────┤
│ phase (UnitNormalization)            │ (None, 2)                   │               0 │
└──────────────────────────────────────┴─────────────────────────────┴─────────────────┘
 Total params: 16,274 (63.57 KB)
 Trainable params: 16,242 (63.45 KB)
 Non-trainable params: 32 (128.00 B)


2026-03-26 04:08:10.167 | INFO     | ao_compensation_model.training_search:train:262 - Parameters — trainable: 16242  non-trainable: 32  total: 16274
2026-03-26 04:08:10.248 | INFO     | ao_compensation_model.training_search:on_train_begin:130 - Training started.
2026-03-26 04:08:10.249 | INFO     | ao_compensation_model.training_search:on_train_begin:131 - Hyperparameters:
  WINDOW_SIZE: 200
  STRIDE: 20
  TARGET_LEAD: 0
  GRU_UNITS: 64
  DROPOUT_RATE: 0.2
  FILTERS: 16
  KERNEL_SIZE: 10
  POOL_SIZE: 3
  BATCH_SIZE: 64
  MAX_EPOCHS: 100
  LEARNING_RATE: 0.0005
  TRAINING_DATA_DIR: D:\01_Code\ao_compensation_model\src\ao_compensation_model\dataset\training
  MODEL_DIR: D:\01_Code\ao_compensation_model\src\ao_compensation_model\model
2026-03-26 04:08:54.695 | INFO     | ao_compensation_model.training_search:on_epoch_end:150 - Epoch   1 | val_loss: 0.253941
2026-03-26 04:09:35.841 | INFO     | ao_compensation_model.training_search:on_epoch_end:150 - Epoch   2 | val_loss: 0.184117
2026-03-26 04:10:14.538 | INFO     | ao_compensation_model.training_search:on_epoch_end:150 - Epoch   3 | val_loss: 0.188440
2026-03-26 04:10:55.246 | INFO     | ao_compensation_model.training_search:on_epoch_end:150 - Epoch   4 | val_loss: 0.184640
2026-03-26 04:10:55.277 | INFO     | ao_compensation_model.training_search:train:294 - Best model for this run saved as: gru_model.keras (val_loss=0.184117)
2026-03-26 04:10:57.406 | INFO     | ao_compensation_model.training_search:train:311 - TFLite model saved as: gru_model_edge.tflite
2026-03-26 04:10:59.901 | INFO     | ao_compensation_model.training_search:train:241 - --- Testing Config: GRU=64 | BATCH=64 | KERNEL=20 | FILTERS=4 | POOL=5 ---
2026-03-26 04:11:00.036 | INFO     | ao_compensation_model.training_search:train:259 - Model architecture:
Model: "functional"
┏━━━━━━━━━━━━━━━━━━━━━━━━━━━━━━━━━━━━━━┳━━━━━━━━━━━━━━━━━━━━━━━━━━━━━┳━━━━━━━━━━━━━━━━━┓
┃ Layer (type)                         ┃ Output Shape                ┃         Param # ┃
┡━━━━━━━━━━━━━━━━━━━━━━━━━━━━━━━━━━━━━━╇━━━━━━━━━━━━━━━━━━━━━━━━━━━━━╇━━━━━━━━━━━━━━━━━┩
│ input_layer (InputLayer)             │ (None, 200, 2)              │               0 │
├──────────────────────────────────────┼─────────────────────────────┼─────────────────┤
│ conv1d (Conv1D)                      │ (None, 200, 4)              │             164 │
├──────────────────────────────────────┼─────────────────────────────┼─────────────────┤
│ batch_normalization                  │ (None, 200, 4)              │              16 │
│ (BatchNormalization)                 │                             │                 │
├──────────────────────────────────────┼─────────────────────────────┼─────────────────┤
│ zero_padding1d (ZeroPadding1D)       │ (None, 204, 4)              │               0 │
├──────────────────────────────────────┼─────────────────────────────┼─────────────────┤
│ average_pooling1d (AveragePooling1D) │ (None, 200, 4)              │               0 │
├──────────────────────────────────────┼─────────────────────────────┼─────────────────┤
│ gru (GRU)                            │ (None, 64)                  │          13,440 │
├──────────────────────────────────────┼─────────────────────────────┼─────────────────┤
│ dense (Dense)                        │ (None, 2)                   │             130 │
├──────────────────────────────────────┼─────────────────────────────┼─────────────────┤
│ phase (UnitNormalization)            │ (None, 2)                   │               0 │
└──────────────────────────────────────┴─────────────────────────────┴─────────────────┘
 Total params: 13,750 (53.71 KB)
 Trainable params: 13,742 (53.68 KB)
 Non-trainable params: 8 (32.00 B)


2026-03-26 04:11:00.048 | INFO     | ao_compensation_model.training_search:train:262 - Parameters — trainable: 13742  non-trainable: 8  total: 13750
2026-03-26 04:11:00.117 | INFO     | ao_compensation_model.training_search:on_train_begin:130 - Training started.
2026-03-26 04:11:00.118 | INFO     | ao_compensation_model.training_search:on_train_begin:131 - Hyperparameters:
  WINDOW_SIZE: 200
  STRIDE: 20
  TARGET_LEAD: 0
  GRU_UNITS: 64
  DROPOUT_RATE: 0.2
  FILTERS: 4
  KERNEL_SIZE: 20
  POOL_SIZE: 5
  BATCH_SIZE: 64
  MAX_EPOCHS: 100
  LEARNING_RATE: 0.0005
  TRAINING_DATA_DIR: D:\01_Code\ao_compensation_model\src\ao_compensation_model\dataset\training
  MODEL_DIR: D:\01_Code\ao_compensation_model\src\ao_compensation_model\model
2026-03-26 04:11:42.933 | INFO     | ao_compensation_model.training_search:on_epoch_end:150 - Epoch   1 | val_loss: 0.194482
2026-03-26 04:12:23.196 | INFO     | ao_compensation_model.training_search:on_epoch_end:150 - Epoch   2 | val_loss: 0.208613
2026-03-26 04:13:01.042 | INFO     | ao_compensation_model.training_search:on_epoch_end:150 - Epoch   3 | val_loss: 0.223745
2026-03-26 04:13:01.081 | INFO     | ao_compensation_model.training_search:train:294 - Best model for this run saved as: gru_model.keras (val_loss=0.194482)
2026-03-26 04:13:03.374 | INFO     | ao_compensation_model.training_search:train:311 - TFLite model saved as: gru_model_edge.tflite
2026-03-26 04:13:06.260 | INFO     | ao_compensation_model.training_search:train:241 - --- Testing Config: GRU=64 | BATCH=64 | KERNEL=20 | FILTERS=4 | POOL=3 ---
2026-03-26 04:13:06.416 | INFO     | ao_compensation_model.training_search:train:259 - Model architecture:
Model: "functional"
┏━━━━━━━━━━━━━━━━━━━━━━━━━━━━━━━━━━━━━━┳━━━━━━━━━━━━━━━━━━━━━━━━━━━━━┳━━━━━━━━━━━━━━━━━┓
┃ Layer (type)                         ┃ Output Shape                ┃         Param # ┃
┡━━━━━━━━━━━━━━━━━━━━━━━━━━━━━━━━━━━━━━╇━━━━━━━━━━━━━━━━━━━━━━━━━━━━━╇━━━━━━━━━━━━━━━━━┩
│ input_layer (InputLayer)             │ (None, 200, 2)              │               0 │
├──────────────────────────────────────┼─────────────────────────────┼─────────────────┤
│ conv1d (Conv1D)                      │ (None, 200, 4)              │             164 │
├──────────────────────────────────────┼─────────────────────────────┼─────────────────┤
│ batch_normalization                  │ (None, 200, 4)              │              16 │
│ (BatchNormalization)                 │                             │                 │
├──────────────────────────────────────┼─────────────────────────────┼─────────────────┤
│ zero_padding1d (ZeroPadding1D)       │ (None, 202, 4)              │               0 │
├──────────────────────────────────────┼─────────────────────────────┼─────────────────┤
│ average_pooling1d (AveragePooling1D) │ (None, 200, 4)              │               0 │
├──────────────────────────────────────┼─────────────────────────────┼─────────────────┤
│ gru (GRU)                            │ (None, 64)                  │          13,440 │
├──────────────────────────────────────┼─────────────────────────────┼─────────────────┤
│ dense (Dense)                        │ (None, 2)                   │             130 │
├──────────────────────────────────────┼─────────────────────────────┼─────────────────┤
│ phase (UnitNormalization)            │ (None, 2)                   │               0 │
└──────────────────────────────────────┴─────────────────────────────┴─────────────────┘
 Total params: 13,750 (53.71 KB)
 Trainable params: 13,742 (53.68 KB)
 Non-trainable params: 8 (32.00 B)


2026-03-26 04:13:06.429 | INFO     | ao_compensation_model.training_search:train:262 - Parameters — trainable: 13742  non-trainable: 8  total: 13750
2026-03-26 04:13:06.503 | INFO     | ao_compensation_model.training_search:on_train_begin:130 - Training started.
2026-03-26 04:13:06.504 | INFO     | ao_compensation_model.training_search:on_train_begin:131 - Hyperparameters:
  WINDOW_SIZE: 200
  STRIDE: 20
  TARGET_LEAD: 0
  GRU_UNITS: 64
  DROPOUT_RATE: 0.2
  FILTERS: 4
  KERNEL_SIZE: 20
  POOL_SIZE: 3
  BATCH_SIZE: 64
  MAX_EPOCHS: 100
  LEARNING_RATE: 0.0005
  TRAINING_DATA_DIR: D:\01_Code\ao_compensation_model\src\ao_compensation_model\dataset\training
  MODEL_DIR: D:\01_Code\ao_compensation_model\src\ao_compensation_model\model
2026-03-26 04:13:49.742 | INFO     | ao_compensation_model.training_search:on_epoch_end:150 - Epoch   1 | val_loss: 0.202048
2026-03-26 04:14:29.656 | INFO     | ao_compensation_model.training_search:on_epoch_end:150 - Epoch   2 | val_loss: 0.207481
2026-03-26 04:15:07.953 | INFO     | ao_compensation_model.training_search:on_epoch_end:150 - Epoch   3 | val_loss: 0.222791
2026-03-26 04:15:07.990 | INFO     | ao_compensation_model.training_search:train:294 - Best model for this run saved as: gru_model.keras (val_loss=0.202048)
2026-03-26 04:15:10.241 | INFO     | ao_compensation_model.training_search:train:311 - TFLite model saved as: gru_model_edge.tflite
2026-03-26 04:15:12.751 | INFO     | ao_compensation_model.training_search:train:241 - --- Testing Config: GRU=64 | BATCH=64 | KERNEL=20 | FILTERS=8 | POOL=5 ---
2026-03-26 04:15:12.855 | INFO     | ao_compensation_model.training_search:train:259 - Model architecture:
Model: "functional"
┏━━━━━━━━━━━━━━━━━━━━━━━━━━━━━━━━━━━━━━┳━━━━━━━━━━━━━━━━━━━━━━━━━━━━━┳━━━━━━━━━━━━━━━━━┓
┃ Layer (type)                         ┃ Output Shape                ┃         Param # ┃
┡━━━━━━━━━━━━━━━━━━━━━━━━━━━━━━━━━━━━━━╇━━━━━━━━━━━━━━━━━━━━━━━━━━━━━╇━━━━━━━━━━━━━━━━━┩
│ input_layer (InputLayer)             │ (None, 200, 2)              │               0 │
├──────────────────────────────────────┼─────────────────────────────┼─────────────────┤
│ conv1d (Conv1D)                      │ (None, 200, 8)              │             328 │
├──────────────────────────────────────┼─────────────────────────────┼─────────────────┤
│ batch_normalization                  │ (None, 200, 8)              │              32 │
│ (BatchNormalization)                 │                             │                 │
├──────────────────────────────────────┼─────────────────────────────┼─────────────────┤
│ zero_padding1d (ZeroPadding1D)       │ (None, 204, 8)              │               0 │
├──────────────────────────────────────┼─────────────────────────────┼─────────────────┤
│ average_pooling1d (AveragePooling1D) │ (None, 200, 8)              │               0 │
├──────────────────────────────────────┼─────────────────────────────┼─────────────────┤
│ gru (GRU)                            │ (None, 64)                  │          14,208 │
├──────────────────────────────────────┼─────────────────────────────┼─────────────────┤
│ dense (Dense)                        │ (None, 2)                   │             130 │
├──────────────────────────────────────┼─────────────────────────────┼─────────────────┤
│ phase (UnitNormalization)            │ (None, 2)                   │               0 │
└──────────────────────────────────────┴─────────────────────────────┴─────────────────┘
 Total params: 14,698 (57.41 KB)
 Trainable params: 14,682 (57.35 KB)
 Non-trainable params: 16 (64.00 B)


2026-03-26 04:15:12.869 | INFO     | ao_compensation_model.training_search:train:262 - Parameters — trainable: 14682  non-trainable: 16  total: 14698
2026-03-26 04:15:12.934 | INFO     | ao_compensation_model.training_search:on_train_begin:130 - Training started.
2026-03-26 04:15:12.935 | INFO     | ao_compensation_model.training_search:on_train_begin:131 - Hyperparameters:
  WINDOW_SIZE: 200
  STRIDE: 20
  TARGET_LEAD: 0
  GRU_UNITS: 64
  DROPOUT_RATE: 0.2
  FILTERS: 8
  KERNEL_SIZE: 20
  POOL_SIZE: 5
  BATCH_SIZE: 64
  MAX_EPOCHS: 100
  LEARNING_RATE: 0.0005
  TRAINING_DATA_DIR: D:\01_Code\ao_compensation_model\src\ao_compensation_model\dataset\training
  MODEL_DIR: D:\01_Code\ao_compensation_model\src\ao_compensation_model\model
2026-03-26 04:15:56.587 | INFO     | ao_compensation_model.training_search:on_epoch_end:150 - Epoch   1 | val_loss: 0.207874
2026-03-26 04:16:37.823 | INFO     | ao_compensation_model.training_search:on_epoch_end:150 - Epoch   2 | val_loss: 0.188272
2026-03-26 04:17:58.222 | INFO     | ao_compensation_model.training_search:on_epoch_end:150 - Epoch   3 | val_loss: 0.200257
2026-03-26 04:18:38.745 | INFO     | ao_compensation_model.training_search:on_epoch_end:150 - Epoch   4 | val_loss: 0.209217
2026-03-26 04:18:38.777 | INFO     | ao_compensation_model.training_search:train:294 - Best model for this run saved as: gru_model.keras (val_loss=0.188272)
2026-03-26 04:18:40.856 | INFO     | ao_compensation_model.training_search:train:311 - TFLite model saved as: gru_model_edge.tflite
2026-03-26 04:18:43.408 | INFO     | ao_compensation_model.training_search:train:241 - --- Testing Config: GRU=64 | BATCH=64 | KERNEL=20 | FILTERS=8 | POOL=3 ---
2026-03-26 04:18:43.525 | INFO     | ao_compensation_model.training_search:train:259 - Model architecture:
Model: "functional"
┏━━━━━━━━━━━━━━━━━━━━━━━━━━━━━━━━━━━━━━┳━━━━━━━━━━━━━━━━━━━━━━━━━━━━━┳━━━━━━━━━━━━━━━━━┓
┃ Layer (type)                         ┃ Output Shape                ┃         Param # ┃
┡━━━━━━━━━━━━━━━━━━━━━━━━━━━━━━━━━━━━━━╇━━━━━━━━━━━━━━━━━━━━━━━━━━━━━╇━━━━━━━━━━━━━━━━━┩
│ input_layer (InputLayer)             │ (None, 200, 2)              │               0 │
├──────────────────────────────────────┼─────────────────────────────┼─────────────────┤
│ conv1d (Conv1D)                      │ (None, 200, 8)              │             328 │
├──────────────────────────────────────┼─────────────────────────────┼─────────────────┤
│ batch_normalization                  │ (None, 200, 8)              │              32 │
│ (BatchNormalization)                 │                             │                 │
├──────────────────────────────────────┼─────────────────────────────┼─────────────────┤
│ zero_padding1d (ZeroPadding1D)       │ (None, 202, 8)              │               0 │
├──────────────────────────────────────┼─────────────────────────────┼─────────────────┤
│ average_pooling1d (AveragePooling1D) │ (None, 200, 8)              │               0 │
├──────────────────────────────────────┼─────────────────────────────┼─────────────────┤
│ gru (GRU)                            │ (None, 64)                  │          14,208 │
├──────────────────────────────────────┼─────────────────────────────┼─────────────────┤
│ dense (Dense)                        │ (None, 2)                   │             130 │
├──────────────────────────────────────┼─────────────────────────────┼─────────────────┤
│ phase (UnitNormalization)            │ (None, 2)                   │               0 │
└──────────────────────────────────────┴─────────────────────────────┴─────────────────┘
 Total params: 14,698 (57.41 KB)
 Trainable params: 14,682 (57.35 KB)
 Non-trainable params: 16 (64.00 B)


2026-03-26 04:18:43.544 | INFO     | ao_compensation_model.training_search:train:262 - Parameters — trainable: 14682  non-trainable: 16  total: 14698
2026-03-26 04:18:43.623 | INFO     | ao_compensation_model.training_search:on_train_begin:130 - Training started.
2026-03-26 04:18:43.623 | INFO     | ao_compensation_model.training_search:on_train_begin:131 - Hyperparameters:
  WINDOW_SIZE: 200
  STRIDE: 20
  TARGET_LEAD: 0
  GRU_UNITS: 64
  DROPOUT_RATE: 0.2
  FILTERS: 8
  KERNEL_SIZE: 20
  POOL_SIZE: 3
  BATCH_SIZE: 64
  MAX_EPOCHS: 100
  LEARNING_RATE: 0.0005
  TRAINING_DATA_DIR: D:\01_Code\ao_compensation_model\src\ao_compensation_model\dataset\training
  MODEL_DIR: D:\01_Code\ao_compensation_model\src\ao_compensation_model\model
2026-03-26 04:19:28.665 | INFO     | ao_compensation_model.training_search:on_epoch_end:150 - Epoch   1 | val_loss: 0.209150
2026-03-26 04:20:09.612 | INFO     | ao_compensation_model.training_search:on_epoch_end:150 - Epoch   2 | val_loss: 0.190208
2026-03-26 04:20:48.715 | INFO     | ao_compensation_model.training_search:on_epoch_end:150 - Epoch   3 | val_loss: 0.207202
2026-03-26 04:21:30.000 | INFO     | ao_compensation_model.training_search:on_epoch_end:150 - Epoch   4 | val_loss: 0.212010
2026-03-26 04:21:30.063 | INFO     | ao_compensation_model.training_search:train:294 - Best model for this run saved as: gru_model.keras (val_loss=0.190208)
2026-03-26 04:21:32.087 | INFO     | ao_compensation_model.training_search:train:311 - TFLite model saved as: gru_model_edge.tflite
2026-03-26 04:21:34.705 | INFO     | ao_compensation_model.training_search:train:241 - --- Testing Config: GRU=64 | BATCH=64 | KERNEL=20 | FILTERS=16 | POOL=5 ---
2026-03-26 04:21:34.814 | INFO     | ao_compensation_model.training_search:train:259 - Model architecture:
Model: "functional"
┏━━━━━━━━━━━━━━━━━━━━━━━━━━━━━━━━━━━━━━┳━━━━━━━━━━━━━━━━━━━━━━━━━━━━━┳━━━━━━━━━━━━━━━━━┓
┃ Layer (type)                         ┃ Output Shape                ┃         Param # ┃
┡━━━━━━━━━━━━━━━━━━━━━━━━━━━━━━━━━━━━━━╇━━━━━━━━━━━━━━━━━━━━━━━━━━━━━╇━━━━━━━━━━━━━━━━━┩
│ input_layer (InputLayer)             │ (None, 200, 2)              │               0 │
├──────────────────────────────────────┼─────────────────────────────┼─────────────────┤
│ conv1d (Conv1D)                      │ (None, 200, 16)             │             656 │
├──────────────────────────────────────┼─────────────────────────────┼─────────────────┤
│ batch_normalization                  │ (None, 200, 16)             │              64 │
│ (BatchNormalization)                 │                             │                 │
├──────────────────────────────────────┼─────────────────────────────┼─────────────────┤
│ zero_padding1d (ZeroPadding1D)       │ (None, 204, 16)             │               0 │
├──────────────────────────────────────┼─────────────────────────────┼─────────────────┤
│ average_pooling1d (AveragePooling1D) │ (None, 200, 16)             │               0 │
├──────────────────────────────────────┼─────────────────────────────┼─────────────────┤
│ gru (GRU)                            │ (None, 64)                  │          15,744 │
├──────────────────────────────────────┼─────────────────────────────┼─────────────────┤
│ dense (Dense)                        │ (None, 2)                   │             130 │
├──────────────────────────────────────┼─────────────────────────────┼─────────────────┤
│ phase (UnitNormalization)            │ (None, 2)                   │               0 │
└──────────────────────────────────────┴─────────────────────────────┴─────────────────┘
 Total params: 16,594 (64.82 KB)
 Trainable params: 16,562 (64.70 KB)
 Non-trainable params: 32 (128.00 B)


2026-03-26 04:21:34.827 | INFO     | ao_compensation_model.training_search:train:262 - Parameters — trainable: 16562  non-trainable: 32  total: 16594
2026-03-26 04:21:34.915 | INFO     | ao_compensation_model.training_search:on_train_begin:130 - Training started.
2026-03-26 04:21:34.916 | INFO     | ao_compensation_model.training_search:on_train_begin:131 - Hyperparameters:
  WINDOW_SIZE: 200
  STRIDE: 20
  TARGET_LEAD: 0
  GRU_UNITS: 64
  DROPOUT_RATE: 0.2
  FILTERS: 16
  KERNEL_SIZE: 20
  POOL_SIZE: 5
  BATCH_SIZE: 64
  MAX_EPOCHS: 100
  LEARNING_RATE: 0.0005
  TRAINING_DATA_DIR: D:\01_Code\ao_compensation_model\src\ao_compensation_model\dataset\training
  MODEL_DIR: D:\01_Code\ao_compensation_model\src\ao_compensation_model\model
2026-03-26 04:22:21.660 | INFO     | ao_compensation_model.training_search:on_epoch_end:150 - Epoch   1 | val_loss: 0.210084
2026-03-26 04:23:04.457 | INFO     | ao_compensation_model.training_search:on_epoch_end:150 - Epoch   2 | val_loss: 0.178004
2026-03-26 04:23:45.795 | INFO     | ao_compensation_model.training_search:on_epoch_end:150 - Epoch   3 | val_loss: 0.190691
2026-03-26 04:24:28.654 | INFO     | ao_compensation_model.training_search:on_epoch_end:150 - Epoch   4 | val_loss: 0.197082
2026-03-26 04:25:07.843 | INFO     | ao_compensation_model.training_search:train:294 - Best model for this run saved as: gru_model.keras (val_loss=0.178004)
2026-03-26 04:25:09.899 | INFO     | ao_compensation_model.training_search:train:311 - TFLite model saved as: gru_model_edge.tflite
2026-03-26 04:25:12.445 | INFO     | ao_compensation_model.training_search:train:241 - --- Testing Config: GRU=64 | BATCH=64 | KERNEL=20 | FILTERS=16 | POOL=3 ---
2026-03-26 04:25:12.577 | INFO     | ao_compensation_model.training_search:train:259 - Model architecture:
Model: "functional"
┏━━━━━━━━━━━━━━━━━━━━━━━━━━━━━━━━━━━━━━┳━━━━━━━━━━━━━━━━━━━━━━━━━━━━━┳━━━━━━━━━━━━━━━━━┓
┃ Layer (type)                         ┃ Output Shape                ┃         Param # ┃
┡━━━━━━━━━━━━━━━━━━━━━━━━━━━━━━━━━━━━━━╇━━━━━━━━━━━━━━━━━━━━━━━━━━━━━╇━━━━━━━━━━━━━━━━━┩
│ input_layer (InputLayer)             │ (None, 200, 2)              │               0 │
├──────────────────────────────────────┼─────────────────────────────┼─────────────────┤
│ conv1d (Conv1D)                      │ (None, 200, 16)             │             656 │
├──────────────────────────────────────┼─────────────────────────────┼─────────────────┤
│ batch_normalization                  │ (None, 200, 16)             │              64 │
│ (BatchNormalization)                 │                             │                 │
├──────────────────────────────────────┼─────────────────────────────┼─────────────────┤
│ zero_padding1d (ZeroPadding1D)       │ (None, 202, 16)             │               0 │
├──────────────────────────────────────┼─────────────────────────────┼─────────────────┤
│ average_pooling1d (AveragePooling1D) │ (None, 200, 16)             │               0 │
├──────────────────────────────────────┼─────────────────────────────┼─────────────────┤
│ gru (GRU)                            │ (None, 64)                  │          15,744 │
├──────────────────────────────────────┼─────────────────────────────┼─────────────────┤
│ dense (Dense)                        │ (None, 2)                   │             130 │
├──────────────────────────────────────┼─────────────────────────────┼─────────────────┤
│ phase (UnitNormalization)            │ (None, 2)                   │               0 │
└──────────────────────────────────────┴─────────────────────────────┴─────────────────┘
 Total params: 16,594 (64.82 KB)
 Trainable params: 16,562 (64.70 KB)
 Non-trainable params: 32 (128.00 B)


2026-03-26 04:25:12.589 | INFO     | ao_compensation_model.training_search:train:262 - Parameters — trainable: 16562  non-trainable: 32  total: 16594
2026-03-26 04:25:12.654 | INFO     | ao_compensation_model.training_search:on_train_begin:130 - Training started.
2026-03-26 04:25:12.654 | INFO     | ao_compensation_model.training_search:on_train_begin:131 - Hyperparameters:
  WINDOW_SIZE: 200
  STRIDE: 20
  TARGET_LEAD: 0
  GRU_UNITS: 64
  DROPOUT_RATE: 0.2
  FILTERS: 16
  KERNEL_SIZE: 20
  POOL_SIZE: 3
  BATCH_SIZE: 64
  MAX_EPOCHS: 100
  LEARNING_RATE: 0.0005
  TRAINING_DATA_DIR: D:\01_Code\ao_compensation_model\src\ao_compensation_model\dataset\training
  MODEL_DIR: D:\01_Code\ao_compensation_model\src\ao_compensation_model\model
2026-03-26 04:25:59.192 | INFO     | ao_compensation_model.training_search:on_epoch_end:150 - Epoch   1 | val_loss: 0.210156
2026-03-26 04:26:40.505 | INFO     | ao_compensation_model.training_search:on_epoch_end:150 - Epoch   2 | val_loss: 0.185792
2026-03-26 04:27:22.708 | INFO     | ao_compensation_model.training_search:on_epoch_end:150 - Epoch   3 | val_loss: 0.181147
2026-03-26 04:28:03.766 | INFO     | ao_compensation_model.training_search:on_epoch_end:150 - Epoch   4 | val_loss: 0.190629
2026-03-26 04:28:45.194 | INFO     | ao_compensation_model.training_search:on_epoch_end:150 - Epoch   5 | val_loss: 0.184739
2026-03-26 04:28:45.225 | INFO     | ao_compensation_model.training_search:train:294 - Best model for this run saved as: gru_model.keras (val_loss=0.181147)
2026-03-26 04:28:47.776 | INFO     | ao_compensation_model.training_search:train:311 - TFLite model saved as: gru_model_edge.tflite
2026-03-26 04:28:50.441 | INFO     | ao_compensation_model.training_search:train:241 - --- Testing Config: GRU=64 | BATCH=128 | KERNEL=5 | FILTERS=4 | POOL=5 ---
2026-03-26 04:28:50.579 | INFO     | ao_compensation_model.training_search:train:259 - Model architecture:
Model: "functional"
┏━━━━━━━━━━━━━━━━━━━━━━━━━━━━━━━━━━━━━━┳━━━━━━━━━━━━━━━━━━━━━━━━━━━━━┳━━━━━━━━━━━━━━━━━┓
┃ Layer (type)                         ┃ Output Shape                ┃         Param # ┃
┡━━━━━━━━━━━━━━━━━━━━━━━━━━━━━━━━━━━━━━╇━━━━━━━━━━━━━━━━━━━━━━━━━━━━━╇━━━━━━━━━━━━━━━━━┩
│ input_layer (InputLayer)             │ (None, 200, 2)              │               0 │
├──────────────────────────────────────┼─────────────────────────────┼─────────────────┤
│ conv1d (Conv1D)                      │ (None, 200, 4)              │              44 │
├──────────────────────────────────────┼─────────────────────────────┼─────────────────┤
│ batch_normalization                  │ (None, 200, 4)              │              16 │
│ (BatchNormalization)                 │                             │                 │
├──────────────────────────────────────┼─────────────────────────────┼─────────────────┤
│ zero_padding1d (ZeroPadding1D)       │ (None, 204, 4)              │               0 │
├──────────────────────────────────────┼─────────────────────────────┼─────────────────┤
│ average_pooling1d (AveragePooling1D) │ (None, 200, 4)              │               0 │
├──────────────────────────────────────┼─────────────────────────────┼─────────────────┤
│ gru (GRU)                            │ (None, 64)                  │          13,440 │
├──────────────────────────────────────┼─────────────────────────────┼─────────────────┤
│ dense (Dense)                        │ (None, 2)                   │             130 │
├──────────────────────────────────────┼─────────────────────────────┼─────────────────┤
│ phase (UnitNormalization)            │ (None, 2)                   │               0 │
└──────────────────────────────────────┴─────────────────────────────┴─────────────────┘
 Total params: 13,630 (53.24 KB)
 Trainable params: 13,622 (53.21 KB)
 Non-trainable params: 8 (32.00 B)


2026-03-26 04:28:50.592 | INFO     | ao_compensation_model.training_search:train:262 - Parameters — trainable: 13622  non-trainable: 8  total: 13630
2026-03-26 04:28:50.662 | INFO     | ao_compensation_model.training_search:on_train_begin:130 - Training started.
2026-03-26 04:28:50.663 | INFO     | ao_compensation_model.training_search:on_train_begin:131 - Hyperparameters:
  WINDOW_SIZE: 200
  STRIDE: 20
  TARGET_LEAD: 0
  GRU_UNITS: 64
  DROPOUT_RATE: 0.2
  FILTERS: 4
  KERNEL_SIZE: 5
  POOL_SIZE: 5
  BATCH_SIZE: 128
  MAX_EPOCHS: 100
  LEARNING_RATE: 0.0005
  TRAINING_DATA_DIR: D:\01_Code\ao_compensation_model\src\ao_compensation_model\dataset\training
  MODEL_DIR: D:\01_Code\ao_compensation_model\src\ao_compensation_model\model
2026-03-26 04:30:06.386 | INFO     | ao_compensation_model.training_search:on_epoch_end:150 - Epoch   1 | val_loss: 0.293472
2026-03-26 04:31:21.074 | INFO     | ao_compensation_model.training_search:on_epoch_end:150 - Epoch   2 | val_loss: 0.209699
2026-03-26 04:32:34.741 | INFO     | ao_compensation_model.training_search:on_epoch_end:150 - Epoch   3 | val_loss: 0.203705
2026-03-26 04:33:50.700 | INFO     | ao_compensation_model.training_search:on_epoch_end:150 - Epoch   4 | val_loss: 0.210836
2026-03-26 04:35:04.814 | INFO     | ao_compensation_model.training_search:on_epoch_end:150 - Epoch   5 | val_loss: 0.208994
2026-03-26 04:35:04.844 | INFO     | ao_compensation_model.training_search:train:294 - Best model for this run saved as: gru_model.keras (val_loss=0.203705)
2026-03-26 04:35:06.885 | INFO     | ao_compensation_model.training_search:train:311 - TFLite model saved as: gru_model_edge.tflite
2026-03-26 04:35:09.598 | INFO     | ao_compensation_model.training_search:train:241 - --- Testing Config: GRU=64 | BATCH=128 | KERNEL=5 | FILTERS=4 | POOL=3 ---
2026-03-26 04:35:09.751 | INFO     | ao_compensation_model.training_search:train:259 - Model architecture:
Model: "functional"
┏━━━━━━━━━━━━━━━━━━━━━━━━━━━━━━━━━━━━━━┳━━━━━━━━━━━━━━━━━━━━━━━━━━━━━┳━━━━━━━━━━━━━━━━━┓
┃ Layer (type)                         ┃ Output Shape                ┃         Param # ┃
┡━━━━━━━━━━━━━━━━━━━━━━━━━━━━━━━━━━━━━━╇━━━━━━━━━━━━━━━━━━━━━━━━━━━━━╇━━━━━━━━━━━━━━━━━┩
│ input_layer (InputLayer)             │ (None, 200, 2)              │               0 │
├──────────────────────────────────────┼─────────────────────────────┼─────────────────┤
│ conv1d (Conv1D)                      │ (None, 200, 4)              │              44 │
├──────────────────────────────────────┼─────────────────────────────┼─────────────────┤
│ batch_normalization                  │ (None, 200, 4)              │              16 │
│ (BatchNormalization)                 │                             │                 │
├──────────────────────────────────────┼─────────────────────────────┼─────────────────┤
│ zero_padding1d (ZeroPadding1D)       │ (None, 202, 4)              │               0 │
├──────────────────────────────────────┼─────────────────────────────┼─────────────────┤
│ average_pooling1d (AveragePooling1D) │ (None, 200, 4)              │               0 │
├──────────────────────────────────────┼─────────────────────────────┼─────────────────┤
│ gru (GRU)                            │ (None, 64)                  │          13,440 │
├──────────────────────────────────────┼─────────────────────────────┼─────────────────┤
│ dense (Dense)                        │ (None, 2)                   │             130 │
├──────────────────────────────────────┼─────────────────────────────┼─────────────────┤
│ phase (UnitNormalization)            │ (None, 2)                   │               0 │
└──────────────────────────────────────┴─────────────────────────────┴─────────────────┘
 Total params: 13,630 (53.24 KB)
 Trainable params: 13,622 (53.21 KB)
 Non-trainable params: 8 (32.00 B)


2026-03-26 04:35:09.766 | INFO     | ao_compensation_model.training_search:train:262 - Parameters — trainable: 13622  non-trainable: 8  total: 13630
2026-03-26 04:35:09.855 | INFO     | ao_compensation_model.training_search:on_train_begin:130 - Training started.
2026-03-26 04:35:09.856 | INFO     | ao_compensation_model.training_search:on_train_begin:131 - Hyperparameters:
  WINDOW_SIZE: 200
  STRIDE: 20
  TARGET_LEAD: 0
  GRU_UNITS: 64
  DROPOUT_RATE: 0.2
  FILTERS: 4
  KERNEL_SIZE: 5
  POOL_SIZE: 3
  BATCH_SIZE: 128
  MAX_EPOCHS: 100
  LEARNING_RATE: 0.0005
  TRAINING_DATA_DIR: D:\01_Code\ao_compensation_model\src\ao_compensation_model\dataset\training
  MODEL_DIR: D:\01_Code\ao_compensation_model\src\ao_compensation_model\model
2026-03-26 04:36:28.680 | INFO     | ao_compensation_model.training_search:on_epoch_end:150 - Epoch   1 | val_loss: 0.287745
2026-03-26 04:37:43.156 | INFO     | ao_compensation_model.training_search:on_epoch_end:150 - Epoch   2 | val_loss: 0.211103
2026-03-26 04:38:55.563 | INFO     | ao_compensation_model.training_search:on_epoch_end:150 - Epoch   3 | val_loss: 0.207160
2026-03-26 04:40:12.210 | INFO     | ao_compensation_model.training_search:on_epoch_end:150 - Epoch   4 | val_loss: 0.219404
2026-03-26 04:41:25.747 | INFO     | ao_compensation_model.training_search:on_epoch_end:150 - Epoch   5 | val_loss: 0.210634
2026-03-26 04:41:25.779 | INFO     | ao_compensation_model.training_search:train:294 - Best model for this run saved as: gru_model.keras (val_loss=0.207160)
2026-03-26 04:41:27.773 | INFO     | ao_compensation_model.training_search:train:311 - TFLite model saved as: gru_model_edge.tflite
2026-03-26 04:41:30.538 | INFO     | ao_compensation_model.training_search:train:241 - --- Testing Config: GRU=64 | BATCH=128 | KERNEL=5 | FILTERS=8 | POOL=5 ---
2026-03-26 04:41:30.779 | INFO     | ao_compensation_model.training_search:train:259 - Model architecture:
Model: "functional"
┏━━━━━━━━━━━━━━━━━━━━━━━━━━━━━━━━━━━━━━┳━━━━━━━━━━━━━━━━━━━━━━━━━━━━━┳━━━━━━━━━━━━━━━━━┓
┃ Layer (type)                         ┃ Output Shape                ┃         Param # ┃
┡━━━━━━━━━━━━━━━━━━━━━━━━━━━━━━━━━━━━━━╇━━━━━━━━━━━━━━━━━━━━━━━━━━━━━╇━━━━━━━━━━━━━━━━━┩
│ input_layer (InputLayer)             │ (None, 200, 2)              │               0 │
├──────────────────────────────────────┼─────────────────────────────┼─────────────────┤
│ conv1d (Conv1D)                      │ (None, 200, 8)              │              88 │
├──────────────────────────────────────┼─────────────────────────────┼─────────────────┤
│ batch_normalization                  │ (None, 200, 8)              │              32 │
│ (BatchNormalization)                 │                             │                 │
├──────────────────────────────────────┼─────────────────────────────┼─────────────────┤
│ zero_padding1d (ZeroPadding1D)       │ (None, 204, 8)              │               0 │
├──────────────────────────────────────┼─────────────────────────────┼─────────────────┤
│ average_pooling1d (AveragePooling1D) │ (None, 200, 8)              │               0 │
├──────────────────────────────────────┼─────────────────────────────┼─────────────────┤
│ gru (GRU)                            │ (None, 64)                  │          14,208 │
├──────────────────────────────────────┼─────────────────────────────┼─────────────────┤
│ dense (Dense)                        │ (None, 2)                   │             130 │
├──────────────────────────────────────┼─────────────────────────────┼─────────────────┤
│ phase (UnitNormalization)            │ (None, 2)                   │               0 │
└──────────────────────────────────────┴─────────────────────────────┴─────────────────┘
 Total params: 14,458 (56.48 KB)
 Trainable params: 14,442 (56.41 KB)
 Non-trainable params: 16 (64.00 B)


2026-03-26 04:41:30.796 | INFO     | ao_compensation_model.training_search:train:262 - Parameters — trainable: 14442  non-trainable: 16  total: 14458
2026-03-26 04:41:30.947 | INFO     | ao_compensation_model.training_search:on_train_begin:130 - Training started.
2026-03-26 04:41:30.949 | INFO     | ao_compensation_model.training_search:on_train_begin:131 - Hyperparameters:
  WINDOW_SIZE: 200
  STRIDE: 20
  TARGET_LEAD: 0
  GRU_UNITS: 64
  DROPOUT_RATE: 0.2
  FILTERS: 8
  KERNEL_SIZE: 5
  POOL_SIZE: 5
  BATCH_SIZE: 128
  MAX_EPOCHS: 100
  LEARNING_RATE: 0.0005
  TRAINING_DATA_DIR: D:\01_Code\ao_compensation_model\src\ao_compensation_model\dataset\training
  MODEL_DIR: D:\01_Code\ao_compensation_model\src\ao_compensation_model\model
2026-03-26 04:42:50.109 | INFO     | ao_compensation_model.training_search:on_epoch_end:150 - Epoch   1 | val_loss: 0.295682
2026-03-26 04:44:07.541 | INFO     | ao_compensation_model.training_search:on_epoch_end:150 - Epoch   2 | val_loss: 0.205798
2026-03-26 04:45:24.586 | INFO     | ao_compensation_model.training_search:on_epoch_end:150 - Epoch   3 | val_loss: 0.191270
2026-03-26 04:46:41.466 | INFO     | ao_compensation_model.training_search:on_epoch_end:150 - Epoch   4 | val_loss: 0.201658
2026-03-26 04:47:58.662 | INFO     | ao_compensation_model.training_search:on_epoch_end:150 - Epoch   5 | val_loss: 0.200480
2026-03-26 04:47:58.694 | INFO     | ao_compensation_model.training_search:train:294 - Best model for this run saved as: gru_model.keras (val_loss=0.191270)
2026-03-26 04:48:00.791 | INFO     | ao_compensation_model.training_search:train:311 - TFLite model saved as: gru_model_edge.tflite
2026-03-26 04:48:03.474 | INFO     | ao_compensation_model.training_search:train:241 - --- Testing Config: GRU=64 | BATCH=128 | KERNEL=5 | FILTERS=8 | POOL=3 ---
2026-03-26 04:48:03.602 | INFO     | ao_compensation_model.training_search:train:259 - Model architecture:
Model: "functional"
┏━━━━━━━━━━━━━━━━━━━━━━━━━━━━━━━━━━━━━━┳━━━━━━━━━━━━━━━━━━━━━━━━━━━━━┳━━━━━━━━━━━━━━━━━┓
┃ Layer (type)                         ┃ Output Shape                ┃         Param # ┃
┡━━━━━━━━━━━━━━━━━━━━━━━━━━━━━━━━━━━━━━╇━━━━━━━━━━━━━━━━━━━━━━━━━━━━━╇━━━━━━━━━━━━━━━━━┩
│ input_layer (InputLayer)             │ (None, 200, 2)              │               0 │
├──────────────────────────────────────┼─────────────────────────────┼─────────────────┤
│ conv1d (Conv1D)                      │ (None, 200, 8)              │              88 │
├──────────────────────────────────────┼─────────────────────────────┼─────────────────┤
│ batch_normalization                  │ (None, 200, 8)              │              32 │
│ (BatchNormalization)                 │                             │                 │
├──────────────────────────────────────┼─────────────────────────────┼─────────────────┤
│ zero_padding1d (ZeroPadding1D)       │ (None, 202, 8)              │               0 │
├──────────────────────────────────────┼─────────────────────────────┼─────────────────┤
│ average_pooling1d (AveragePooling1D) │ (None, 200, 8)              │               0 │
├──────────────────────────────────────┼─────────────────────────────┼─────────────────┤
│ gru (GRU)                            │ (None, 64)                  │          14,208 │
├──────────────────────────────────────┼─────────────────────────────┼─────────────────┤
│ dense (Dense)                        │ (None, 2)                   │             130 │
├──────────────────────────────────────┼─────────────────────────────┼─────────────────┤
│ phase (UnitNormalization)            │ (None, 2)                   │               0 │
└──────────────────────────────────────┴─────────────────────────────┴─────────────────┘
 Total params: 14,458 (56.48 KB)
 Trainable params: 14,442 (56.41 KB)
 Non-trainable params: 16 (64.00 B)


2026-03-26 04:48:03.615 | INFO     | ao_compensation_model.training_search:train:262 - Parameters — trainable: 14442  non-trainable: 16  total: 14458
2026-03-26 04:48:03.682 | INFO     | ao_compensation_model.training_search:on_train_begin:130 - Training started.
2026-03-26 04:48:03.683 | INFO     | ao_compensation_model.training_search:on_train_begin:131 - Hyperparameters:
  WINDOW_SIZE: 200
  STRIDE: 20
  TARGET_LEAD: 0
  GRU_UNITS: 64
  DROPOUT_RATE: 0.2
  FILTERS: 8
  KERNEL_SIZE: 5
  POOL_SIZE: 3
  BATCH_SIZE: 128
  MAX_EPOCHS: 100
  LEARNING_RATE: 0.0005
  TRAINING_DATA_DIR: D:\01_Code\ao_compensation_model\src\ao_compensation_model\dataset\training
  MODEL_DIR: D:\01_Code\ao_compensation_model\src\ao_compensation_model\model
2026-03-26 04:49:24.811 | INFO     | ao_compensation_model.training_search:on_epoch_end:150 - Epoch   1 | val_loss: 0.351057
2026-03-26 04:50:42.008 | INFO     | ao_compensation_model.training_search:on_epoch_end:150 - Epoch   2 | val_loss: 0.236805
2026-03-26 04:51:59.076 | INFO     | ao_compensation_model.training_search:on_epoch_end:150 - Epoch   3 | val_loss: 0.196159
2026-03-26 04:53:16.151 | INFO     | ao_compensation_model.training_search:on_epoch_end:150 - Epoch   4 | val_loss: 0.197882
2026-03-26 04:54:33.227 | INFO     | ao_compensation_model.training_search:on_epoch_end:150 - Epoch   5 | val_loss: 0.204127
2026-03-26 04:54:33.259 | INFO     | ao_compensation_model.training_search:train:294 - Best model for this run saved as: gru_model.keras (val_loss=0.196159)
2026-03-26 04:54:35.313 | INFO     | ao_compensation_model.training_search:train:311 - TFLite model saved as: gru_model_edge.tflite
2026-03-26 04:54:37.886 | INFO     | ao_compensation_model.training_search:train:241 - --- Testing Config: GRU=64 | BATCH=128 | KERNEL=5 | FILTERS=16 | POOL=5 ---
2026-03-26 04:54:38.006 | INFO     | ao_compensation_model.training_search:train:259 - Model architecture:
Model: "functional"
┏━━━━━━━━━━━━━━━━━━━━━━━━━━━━━━━━━━━━━━┳━━━━━━━━━━━━━━━━━━━━━━━━━━━━━┳━━━━━━━━━━━━━━━━━┓
┃ Layer (type)                         ┃ Output Shape                ┃         Param # ┃
┡━━━━━━━━━━━━━━━━━━━━━━━━━━━━━━━━━━━━━━╇━━━━━━━━━━━━━━━━━━━━━━━━━━━━━╇━━━━━━━━━━━━━━━━━┩
│ input_layer (InputLayer)             │ (None, 200, 2)              │               0 │
├──────────────────────────────────────┼─────────────────────────────┼─────────────────┤
│ conv1d (Conv1D)                      │ (None, 200, 16)             │             176 │
├──────────────────────────────────────┼─────────────────────────────┼─────────────────┤
│ batch_normalization                  │ (None, 200, 16)             │              64 │
│ (BatchNormalization)                 │                             │                 │
├──────────────────────────────────────┼─────────────────────────────┼─────────────────┤
│ zero_padding1d (ZeroPadding1D)       │ (None, 204, 16)             │               0 │
├──────────────────────────────────────┼─────────────────────────────┼─────────────────┤
│ average_pooling1d (AveragePooling1D) │ (None, 200, 16)             │               0 │
├──────────────────────────────────────┼─────────────────────────────┼─────────────────┤
│ gru (GRU)                            │ (None, 64)                  │          15,744 │
├──────────────────────────────────────┼─────────────────────────────┼─────────────────┤
│ dense (Dense)                        │ (None, 2)                   │             130 │
├──────────────────────────────────────┼─────────────────────────────┼─────────────────┤
│ phase (UnitNormalization)            │ (None, 2)                   │               0 │
└──────────────────────────────────────┴─────────────────────────────┴─────────────────┘
 Total params: 16,114 (62.95 KB)
 Trainable params: 16,082 (62.82 KB)
 Non-trainable params: 32 (128.00 B)


2026-03-26 04:54:38.018 | INFO     | ao_compensation_model.training_search:train:262 - Parameters — trainable: 16082  non-trainable: 32  total: 16114
2026-03-26 04:54:38.087 | INFO     | ao_compensation_model.training_search:on_train_begin:130 - Training started.
2026-03-26 04:54:38.087 | INFO     | ao_compensation_model.training_search:on_train_begin:131 - Hyperparameters:
  WINDOW_SIZE: 200
  STRIDE: 20
  TARGET_LEAD: 0
  GRU_UNITS: 64
  DROPOUT_RATE: 0.2
  FILTERS: 16
  KERNEL_SIZE: 5
  POOL_SIZE: 5
  BATCH_SIZE: 128
  MAX_EPOCHS: 100
  LEARNING_RATE: 0.0005
  TRAINING_DATA_DIR: D:\01_Code\ao_compensation_model\src\ao_compensation_model\dataset\training
  MODEL_DIR: D:\01_Code\ao_compensation_model\src\ao_compensation_model\model
2026-03-26 04:56:03.083 | INFO     | ao_compensation_model.training_search:on_epoch_end:150 - Epoch   1 | val_loss: 0.364363
2026-03-26 04:57:21.034 | INFO     | ao_compensation_model.training_search:on_epoch_end:150 - Epoch   2 | val_loss: 0.252987
2026-03-26 04:58:40.773 | INFO     | ao_compensation_model.training_search:on_epoch_end:150 - Epoch   3 | val_loss: 0.192486
2026-03-26 05:00:00.617 | INFO     | ao_compensation_model.training_search:on_epoch_end:150 - Epoch   4 | val_loss: 0.191163
2026-03-26 05:01:20.480 | INFO     | ao_compensation_model.training_search:on_epoch_end:150 - Epoch   5 | val_loss: 0.188203
2026-03-26 05:02:39.544 | INFO     | ao_compensation_model.training_search:on_epoch_end:150 - Epoch   6 | val_loss: 0.187350
2026-03-26 05:03:59.361 | INFO     | ao_compensation_model.training_search:on_epoch_end:150 - Epoch   7 | val_loss: 0.179184
2026-03-26 05:05:18.428 | INFO     | ao_compensation_model.training_search:on_epoch_end:150 - Epoch   8 | val_loss: 0.183509
2026-03-26 05:06:38.303 | INFO     | ao_compensation_model.training_search:on_epoch_end:150 - Epoch   9 | val_loss: 0.177351
2026-03-26 05:07:56.153 | INFO     | ao_compensation_model.training_search:on_epoch_end:150 - Epoch  10 | val_loss: 0.180611
2026-03-26 05:09:12.087 | INFO     | ao_compensation_model.training_search:on_epoch_end:150 - Epoch  11 | val_loss: 0.180919
2026-03-26 05:09:12.127 | INFO     | ao_compensation_model.training_search:train:294 - Best model for this run saved as: gru_model.keras (val_loss=0.177351)
2026-03-26 05:09:15.027 | INFO     | ao_compensation_model.training_search:train:311 - TFLite model saved as: gru_model_edge.tflite
2026-03-26 05:09:17.749 | INFO     | ao_compensation_model.training_search:train:241 - --- Testing Config: GRU=64 | BATCH=128 | KERNEL=5 | FILTERS=16 | POOL=3 ---
2026-03-26 05:09:17.851 | INFO     | ao_compensation_model.training_search:train:259 - Model architecture:
Model: "functional"
┏━━━━━━━━━━━━━━━━━━━━━━━━━━━━━━━━━━━━━━┳━━━━━━━━━━━━━━━━━━━━━━━━━━━━━┳━━━━━━━━━━━━━━━━━┓
┃ Layer (type)                         ┃ Output Shape                ┃         Param # ┃
┡━━━━━━━━━━━━━━━━━━━━━━━━━━━━━━━━━━━━━━╇━━━━━━━━━━━━━━━━━━━━━━━━━━━━━╇━━━━━━━━━━━━━━━━━┩
│ input_layer (InputLayer)             │ (None, 200, 2)              │               0 │
├──────────────────────────────────────┼─────────────────────────────┼─────────────────┤
│ conv1d (Conv1D)                      │ (None, 200, 16)             │             176 │
├──────────────────────────────────────┼─────────────────────────────┼─────────────────┤
│ batch_normalization                  │ (None, 200, 16)             │              64 │
│ (BatchNormalization)                 │                             │                 │
├──────────────────────────────────────┼─────────────────────────────┼─────────────────┤
│ zero_padding1d (ZeroPadding1D)       │ (None, 202, 16)             │               0 │
├──────────────────────────────────────┼─────────────────────────────┼─────────────────┤
│ average_pooling1d (AveragePooling1D) │ (None, 200, 16)             │               0 │
├──────────────────────────────────────┼─────────────────────────────┼─────────────────┤
│ gru (GRU)                            │ (None, 64)                  │          15,744 │
├──────────────────────────────────────┼─────────────────────────────┼─────────────────┤
│ dense (Dense)                        │ (None, 2)                   │             130 │
├──────────────────────────────────────┼─────────────────────────────┼─────────────────┤
│ phase (UnitNormalization)            │ (None, 2)                   │               0 │
└──────────────────────────────────────┴─────────────────────────────┴─────────────────┘
 Total params: 16,114 (62.95 KB)
 Trainable params: 16,082 (62.82 KB)
 Non-trainable params: 32 (128.00 B)


2026-03-26 05:09:17.863 | INFO     | ao_compensation_model.training_search:train:262 - Parameters — trainable: 16082  non-trainable: 32  total: 16114
2026-03-26 05:09:17.935 | INFO     | ao_compensation_model.training_search:on_train_begin:130 - Training started.
2026-03-26 05:09:17.937 | INFO     | ao_compensation_model.training_search:on_train_begin:131 - Hyperparameters:
  WINDOW_SIZE: 200
  STRIDE: 20
  TARGET_LEAD: 0
  GRU_UNITS: 64
  DROPOUT_RATE: 0.2
  FILTERS: 16
  KERNEL_SIZE: 5
  POOL_SIZE: 3
  BATCH_SIZE: 128
  MAX_EPOCHS: 100
  LEARNING_RATE: 0.0005
  TRAINING_DATA_DIR: D:\01_Code\ao_compensation_model\src\ao_compensation_model\dataset\training
  MODEL_DIR: D:\01_Code\ao_compensation_model\src\ao_compensation_model\model
2026-03-26 05:10:42.620 | INFO     | ao_compensation_model.training_search:on_epoch_end:150 - Epoch   1 | val_loss: 0.377742
2026-03-26 05:12:00.595 | INFO     | ao_compensation_model.training_search:on_epoch_end:150 - Epoch   2 | val_loss: 0.321806
2026-03-26 05:13:18.414 | INFO     | ao_compensation_model.training_search:on_epoch_end:150 - Epoch   3 | val_loss: 0.199225
2026-03-26 05:14:35.592 | INFO     | ao_compensation_model.training_search:on_epoch_end:150 - Epoch   4 | val_loss: 0.186995
2026-03-26 05:15:53.510 | INFO     | ao_compensation_model.training_search:on_epoch_end:150 - Epoch   5 | val_loss: 0.196242
2026-03-26 05:17:10.426 | INFO     | ao_compensation_model.training_search:on_epoch_end:150 - Epoch   6 | val_loss: 0.189352
2026-03-26 05:17:10.458 | INFO     | ao_compensation_model.training_search:train:294 - Best model for this run saved as: gru_model.keras (val_loss=0.186995)
2026-03-26 05:17:12.627 | INFO     | ao_compensation_model.training_search:train:311 - TFLite model saved as: gru_model_edge.tflite
2026-03-26 05:17:15.350 | INFO     | ao_compensation_model.training_search:train:241 - --- Testing Config: GRU=64 | BATCH=128 | KERNEL=10 | FILTERS=4 | POOL=5 ---
2026-03-26 05:17:15.485 | INFO     | ao_compensation_model.training_search:train:259 - Model architecture:
Model: "functional"
┏━━━━━━━━━━━━━━━━━━━━━━━━━━━━━━━━━━━━━━┳━━━━━━━━━━━━━━━━━━━━━━━━━━━━━┳━━━━━━━━━━━━━━━━━┓
┃ Layer (type)                         ┃ Output Shape                ┃         Param # ┃
┡━━━━━━━━━━━━━━━━━━━━━━━━━━━━━━━━━━━━━━╇━━━━━━━━━━━━━━━━━━━━━━━━━━━━━╇━━━━━━━━━━━━━━━━━┩
│ input_layer (InputLayer)             │ (None, 200, 2)              │               0 │
├──────────────────────────────────────┼─────────────────────────────┼─────────────────┤
│ conv1d (Conv1D)                      │ (None, 200, 4)              │              84 │
├──────────────────────────────────────┼─────────────────────────────┼─────────────────┤
│ batch_normalization                  │ (None, 200, 4)              │              16 │
│ (BatchNormalization)                 │                             │                 │
├──────────────────────────────────────┼─────────────────────────────┼─────────────────┤
│ zero_padding1d (ZeroPadding1D)       │ (None, 204, 4)              │               0 │
├──────────────────────────────────────┼─────────────────────────────┼─────────────────┤
│ average_pooling1d (AveragePooling1D) │ (None, 200, 4)              │               0 │
├──────────────────────────────────────┼─────────────────────────────┼─────────────────┤
│ gru (GRU)                            │ (None, 64)                  │          13,440 │
├──────────────────────────────────────┼─────────────────────────────┼─────────────────┤
│ dense (Dense)                        │ (None, 2)                   │             130 │
├──────────────────────────────────────┼─────────────────────────────┼─────────────────┤
│ phase (UnitNormalization)            │ (None, 2)                   │               0 │
└──────────────────────────────────────┴─────────────────────────────┴─────────────────┘
 Total params: 13,670 (53.40 KB)
 Trainable params: 13,662 (53.37 KB)
 Non-trainable params: 8 (32.00 B)


2026-03-26 05:17:15.498 | INFO     | ao_compensation_model.training_search:train:262 - Parameters — trainable: 13662  non-trainable: 8  total: 13670
2026-03-26 05:17:15.608 | INFO     | ao_compensation_model.training_search:on_train_begin:130 - Training started.
2026-03-26 05:17:15.609 | INFO     | ao_compensation_model.training_search:on_train_begin:131 - Hyperparameters:
  WINDOW_SIZE: 200
  STRIDE: 20
  TARGET_LEAD: 0
  GRU_UNITS: 64
  DROPOUT_RATE: 0.2
  FILTERS: 4
  KERNEL_SIZE: 10
  POOL_SIZE: 5
  BATCH_SIZE: 128
  MAX_EPOCHS: 100
  LEARNING_RATE: 0.0005
  TRAINING_DATA_DIR: D:\01_Code\ao_compensation_model\src\ao_compensation_model\dataset\training
  MODEL_DIR: D:\01_Code\ao_compensation_model\src\ao_compensation_model\model
2026-03-26 05:18:36.749 | INFO     | ao_compensation_model.training_search:on_epoch_end:150 - Epoch   1 | val_loss: 0.229169
2026-03-26 05:19:55.571 | INFO     | ao_compensation_model.training_search:on_epoch_end:150 - Epoch   2 | val_loss: 0.190797
2026-03-26 05:21:12.555 | INFO     | ao_compensation_model.training_search:on_epoch_end:150 - Epoch   3 | val_loss: 0.220161
2026-03-26 05:22:28.873 | INFO     | ao_compensation_model.training_search:on_epoch_end:150 - Epoch   4 | val_loss: 0.221099
2026-03-26 05:22:28.904 | INFO     | ao_compensation_model.training_search:train:294 - Best model for this run saved as: gru_model.keras (val_loss=0.190797)
2026-03-26 05:22:30.833 | INFO     | ao_compensation_model.training_search:train:311 - TFLite model saved as: gru_model_edge.tflite
2026-03-26 05:22:33.576 | INFO     | ao_compensation_model.training_search:train:241 - --- Testing Config: GRU=64 | BATCH=128 | KERNEL=10 | FILTERS=4 | POOL=3 ---
2026-03-26 05:22:33.687 | INFO     | ao_compensation_model.training_search:train:259 - Model architecture:
Model: "functional"
┏━━━━━━━━━━━━━━━━━━━━━━━━━━━━━━━━━━━━━━┳━━━━━━━━━━━━━━━━━━━━━━━━━━━━━┳━━━━━━━━━━━━━━━━━┓
┃ Layer (type)                         ┃ Output Shape                ┃         Param # ┃
┡━━━━━━━━━━━━━━━━━━━━━━━━━━━━━━━━━━━━━━╇━━━━━━━━━━━━━━━━━━━━━━━━━━━━━╇━━━━━━━━━━━━━━━━━┩
│ input_layer (InputLayer)             │ (None, 200, 2)              │               0 │
├──────────────────────────────────────┼─────────────────────────────┼─────────────────┤
│ conv1d (Conv1D)                      │ (None, 200, 4)              │              84 │
├──────────────────────────────────────┼─────────────────────────────┼─────────────────┤
│ batch_normalization                  │ (None, 200, 4)              │              16 │
│ (BatchNormalization)                 │                             │                 │
├──────────────────────────────────────┼─────────────────────────────┼─────────────────┤
│ zero_padding1d (ZeroPadding1D)       │ (None, 202, 4)              │               0 │
├──────────────────────────────────────┼─────────────────────────────┼─────────────────┤
│ average_pooling1d (AveragePooling1D) │ (None, 200, 4)              │               0 │
├──────────────────────────────────────┼─────────────────────────────┼─────────────────┤
│ gru (GRU)                            │ (None, 64)                  │          13,440 │
├──────────────────────────────────────┼─────────────────────────────┼─────────────────┤
│ dense (Dense)                        │ (None, 2)                   │             130 │
├──────────────────────────────────────┼─────────────────────────────┼─────────────────┤
│ phase (UnitNormalization)            │ (None, 2)                   │               0 │
└──────────────────────────────────────┴─────────────────────────────┴─────────────────┘
 Total params: 13,670 (53.40 KB)
 Trainable params: 13,662 (53.37 KB)
 Non-trainable params: 8 (32.00 B)


2026-03-26 05:22:33.705 | INFO     | ao_compensation_model.training_search:train:262 - Parameters — trainable: 13662  non-trainable: 8  total: 13670
2026-03-26 05:22:33.781 | INFO     | ao_compensation_model.training_search:on_train_begin:130 - Training started.
2026-03-26 05:22:33.782 | INFO     | ao_compensation_model.training_search:on_train_begin:131 - Hyperparameters:
  WINDOW_SIZE: 200
  STRIDE: 20
  TARGET_LEAD: 0
  GRU_UNITS: 64
  DROPOUT_RATE: 0.2
  FILTERS: 4
  KERNEL_SIZE: 10
  POOL_SIZE: 3
  BATCH_SIZE: 128
  MAX_EPOCHS: 100
  LEARNING_RATE: 0.0005
  TRAINING_DATA_DIR: D:\01_Code\ao_compensation_model\src\ao_compensation_model\dataset\training
  MODEL_DIR: D:\01_Code\ao_compensation_model\src\ao_compensation_model\model
2026-03-26 05:23:55.019 | INFO     | ao_compensation_model.training_search:on_epoch_end:150 - Epoch   1 | val_loss: 0.271139
2026-03-26 05:25:12.504 | INFO     | ao_compensation_model.training_search:on_epoch_end:150 - Epoch   2 | val_loss: 0.192345
2026-03-26 05:26:28.280 | INFO     | ao_compensation_model.training_search:on_epoch_end:150 - Epoch   3 | val_loss: 0.208874
2026-03-26 05:27:44.668 | INFO     | ao_compensation_model.training_search:on_epoch_end:150 - Epoch   4 | val_loss: 0.215543
2026-03-26 05:27:44.709 | INFO     | ao_compensation_model.training_search:train:294 - Best model for this run saved as: gru_model.keras (val_loss=0.192345)
2026-03-26 05:27:46.581 | INFO     | ao_compensation_model.training_search:train:311 - TFLite model saved as: gru_model_edge.tflite
2026-03-26 05:27:49.277 | INFO     | ao_compensation_model.training_search:train:241 - --- Testing Config: GRU=64 | BATCH=128 | KERNEL=10 | FILTERS=8 | POOL=5 ---
2026-03-26 05:27:49.419 | INFO     | ao_compensation_model.training_search:train:259 - Model architecture:
Model: "functional"
┏━━━━━━━━━━━━━━━━━━━━━━━━━━━━━━━━━━━━━━┳━━━━━━━━━━━━━━━━━━━━━━━━━━━━━┳━━━━━━━━━━━━━━━━━┓
┃ Layer (type)                         ┃ Output Shape                ┃         Param # ┃
┡━━━━━━━━━━━━━━━━━━━━━━━━━━━━━━━━━━━━━━╇━━━━━━━━━━━━━━━━━━━━━━━━━━━━━╇━━━━━━━━━━━━━━━━━┩
│ input_layer (InputLayer)             │ (None, 200, 2)              │               0 │
├──────────────────────────────────────┼─────────────────────────────┼─────────────────┤
│ conv1d (Conv1D)                      │ (None, 200, 8)              │             168 │
├──────────────────────────────────────┼─────────────────────────────┼─────────────────┤
│ batch_normalization                  │ (None, 200, 8)              │              32 │
│ (BatchNormalization)                 │                             │                 │
├──────────────────────────────────────┼─────────────────────────────┼─────────────────┤
│ zero_padding1d (ZeroPadding1D)       │ (None, 204, 8)              │               0 │
├──────────────────────────────────────┼─────────────────────────────┼─────────────────┤
│ average_pooling1d (AveragePooling1D) │ (None, 200, 8)              │               0 │
├──────────────────────────────────────┼─────────────────────────────┼─────────────────┤
│ gru (GRU)                            │ (None, 64)                  │          14,208 │
├──────────────────────────────────────┼─────────────────────────────┼─────────────────┤
│ dense (Dense)                        │ (None, 2)                   │             130 │
├──────────────────────────────────────┼─────────────────────────────┼─────────────────┤
│ phase (UnitNormalization)            │ (None, 2)                   │               0 │
└──────────────────────────────────────┴─────────────────────────────┴─────────────────┘
 Total params: 14,538 (56.79 KB)
 Trainable params: 14,522 (56.73 KB)
 Non-trainable params: 16 (64.00 B)


2026-03-26 05:27:49.439 | INFO     | ao_compensation_model.training_search:train:262 - Parameters — trainable: 14522  non-trainable: 16  total: 14538
2026-03-26 05:27:49.519 | INFO     | ao_compensation_model.training_search:on_train_begin:130 - Training started.
2026-03-26 05:27:49.520 | INFO     | ao_compensation_model.training_search:on_train_begin:131 - Hyperparameters:
  WINDOW_SIZE: 200
  STRIDE: 20
  TARGET_LEAD: 0
  GRU_UNITS: 64
  DROPOUT_RATE: 0.2
  FILTERS: 8
  KERNEL_SIZE: 10
  POOL_SIZE: 5
  BATCH_SIZE: 128
  MAX_EPOCHS: 100
  LEARNING_RATE: 0.0005
  TRAINING_DATA_DIR: D:\01_Code\ao_compensation_model\src\ao_compensation_model\dataset\training
  MODEL_DIR: D:\01_Code\ao_compensation_model\src\ao_compensation_model\model
2026-03-26 05:29:13.955 | INFO     | ao_compensation_model.training_search:on_epoch_end:150 - Epoch   1 | val_loss: 0.263700
2026-03-26 05:30:33.975 | INFO     | ao_compensation_model.training_search:on_epoch_end:150 - Epoch   2 | val_loss: 0.218129
2026-03-26 05:31:52.294 | INFO     | ao_compensation_model.training_search:on_epoch_end:150 - Epoch   3 | val_loss: 0.194331
2026-03-26 05:33:11.851 | INFO     | ao_compensation_model.training_search:on_epoch_end:150 - Epoch   4 | val_loss: 0.199967
2026-03-26 05:34:30.823 | INFO     | ao_compensation_model.training_search:on_epoch_end:150 - Epoch   5 | val_loss: 0.197137
2026-03-26 05:34:30.853 | INFO     | ao_compensation_model.training_search:train:294 - Best model for this run saved as: gru_model.keras (val_loss=0.194331)
2026-03-26 05:34:32.731 | INFO     | ao_compensation_model.training_search:train:311 - TFLite model saved as: gru_model_edge.tflite
2026-03-26 05:34:35.442 | INFO     | ao_compensation_model.training_search:train:241 - --- Testing Config: GRU=64 | BATCH=128 | KERNEL=10 | FILTERS=8 | POOL=3 ---
2026-03-26 05:34:35.554 | INFO     | ao_compensation_model.training_search:train:259 - Model architecture:
Model: "functional"
┏━━━━━━━━━━━━━━━━━━━━━━━━━━━━━━━━━━━━━━┳━━━━━━━━━━━━━━━━━━━━━━━━━━━━━┳━━━━━━━━━━━━━━━━━┓
┃ Layer (type)                         ┃ Output Shape                ┃         Param # ┃
┡━━━━━━━━━━━━━━━━━━━━━━━━━━━━━━━━━━━━━━╇━━━━━━━━━━━━━━━━━━━━━━━━━━━━━╇━━━━━━━━━━━━━━━━━┩
│ input_layer (InputLayer)             │ (None, 200, 2)              │               0 │
├──────────────────────────────────────┼─────────────────────────────┼─────────────────┤
│ conv1d (Conv1D)                      │ (None, 200, 8)              │             168 │
├──────────────────────────────────────┼─────────────────────────────┼─────────────────┤
│ batch_normalization                  │ (None, 200, 8)              │              32 │
│ (BatchNormalization)                 │                             │                 │
├──────────────────────────────────────┼─────────────────────────────┼─────────────────┤
│ zero_padding1d (ZeroPadding1D)       │ (None, 202, 8)              │               0 │
├──────────────────────────────────────┼─────────────────────────────┼─────────────────┤
│ average_pooling1d (AveragePooling1D) │ (None, 200, 8)              │               0 │
├──────────────────────────────────────┼─────────────────────────────┼─────────────────┤
│ gru (GRU)                            │ (None, 64)                  │          14,208 │
├──────────────────────────────────────┼─────────────────────────────┼─────────────────┤
│ dense (Dense)                        │ (None, 2)                   │             130 │
├──────────────────────────────────────┼─────────────────────────────┼─────────────────┤
│ phase (UnitNormalization)            │ (None, 2)                   │               0 │
└──────────────────────────────────────┴─────────────────────────────┴─────────────────┘
 Total params: 14,538 (56.79 KB)
 Trainable params: 14,522 (56.73 KB)
 Non-trainable params: 16 (64.00 B)


2026-03-26 05:34:35.568 | INFO     | ao_compensation_model.training_search:train:262 - Parameters — trainable: 14522  non-trainable: 16  total: 14538
2026-03-26 05:34:35.650 | INFO     | ao_compensation_model.training_search:on_train_begin:130 - Training started.
2026-03-26 05:34:35.651 | INFO     | ao_compensation_model.training_search:on_train_begin:131 - Hyperparameters:
  WINDOW_SIZE: 200
  STRIDE: 20
  TARGET_LEAD: 0
  GRU_UNITS: 64
  DROPOUT_RATE: 0.2
  FILTERS: 8
  KERNEL_SIZE: 10
  POOL_SIZE: 3
  BATCH_SIZE: 128
  MAX_EPOCHS: 100
  LEARNING_RATE: 0.0005
  TRAINING_DATA_DIR: D:\01_Code\ao_compensation_model\src\ao_compensation_model\dataset\training
  MODEL_DIR: D:\01_Code\ao_compensation_model\src\ao_compensation_model\model
2026-03-26 05:36:00.184 | INFO     | ao_compensation_model.training_search:on_epoch_end:150 - Epoch   1 | val_loss: 0.310700
2026-03-26 05:37:19.186 | INFO     | ao_compensation_model.training_search:on_epoch_end:150 - Epoch   2 | val_loss: 0.203669
2026-03-26 05:38:36.745 | INFO     | ao_compensation_model.training_search:on_epoch_end:150 - Epoch   3 | val_loss: 0.191030
2026-03-26 05:39:55.743 | INFO     | ao_compensation_model.training_search:on_epoch_end:150 - Epoch   4 | val_loss: 0.204541
2026-03-26 05:41:13.727 | INFO     | ao_compensation_model.training_search:on_epoch_end:150 - Epoch   5 | val_loss: 0.208117
2026-03-26 05:41:13.759 | INFO     | ao_compensation_model.training_search:train:294 - Best model for this run saved as: gru_model.keras (val_loss=0.191030)
2026-03-26 05:41:16.530 | INFO     | ao_compensation_model.training_search:train:311 - TFLite model saved as: gru_model_edge.tflite
2026-03-26 05:41:19.360 | INFO     | ao_compensation_model.training_search:train:241 - --- Testing Config: GRU=64 | BATCH=128 | KERNEL=10 | FILTERS=16 | POOL=5 ---
2026-03-26 05:41:19.505 | INFO     | ao_compensation_model.training_search:train:259 - Model architecture:
Model: "functional"
┏━━━━━━━━━━━━━━━━━━━━━━━━━━━━━━━━━━━━━━┳━━━━━━━━━━━━━━━━━━━━━━━━━━━━━┳━━━━━━━━━━━━━━━━━┓
┃ Layer (type)                         ┃ Output Shape                ┃         Param # ┃
┡━━━━━━━━━━━━━━━━━━━━━━━━━━━━━━━━━━━━━━╇━━━━━━━━━━━━━━━━━━━━━━━━━━━━━╇━━━━━━━━━━━━━━━━━┩
│ input_layer (InputLayer)             │ (None, 200, 2)              │               0 │
├──────────────────────────────────────┼─────────────────────────────┼─────────────────┤
│ conv1d (Conv1D)                      │ (None, 200, 16)             │             336 │
├──────────────────────────────────────┼─────────────────────────────┼─────────────────┤
│ batch_normalization                  │ (None, 200, 16)             │              64 │
│ (BatchNormalization)                 │                             │                 │
├──────────────────────────────────────┼─────────────────────────────┼─────────────────┤
│ zero_padding1d (ZeroPadding1D)       │ (None, 204, 16)             │               0 │
├──────────────────────────────────────┼─────────────────────────────┼─────────────────┤
│ average_pooling1d (AveragePooling1D) │ (None, 200, 16)             │               0 │
├──────────────────────────────────────┼─────────────────────────────┼─────────────────┤
│ gru (GRU)                            │ (None, 64)                  │          15,744 │
├──────────────────────────────────────┼─────────────────────────────┼─────────────────┤
│ dense (Dense)                        │ (None, 2)                   │             130 │
├──────────────────────────────────────┼─────────────────────────────┼─────────────────┤
│ phase (UnitNormalization)            │ (None, 2)                   │               0 │
└──────────────────────────────────────┴─────────────────────────────┴─────────────────┘
 Total params: 16,274 (63.57 KB)
 Trainable params: 16,242 (63.45 KB)
 Non-trainable params: 32 (128.00 B)


2026-03-26 05:41:19.525 | INFO     | ao_compensation_model.training_search:train:262 - Parameters — trainable: 16242  non-trainable: 32  total: 16274
2026-03-26 05:41:19.596 | INFO     | ao_compensation_model.training_search:on_train_begin:130 - Training started.
2026-03-26 05:41:19.596 | INFO     | ao_compensation_model.training_search:on_train_begin:131 - Hyperparameters:
  WINDOW_SIZE: 200
  STRIDE: 20
  TARGET_LEAD: 0
  GRU_UNITS: 64
  DROPOUT_RATE: 0.2
  FILTERS: 16
  KERNEL_SIZE: 10
  POOL_SIZE: 5
  BATCH_SIZE: 128
  MAX_EPOCHS: 100
  LEARNING_RATE: 0.0005
  TRAINING_DATA_DIR: D:\01_Code\ao_compensation_model\src\ao_compensation_model\dataset\training
  MODEL_DIR: D:\01_Code\ao_compensation_model\src\ao_compensation_model\model
2026-03-26 05:42:45.421 | INFO     | ao_compensation_model.training_search:on_epoch_end:150 - Epoch   1 | val_loss: 0.373048
2026-03-26 05:44:08.077 | INFO     | ao_compensation_model.training_search:on_epoch_end:150 - Epoch   2 | val_loss: 0.288340
2026-03-26 05:45:28.579 | INFO     | ao_compensation_model.training_search:on_epoch_end:150 - Epoch   3 | val_loss: 0.196324
2026-03-26 05:46:50.168 | INFO     | ao_compensation_model.training_search:on_epoch_end:150 - Epoch   4 | val_loss: 0.181550
2026-03-26 05:48:07.418 | INFO     | ao_compensation_model.training_search:on_epoch_end:150 - Epoch   5 | val_loss: 0.186697
2026-03-26 05:49:27.317 | INFO     | ao_compensation_model.training_search:on_epoch_end:150 - Epoch   6 | val_loss: 0.182139
2026-03-26 05:49:27.347 | INFO     | ao_compensation_model.training_search:train:294 - Best model for this run saved as: gru_model.keras (val_loss=0.181550)
2026-03-26 05:49:29.433 | INFO     | ao_compensation_model.training_search:train:311 - TFLite model saved as: gru_model_edge.tflite
2026-03-26 05:49:32.588 | INFO     | ao_compensation_model.training_search:train:241 - --- Testing Config: GRU=64 | BATCH=128 | KERNEL=10 | FILTERS=16 | POOL=3 ---
2026-03-26 05:49:32.702 | INFO     | ao_compensation_model.training_search:train:259 - Model architecture:
Model: "functional"
┏━━━━━━━━━━━━━━━━━━━━━━━━━━━━━━━━━━━━━━┳━━━━━━━━━━━━━━━━━━━━━━━━━━━━━┳━━━━━━━━━━━━━━━━━┓
┃ Layer (type)                         ┃ Output Shape                ┃         Param # ┃
┡━━━━━━━━━━━━━━━━━━━━━━━━━━━━━━━━━━━━━━╇━━━━━━━━━━━━━━━━━━━━━━━━━━━━━╇━━━━━━━━━━━━━━━━━┩
│ input_layer (InputLayer)             │ (None, 200, 2)              │               0 │
├──────────────────────────────────────┼─────────────────────────────┼─────────────────┤
│ conv1d (Conv1D)                      │ (None, 200, 16)             │             336 │
├──────────────────────────────────────┼─────────────────────────────┼─────────────────┤
│ batch_normalization                  │ (None, 200, 16)             │              64 │
│ (BatchNormalization)                 │                             │                 │
├──────────────────────────────────────┼─────────────────────────────┼─────────────────┤
│ zero_padding1d (ZeroPadding1D)       │ (None, 202, 16)             │               0 │
├──────────────────────────────────────┼─────────────────────────────┼─────────────────┤
│ average_pooling1d (AveragePooling1D) │ (None, 200, 16)             │               0 │
├──────────────────────────────────────┼─────────────────────────────┼─────────────────┤
│ gru (GRU)                            │ (None, 64)                  │          15,744 │
├──────────────────────────────────────┼─────────────────────────────┼─────────────────┤
│ dense (Dense)                        │ (None, 2)                   │             130 │
├──────────────────────────────────────┼─────────────────────────────┼─────────────────┤
│ phase (UnitNormalization)            │ (None, 2)                   │               0 │
└──────────────────────────────────────┴─────────────────────────────┴─────────────────┘
 Total params: 16,274 (63.57 KB)
 Trainable params: 16,242 (63.45 KB)
 Non-trainable params: 32 (128.00 B)


2026-03-26 05:49:32.715 | INFO     | ao_compensation_model.training_search:train:262 - Parameters — trainable: 16242  non-trainable: 32  total: 16274
2026-03-26 05:49:32.791 | INFO     | ao_compensation_model.training_search:on_train_begin:130 - Training started.
2026-03-26 05:49:32.792 | INFO     | ao_compensation_model.training_search:on_train_begin:131 - Hyperparameters:
  WINDOW_SIZE: 200
  STRIDE: 20
  TARGET_LEAD: 0
  GRU_UNITS: 64
  DROPOUT_RATE: 0.2
  FILTERS: 16
  KERNEL_SIZE: 10
  POOL_SIZE: 3
  BATCH_SIZE: 128
  MAX_EPOCHS: 100
  LEARNING_RATE: 0.0005
  TRAINING_DATA_DIR: D:\01_Code\ao_compensation_model\src\ao_compensation_model\dataset\training
  MODEL_DIR: D:\01_Code\ao_compensation_model\src\ao_compensation_model\model
2026-03-26 05:50:57.138 | INFO     | ao_compensation_model.training_search:on_epoch_end:150 - Epoch   1 | val_loss: 0.380317
2026-03-26 05:52:19.313 | INFO     | ao_compensation_model.training_search:on_epoch_end:150 - Epoch   2 | val_loss: 0.272092
2026-03-26 05:53:39.240 | INFO     | ao_compensation_model.training_search:on_epoch_end:150 - Epoch   3 | val_loss: 0.190572
2026-03-26 05:55:00.322 | INFO     | ao_compensation_model.training_search:on_epoch_end:150 - Epoch   4 | val_loss: 0.184736
2026-03-26 05:56:19.767 | INFO     | ao_compensation_model.training_search:on_epoch_end:150 - Epoch   5 | val_loss: 0.184432
2026-03-26 05:57:40.795 | INFO     | ao_compensation_model.training_search:on_epoch_end:150 - Epoch   6 | val_loss: 0.186895
2026-03-26 05:59:01.681 | INFO     | ao_compensation_model.training_search:on_epoch_end:150 - Epoch   7 | val_loss: 0.178422
2026-03-26 06:00:22.695 | INFO     | ao_compensation_model.training_search:on_epoch_end:150 - Epoch   8 | val_loss: 0.181927
2026-03-26 06:01:42.628 | INFO     | ao_compensation_model.training_search:on_epoch_end:150 - Epoch   9 | val_loss: 0.179547
2026-03-26 06:01:42.660 | INFO     | ao_compensation_model.training_search:train:294 - Best model for this run saved as: gru_model.keras (val_loss=0.178422)
2026-03-26 06:01:44.646 | INFO     | ao_compensation_model.training_search:train:311 - TFLite model saved as: gru_model_edge.tflite
2026-03-26 06:01:47.957 | INFO     | ao_compensation_model.training_search:train:241 - --- Testing Config: GRU=64 | BATCH=128 | KERNEL=20 | FILTERS=4 | POOL=5 ---
2026-03-26 06:01:48.078 | INFO     | ao_compensation_model.training_search:train:259 - Model architecture:
Model: "functional"
┏━━━━━━━━━━━━━━━━━━━━━━━━━━━━━━━━━━━━━━┳━━━━━━━━━━━━━━━━━━━━━━━━━━━━━┳━━━━━━━━━━━━━━━━━┓
┃ Layer (type)                         ┃ Output Shape                ┃         Param # ┃
┡━━━━━━━━━━━━━━━━━━━━━━━━━━━━━━━━━━━━━━╇━━━━━━━━━━━━━━━━━━━━━━━━━━━━━╇━━━━━━━━━━━━━━━━━┩
│ input_layer (InputLayer)             │ (None, 200, 2)              │               0 │
├──────────────────────────────────────┼─────────────────────────────┼─────────────────┤
│ conv1d (Conv1D)                      │ (None, 200, 4)              │             164 │
├──────────────────────────────────────┼─────────────────────────────┼─────────────────┤
│ batch_normalization                  │ (None, 200, 4)              │              16 │
│ (BatchNormalization)                 │                             │                 │
├──────────────────────────────────────┼─────────────────────────────┼─────────────────┤
│ zero_padding1d (ZeroPadding1D)       │ (None, 204, 4)              │               0 │
├──────────────────────────────────────┼─────────────────────────────┼─────────────────┤
│ average_pooling1d (AveragePooling1D) │ (None, 200, 4)              │               0 │
├──────────────────────────────────────┼─────────────────────────────┼─────────────────┤
│ gru (GRU)                            │ (None, 64)                  │          13,440 │
├──────────────────────────────────────┼─────────────────────────────┼─────────────────┤
│ dense (Dense)                        │ (None, 2)                   │             130 │
├──────────────────────────────────────┼─────────────────────────────┼─────────────────┤
│ phase (UnitNormalization)            │ (None, 2)                   │               0 │
└──────────────────────────────────────┴─────────────────────────────┴─────────────────┘
 Total params: 13,750 (53.71 KB)
 Trainable params: 13,742 (53.68 KB)
 Non-trainable params: 8 (32.00 B)


2026-03-26 06:01:48.090 | INFO     | ao_compensation_model.training_search:train:262 - Parameters — trainable: 13742  non-trainable: 8  total: 13750
2026-03-26 06:01:48.162 | INFO     | ao_compensation_model.training_search:on_train_begin:130 - Training started.
2026-03-26 06:01:48.163 | INFO     | ao_compensation_model.training_search:on_train_begin:131 - Hyperparameters:
  WINDOW_SIZE: 200
  STRIDE: 20
  TARGET_LEAD: 0
  GRU_UNITS: 64
  DROPOUT_RATE: 0.2
  FILTERS: 4
  KERNEL_SIZE: 20
  POOL_SIZE: 5
  BATCH_SIZE: 128
  MAX_EPOCHS: 100
  LEARNING_RATE: 0.0005
  TRAINING_DATA_DIR: D:\01_Code\ao_compensation_model\src\ao_compensation_model\dataset\training
  MODEL_DIR: D:\01_Code\ao_compensation_model\src\ao_compensation_model\model
2026-03-26 06:03:12.725 | INFO     | ao_compensation_model.training_search:on_epoch_end:150 - Epoch   1 | val_loss: 0.240379
2026-03-26 06:04:34.491 | INFO     | ao_compensation_model.training_search:on_epoch_end:150 - Epoch   2 | val_loss: 0.196132
2026-03-26 06:05:55.078 | INFO     | ao_compensation_model.training_search:on_epoch_end:150 - Epoch   3 | val_loss: 0.200894
2026-03-26 06:07:16.788 | INFO     | ao_compensation_model.training_search:on_epoch_end:150 - Epoch   4 | val_loss: 0.197547
2026-03-26 06:07:16.851 | INFO     | ao_compensation_model.training_search:train:294 - Best model for this run saved as: gru_model.keras (val_loss=0.196132)
2026-03-26 06:07:18.816 | INFO     | ao_compensation_model.training_search:train:311 - TFLite model saved as: gru_model_edge.tflite
2026-03-26 06:07:21.577 | INFO     | ao_compensation_model.training_search:train:241 - --- Testing Config: GRU=64 | BATCH=128 | KERNEL=20 | FILTERS=4 | POOL=3 ---
2026-03-26 06:07:21.713 | INFO     | ao_compensation_model.training_search:train:259 - Model architecture:
Model: "functional"
┏━━━━━━━━━━━━━━━━━━━━━━━━━━━━━━━━━━━━━━┳━━━━━━━━━━━━━━━━━━━━━━━━━━━━━┳━━━━━━━━━━━━━━━━━┓
┃ Layer (type)                         ┃ Output Shape                ┃         Param # ┃
┡━━━━━━━━━━━━━━━━━━━━━━━━━━━━━━━━━━━━━━╇━━━━━━━━━━━━━━━━━━━━━━━━━━━━━╇━━━━━━━━━━━━━━━━━┩
│ input_layer (InputLayer)             │ (None, 200, 2)              │               0 │
├──────────────────────────────────────┼─────────────────────────────┼─────────────────┤
│ conv1d (Conv1D)                      │ (None, 200, 4)              │             164 │
├──────────────────────────────────────┼─────────────────────────────┼─────────────────┤
│ batch_normalization                  │ (None, 200, 4)              │              16 │
│ (BatchNormalization)                 │                             │                 │
├──────────────────────────────────────┼─────────────────────────────┼─────────────────┤
│ zero_padding1d (ZeroPadding1D)       │ (None, 202, 4)              │               0 │
├──────────────────────────────────────┼─────────────────────────────┼─────────────────┤
│ average_pooling1d (AveragePooling1D) │ (None, 200, 4)              │               0 │
├──────────────────────────────────────┼─────────────────────────────┼─────────────────┤
│ gru (GRU)                            │ (None, 64)                  │          13,440 │
├──────────────────────────────────────┼─────────────────────────────┼─────────────────┤
│ dense (Dense)                        │ (None, 2)                   │             130 │
├──────────────────────────────────────┼─────────────────────────────┼─────────────────┤
│ phase (UnitNormalization)            │ (None, 2)                   │               0 │
└──────────────────────────────────────┴─────────────────────────────┴─────────────────┘
 Total params: 13,750 (53.71 KB)
 Trainable params: 13,742 (53.68 KB)
 Non-trainable params: 8 (32.00 B)


2026-03-26 06:07:21.727 | INFO     | ao_compensation_model.training_search:train:262 - Parameters — trainable: 13742  non-trainable: 8  total: 13750
2026-03-26 06:07:21.816 | INFO     | ao_compensation_model.training_search:on_train_begin:130 - Training started.
2026-03-26 06:07:21.817 | INFO     | ao_compensation_model.training_search:on_train_begin:131 - Hyperparameters:
  WINDOW_SIZE: 200
  STRIDE: 20
  TARGET_LEAD: 0
  GRU_UNITS: 64
  DROPOUT_RATE: 0.2
  FILTERS: 4
  KERNEL_SIZE: 20
  POOL_SIZE: 3
  BATCH_SIZE: 128
  MAX_EPOCHS: 100
  LEARNING_RATE: 0.0005
  TRAINING_DATA_DIR: D:\01_Code\ao_compensation_model\src\ao_compensation_model\dataset\training
  MODEL_DIR: D:\01_Code\ao_compensation_model\src\ao_compensation_model\model
2026-03-26 06:08:48.554 | INFO     | ao_compensation_model.training_search:on_epoch_end:150 - Epoch   1 | val_loss: 0.216711
2026-03-26 06:10:10.935 | INFO     | ao_compensation_model.training_search:on_epoch_end:150 - Epoch   2 | val_loss: 0.202055
2026-03-26 06:11:31.964 | INFO     | ao_compensation_model.training_search:on_epoch_end:150 - Epoch   3 | val_loss: 0.188255
2026-03-26 06:12:54.074 | INFO     | ao_compensation_model.training_search:on_epoch_end:150 - Epoch   4 | val_loss: 0.205784
2026-03-26 06:14:14.610 | INFO     | ao_compensation_model.training_search:on_epoch_end:150 - Epoch   5 | val_loss: 0.210554
2026-03-26 06:14:14.641 | INFO     | ao_compensation_model.training_search:train:294 - Best model for this run saved as: gru_model.keras (val_loss=0.188255)
2026-03-26 06:14:16.387 | INFO     | ao_compensation_model.training_search:train:311 - TFLite model saved as: gru_model_edge.tflite
2026-03-26 06:14:19.033 | INFO     | ao_compensation_model.training_search:train:241 - --- Testing Config: GRU=64 | BATCH=128 | KERNEL=20 | FILTERS=8 | POOL=5 ---
2026-03-26 06:14:19.138 | INFO     | ao_compensation_model.training_search:train:259 - Model architecture:
Model: "functional"
┏━━━━━━━━━━━━━━━━━━━━━━━━━━━━━━━━━━━━━━┳━━━━━━━━━━━━━━━━━━━━━━━━━━━━━┳━━━━━━━━━━━━━━━━━┓
┃ Layer (type)                         ┃ Output Shape                ┃         Param # ┃
┡━━━━━━━━━━━━━━━━━━━━━━━━━━━━━━━━━━━━━━╇━━━━━━━━━━━━━━━━━━━━━━━━━━━━━╇━━━━━━━━━━━━━━━━━┩
│ input_layer (InputLayer)             │ (None, 200, 2)              │               0 │
├──────────────────────────────────────┼─────────────────────────────┼─────────────────┤
│ conv1d (Conv1D)                      │ (None, 200, 8)              │             328 │
├──────────────────────────────────────┼─────────────────────────────┼─────────────────┤
│ batch_normalization                  │ (None, 200, 8)              │              32 │
│ (BatchNormalization)                 │                             │                 │
├──────────────────────────────────────┼─────────────────────────────┼─────────────────┤
│ zero_padding1d (ZeroPadding1D)       │ (None, 204, 8)              │               0 │
├──────────────────────────────────────┼─────────────────────────────┼─────────────────┤
│ average_pooling1d (AveragePooling1D) │ (None, 200, 8)              │               0 │
├──────────────────────────────────────┼─────────────────────────────┼─────────────────┤
│ gru (GRU)                            │ (None, 64)                  │          14,208 │
├──────────────────────────────────────┼─────────────────────────────┼─────────────────┤
│ dense (Dense)                        │ (None, 2)                   │             130 │
├──────────────────────────────────────┼─────────────────────────────┼─────────────────┤
│ phase (UnitNormalization)            │ (None, 2)                   │               0 │
└──────────────────────────────────────┴─────────────────────────────┴─────────────────┘
 Total params: 14,698 (57.41 KB)
 Trainable params: 14,682 (57.35 KB)
 Non-trainable params: 16 (64.00 B)


2026-03-26 06:14:19.150 | INFO     | ao_compensation_model.training_search:train:262 - Parameters — trainable: 14682  non-trainable: 16  total: 14698
2026-03-26 06:14:19.220 | INFO     | ao_compensation_model.training_search:on_train_begin:130 - Training started.
2026-03-26 06:14:19.221 | INFO     | ao_compensation_model.training_search:on_train_begin:131 - Hyperparameters:
  WINDOW_SIZE: 200
  STRIDE: 20
  TARGET_LEAD: 0
  GRU_UNITS: 64
  DROPOUT_RATE: 0.2
  FILTERS: 8
  KERNEL_SIZE: 20
  POOL_SIZE: 5
  BATCH_SIZE: 128
  MAX_EPOCHS: 100
  LEARNING_RATE: 0.0005
  TRAINING_DATA_DIR: D:\01_Code\ao_compensation_model\src\ao_compensation_model\dataset\training
  MODEL_DIR: D:\01_Code\ao_compensation_model\src\ao_compensation_model\model
2026-03-26 06:15:44.487 | INFO     | ao_compensation_model.training_search:on_epoch_end:150 - Epoch   1 | val_loss: 0.242414
2026-03-26 06:17:07.378 | INFO     | ao_compensation_model.training_search:on_epoch_end:150 - Epoch   2 | val_loss: 0.210690
2026-03-26 06:18:29.506 | INFO     | ao_compensation_model.training_search:on_epoch_end:150 - Epoch   3 | val_loss: 0.193816
2026-03-26 06:19:52.110 | INFO     | ao_compensation_model.training_search:on_epoch_end:150 - Epoch   4 | val_loss: 0.192586
2026-03-26 06:21:14.884 | INFO     | ao_compensation_model.training_search:on_epoch_end:150 - Epoch   5 | val_loss: 0.194479
2026-03-26 06:22:37.372 | INFO     | ao_compensation_model.training_search:on_epoch_end:150 - Epoch   6 | val_loss: 0.192571
2026-03-26 06:24:00.049 | INFO     | ao_compensation_model.training_search:on_epoch_end:150 - Epoch   7 | val_loss: 0.192169
2026-03-26 06:25:20.957 | INFO     | ao_compensation_model.training_search:on_epoch_end:150 - Epoch   8 | val_loss: 0.195078
2026-03-26 06:26:39.286 | INFO     | ao_compensation_model.training_search:on_epoch_end:150 - Epoch   9 | val_loss: 0.195089
2026-03-26 06:26:39.321 | INFO     | ao_compensation_model.training_search:train:294 - Best model for this run saved as: gru_model.keras (val_loss=0.192169)
2026-03-26 06:26:41.339 | INFO     | ao_compensation_model.training_search:train:311 - TFLite model saved as: gru_model_edge.tflite
2026-03-26 06:26:44.220 | INFO     | ao_compensation_model.training_search:train:241 - --- Testing Config: GRU=64 | BATCH=128 | KERNEL=20 | FILTERS=8 | POOL=3 ---
2026-03-26 06:26:44.366 | INFO     | ao_compensation_model.training_search:train:259 - Model architecture:
Model: "functional"
┏━━━━━━━━━━━━━━━━━━━━━━━━━━━━━━━━━━━━━━┳━━━━━━━━━━━━━━━━━━━━━━━━━━━━━┳━━━━━━━━━━━━━━━━━┓
┃ Layer (type)                         ┃ Output Shape                ┃         Param # ┃
┡━━━━━━━━━━━━━━━━━━━━━━━━━━━━━━━━━━━━━━╇━━━━━━━━━━━━━━━━━━━━━━━━━━━━━╇━━━━━━━━━━━━━━━━━┩
│ input_layer (InputLayer)             │ (None, 200, 2)              │               0 │
├──────────────────────────────────────┼─────────────────────────────┼─────────────────┤
│ conv1d (Conv1D)                      │ (None, 200, 8)              │             328 │
├──────────────────────────────────────┼─────────────────────────────┼─────────────────┤
│ batch_normalization                  │ (None, 200, 8)              │              32 │
│ (BatchNormalization)                 │                             │                 │
├──────────────────────────────────────┼─────────────────────────────┼─────────────────┤
│ zero_padding1d (ZeroPadding1D)       │ (None, 202, 8)              │               0 │
├──────────────────────────────────────┼─────────────────────────────┼─────────────────┤
│ average_pooling1d (AveragePooling1D) │ (None, 200, 8)              │               0 │
├──────────────────────────────────────┼─────────────────────────────┼─────────────────┤
│ gru (GRU)                            │ (None, 64)                  │          14,208 │
├──────────────────────────────────────┼─────────────────────────────┼─────────────────┤
│ dense (Dense)                        │ (None, 2)                   │             130 │
├──────────────────────────────────────┼─────────────────────────────┼─────────────────┤
│ phase (UnitNormalization)            │ (None, 2)                   │               0 │
└──────────────────────────────────────┴─────────────────────────────┴─────────────────┘
 Total params: 14,698 (57.41 KB)
 Trainable params: 14,682 (57.35 KB)
 Non-trainable params: 16 (64.00 B)


2026-03-26 06:26:44.380 | INFO     | ao_compensation_model.training_search:train:262 - Parameters — trainable: 14682  non-trainable: 16  total: 14698
2026-03-26 06:26:44.449 | INFO     | ao_compensation_model.training_search:on_train_begin:130 - Training started.
2026-03-26 06:26:44.449 | INFO     | ao_compensation_model.training_search:on_train_begin:131 - Hyperparameters:
  WINDOW_SIZE: 200
  STRIDE: 20
  TARGET_LEAD: 0
  GRU_UNITS: 64
  DROPOUT_RATE: 0.2
  FILTERS: 8
  KERNEL_SIZE: 20
  POOL_SIZE: 3
  BATCH_SIZE: 128
  MAX_EPOCHS: 100
  LEARNING_RATE: 0.0005
  TRAINING_DATA_DIR: D:\01_Code\ao_compensation_model\src\ao_compensation_model\dataset\training
  MODEL_DIR: D:\01_Code\ao_compensation_model\src\ao_compensation_model\model
2026-03-26 06:28:13.330 | INFO     | ao_compensation_model.training_search:on_epoch_end:150 - Epoch   1 | val_loss: 0.215082
2026-03-26 06:29:36.927 | INFO     | ao_compensation_model.training_search:on_epoch_end:150 - Epoch   2 | val_loss: 0.213797
2026-03-26 06:31:00.111 | INFO     | ao_compensation_model.training_search:on_epoch_end:150 - Epoch   3 | val_loss: 0.185414
2026-03-26 06:33:22.377 | INFO     | ao_compensation_model.training_search:on_epoch_end:150 - Epoch   4 | val_loss: 0.184869
2026-03-26 06:34:44.283 | INFO     | ao_compensation_model.training_search:on_epoch_end:150 - Epoch   5 | val_loss: 0.190516
2026-03-26 06:36:07.638 | INFO     | ao_compensation_model.training_search:on_epoch_end:150 - Epoch   6 | val_loss: 0.200434
2026-03-26 06:36:07.677 | INFO     | ao_compensation_model.training_search:train:294 - Best model for this run saved as: gru_model.keras (val_loss=0.184869)
2026-03-26 06:36:09.862 | INFO     | ao_compensation_model.training_search:train:311 - TFLite model saved as: gru_model_edge.tflite
2026-03-26 06:36:13.364 | INFO     | ao_compensation_model.training_search:train:241 - --- Testing Config: GRU=64 | BATCH=128 | KERNEL=20 | FILTERS=16 | POOL=5 ---
2026-03-26 06:36:13.511 | INFO     | ao_compensation_model.training_search:train:259 - Model architecture:
Model: "functional"
┏━━━━━━━━━━━━━━━━━━━━━━━━━━━━━━━━━━━━━━┳━━━━━━━━━━━━━━━━━━━━━━━━━━━━━┳━━━━━━━━━━━━━━━━━┓
┃ Layer (type)                         ┃ Output Shape                ┃         Param # ┃
┡━━━━━━━━━━━━━━━━━━━━━━━━━━━━━━━━━━━━━━╇━━━━━━━━━━━━━━━━━━━━━━━━━━━━━╇━━━━━━━━━━━━━━━━━┩
│ input_layer (InputLayer)             │ (None, 200, 2)              │               0 │
├──────────────────────────────────────┼─────────────────────────────┼─────────────────┤
│ conv1d (Conv1D)                      │ (None, 200, 16)             │             656 │
├──────────────────────────────────────┼─────────────────────────────┼─────────────────┤
│ batch_normalization                  │ (None, 200, 16)             │              64 │
│ (BatchNormalization)                 │                             │                 │
├──────────────────────────────────────┼─────────────────────────────┼─────────────────┤
│ zero_padding1d (ZeroPadding1D)       │ (None, 204, 16)             │               0 │
├──────────────────────────────────────┼─────────────────────────────┼─────────────────┤
│ average_pooling1d (AveragePooling1D) │ (None, 200, 16)             │               0 │
├──────────────────────────────────────┼─────────────────────────────┼─────────────────┤
│ gru (GRU)                            │ (None, 64)                  │          15,744 │
├──────────────────────────────────────┼─────────────────────────────┼─────────────────┤
│ dense (Dense)                        │ (None, 2)                   │             130 │
├──────────────────────────────────────┼─────────────────────────────┼─────────────────┤
│ phase (UnitNormalization)            │ (None, 2)                   │               0 │
└──────────────────────────────────────┴─────────────────────────────┴─────────────────┘
 Total params: 16,594 (64.82 KB)
 Trainable params: 16,562 (64.70 KB)
 Non-trainable params: 32 (128.00 B)


2026-03-26 06:36:13.522 | INFO     | ao_compensation_model.training_search:train:262 - Parameters — trainable: 16562  non-trainable: 32  total: 16594
2026-03-26 06:36:13.601 | INFO     | ao_compensation_model.training_search:on_train_begin:130 - Training started.
2026-03-26 06:36:13.602 | INFO     | ao_compensation_model.training_search:on_train_begin:131 - Hyperparameters:
  WINDOW_SIZE: 200
  STRIDE: 20
  TARGET_LEAD: 0
  GRU_UNITS: 64
  DROPOUT_RATE: 0.2
  FILTERS: 16
  KERNEL_SIZE: 20
  POOL_SIZE: 5
  BATCH_SIZE: 128
  MAX_EPOCHS: 100
  LEARNING_RATE: 0.0005
  TRAINING_DATA_DIR: D:\01_Code\ao_compensation_model\src\ao_compensation_model\dataset\training
  MODEL_DIR: D:\01_Code\ao_compensation_model\src\ao_compensation_model\model
2026-03-26 06:37:41.436 | INFO     | ao_compensation_model.training_search:on_epoch_end:150 - Epoch   1 | val_loss: 0.262077
2026-03-26 06:39:05.209 | INFO     | ao_compensation_model.training_search:on_epoch_end:150 - Epoch   2 | val_loss: 0.220442
2026-03-26 06:40:28.140 | INFO     | ao_compensation_model.training_search:on_epoch_end:150 - Epoch   3 | val_loss: 0.186712
2026-03-26 06:41:50.788 | INFO     | ao_compensation_model.training_search:on_epoch_end:150 - Epoch   4 | val_loss: 0.177851
2026-03-26 06:43:13.198 | INFO     | ao_compensation_model.training_search:on_epoch_end:150 - Epoch   5 | val_loss: 0.184651
2026-03-26 06:44:35.704 | INFO     | ao_compensation_model.training_search:on_epoch_end:150 - Epoch   6 | val_loss: 0.183565
2026-03-26 06:44:35.737 | INFO     | ao_compensation_model.training_search:train:294 - Best model for this run saved as: gru_model.keras (val_loss=0.177851)
2026-03-26 06:44:37.891 | INFO     | ao_compensation_model.training_search:train:311 - TFLite model saved as: gru_model_edge.tflite
2026-03-26 06:44:40.809 | INFO     | ao_compensation_model.training_search:train:241 - --- Testing Config: GRU=64 | BATCH=128 | KERNEL=20 | FILTERS=16 | POOL=3 ---
2026-03-26 06:44:40.961 | INFO     | ao_compensation_model.training_search:train:259 - Model architecture:
Model: "functional"
┏━━━━━━━━━━━━━━━━━━━━━━━━━━━━━━━━━━━━━━┳━━━━━━━━━━━━━━━━━━━━━━━━━━━━━┳━━━━━━━━━━━━━━━━━┓
┃ Layer (type)                         ┃ Output Shape                ┃         Param # ┃
┡━━━━━━━━━━━━━━━━━━━━━━━━━━━━━━━━━━━━━━╇━━━━━━━━━━━━━━━━━━━━━━━━━━━━━╇━━━━━━━━━━━━━━━━━┩
│ input_layer (InputLayer)             │ (None, 200, 2)              │               0 │
├──────────────────────────────────────┼─────────────────────────────┼─────────────────┤
│ conv1d (Conv1D)                      │ (None, 200, 16)             │             656 │
├──────────────────────────────────────┼─────────────────────────────┼─────────────────┤
│ batch_normalization                  │ (None, 200, 16)             │              64 │
│ (BatchNormalization)                 │                             │                 │
├──────────────────────────────────────┼─────────────────────────────┼─────────────────┤
│ zero_padding1d (ZeroPadding1D)       │ (None, 202, 16)             │               0 │
├──────────────────────────────────────┼─────────────────────────────┼─────────────────┤
│ average_pooling1d (AveragePooling1D) │ (None, 200, 16)             │               0 │
├──────────────────────────────────────┼─────────────────────────────┼─────────────────┤
│ gru (GRU)                            │ (None, 64)                  │          15,744 │
├──────────────────────────────────────┼─────────────────────────────┼─────────────────┤
│ dense (Dense)                        │ (None, 2)                   │             130 │
├──────────────────────────────────────┼─────────────────────────────┼─────────────────┤
│ phase (UnitNormalization)            │ (None, 2)                   │               0 │
└──────────────────────────────────────┴─────────────────────────────┴─────────────────┘
 Total params: 16,594 (64.82 KB)
 Trainable params: 16,562 (64.70 KB)
 Non-trainable params: 32 (128.00 B)


2026-03-26 06:44:40.977 | INFO     | ao_compensation_model.training_search:train:262 - Parameters — trainable: 16562  non-trainable: 32  total: 16594
2026-03-26 06:44:41.063 | INFO     | ao_compensation_model.training_search:on_train_begin:130 - Training started.
2026-03-26 06:44:41.063 | INFO     | ao_compensation_model.training_search:on_train_begin:131 - Hyperparameters:
  WINDOW_SIZE: 200
  STRIDE: 20
  TARGET_LEAD: 0
  GRU_UNITS: 64
  DROPOUT_RATE: 0.2
  FILTERS: 16
  KERNEL_SIZE: 20
  POOL_SIZE: 3
  BATCH_SIZE: 128
  MAX_EPOCHS: 100
  LEARNING_RATE: 0.0005
  TRAINING_DATA_DIR: D:\01_Code\ao_compensation_model\src\ao_compensation_model\dataset\training
  MODEL_DIR: D:\01_Code\ao_compensation_model\src\ao_compensation_model\model
2026-03-26 06:46:08.457 | INFO     | ao_compensation_model.training_search:on_epoch_end:150 - Epoch   1 | val_loss: 0.272947
2026-03-26 06:47:32.750 | INFO     | ao_compensation_model.training_search:on_epoch_end:150 - Epoch   2 | val_loss: 0.220083
2026-03-26 06:48:55.706 | INFO     | ao_compensation_model.training_search:on_epoch_end:150 - Epoch   3 | val_loss: 0.191796
2026-03-26 06:50:19.230 | INFO     | ao_compensation_model.training_search:on_epoch_end:150 - Epoch   4 | val_loss: 0.179649
2026-03-26 06:51:42.515 | INFO     | ao_compensation_model.training_search:on_epoch_end:150 - Epoch   5 | val_loss: 0.187717
2026-03-26 06:53:08.324 | INFO     | ao_compensation_model.training_search:on_epoch_end:150 - Epoch   6 | val_loss: 0.181620
2026-03-26 06:53:08.356 | INFO     | ao_compensation_model.training_search:train:294 - Best model for this run saved as: gru_model.keras (val_loss=0.179649)
2026-03-26 06:53:10.502 | INFO     | ao_compensation_model.training_search:train:311 - TFLite model saved as: gru_model_edge.tflite
2026-03-26 06:53:13.489 | SUCCESS  | ao_compensation_model.training_search:train:322 - Hyperparameter search complete. Best Val Loss: 0.175300 with config (32, 128, 20, 16, 5)
2026-03-26 06:53:13.505 | SUCCESS  | ao_compensation_model.app:_run_train:43 - Training complete.
