Time;Hip_x;Hip_vel;Omega;GP_AO;target_cos;target_sin;target_omega
17:58:36.476752;0.075067912;0.01052308;0.021452838;2.435710639;1;0;0
17:58:36.486992;0.074042694;-0.010878924;0.021336548;2.435821688;1;0;0
17:58:36.496953;0.074042694;-0.008703139;0.021216547;2.435916002;1;0;0
17:58:36.506698;0.074042694;-0.006962511;0.021087453;2.436000465;1;0;0
17:58:36.517638;0.074042694;-0.005570009;0.020950543;2.436075265;1;0;0
17:58:36.528685;0.074042694;-0.004456007;0.020791443;2.436147237;1;0;0
17:58:36.539762;0.074042694;-0.003564806;0.02061812;2.436211134;1;0;0
17:58:36.550964;0.074042694;-0.002851845;0.020445015;2.436262789;1;0;0
17:58:36.560972;0.074042694;-0.002281476;0.020270404;2.436304768;1;0;0
17:58:36.571431;0.074042694;-0.00182518;0.020097806;2.436337857;1;0;0
17:58:36.581127;0.074042694;-0.001460144;0.019922588;2.436364138;1;0;0
17:58:36.592141;0.074042694;-0.001168116;0.01972966;2.436385717;1;0;0
17:58:36.602308;0.074042694;-0.000934492;0.019545723;2.436400027;1;0;0
17:58:36.613130;0.074042694;-0.000747594;0.019346128;2.43640949;1;0;0
17:58:36.623034;0.0730176;-0.020549669;0.01893108;2.436191096;1;0;0
17:58:36.634220;0.0730176;-0.016439735;0.018509256;2.435970697;1;0;0
17:58:36.644438;0.0730176;-0.013151788;0.018111023;2.435764094;1;0;0
17:58:36.655505;0.0730176;-0.010521431;0.017714232;2.435559689;1;0;0
17:58:36.665825;0.0730176;-0.008417144;0.017342387;2.435369471;1;0;0
17:58:36.676570;0.0730176;-0.006733716;0.016989603;2.435190221;1;0;0
17:58:36.687803;0.0730176;-0.005386972;0.016628069;2.435007774;1;0;0
17:58:36.696699;0.071992634;-0.023820544;0.016055897;2.434607278;1;0;0
17:58:36.707276;0.071992634;-0.019056435;0.015510592;2.434227156;1;0;0
17:58:36.718807;0.071992634;-0.015245148;0.014980389;2.433859124;1;0;0
17:58:36.727948;0.071992634;-0.012196119;0.01449848;2.433526034;1;0;0
17:58:36.739260;0.071992634;-0.009756895;0.013982209;2.43317079;1;0;0
17:58:36.749661;0.070967798;-0.02807275;0.013323407;2.432650034;1;0;0
17:58:36.759663;0.070967798;-0.0224582;0.012695102;2.432153636;1;0;0
17:58:36.771047;0.070967798;-0.01796656;0.012055851;2.431648864;1;0;0
17:58:36.781088;0.070967798;-0.014373248;0.011461813;2.431180058;1;0;0
17:58:36.791847;0.070967798;-0.011498599;0.01090092;2.430737663;1;0;0
17:58:36.802506;0.069943094;-0.028293663;0.010132641;2.430082219;1;0;0
17:58:36.813398;0.069943094;-0.02263493;0.009398885;2.429454614;1;0;0
17:58:36.823455;0.069943094;-0.018107944;0.008756183;2.42890345;1;0;0
17:58:36.834061;0.069943094;-0.014486355;0.008128798;2.428363982;1;0;0
17:58:36.844343;0.069943094;-0.011589084;0.007550934;2.4278657;1;0;0
17:58:36.854732;0.068918524;-0.029117154;0.006775122;2.427163809;1;0;0
17:58:36.865757;0.068918524;-0.023293723;0.005975239;2.426436206;1;0;0
17:58:36.875659;0.068918524;-0.018634978;0.005306197;2.425824168;1;0;0
17:58:36.887898;0.067894089;-0.033007027;0.004362899;2.424935537;1;0;0
17:58:36.898713;0.067894089;-0.026405621;0.003457772;2.424075951;1;0;0
17:58:36.909351;0.067894089;-0.021124497;0.002688913;2.423339688;1;0;0
17:58:36.920123;0.066869793;-0.035938716;0.00173213;2.422406631;1;0;0
17:58:36.930899;0.066869793;-0.028750973;0.001;2.421557388;1;0;0
17:58:36.940497;0.066869793;-0.023000779;0.001;2.420776779;1;0;0
17:58:36.951878;0.066869793;-0.018400623;0.001;2.419976201;1;0;0
17:58:36.962581;0.065845637;-0.033489545;0.001;2.419014834;1;0;0
17:58:36.973208;0.065845637;-0.026791636;0.001;2.418148154;1;0;0
17:58:36.985382;0.065845637;-0.021433309;0.001;2.417281462;1;0;0
17:58:36.995524;0.065776029;-0.018451292;0.001;2.416509579;1;0;0
17:58:37.005353;0.064750971;-0.034877726;0.001;2.415604748;1;0;0
17:58:37.016295;0.064750971;-0.027902181;0.001;2.414761007;1;0;0
17:58:37.026030;0.064750971;-0.022321745;0.001;2.41395569;1;0;0
17:58:37.036853;0.064750971;-0.017857396;0.001;2.413181888;1;0;0
17:58:37.046768;0.064750971;-0.014285917;0.001;2.412498725;1;0;0
17:58:37.057484;0.064750971;-0.011428733;0.001;2.411863115;1;0;0
17:58:37.067441;0.064750971;-0.009142987;0.001;2.411235881;1;0;0
17:58:37.078072;0.064750971;-0.007314389;0.001;2.410665839;1;0;0
17:58:37.088221;0.064750971;-0.005851511;0.001;2.410148294;1;0;0
17:58:37.098413;0.064750971;-0.004681209;0.001;2.409663733;1;0;0
17:58:37.109173;0.062724255;-0.04244544;0.001;2.408754478;1;0;0
17:58:37.119294;0.062724255;-0.033956352;0.001;2.407882239;1;0;0
17:58:37.129847;0.062724255;-0.027165082;0.001;2.407115401;1;0;0
17:58:37.140398;0.062724255;-0.021732065;0.001;2.406404832;1;0;0
17:58:37.150463;0.062724255;-0.017385652;0.001;2.405699809;1;0;0
17:58:37.160339;0.062525098;-0.017865402;0.001;2.405039075;1;0;0
17:58:37.170900;0.062525098;-0.014292321;0.001;2.40438824;1;0;0
17:58:37.181314;0.062525098;-0.011433857;0.001;2.403792029;1;0;0
17:58:37.191861;0.062525098;-0.009147086;0.001;2.403230365;1;0;0
17:58:37.202586;0.062525098;-0.007317668;0.001;2.402699158;1;0;0
17:58:37.212957;0.061500332;-0.025636614;0.001;2.401999807;1;0;0
17:58:37.224005;0.061500332;-0.020509291;0.001;2.401361279;1;0;0
17:58:37.233696;0.061500332;-0.016407433;0.001;2.400730391;1;0;0
17:58:37.243754;0.061500332;-0.013125946;0.001;2.400176311;1;0;0
17:58:37.254186;0.061500332;-0.010500757;0.001;2.399645702;1;0;0
17:58:37.264802;0.061500332;-0.008400606;0.001;2.399127207;1;0;0
17:58:37.275005;0.061500332;-0.006720485;0.001;2.398676277;1;0;0
17:58:37.285112;0.061500332;-0.005376388;0.001;2.398254238;1;0;0
17:58:37.295820;0.061500332;-0.00430111;0.001;2.39784669;1;0;0
17:58:37.306970;0.061500332;-0.003440888;0.001;2.397444273;1;0;0
17:58:37.316868;0.061500332;-0.00275271;0.001;2.397093713;1;0;0
17:58:37.327025;0.060499093;-0.022030655;0.001;2.3965651;1;0;0
17:58:37.339292;0.060499093;-0.017624524;0.001;2.396069396;1;0;0
17:58:37.347491;0.060499093;-0.014099619;0.001;2.39559231;1;0;0
17:58:37.357642;0.060499093;-0.011279695;0.001;2.395159004;1;0;0
17:58:37.368421;0.060499093;-0.009023756;0.001;2.394727264;1;0;0
17:58:37.379071;0.059474477;-0.026420896;0.001;2.394106953;1;0;0
17:58:37.389585;0.060475715;-0.002066932;0.001;2.393752101;1;0;0
17:58:37.400218;0.060475715;-0.001653546;0.001;2.393414417;1;0;0
17:58:37.410845;0.060475715;-0.001322837;0.001;2.393117958;1;0;0
17:58:37.421232;0.05945125;-0.021401652;0.001;2.392629885;1;0;0
17:58:37.432687;0.05945125;-0.017121321;0.001;2.392110406;1;0;0
17:58:37.442717;0.05945125;-0.013697057;0.001;2.391680959;1;0;0
17:58:37.452733;0.05945125;-0.010957646;0.001;2.391263004;1;0;0
17:58:37.464413;0.05945125;-0.008766117;0.001;2.390867702;1;0;0
17:58:37.474018;0.058450011;-0.025907213;0.001;2.390290436;1;0;0
17:58:37.485506;0.058450011;-0.020725771;0.001;2.389750962;1;0;0
17:58:37.494799;0.058426938;-0.017038855;0.001;2.389268481;1;0;0
17:58:37.505795;0.058426938;-0.013631084;0.001;2.388811334;1;0;0
17:58:37.515622;0.058426938;-0.010904867;0.001;2.388367159;1;0;0
17:58:37.527289;0.058426938;-0.008723894;0.001;2.387953717;1;0;0
17:58:37.536601;0.058426938;-0.006979115;0.001;2.387585185;1;0;0
17:58:37.546852;0.058426938;-0.005583292;0.001;2.387226402;1;0;0
17:58:37.557954;0.057402781;-0.023377753;0.001;2.386657106;1;0;0
17:58:37.567786;0.056401543;-0.03819558;0.001;2.385945065;1;0;0
17:58:37.578497;0.056401543;-0.030556464;0.001;2.385260287;1;0;0
17:58:37.589211;0.056401543;-0.024445171;0.001;2.384611183;1;0;0
17:58:37.600086;0.056401543;-0.019556137;0.001;2.384002705;1;0;0
17:58:37.611189;0.056401543;-0.01564491;0.001;2.383427695;1;0;0
17:58:37.621337;0.056401543;-0.012515928;0.001;2.382933589;1;0;0
17:58:37.632007;0.056401543;-0.010012742;0.001;2.382452504;1;0;0
17:58:37.642520;0.056401543;-0.008010194;0.001;2.38202342;1;0;0
17:58:37.653631;0.056401543;-0.006408155;0.001;2.38156378;1;0;0
17:58:37.663397;0.055377544;-0.025366266;0.001;2.380980649;1;0;0
17:58:37.673954;0.055377544;-0.020293013;0.001;2.38041809;1;0;0
17:58:37.684802;0.055377544;-0.01623441;0.001;2.379877459;1;0;0
17:58:37.694781;0.055377544;-0.012987528;0.001;2.379405073;1;0;0
17:58:37.705516;0.054353705;-0.030657427;0.001;2.378752943;1;0;0
17:58:37.715430;0.054353705;-0.024525942;0.001;2.378127623;1;0;0
17:58:37.725533;0.054353705;-0.019620753;0.001;2.377556551;1;0;0
17:58:37.735936;0.053330028;-0.034929672;0.001;2.376776588;1;0;0
17:58:37.746747;0.053330028;-0.027943738;0.001;2.376040555;1;0;0
17:58:37.756898;0.052328393;-0.042147522;0.001;2.375192006;1;0;0
17:58:37.767522;0.05130488;-0.054037109;0.001;2.374194888;1;0;0
17:58:37.777200;0.05130488;-0.043229687;0.001;2.373262108;1;0;0
17:58:37.787036;0.05130488;-0.034583749;0.001;2.372387352;1;0;0
17:58:37.797502;0.05130488;-0.027667;0.001;2.371545886;1;0;0
17:58:37.808006;0.050281533;-0.042459929;0.001;2.370577616;1;0;0
17:58:37.817779;0.050281533;-0.033967943;0.001;2.369665086;1;0;0
17:58:37.828765;0.050281533;-0.027174354;0.001;2.368765672;1;0;0
17:58:37.838734;0.049258354;-0.04158707;0.001;2.36774739;1;0;0
17:58:37.849233;0.049258354;-0.033269656;0.001;2.366793643;1;0;0
17:58:37.859306;0.048235346;-0.046818846;0.001;2.365714168;1;0;0
17:58:37.870190;0.048235346;-0.037455077;0.001;2.364649537;1;0;0
17:58:37.880156;0.048235346;-0.029964062;0.001;2.363710564;1;0;0
17:58:37.891029;0.048235346;-0.023971249;0.001;2.362777953;1;0;0
17:58:37.902021;0.04721251;-0.038762896;0.001;2.361721447;1;0;0
17:58:37.911169;0.04721251;-0.031010317;0.001;2.360769515;1;0;0
17:58:37.921917;0.043009072;-0.10299745;0.001;2.358927143;1;0;0
17:58:37.932879;0.043009072;-0.08239796;0.001;2.357222943;1;0;0
17:58:37.943590;0.043029286;-0.065543122;0.001;2.355627039;1;0;0
17:58:37.954127;0.043113477;-0.050842785;0.001;2.354185084;1;0;0
17:58:37.966011;0.044135447;-0.021566835;0.001;2.353041133;1;0;0
17:58:37.975170;0.043132441;-0.036776027;0.001;2.3518135;1;0;0
17:58:37.986187;0.04415458;-0.010247887;0.001;2.3508384;1;0;0
17:58:37.996252;0.044173498;-0.007830471;0.001;2.349964458;1;0;0
17:58:38.005994;0.044173498;-0.006264377;0.001;2.349161856;1;0;0
17:58:38.016498;0.045006295;0.011521523;0.001;2.348577367;1;0;0
17:58:38.026259;0.044003495;-0.01064095;0.001;2.347830442;1;0;0
17:58:38.036848;0.045026132;0.010662965;0.001;2.34730662;1;0;0
17:58:38.047865;0.045045752;0.008917817;0.001;2.346845947;1;0;0
17:58:38.057651;0.045045752;0.007134254;0.001;2.346398104;1;0;0
17:58:38.068546;0.045123546;0.007159603;0.001;2.345989232;1;0;0
17:58:38.078287;0.046145464;0.025947496;0.001;2.34583088;1;0;0
17:58:38.088840;0.046145464;0.020757996;0.001;2.345682526;1;0;0
17:58:38.099098;0.046145464;0.016606397;0.001;2.345543692;1;0;0
17:58:38.108818;0.044119991;-0.026752953;0.001;2.345012933;1;0;0
17:58:38.119741;0.044119991;-0.021402363;0.001;2.344486468;1;0;0
17:58:38.130279;0.043116062;-0.035648989;0.001;2.343779495;1;0;0
17:58:38.141177;0.043116062;-0.028519191;0.001;2.34316723;1;0;0
17:58:38.151793;0.042094303;-0.041695631;0.001;2.342336366;1;0;0
17:58:38.162096;0.041072705;-0.052035192;0.001;2.341337451;1;0;0
17:58:38.172343;0.041072705;-0.041628154;0.001;2.340473388;1;0;0
17:58:38.183135;0.039046969;-0.070847376;0.001;2.339191252;1;0;0
17:58:38.193195;0.039046969;-0.056677901;0.001;2.338071246;1;0;0
17:58:38.203832;0.039046969;-0.045342321;0.001;2.336975;1;0;0
17:58:38.215721;0.039046969;-0.036273856;0.001;2.335927746;1;0;0
17:58:38.224586;0.039046969;-0.029019085;0.001;2.335020838;1;0;0
17:58:38.234824;0.039046969;-0.023215268;0.001;2.334171136;1;0;0
17:58:38.245572;0.037955908;-0.040246027;0.001;2.333164869;1;0;0
17:58:38.255766;0.035962082;-0.071624338;0.001;2.33182993;1;0;0
17:58:38.266140;0.038003685;-0.018325626;0.001;2.330949659;1;0;0
17:58:38.277747;0.038878619;0.000725942;0.001;2.330250808;1;0;0
17:58:38.286966;0.039932675;0.021409288;0.001;2.329876884;1;0;0
17:58:38.297518;0.042998889;0.075098575;0.001246307;2.330135088;1;0;0
17:58:38.308391;0.047089086;0.138382993;0.002291013;2.331198332;1;0;0
17:58:38.319027;0.049071535;0.147367743;0.00371073;2.332650594;1;0;0
17:58:38.329766;0.05317888;0.198990676;0.005752769;2.334740675;1;0;0
17:58:38.340820;0.060342044;0.293681575;0.009230432;2.338298349;1;0;0
17:58:38.349538;0.067527652;0.377620264;0.013712277;2.342895977;1;0;0
17:58:38.359819;0.073561472;0.421607482;0.019117237;2.348466968;1;0;0
17:58:38.371007;0.082824612;0.521010771;0.02601813;2.355595781;1;0;0
17:58:38.381343;0.095167241;0.636062066;0.035975914;2.365903174;1;0;0
17:58:38.392021;0.110550869;0.790805195;0.048358703;2.378746798;1;0;0
17:58:38.402342;0.124825106;0.916071671;0.062027315;2.392971993;1;0;0
17:58:38.412969;0.140139545;1.016799764;0.079212526;2.410919891;1;0;0
17:58:38.423590;0.159643186;1.173456457;0.09987149;2.432550102;1;0;0
17:58:38.434158;0.197685609;1.660111472;0.127393604;2.461272009;1;0;0
17:58:38.444364;0.197685609;1.328089177;0.152473893;2.487770247;1;0;0
17:58:38.455872;0.216239635;1.386536663;0.183942479;2.521166743;1;0;0
17:58:38.467099;0.259694722;1.914727719;0.22249445;2.561913196;1;0;0
17:58:38.476765;0.282591228;1.984409433;0.262144991;2.604017023;1;0;0
17:58:38.487925;0.304471926;1.988560536;0.308266117;2.653252755;1;0;0
17:58:38.498601;0.326567297;2.028567916;0.353948708;2.70228023;1;0;0
17:58:38.508278;0.347404484;2.013742095;0.404856723;2.757236037;1;0;0
17:58:38.519019;0.367488717;1.992561066;0.457260141;2.814180298;1;0;0
17:58:38.529558;0.406937139;2.335871367;0.51728317;2.879389384;1;0;0
17:58:38.540494;0.39770198;1.692145469;0.569805011;2.937601028;1;0;0
17:58:38.550896;0.405397708;1.506181524;0.618784533;2.992583124;1;0;0
17:58:38.560506;0.421532298;1.51158915;0.670244894;3.05082967;1;0;0
17:58:38.572158;0.435747173;1.476314715;0.72186949;3.109868579;1;0;0
17:58:38.582005;0.449014483;1.427931313;0.773083298;-3.114064829;1;0;0
17:58:38.593491;0.460009121;1.351376929;0.821646129;-3.0571101;1;0;0
17:58:38.603677;0.452526766;0.944029815;0.865446708;-3.004096225;1;0;0
17:58:38.614731;0.453090198;0.765662001;0.90481732;-2.955166536;1;0;0
17:58:38.625092;0.460862003;0.766440137;0.940109555;-2.910555441;-1;-1.22E-16;4.377763638
17:58:38.634870;0.466773125;0.724207128;0.975335983;-2.865130559;-0.998695557;-0.051060594;4.384567158
17:58:38.645447;0.463192125;0.51095606;1.005858534;-2.824234547;-0.994785631;-0.101987977;4.391911571
17:58:38.657414;0.463441469;0.413411147;1.034250038;-2.784892227;-0.988280424;-0.152649284;4.40020224
17:58:38.667306;0.461749213;0.297213274;1.058113106;-2.750462614;-0.979196905;-0.202912347;4.407040132
17:58:38.677114;0.461749213;0.237770619;1.08108708;-2.716038212;-0.967558774;-0.252646035;4.413806302
17:58:38.687804;0.459466753;0.147574286;1.101411209;-2.684030315;-0.953396392;-0.301720599;4.421165388
17:58:38.698325;0.455830026;0.049396273;1.118895293;-2.654784984;-0.936746708;-0.350008007;4.428392248
17:58:38.708979;0.441219679;-0.236373906;1.131695338;-2.630065456;-0.917653159;-0.397382285;4.435694349
17:58:38.719612;0.431170414;-0.376826588;1.141369744;-2.608222301;-0.896165557;-0.443719838;4.442965827
17:58:38.730353;0.417905721;-0.564786789;1.147096547;-2.590967244;-0.872339962;-0.488899776;4.450294642
17:58:38.740100;0.403693698;-0.720839289;1.149715521;-2.576213831;-0.846238531;-0.532804231;4.456930808
17:58:38.750525;0.382035619;-0.992387329;1.1477517;-2.566208382;-0.817929361;-0.57531866;4.464013346
17:58:38.762246;0.363636879;-1.11365324;1.14170661;-2.559079916;-0.787486306;-0.616332149;4.471957483
17:58:38.773865;0.343941277;-1.25988826;1.132509921;-2.55613733;-0.75498879;-0.655737697;4.479812692
17:58:38.783655;0.324587848;-1.368044992;1.11993556;-2.556608009;-0.720521594;-0.693432501;4.486416019
17:58:38.794476;0.300410867;-1.54599035;1.103291269;-2.561349817;-0.684174639;-0.729318218;4.493698352
17:58:38.804442;0.278394266;-1.666897822;1.084032938;-2.569412567;-0.646042751;-0.763301228;4.500390002
17:58:38.814761;0.269980661;-1.500634311;1.064638402;-2.57799052;-0.606225411;-0.795292871;4.507303176
17:58:38.825639;0.269980661;-1.200507449;1.045062825;-2.586035313;-0.564826498;-0.825209687;4.514573721
17:58:38.835665;0.277410976;-0.813623698;1.029850583;-2.590745132;-0.521954018;-0.852973624;4.521259191
17:58:38.846250;0.288067451;-0.449127066;1.017618891;-2.592164317;-0.477719819;-0.878512251;4.528301091
17:58:38.857391;0.302696788;-0.085261453;1.009691447;-2.589270118;-0.432239303;-0.901758939;4.535694715
17:58:38.867010;0.309151015;0.059989964;1.004485388;-2.584336425;-0.385631124;-0.922653042;4.542063238
17:58:38.877555;0.315171806;0.162252864;1.001185956;-2.577067981;-0.338016878;-0.941140048;4.549028778
17:58:38.888575;0.317204914;0.167162547;0.999023738;-2.568345952;-0.289520785;-0.957171727;4.556290062
17:58:38.899120;0.306839847;-0.058017345;0.995375088;-2.561214525;-0.240269365;-0.970706254;4.563221059
17:58:38.909484;0.311684726;0.047111854;0.993710196;-2.55257605;-0.190391109;-0.98170832;4.570016546
17:58:38.920502;0.303264118;-0.120860493;0.990958574;-2.544787838;-0.140016145;-0.990149221;4.577222803
17:58:38.934699;0.292601774;-0.246744509;0.98564028;-2.536063379;-0.089275895;-0.996006935;4.586480741
17:58:38.945775;0.285167751;-0.33492095;0.98117623;-2.529896661;-0.038302734;-0.999266181;4.593681852
17:58:38.956375;0.30486013;0.108067788;0.981898743;-2.518893541;0.012770355;-0.999918456;4.600555688
17:58:38.966431;0.314270725;0.26822135;0.985094017;-2.50551494;0.063810127;-0.997962057;4.607060607
17:58:38.976108;0.319737547;0.322624071;0.989650525;-2.490967095;0.114683425;-0.99340209;4.613305472
17:58:38.987662;0.320996055;0.281726664;0.994973632;-2.475073158;0.165257528;-0.98625045;4.62074243
17:58:38.997454;0.325249163;0.305732624;1.001333767;-2.45814641;0.215400493;-0.976525795;4.627028836
17:58:39.008259;0.312588481;0.009987111;1.005470197;-2.443180157;0.264981502;-0.964253495;4.633948057
17:58:39.020132;0.297691578;-0.265484055;1.007117469;-2.43057036;0.313871205;-0.949465569;4.64152992
17:58:39.029876;0.28403799;-0.464997059;1.006766592;-2.420036965;0.361942054;-0.932200595;4.647735547
17:58:39.041104;0.271602155;-0.604715327;1.004897398;-2.411157251;0.409068637;-0.912503616;4.654867552
17:58:39.052574;0.245681382;-0.998549476;0.999421891;-2.406541367;0.455128007;-0.89042602;4.662132497
17:58:39.062127;0.23421794;-1.00131032;0.992405334;-2.402282208;0.5;-0.866025404;4.668167159
17:58:39.072618;0.224948231;-0.985069257;0.985865587;-2.39885793;0.54356755;-0.839365426;4.674777467
17:58:39.082300;0.216682008;-0.94973243;0.979083056;-2.395595287;0.585716994;-0.81051564;4.680862293
17:58:39.092765;0.21242961;-0.841721654;0.972832219;-2.391717078;0.62633837;-0.779551311;4.687422169
17:58:39.102714;0.200094854;-0.918429006;0.965916141;-2.388875604;0.6653257;-0.746553222;4.693642132
17:58:39.113355;0.190637612;-0.913199087;0.958377008;-2.386218411;0.702577272;-0.71160746;4.700276906
17:58:39.124050;0.179419561;-0.938093434;0.950185793;-2.384094658;0.737995899;-0.674805196;4.706926735
17:58:39.134086;0.166020812;-1.016472227;0.941713793;-2.38303818;0.77148918;-0.636242442;4.713149794
17:58:39.144751;0.153636299;-1.050291742;0.932301685;-2.38266382;0.802969733;-0.596019805;4.719744757
17:58:39.156084;0.141249894;-1.067569392;0.921961792;-2.382902575;0.83235543;-0.554242219;4.726732265
17:58:39.167840;0.127895527;-1.0818105;0.910254468;-2.383869074;0.859569607;-0.511018679;4.733958155
17:58:39.178249;0.114603786;-1.120049505;0.899327343;-2.385350764;0.884541265;-0.46646195;4.740336979
17:58:39.188496;0.083757834;-1.478083122;0.884395862;-2.390831296;0.907205255;-0.420688275;4.746598926
17:58:39.199059;0.069354791;-1.448373308;0.868691249;-2.397042424;0.927502451;-0.373817072;4.753035646
17:58:39.209805;0.055961902;-1.424633552;0.853822452;-2.403238205;0.945379899;-0.325970623;4.759564722
17:58:39.219515;0.041555164;-1.416886164;0.837975944;-2.410293427;0.960790958;-0.277273754;4.765447674
17:58:39.230177;0.029169134;-1.368508946;0.821855446;-2.417667668;0.973695424;-0.227853509;4.771889128
17:58:39.242450;0.015806414;-1.344972811;0.805290932;-2.425542936;0.984059629;-0.17783882;4.779280101
17:58:39.251763;0.003399819;-1.304069713;0.78841288;-2.433754696;0.991856535;-0.127360171;4.784871493
17:58:39.262498;-0.008849186;-1.271931592;0.771785718;-2.442026899;0.997065801;-0.076549253;4.791298349
17:58:39.273582;-0.020229713;-1.238303162;0.755851494;-2.45008781;0.999673836;-0.025538627;4.797913536
17:58:39.284064;-0.019218675;-0.971675802;0.741883428;-2.456074042;0.999673836;0.025538627;4.804150113
17:58:39.294073;-0.029560381;-0.973445521;0.728085534;-2.462121855;0.997065801;0.076549253;4.810087681
17:58:39.304643;-0.039910669;-0.98356973;0.714796387;-2.468121011;0.991856535;0.127360171;4.816339342
17:58:39.316172;-0.051399449;-1.000770723;0.700363023;-2.47495592;0.984059629;0.17783882;4.823136233
17:58:39.325311;-0.061735179;-0.999204044;0.686318508;-2.481785058;0.973695424;0.227853509;4.828507767
17:58:39.335357;-0.073235792;-1.02728973;0.6723287;-2.488921088;0.960790958;0.277273754;4.834395678
17:58:39.346724;-0.095060619;-1.235444578;0.655202867;-2.499044036;0.945379899;0.325970623;4.841036645
17:58:39.356254;-0.095060619;-0.988355663;0.640367692;-2.507100436;0.927502451;0.373817072;4.846587001
17:58:39.366757;-0.116044719;-1.20093198;0.623525568;-2.517479552;0.907205255;0.420688275;4.852685627
17:58:39.377279;-0.125526474;-1.136133316;0.605870978;-2.528489881;0.884541265;0.46646195;4.858775873
17:58:39.387471;-0.13501165;-1.097325255;0.589488755;-2.538856178;0.859569607;0.511018679;4.86465653
17:58:39.398304;-0.143494395;-1.034562169;0.572098892;-2.549959993;0.83235543;0.554242219;4.870886931
17:58:39.408407;-0.148959256;-0.935626148;0.556606453;-2.559741402;0.802969733;0.596019805;4.876678763
17:58:39.419107;-0.155041313;-0.863314236;0.540935248;-2.569600231;0.77148918;0.636242442;4.88279308
17:58:39.429663;-0.161517254;-0.812581569;0.525640328;-2.579231997;0.737995899;0.674805196;4.888805134
17:58:39.440406;-0.164982654;-0.714966445;0.511271028;-2.588066254;0.702577272;0.71160746;4.894903259
17:58:39.450238;-0.172209339;-0.715136862;0.49770897;-2.596536416;0.6653257;0.746553222;4.900466152
17:58:39.460969;-0.172495766;-0.577456978;0.484837871;-2.604146099;0.62633837;0.779551311;4.906517879
17:58:39.471499;-0.18202706;-0.643478072;0.471583917;-2.612379168;0.585716994;0.81051564;4.91243609
17:58:39.482969;-0.187250811;-0.614006624;0.458598488;-2.620468848;0.54356755;0.839365426;4.918859821
17:58:39.492943;-0.185272018;-0.454719161;0.447125015;-2.627031449;0.5;0.866025404;4.924426348
17:58:39.503366;-0.185327054;-0.364841184;0.437400787;-2.632189351;0.455128007;0.89042602;4.930224152
17:58:39.514050;-0.186386463;-0.312373393;0.428511247;-2.636604981;0.409068637;0.912503616;4.936146594
17:58:39.523836;-0.184373104;-0.210294067;0.421161396;-2.639636144;0.361942054;0.932200595;4.941552951
17:58:39.534536;-0.185150794;-0.183111604;0.414306395;-2.642124319;0.313871205;0.949465569;4.947444177
17:58:39.544361;-0.184119125;-0.126033389;0.408685934;-2.643594708;0.264981502;0.964253495;4.952835122
17:58:39.554356;-0.182928901;-0.077427793;0.403954899;-2.644192652;0.215400493;0.976525795;4.958301101
17:58:39.564678;-0.181947429;-0.042588635;0.400049755;-2.644020947;0.165257528;0.98625045;4.963926543
17:58:39.575409;-0.176435157;0.068627484;0.397733035;-2.642056034;0.114683425;0.99340209;4.969753969
17:58:39.586543;-0.162297507;0.319848513;0.39901993;-2.636517773;0.063810127;0.997962057;4.975777638
17:58:39.596579;-0.130161393;0.893895718;0.407114538;-2.624362407;0.012770355;0.999918456;4.981187488
17:58:39.606597;-0.108014082;1.152808429;0.419464252;-2.60782951;-0.038302734;0.999266181;4.986568878
17:58:39.620688;-0.056510662;1.638726012;0.450539236;-2.570496463;-0.089275895;0.996006935;4.994106356
17:58:39.631394;-0.035432572;1.70166536;0.476241767;-2.539791787;-0.140016145;0.990149221;4.999808213
17:58:39.642328;-0.004420093;1.933871168;0.506460013;-2.504248052;-0.190391109;0.98170832;5.005609206
17:58:39.653185;0.025455674;2.138756505;0.537979109;-2.467452646;-0.240269365;0.970706254;5.011346994
17:58:39.663051;0.055245949;2.264039481;0.574503008;-2.424932759;-0.289520785;0.957171727;5.01654168
17:58:39.673427;0.067238343;2.043759379;0.608329716;-2.385002775;-0.338016878;0.941140048;5.021984942
17:58:39.684167;0.090838512;2.079303867;0.644110741;-2.342565589;-0.385631124;0.922653042;5.027597558
17:58:39.694819;0.11543048;2.149354765;0.678912243;-2.301065097;-0.432239303;0.901758939;5.033142423
17:58:39.705195;0.139052221;2.151572634;0.716589519;-2.255754603;-0.477719819;0.878512251;5.038522724
17:58:39.715696;0.163849379;2.18631608;0.753137994;-2.211365412;-0.521954018;0.852973624;5.04394679
17:58:39.726727;0.163849379;1.749052864;0.783769677;-2.17297974;-0.564826498;0.825209687;5.049621748
17:58:39.736451;0.187647014;1.84537648;0.815926951;-2.132285686;-0.606225411;0.795292871;5.05460483
17:58:39.748027;0.250730672;2.642988286;0.853139942;-2.086042977;-0.646042751;0.763301228;5.060513106
17:58:39.757677;0.281181969;2.719130245;0.886774379;-2.043643224;-0.684174639;0.729318218;5.065418491
17:58:39.767525;0.307263509;2.691700739;0.918800804;-2.002493331;-0.720521594;0.693432501;5.070405843
17:58:39.779245;0.336574389;2.698777725;0.951041643;-1.960199021;-0.75498879;0.655737697;5.076316576
17:58:39.789402;0.361827454;2.629529727;0.980646099;-1.920222165;-0.787486306;0.616332149;5.081417309
17:58:39.799829;0.412073264;3.098046136;1.008215663;-1.882599193;-0.817929361;0.57531866;5.086632583
17:58:39.810148;0.437475805;2.945233977;1.034826452;-1.844865571;-0.846238531;0.532804231;5.091772789
17:58:39.820701;0.462162955;2.845435846;1.05671987;-1.812414792;-0.872339962;0.488899776;5.097007842
17:58:39.830762;0.483549279;2.686846174;1.076510548;-1.781506734;-0.896165557;0.443719838;5.10197833
17:58:39.841272;0.505254605;2.579595694;1.093183619;-1.753881682;-0.917653159;0.397382285;5.107149217
17:58:39.851026;0.510152272;2.157701343;1.10729344;-1.728307074;-0.936746708;0.350008007;5.11192852
17:58:39.861955;0.510152272;1.726161074;1.118249273;-1.706138938;-0.953396392;0.301720599;5.117261042
17:58:39.871895;0.529891724;1.756484355;1.127996979;-1.684582739;-0.967558774;0.252646035;5.122090298
17:58:39.881725;0.528716949;1.381901157;1.135300288;-1.665859794;-0.979196905;0.202912347;5.12684666
17:58:39.892425;0.56550057;1.791077573;1.142113228;-1.646825588;-0.988280424;0.152649284;5.13200194
17:58:39.902933;0.56550057;1.432862058;1.147048952;-1.62982805;-0.994785631;0.101987977;5.137042299
17:58:39.914137;0.56550057;1.146289647;1.150438568;-1.614830619;-0.998695557;0.051060594;5.142391973
17:58:39.923775;0.602200912;1.640772864;1.153077177;-1.60051006;-1;1.22E-16;5.146973605
17:58:39.933713;0.607656694;1.419504853;1.154670253;-1.587136741;-1;-1.22E-16;5.15167813
17:58:39.943572;0.609041633;1.162984279;1.15533107;-1.574790897;-0.998369104;-0.057088811;5.156325428
17:58:39.954592;0.606761765;0.887309343;1.155199796;-1.562693222;-0.993481735;-0.11399141;5.16149656
17:58:39.964407;0.596257971;0.506992629;1.1544286;-1.551504687;-0.985353836;-0.170522193;5.166081367
17:58:39.975233;0.588038414;0.252218769;1.153109199;-1.540457266;-0.974011917;-0.226496767;5.171115563
17:58:39.985704;0.578007179;0.012196857;1.151421841;-1.529950182;-0.959492974;-0.281732557;5.175961799
17:58:39.996998;0.566597036;-0.21608677;1.149568468;-1.520178179;-0.941844364;-0.336049393;5.181163651
17:58:40.006967;0.554267945;-0.41640279;1.147570563;-1.510546382;-0.921123653;-0.389270106;5.185733367
17:58:40.016389;0.531257179;-0.783070027;1.145651068;-1.500737917;-0.897398429;-0.441221101;5.190033454
17:58:40.026572;0.514787291;-0.951778533;1.14382452;-1.490973514;-0.870746077;-0.491732925;5.194660165
17:58:40.036760;0.497705208;-1.08988616;1.142101405;-1.480808262;-0.841253533;-0.540640817;5.199267591
17:58:40.047386;0.481122651;-1.181576433;1.140531833;-1.470154265;-0.809016994;-0.587785252;5.204050072
17:58:40.057452;0.471834111;-1.129167859;1.139115203;-1.460056988;-0.774141611;-0.633012454;5.208558773
17:58:40.068313;0.464432854;-1.041753336;1.13765473;-1.449343425;-0.736741138;-0.6761749;5.213399786
17:58:40.079079;0.475883177;-0.618172276;1.135650009;-1.43925393;-0.696937569;-0.717131805;5.218174034
17:58:40.089867;0.484261471;-0.339833364;1.133125288;-1.429491527;-0.654860734;-0.755749574;5.222933589
17:58:40.100480;0.488803928;-0.187819061;1.130251234;-1.420132724;-0.61064788;-0.791902246;5.227591995
17:58:40.112523;0.493350189;-0.071714553;1.126785813;-1.410533293;-0.564443219;-0.825471897;5.232849242
17:58:40.123005;0.495624689;-0.012585322;1.123500799;-1.402389973;-0.516397462;-0.85634903;5.237400034
17:58:40.132825;0.495624689;-0.010068258;1.119951261;-1.394126959;-0.466667323;-0.884432931;5.241642242
17:58:40.142963;0.493350189;-0.05298691;1.116503548;-1.386253494;-0.415415013;-0.909631995;5.246000285
17:58:40.153766;0.510737967;0.277209272;1.111834744;-1.378798932;-0.362807705;-0.931864029;5.250620051
17:58:40.164736;0.506537439;0.141883784;1.107432034;-1.371531969;-0.309016994;-0.951056516;5.255285683
17:58:40.174874;0.501992945;0.026144719;1.10320599;-1.364258426;-0.254218334;-0.967146855;5.259574511
17:58:40.185472;0.501992945;0.020915775;1.09878339;-1.356960237;-0.198590467;-0.980082561;5.264034319
17:58:40.196409;0.505987187;0.089882996;1.093936938;-1.349833672;-0.142314838;-0.989821442;5.268611406
17:58:40.207554;0.505945587;0.071111903;1.089221961;-1.343117545;-0.085575008;-0.996331731;5.273248957
17:58:40.217491;0.501823661;-0.024979335;1.084844883;-1.336548593;-0.028556051;-0.999592193;5.277361165
17:58:40.227496;0.495364087;-0.143243111;1.080578216;-1.329467012;0.028556051;-0.999592193;5.28147986
17:58:40.237459;0.475272324;-0.5112994;1.077480998;-1.321634264;0.085575008;-0.996331731;5.285559627
17:58:40.248290;0.450721316;-0.896520475;1.075652845;-1.312618409;0.142314838;-0.989821442;5.289970279
17:58:40.258002;0.426370644;-1.178343273;1.075014714;-1.301899273;0.198590467;-0.980082561;5.293903445
17:58:40.268799;0.406254079;-1.318774831;1.075377588;-1.290034223;0.254218334;-0.967146855;5.298251763
17:58:40.279650;0.387381819;-1.411130551;1.076657036;-1.277349607;0.309016994;-0.951056516;5.302596042
17:58:40.289416;0.373944588;-1.395802775;1.078398192;-1.264758299;0.362807705;-0.931864029;5.306483778
17:58:40.299817;0.362242011;-1.348080003;1.080560861;-1.251678549;0.415415013;-0.909631995;5.310601167
17:58:40.312064;0.351772802;-1.252647719;1.083456152;-1.235775879;0.466667323;-0.884432931;5.315418659
17:58:40.321960;0.340293753;-1.224275235;1.086295184;-1.221725079;0.516397462;-0.85634903;5.319287076
17:58:40.332360;0.325586634;-1.258908917;1.089841859;-1.206726691;0.564443219;-0.825471897;5.323329065
17:58:40.342709;0.308865883;-1.337510546;1.094055238;-1.191460036;0.61064788;-0.791902246;5.327327326
17:58:40.353484;0.298703605;-1.271493073;1.098491185;-1.175964969;0.654860734;-0.755749574;5.331464771
17:58:40.363203;0.278933077;-1.388897736;1.104307568;-1.158431368;0.696937569;-0.717131805;5.335174452
17:58:40.373930;0.260439627;-1.46036831;1.111085332;-1.139921866;0.736741138;-0.6761749;5.339244296
17:58:40.385328;0.222309968;-1.880287233;1.121009803;-1.118042784;0.774141611;-0.633012454;5.343540385
17:58:40.394773;0.201845926;-1.909057918;1.131504455;-1.096160786;0.809016994;-0.587785252;5.34707819
17:58:40.405142;0.182192916;-1.90220682;1.143476131;-1.07226403;0.841253533;-0.540640817;5.350938909
17:58:40.415907;0.135737514;-2.396344696;1.159967568;-1.043536005;0.870746077;-0.491732925;5.354921339
17:58:40.427087;0.109104063;-2.414341086;1.178544801;-1.012432275;0.897398429;-0.441221101;5.35902948
17:58:40.436932;0.109104063;-1.931472869;1.194844694;-0.983871302;0.921123653;-0.389270106;5.362623548
17:58:40.447850;0.061619001;-2.413933842;1.217287257;-0.948242464;0.941844364;-0.336049393;5.366583513
17:58:40.458407;0.042125013;-2.300677138;1.239882173;-0.91268329;0.959492974;-0.281732557;5.370386665
17:58:40.469056;0.025638398;-2.16789374;1.261955571;-0.878008018;0.974011917;-0.226496767;5.374197125
17:58:40.479823;0.025638398;-1.734314992;1.282641085;-0.844018016;0.985353836;-0.170522193;5.378023367
17:58:40.490784;0.011080066;-1.662626282;1.30373807;-0.809235376;0.993481735;-0.11399141;5.381891178
17:58:40.500016;-0.0002722;-1.552841061;1.323683325;-0.77589706;0.998369104;-0.057088811;5.385127404
17:58:40.509590;-0.011609237;-1.467470361;1.343066365;-0.743086882;1;0;5.388462734
17:58:40.522000;-0.022091353;-1.351598638;1.365012595;-0.705156026;0.998369104;0.057088811;5.392754492
17:58:40.532455;-0.032579147;-1.289539749;1.383119069;-0.673208174;0.993481735;0.11399141;5.396342435
17:58:40.542356;-0.043070315;-1.232772469;1.40143527;-0.640365863;0.985353836;0.170522193;5.399716835
17:58:40.553060;-0.056767114;-1.256671863;1.419482368;-0.608030409;0.974011917;0.226496767;5.403339222
17:58:40.562804;-0.068260593;-1.223257282;1.438088083;-0.574350891;0.959492974;0.281732557;5.406613477
17:58:40.573815;-0.07895767;-1.174637287;1.456909361;-0.539729422;0.941844364;0.336049393;5.410286749
17:58:40.585133;-0.090444078;-1.14837932;1.475662184;-0.504831201;0.921123653;0.389270106;5.414032811
17:58:40.594748;-0.108410666;-1.275462915;1.494213352;-0.471321397;0.897398429;0.441221101;5.417191564
17:58:40.605125;-0.11788734;-1.208533188;1.51236786;-0.438022316;0.870746077;0.491732925;5.420576224
17:58:40.615396;-0.125364942;-1.115276879;1.529745571;-0.405319049;0.841253533;0.540640817;5.423901289
17:58:40.626124;-0.138063039;-1.133696821;1.548387896;-0.370487817;0.809016994;0.587785252;5.427347662
17:58:40.636125;-0.137063422;-0.887219628;1.563624001;-0.33948904;0.774141611;0.633012454;5.430535922
17:58:40.645564;-0.142282151;-0.813136308;1.577847169;-0.309402578;0.736741138;0.6761749;5.43352323
17:58:40.656220;-0.14558058;-0.712491221;1.591409452;-0.278972835;0.696937569;0.717131805;5.436870224
17:58:40.667216;-0.14981192;-0.647458238;1.604195825;-0.248729257;0.654860734;0.755749574;5.44029562
17:58:40.677877;-0.151776084;-0.555171992;1.615042097;-0.220886167;0.61064788;0.791902246;5.443589069
17:58:40.687894;-0.152757279;-0.463293845;1.624085018;-0.195250858;0.564443219;0.825471897;5.446658764
17:58:40.699188;-0.151757977;-0.352656617;1.63189739;-0.16933913;0.516397462;0.85634903;5.450090908
17:58:40.709195;-0.149280424;-0.233060558;1.637012502;-0.147716473;0.466667323;0.884432931;5.453106306
17:58:40.719555;-0.146037025;-0.122172343;1.640212029;-0.127979114;0.415415013;0.909631995;5.456202641
17:58:40.730103;-0.138536365;0.042288056;1.640620985;-0.109995252;0.362807705;0.931864029;5.459328527
17:58:40.740476;-0.127586391;0.243085844;1.637448006;-0.096014266;0.309016994;0.951056516;5.462376285
17:58:40.751107;-0.111436497;0.499532065;1.629561337;-0.086605496;0.254218334;0.967146855;5.465472764
17:58:40.761608;-0.093319386;0.737519254;1.616685813;-0.082075654;0.198590467;0.980082561;5.468504405
17:58:40.772305;-0.069970288;1.027839704;1.598005917;-0.083612361;0.142314838;0.989821442;5.47156501
17:58:40.783378;-0.043648284;1.342930081;1.574369729;-0.091211509;0.085575008;0.996331731;5.474703769
17:58:40.792902;-0.043648284;1.074344065;1.551126219;-0.098101758;0.028556051;0.999592193;5.477379451
17:58:40.804439;0.013608757;1.865706022;1.510960244;-0.120846219;-0.028556051;0.999592193;5.480590881
17:58:40.814416;0.044590777;2.107792133;1.469783491;-0.147014505;-0.085575008;0.996331731;5.483341703
17:58:40.825889;0.069202001;2.174918346;1.424945589;-0.1772764;-0.142314838;0.989821442;5.4864747
17:58:40.835453;0.096905306;2.268384333;1.374149084;-0.213402228;-0.198590467;0.980082561;5.489061576
17:58:40.845672;0.122476787;2.312893264;1.321448923;-0.252269493;-0.254218334;0.967146855;5.491800626
17:58:40.856685;0.136770869;2.12600373;1.268547024;-0.29174629;-0.309016994;0.951056516;5.494723532
17:58:40.867407;0.157297839;2.05644572;1.208819355;-0.337180507;-0.362807705;0.931864029;5.497540278
17:58:40.877795;0.18094983;2.086267194;1.152207951;-0.381136947;-0.415415013;0.909631995;5.500242004
17:58:40.888429;0.207878762;2.178180187;1.094700999;-0.426765274;-0.466667323;0.884432931;5.502979844
17:58:40.898550;0.234680465;2.267159626;1.037995945;-0.472579499;-0.516397462;0.85634903;5.505559371
17:58:40.909097;0.261703343;2.328575106;0.979044436;-0.520949646;-0.564443219;0.825471897;5.50822019
17:58:40.919182;0.291641198;2.456125622;0.921550772;-0.568857625;-0.61064788;0.791902246;5.510738361
17:58:40.929472;0.346930519;3.058490327;0.858320808;-0.623095293;-0.654860734;0.755749574;5.513281375
17:58:40.940017;0.379162036;3.056642768;0.793095419;-0.679600238;-0.696937569;0.717131805;5.515859745
17:58:40.950064;0.378939838;2.440909608;0.73842024;-0.726555257;-0.736741138;0.6761749;5.518290248
17:58:40.960541;0.404164088;2.431496342;0.683478346;-0.774012402;-0.774141611;0.633012454;5.520797591
17:58:40.970970;0.428614356;2.430917069;0.63335781;-0.817509915;-0.809016994;0.587785252;5.523265831
17:58:40.981827;0.477110195;2.820828637;0.576892014;-0.867284667;-0.841253533;0.540640817;5.525806034
17:58:40.993013;0.499867424;2.678353238;0.526066892;-0.912164667;-0.870746077;0.491732925;5.528391851
17:58:41.003406;0.521638919;2.567663155;0.481457629;-0.951618192;-0.897398429;0.441221101;5.530765772
17:58:41.015490;0.539296401;2.362378732;0.436192527;-0.991633983;-0.921123653;0.389270106;5.53349125
17:58:41.024594;0.554579386;2.189805961;0.399851562;-1.023719085;-0.941844364;0.336049393;5.53551992
17:58:41.036408;0.572984316;2.074023941;0.362529178;-1.056692157;-0.959492974;0.281732557;5.538120772
17:58:41.047123;0.583281371;1.85108138;0.331380878;-1.08412055;-0.974011917;0.226496767;5.540448658
17:58:41.057212;0.598831677;1.783072314;0.303924662;-1.108311137;-0.985353836;0.170522193;5.542613515
17:58:41.067798;0.607492847;1.597817375;0.279612895;-1.129676297;-0.993481735;0.11399141;5.544856775
17:58:41.077761;0.614614378;1.412831126;0.256735064;-1.14971871;-0.998369104;0.057088811;5.54694155
17:58:41.088924;0.620557032;1.240049724;0.235786441;-1.168003923;-1;1.22E-16;5.549246879
17:58:41.099241;0.620937569;0.999384331;0.218186724;-1.183253433;-1;-1.22E-16;5.551348732
17:58:41.108922;0.617755264;0.736294796;0.203313901;-1.196005765;-0.998243732;-0.059240628;5.553295839
17:58:41.122048;0.61180745;0.491441884;0.188006992;-1.208929876;-0.992981096;-0.118273171;5.555896815
17:58:41.131236;0.604957377;0.257611266;0.177278873;-1.217812855;-0.984230578;-0.176890275;5.557690688
17:58:41.142180;0.596824093;0.044956018;0.168221808;-1.225126747;-0.972022914;-0.234886046;5.559798575
17:58:41.151545;0.587237372;-0.154383377;0.160726262;-1.230966171;-0.956400984;-0.292056771;5.561577405
17:58:41.162734;0.573541526;-0.375920678;0.154444914;-1.235537965;-0.937419661;-0.348201635;5.563672488
17:58:41.172481;0.561928912;-0.528226509;0.149885878;-1.238543828;-0.915145617;-0.403123429;5.565470711
17:58:41.182319;0.546236509;-0.733290818;0.146844536;-1.240086743;-0.889657091;-0.456629237;5.567260321
17:58:41.192750;0.525195735;-0.990841618;0.145477237;-1.23993249;-0.861043612;-0.508531119;5.569129876
17:58:41.203674;0.525195735;-0.792673294;0.144265626;-1.23968511;-0.829405685;-0.558646766;5.57105692
17:58:41.213399;0.471559781;-1.664054512;0.147025071;-1.235408572;-0.794854441;-0.606800146;5.572745829
17:58:41.223934;0.475766666;-1.248610671;0.149297246;-1.231627718;-0.757511242;-0.652822118;5.574547055
17:58:41.234356;0.481257197;-0.896323247;0.151156213;-1.228160287;-0.717507257;-0.696551029;5.576299891
17:58:41.244944;0.490958413;-0.528345634;0.152138475;-1.225618841;-0.674983002;-0.737833279;5.578050981
17:58:41.254520;0.502035135;-0.20316869;0.152253243;-1.223968079;-0.630087844;-0.776523863;5.579608906
17:58:41.264796;0.504032257;-0.123263423;0.15223797;-1.222434908;-0.582979479;-0.812486878;5.58125341
17:58:41.275385;0.514018709;0.090361497;0.151474253;-1.221593694;-0.533823378;-0.845596004;5.582918377
17:58:41.286300;0.521427126;0.210299885;0.150193871;-1.221254829;-0.482792203;-0.875734942;5.584603069
17:58:41.296449;0.523702031;0.213166897;0.148922541;-1.221011659;-0.430065202;-0.90279783;5.586140754
17:58:41.307427;0.519916507;0.095338188;0.148044671;-1.220394589;-0.375827582;-0.926689607;5.587772761
17:58:41.316426;0.507003372;-0.179357029;0.148206315;-1.218736433;-0.320269854;-0.947326354;5.589086277
17:58:41.327362;0.494700471;-0.369904282;0.149388326;-1.21593734;-0.263587166;-0.964635582;5.59065301
17:58:41.337188;0.494697912;-0.295974234;0.150443502;-1.213372345;-0.205978619;-0.978556492;5.592033055
17:58:41.350445;0.497589647;-0.187222277;0.151366477;-1.210688232;-0.147646564;-0.989040187;5.593853395
17:58:41.359322;0.504041137;-0.024177027;0.151649905;-1.208848366;-0.088795895;-0.996049843;5.59504556
17:58:41.369688;0.506306464;0.025528231;0.151761378;-1.207205088;-0.029633328;-0.999560837;5.596410484
17:58:41.380544;0.498252892;-0.125267468;0.152586154;-1.204697892;0.029633328;-0.999560837;5.597808445
17:58:41.392102;0.477888282;-0.44966002;0.155266956;-1.200222888;0.088795895;-0.996049843;5.599261332
17:58:41.402132;0.449086572;-0.928772979;0.159795266;-1.194099754;0.147646564;-0.989040187;5.60049244
17:58:41.413019;0.397776139;-1.711450575;0.168752963;-1.183401031;0.205978619;-0.978556492;5.601797436
17:58:41.422882;0.376686837;-1.787093404;0.178788494;-1.171611512;0.263587166;-0.964635582;5.602951507
17:58:41.433995;0.360241281;-1.734201597;0.190737378;-1.157666713;0.320269854;-0.947326354;5.604219681
17:58:41.445724;0.352963557;-1.524698821;0.202789839;-1.143528552;0.375827582;-0.926689607;5.605521118
17:58:41.454992;0.34026389;-1.469035319;0.215231837;-1.128956572;0.430065202;-0.90279783;5.606522535
17:58:41.465351;0.327766531;-1.417856862;0.228683614;-1.113217913;0.482792203;-0.875734942;5.607613627
17:58:41.475552;0.315058743;-1.379529627;0.24313667;-1.096319645;0.533823378;-0.845596004;5.608658927
17:58:41.485413;0.301717972;-1.367675604;0.258224033;-1.078698861;0.582979479;-0.812486878;5.609641842
17:58:41.495589;0.28395674;-1.444752969;0.274880037;-1.059341859;0.630087844;-0.776523863;5.610627717
17:58:41.505502;0.265356246;-1.524517372;0.293138355;-1.038217631;0.674983002;-0.737833279;5.611560286
17:58:41.516938;0.246851813;-1.566369582;0.314253039;-1.013861072;0.717507257;-0.696551029;5.612601957
17:58:41.526339;0.232609562;-1.535838179;0.335396935;-0.989444252;0.757511242;-0.652822118;5.613430796
17:58:41.537550;0.213913066;-1.576911726;0.35988497;-0.961222671;0.794854441;-0.606800146;5.614386748
17:58:41.550578;0.172712964;-2.027305201;0.389809661;-0.927263746;0.829405685;-0.558646766;5.615453184
17:58:41.559029;0.15310851;-1.987099675;0.421875332;-0.890840648;0.861043612;-0.508531119;5.616119359
17:58:41.569987;0.131474181;-1.980022062;0.457642535;-0.850197724;0.889657091;-0.456629237;5.616953105
17:58:41.580375;0.106686662;-2.076200133;0.493152795;-0.809898084;0.915145617;-0.403123429;5.617712098
17:58:41.590172;0.081088648;-2.147039996;0.533646259;-0.763996019;0.937419661;-0.348201635;5.61839987
17:58:41.600911;0.057336412;-2.16620719;0.577365084;-0.714392831;0.956400984;-0.292056771;5.619122447
17:58:41.611824;0.03559812;-2.13274896;0.62483266;-0.660386332;0.972022914;-0.234886046;5.619823109
17:58:41.621606;0.020115876;-2.01262517;0.669998405;-0.608676602;0.984230578;-0.176890275;5.620422297
17:58:41.632238;0.020115876;-1.610100136;0.713927081;-0.557580039;0.992981096;-0.118273171;5.621042555
17:58:41.642238;0.005756503;-1.573249983;0.757265069;-0.506831852;0.998243732;-0.059240628;5.621596429
17:58:41.653523;0.005756503;-1.258599987;0.799784088;-0.45610133;1;0;5.62218705
17:58:41.663275;-0.017084521;-1.455452168;0.843206667;-0.404310098;0.998243732;0.059240628;5.622667994
17:58:41.674602;-0.025394907;-1.316939686;0.888254518;-0.349828209;0.992981096;0.118273171;5.623192538
17:58:41.683906;-0.036886395;-1.280851125;0.929453056;-0.299437128;0.984230578;0.176890275;5.623596314
17:58:41.695094;-0.059856439;-1.444523229;0.976173128;-0.242287196;0.972022914;0.234886046;5.624049901
17:58:41.705207;-0.067351368;-1.304408524;1.017200488;-0.191215597;0.956400984;0.292056771;5.624430239
17:58:41.715177;-0.078822837;-1.270197331;1.057547273;-0.140365596;0.937419661;0.348201635;5.624777967
17:58:41.724987;-0.089284119;-1.223842205;1.096546823;-0.090512455;0.915145617;0.403123429;5.625094038
17:58:41.737451;-0.105245329;-1.295207176;1.135796002;-0.039989096;0.889657091;0.456629237;5.625458795
17:58:41.745762;-0.109489764;-1.118624135;1.172928829;0.009030933;0.861043612;0.508531119;5.6256794
17:58:41.756939;-0.119218821;-1.073309807;1.210698821;0.059803198;0.829405685;0.558646766;5.625947929
17:58:41.767316;-0.127672086;-1.02040493;1.245130365;0.107071979;0.794854441;0.606800146;5.626168693
17:58:41.777121;-0.133839244;-0.938432332;1.276420775;0.151100472;0.757511242;0.652822118;5.626352371
17:58:41.787570;-0.133839244;-0.750745866;1.306096451;0.194592766;0.717507257;0.696551029;5.626521817
17:58:41.798374;-0.140320825;-0.721980865;1.33413664;0.236733886;0.674983002;0.737833279;5.626668875
17:58:41.809033;-0.146504005;-0.693431597;1.360668429;0.277651501;0.630087844;0.776523863;5.626786315
17:58:41.819906;-0.150715768;-0.637977651;1.384180583;0.315055348;0.582979479;0.812486878;5.626878234
17:58:41.829796;-0.151665557;-0.528407076;1.406422408;0.352003779;0.533823378;0.845596004;5.62693774
17:58:41.840664;-0.152636116;-0.440483071;1.427379425;0.388451437;0.482792203;0.875734942;5.626977038
17:58:41.850744;-0.14968054;-0.293929378;1.444272126;0.41986448;0.430065202;0.90279783;5.626989418
17:58:41.862461;-0.146444305;-0.174970478;1.45990557;0.451118522;0.375827582;0.926689607;5.62697515
17:58:41.872461;-0.139972107;-0.020404655;1.472861772;0.479950227;0.320269854;0.947326354;5.62693898
17:58:41.883026;-0.124535455;0.28093069;1.481166538;0.503595868;0.263587166;0.964635582;5.626877141
17:58:41.893269;-0.089284342;0.884671495;1.481896365;0.520152916;0.205978619;0.978556492;5.626794368
17:58:41.904837;-0.066221904;1.1365213;1.478312985;0.532490253;0.147646564;0.989040187;5.62667432
17:58:41.915187;-0.039937672;1.408445032;1.470411924;0.540112811;0.088795895;0.996049843;5.626543419
17:58:41.925341;-0.006480242;1.767360569;1.457207855;0.542197283;0.029633328;0.999560837;5.6263938
17:58:41.935407;0.027610075;2.088574975;1.439562458;0.539186564;-0.029633328;0.999560837;5.626225092
17:58:41.946740;0.044075311;1.973102163;1.419581127;0.534778347;-0.088795895;0.996049843;5.626011275
17:58:41.956545;0.0982077;2.620555435;1.391913497;0.521712614;-0.147646564;0.989040187;5.625806234
17:58:41.966693;0.120673715;2.533430803;1.363058198;0.507018024;-0.205978619;0.978556492;5.625574775
17:58:41.977337;0.120673715;2.026744642;1.337133488;0.495190946;-0.263587166;0.964635582;5.625311334
17:58:41.987837;0.144129654;2.08626222;1.31017372;0.481586099;-0.320269854;0.947326354;5.625031101
17:58:41.997372;0.170856571;2.19957329;1.280686087;0.46514698;-0.375827582;0.926689607;5.624759425
17:58:42.007956;0.196482162;2.244359153;1.247479147;0.445302766;-0.430065202;0.90279783;5.624439045
17:58:42.018309;0.22634103;2.36080754;1.21122568;0.422032017;-0.482792203;0.875734942;5.624106861
17:58:42.029416;0.254168935;2.414497063;1.172374693;0.395791261;-0.533823378;0.845596004;5.623730232
17:58:42.039463;0.283989256;2.520257239;1.132266161;0.367354184;-0.582979479;0.812486878;5.623371852
17:58:42.049427;0.31081241;2.548958779;1.090139601;0.336413616;-0.630087844;0.776523863;5.623000168
17:58:42.059504;0.365107521;3.116485609;1.039371902;0.296374435;-0.674983002;0.737833279;5.622608125
17:58:42.069727;0.389020126;2.965752762;0.987246655;0.254500291;-0.717507257;0.696551029;5.622194154
17:58:42.081124;0.413372761;2.808911321;0.928596194;0.206537787;-0.757511242;0.652822118;5.621713776
17:58:42.091406;0.438755298;2.751202247;0.874334084;0.161350337;-0.794854441;0.606800146;5.621263712
17:58:42.101456;0.461397526;2.625051339;0.815988036;0.112024188;-0.829405685;0.558646766;5.620808863
17:58:42.111932;0.483082812;2.507516462;0.757406969;0.061811775;-0.861043612;0.508531119;5.62031937
17:58:42.122704;0.503760751;2.392289923;0.698341061;0.010533853;-0.889657091;0.456629237;5.619800083
17:58:42.133394;0.524826224;2.30438183;0.638654159;-0.041946556;-0.915145617;0.403123429;5.619269145
17:58:42.144102;0.544555625;2.218162872;0.580578144;-0.093606778;-0.937419661;0.348201635;5.618722129
17:58:42.154739;0.562375701;2.108878327;0.522522126;-0.145788321;-0.956400984;0.292056771;5.61816409
17:58:42.164809;0.578607657;2.009345523;0.468644443;-0.194677367;-0.972022914;0.234886046;5.617622697
17:58:42.174822;0.595087168;1.933329881;0.415395009;-0.243460003;-0.984230578;0.176890275;5.617072071
17:58:42.186153;0.609704674;1.821405972;0.36090441;-0.293825029;-0.992981096;0.118273171;5.616434589
17:58:42.195880;0.620653142;1.669403652;0.310426446;-0.340844659;-0.998243732;0.059240628;5.615875517
17:58:42.206279;0.627802486;1.470647965;0.261764014;-0.386483865;-1;1.22E-16;5.615266089
17:58:42.216766;0.630178508;1.223168995;0.218673506;-0.427130804;-1;-1.22E-16;5.61463959
17:58:42.226722;0.630178508;0.978535196;0.179776563;-0.464021815;-0.998276396;-0.058687617;5.614034084
17:58:42.237004;0.629513901;0.769627765;0.144429414;-0.49773933;-0.993111527;-0.117172925;5.613398128
17:58:42.247545;0.612557339;0.302146237;0.113332809;-0.527444584;-0.984523197;-0.175254314;5.612735314
17:58:42.258386;0.600778794;0.019205951;0.087875169;-0.551839085;-0.972541011;-0.232731565;5.612042589
17:58:42.269289;0.586237632;-0.266574567;0.067872945;-0.571039418;-0.957206275;-0.289406542;5.611335019
17:58:42.278498;0.570337809;-0.528937914;0.052760678;-0.585545041;-0.938571851;-0.345083875;5.610729192
17:58:42.288615;0.551178892;-0.801831825;0.042189544;-0.59563642;-0.916701975;-0.399571632;5.610055305
17:58:42.300536;0.531478161;-0.980048509;0.035032811;-0.602344362;-0.891672037;-0.452681983;5.609250512
17:58:42.311441;0.516020311;-1.079128055;0.031950397;-0.605076069;-0.863568321;-0.504231846;5.608504577
17:58:42.320928;0.516020311;-0.863302444;0.02914985;-0.607566682;-0.832487707;-0.554043516;5.607848412
17:58:42.330992;0.49858468;-1.035452767;0.029693648;-0.606725306;-0.798537334;-0.601945284;5.607145317
17:58:42.341402;0.49315514;-0.936173456;0.031183855;-0.604928433;-0.761834239;-0.647772022;5.606410787
17:58:42.351670;0.497607575;-0.662048248;0.031785467;-0.604004119;-0.722504942;-0.691365756;5.605679399
17:58:42.362144;0.513775716;-0.21767147;0.029338733;-0.606134203;-0.680685022;-0.732576209;5.604926666
17:58:42.372152;0.529348803;0.126444933;0.024154767;-0.611041322;-0.636518639;-0.771261319;5.604201471
17:58:42.383096;0.540727998;0.309030589;0.01683205;-0.618140162;-0.590158044;-0.807287732;5.603402184
17:58:42.393940;0.550797575;0.446116799;0.008718836;-0.626124489;-0.541763053;-0.840531257;5.602604151
17:58:42.403959;0.555749618;0.450046306;0.001;-0.63493831;-0.491500492;-0.870877297;5.60186184
17:58:42.415096;0.558034978;0.403530557;0.001;-0.643535917;-0.439543627;-0.898221242;5.60103148
17:58:42.424572;0.555749618;0.277428006;0.001;-0.650815779;-0.386071564;-0.922468833;5.600320961
17:58:42.435559;0.555749618;0.221942405;0.001;-0.657620518;-0.331268632;-0.943536482;5.599492928
17:58:42.445261;0.549872118;0.069940263;0.001;-0.663415282;-0.275323749;-0.961351566;5.598758301
17:58:42.457395;0.523320522;-0.410772099;0.001;-0.66390682;-0.218429768;-0.975852672;5.59783546
17:58:42.467831;0.503552839;-0.697188366;0.004156463;-0.66072253;-0.160782814;-0.986989811;5.597038557
17:58:42.478493;0.499300698;-0.640579023;0.007749533;-0.657068163;-0.102581608;-0.994724592;5.596221745
17:58:42.488742;0.512184505;-0.270803852;0.008917775;-0.655810996;-0.044026783;-0.999030351;5.595434411
17:58:42.499194;0.52450837;0.012999234;0.007761512;-0.656877815;0.014679812;-0.999892246;5.594629668
17:58:42.509423;0.51808027;-0.11662618;0.007848846;-0.65671148;0.073335803;-0.997307305;5.593840677
17:58:42.521009;0.502803559;-0.37452724;0.010772365;-0.653686643;0.13173899;-0.991284439;5.592945765
17:58:42.530963;0.503798591;-0.280668028;0.013250654;-0.651082107;0.189688045;-0.98184441;5.592176218
17:58:42.541078;0.481498795;-0.66356323;0.019422062;-0.644744458;0.246983207;-0.96901976;5.591393918
17:58:42.551180;0.460408468;-0.948224815;0.02895293;-0.634968736;0.303426966;-0.952854699;5.590612649
17:58:42.561028;0.437573526;-1.210575863;0.042080404;-0.62148187;0.358824749;-0.933404949;5.58985137
17:58:42.571027;0.41784755;-1.357454689;0.058221976;-0.604831033;0.412985589;-0.91073756;5.58907909
17:58:42.582967;0.379230422;-1.768422721;0.083348461;-0.578902374;0.465722783;-0.884930669;5.588158235
17:58:42.592744;0.365435029;-1.688422331;0.107359061;-0.553929653;0.516854533;-0.85607324;5.587405649
17:58:42.603667;0.353864004;-1.574057103;0.133293209;-0.526747619;0.566204579;-0.824264748;5.586566796
17:58:42.613941;0.341121608;-1.493971037;0.161953938;-0.49648289;0.6136028;-0.789614845;5.585780024
17:58:42.623763;0.324298936;-1.529072558;0.190749397;-0.465909345;0.658885806;-0.752242976;5.585030228
17:58:42.634152;0.306845143;-1.558391494;0.222901543;-0.431601612;0.701897495;-0.71227797;5.58424001
17:58:42.644739;0.266413392;-2.035897108;0.261775769;-0.390242826;0.742489599;-0.669857594;5.583438129
17:58:42.655487;0.266413392;-1.628717686;0.298715854;-0.350445099;0.780522187;-0.62512808;5.582627956
17:58:42.665194;0.229186751;-2.011199509;0.343551273;-0.302231782;0.815864153;-0.57824362;5.581899966
17:58:42.675189;0.210495682;-1.980027865;0.388636861;-0.25345619;0.848393666;-0.529365834;5.581154387
17:58:42.685585;0.187974748;-2.031204254;0.436612812;-0.201321986;0.877998591;-0.478663215;5.580383557
17:58:42.695744;0.168024101;-2.019146502;0.486925027;-0.146333078;0.904576873;-0.426310545;5.579635239
17:58:42.707123;0.147284406;-1.975463075;0.546255758;-0.081048592;0.928036891;-0.372488294;5.578803275
17:58:42.718368;0.123454796;-2.051190302;0.600721067;-0.020775058;0.948297773;-0.317381998;5.57798802
17:58:42.727389;0.098555187;-2.125287574;0.658522619;0.043503788;0.965289677;-0.261181621;5.577339284
17:58:42.738150;0.073773415;-2.187549062;0.717725309;0.10970894;0.978954027;-0.204080897;5.576571924
17:58:42.747867;0.051934099;-2.172161224;0.778836696;0.178567405;0.98924372;-0.146276664;5.575885412
17:58:42.758043;0.050940897;-1.757416102;0.833906453;0.241777246;0.996123285;-0.087968185;5.57517332
17:58:42.768488;0.018744706;-2.043050703;0.892192902;0.308790759;0.999569006;-0.029356461;5.574450046
17:58:42.779085;0.007355611;-1.843529818;0.952228763;0.378878649;0.999569006;0.029356461;5.573724536
17:58:42.790230;-0.004194691;-1.686464336;1.00939604;0.446756928;0.996123285;0.087968185;5.572970886
17:58:42.800576;-0.016568172;-1.591438012;1.060489979;0.508426931;0.98924372;0.146276664;5.572279957
17:58:42.810891;-0.028103599;-1.492293729;1.110595641;0.569965566;0.978954027;0.204080897;5.571599423
17:58:42.821857;-0.037423079;-1.367096722;1.158628533;0.630209;0.965289677;0.261181621;5.570885049
17:58:42.832553;-0.05017661;-1.333540556;1.203837777;0.687983923;0.948297773;0.317381998;5.570197302
17:58:42.842267;-0.05848122;-1.227978813;1.244731847;0.741500406;0.928036891;0.372488294;5.569580426
17:58:42.853314;-0.068249151;-1.161557217;1.285325305;0.795891112;0.904576873;0.426310545;5.568887835
17:58:42.864855;-0.076518305;-1.081464694;1.322870997;0.847609566;0.877998591;0.478663215;5.568174422
17:58:42.874545;-0.083055815;-0.994541889;1.355136944;0.893411367;0.848393666;0.529365834;5.567583435
17:58:42.884410;-0.088328037;-0.899745969;1.384931826;0.937084643;0.815864153;0.57824362;5.566989275
17:58:42.896161;-0.095534213;-0.85251373;1.414552134;0.981908604;0.780522187;0.62512808;5.566291394
17:58:42.906583;-0.101050578;-0.785426264;1.441190214;1.023782556;0.742489599;0.669857594;5.565681415
17:58:42.916929;-0.111175835;-0.817669833;1.466265803;1.064409853;0.701897495;0.71227797;5.565084222
17:58:42.928241;-0.112873958;-0.684824989;1.489414134;1.103915566;0.658885806;0.752242976;5.564440771
17:58:42.938672;-0.113852088;-0.566431161;1.50899024;1.139286144;0.6136028;0.789614845;5.563856223
17:58:42.948688;-0.112853459;-0.433416416;1.525572815;1.171230895;0.566204579;0.824264748;5.563302864
17:58:42.958523;-0.108350285;-0.257289717;1.539790099;1.200882664;0.516854533;0.85607324;5.562767061
17:58:42.969145;-0.102868469;-0.104060005;1.552709898;1.230461341;0.465722783;0.884930669;5.562196789
17:58:42.980406;-0.094418911;0.084262399;1.562681131;1.256148254;0.412985589;0.91073756;5.561601736
17:58:42.989404;-0.081187387;0.32898506;1.570500388;1.279817234;0.358824749;0.933404949;5.561133307
17:58:43.000103;-0.065009809;0.578797657;1.576307915;1.301755384;0.303426966;0.952854699;5.560584461
17:58:43.010396;-0.042907285;0.891223836;1.579934484;1.321674612;0.246983207;0.96901976;5.560064779
17:58:43.021183;-0.01634912;1.240280822;1.581370359;1.33903299;0.189688045;0.98184441;5.559528924
17:58:43.031558;0.006040845;1.397781377;1.581255914;1.356378883;0.13173899;0.991284439;5.559021996
17:58:43.042179;0.036369737;1.69366289;1.579351229;1.371132359;0.073335803;0.997307305;5.558511635
17:58:43.052087;0.064112999;1.882624823;1.576086876;1.384457371;0.014679812;0.999892246;5.558043363
17:58:43.063655;0.090733086;2.034871221;1.571918407;1.396136746;-0.044026783;0.999030351;5.557506191
17:58:43.072687;0.117447051;2.144840078;1.566746937;1.407184545;-0.102581608;0.994724592;5.557093931
17:58:43.083882;0.163542773;2.576721627;1.559797263;1.416975993;-0.160782814;0.986989811;5.55659164
17:58:43.094920;0.188126503;2.526057146;1.55249583;1.426139487;-0.218429768;0.975852672;5.556105813
17:58:43.104387;0.213822187;2.531344264;1.545196014;1.434431218;-0.275323749;0.961351566;5.555696579
17:58:43.114481;0.240607813;2.546367033;1.53745372;1.442527952;-0.331268632;0.943536482;5.555267809
17:58:43.125022;0.265179753;2.499999207;1.529372694;1.450725522;-0.386071564;0.922468833;5.554828386
17:58:43.135753;0.291990695;2.495846846;1.521120352;1.458966666;-0.439543627;0.898221242;5.554389781
17:58:43.145946;0.31791313;2.496899242;1.513323527;1.466894138;-0.491500492;0.870877297;5.553981325
17:58:43.156196;0.342737975;2.49062977;1.505960356;1.474730326;-0.541763053;0.840531257;5.553578597
17:58:43.167496;0.367978419;2.44856631;1.498229649;1.483625061;-0.590158044;0.807287732;5.55314392
17:58:43.177166;0.391004681;2.410116963;1.491596683;1.49224719;-0.636518639;0.771261319;5.552779686
17:58:43.187444;0.418260915;2.466261453;1.485473521;1.501200938;-0.680685022;0.732576209;5.552400376
17:58:43.198509;0.442743947;2.431457704;1.479696252;1.511257839;-0.722504942;0.691365756;5.552001027
17:58:43.209105;0.464293702;2.369341079;1.474998586;1.521570245;-0.761834239;0.647772022;5.551627352
17:58:43.218611;0.486128796;2.326354267;1.471177167;1.532677722;-0.798537334;0.601945284;5.551299394
17:58:43.228911;0.486128796;1.861083414;1.468508705;1.544859693;-0.832487707;0.554043516;5.550951808
17:58:43.239855;0.507350918;1.885597389;1.466808505;1.558860059;-0.863568321;0.504231846;5.550591332
17:58:43.249251;0.546678509;2.289288511;1.466369379;1.573193571;-0.891672037;0.452681983;5.55028911
17:58:43.261771;0.562213443;2.09670191;1.46753038;1.591534446;-0.916701975;0.399571632;5.549896827
17:58:43.271768;0.581184074;2.025612666;1.470376913;1.61038344;-0.938571851;0.345083875;5.549592141
17:58:43.281916;0.598950343;1.972590846;1.474679112;1.629544535;-0.957206275;0.289406542;5.549290608
17:58:43.292868;0.613547491;1.849927014;1.481125253;1.651860234;-0.972541011;0.232731565;5.548973946
17:58:43.303213;0.62424743;1.692414712;1.488969251;1.674660023;-0.984523197;0.175254314;5.548683181
17:58:43.313952;0.634819943;1.549061505;1.499450572;1.701331511;-0.993111527;0.117172925;5.548389915
17:58:43.323719;0.634819943;1.239249204;1.510836718;1.72786749;-0.998276396;0.058687617;5.54813077
17:58:43.334047;0.643057458;1.155038572;1.524094955;1.756402086;-1;1.22E-16;5.547864587
17:58:43.344071;0.64428382;0.948171957;1.539119807;1.786986656;-1;-1.22E-16;5.547613948
17:58:43.353952;0.64428382;0.758537566;1.555682194;1.819251507;-0.998276396;-0.058687617;5.547374312
17:58:43.365159;0.638758657;0.503599247;1.574434527;1.854755571;-0.993111527;-0.117172925;5.547111435
17:58:43.375198;0.631908041;0.26864316;1.593309665;1.889795856;-0.984523197;-0.175254314;5.546884
17:58:43.385276;0.623683688;0.05205681;1.612670687;1.925346165;-0.972541011;-0.232731565;5.546663322
17:58:43.395450;0.6008547;-0.411625836;1.631339937;1.960353051;-0.957206275;-0.289406542;5.546448302
17:58:43.405713;0.6008547;-0.329300669;1.651068469;1.996712872;-0.938571851;-0.345083875;5.546239296
17:58:43.416038;0.584884314;-0.562820163;1.671266942;2.034633547;-0.916701975;-0.399571632;5.546037023
17:58:43.427636;0.572782842;-0.670954237;1.691627558;2.073433079;-0.891672037;-0.452681983;5.545819369
17:58:43.437709;0.554010879;-0.885469048;1.710303904;2.110422525;-0.863568321;-0.504231846;5.545638534
17:58:43.448849;0.554010879;-0.708375239;1.729768579;2.148519182;-0.832487707;-0.554043516;5.545447414
17:58:43.458719;0.554010879;-0.566700191;1.748571855;2.18494262;-0.798537334;-0.601945284;5.545285861
17:58:43.469567;0.554010879;-0.453360153;1.769282677;2.2246871;-0.761834239;-0.647772022;5.545116726
17:58:43.480645;0.515268259;-1.079165935;1.785327327;2.259952269;-0.722504942;-0.691365756;5.544953104
17:58:43.490731;0.506600187;-1.035510466;1.799710401;2.292383271;-0.680685022;-0.732576209;5.544812126
17:58:43.501052;0.513442469;-0.696744064;1.816155817;2.327618931;-0.636518639;-0.771261319;5.544675742
17:58:43.512701;0.513442469;-0.557395251;1.835559377;2.368502558;-0.590158044;-0.807287732;5.544531378
17:58:43.522584;0.528720956;-0.145008577;1.855266767;2.406949487;-0.541763053;-0.840531257;5.54441685
17:58:43.533451;0.530641159;-0.079005247;1.876338757;2.447386144;-0.491500492;-0.870877297;5.544299338
17:58:43.543610;0.529295537;-0.08905198;1.897900215;2.488595528;-0.439543627;-0.898221242;5.544197452
17:58:43.553589;0.543683003;0.214360699;1.921708006;2.531644479;-0.386071564;-0.922468833;5.544104863
17:58:43.564415;0.527434642;-0.125974296;1.945218425;2.576276587;-0.331268632;-0.943536482;5.544012809
17:58:43.575377;0.520943622;-0.22300313;1.967639875;2.61947765;-0.275323749;-0.961351566;5.543928491
17:58:43.585319;0.520943622;-0.178402504;1.989720673;2.661583147;-0.218429768;-0.975852672;5.543859752
17:58:43.595845;0.524189337;-0.078536737;2.013060362;2.705163507;-0.160782814;-0.986989811;5.543794988
17:58:43.609040;0.528129251;0.01089996;2.039193091;2.752949862;-0.102581608;-0.994724592;5.543725431
17:58:43.617067;0.528129251;0.008719968;2.066810034;2.803158949;-0.044026783;-0.999030351;5.543689444
17:58:43.627906;0.518746352;-0.175954448;2.09141132;2.849088038;0.014679812;-0.999892246;5.543648437
17:58:43.637859;0.499534174;-0.515067659;2.113070562;2.892327094;0.073335803;-0.997307305;5.543618456
17:58:43.647919;0.478314105;-0.833620489;2.13123262;2.93185236;0.13173899;-0.991284439;5.543595615
17:58:43.658496;0.447675443;-1.275622143;2.144768161;2.966908671;0.189688045;-0.98184441;5.543579684
17:58:43.669614;0.413076765;-1.614318368;2.154864398;3.00205372;0.246983207;-0.96901976;5.543571865
17:58:43.679830;0.397464838;-1.601568092;2.162841659;3.031765541;0.303426966;-0.952854699;5.543572741
17:58:43.689983;0.380569944;-1.612388962;2.169890105;3.060918003;0.358824749;-0.933404949;5.543581256
17:58:43.701230;0.375083033;-1.398861808;2.178145464;3.091068727;0.412985589;-0.91073756;5.543599578
17:58:43.711625;0.359192166;-1.410295333;2.18632991;3.12306714;0.465722783;-0.884930669;5.543624815
17:58:43.720847;0.339277449;-1.523777557;2.192494813;-3.13190895;0.516854533;-0.85607324;5.543653877
17:58:43.731024;0.319333548;-1.611018721;2.197395909;-3.104675488;0.566204579;-0.824264748;5.543693227
17:58:43.740940;0.297432857;-1.722352525;2.200717613;-3.07913866;0.6136028;-0.789614845;5.543738907
17:58:43.751758;0.275652935;-1.809085758;2.202673536;-3.054944008;0.658885806;-0.752242976;5.543796999
17:58:43.761712;0.253828195;-1.878613253;2.203399581;-3.031927291;0.701897495;-0.71227797;5.543858059
17:58:43.772065;0.233032226;-1.884320164;2.203330611;-3.007973754;0.742489599;-0.669857594;5.543929295
17:58:43.783550;0.210097709;-1.909685418;2.202203518;-2.9839852;0.780522187;-0.62512808;5.544017535
17:58:43.793576;0.184053491;-2.04504087;2.199613127;-2.964416579;0.815864153;-0.57824362;5.544102483
17:58:43.804152;0.161093721;-2.089648173;2.195921854;-2.94586281;0.848393666;-0.529365834;5.544200085
17:58:43.814466;0.13809328;-2.101277069;2.191034877;-2.92726365;0.877998591;-0.478663215;5.544303169
17:58:43.825077;0.087979084;-2.654928009;2.18025942;-2.915549404;0.904576873;-0.426310545;5.544417356
17:58:43.835791;0.06711319;-2.523539382;2.169319825;-2.903780316;0.928036891;-0.372488294;5.544541016
17:58:43.845451;0.051462687;-2.318696706;2.159292973;-2.891218809;0.948297773;-0.317381998;5.544659713
17:58:43.856536;0.038933254;-2.089927774;2.150397575;-2.87713685;0.965289677;-0.261181621;5.544804327
17:58:43.866810;0.034952001;-1.748894975;2.144409089;-2.860908318;0.978954027;-0.204080897;5.544946379
17:58:43.876905;0.010970461;-1.872982723;2.136964716;-2.846687998;0.98924372;-0.146276664;5.545093465
17:58:43.887025;-0.000653779;-1.725111539;2.130131724;-2.831645997;0.996123285;-0.087968185;5.545248379
17:58:43.897196;-0.012281162;-1.610942451;2.123902181;-2.816451417;0.999569006;-0.029356461;5.5454116
17:58:43.907946;-0.023908545;-1.508634749;2.117712255;-2.800213836;0.999569006;0.029356461;5.545592308
17:58:43.919338;-0.047150744;-1.62323153;2.109157147;-2.785174215;0.996123285;0.087968185;5.545792974
17:58:43.929139;-0.055987477;-1.466395674;2.101877734;-2.770280767;0.98924372;0.146276664;5.545973026
17:58:43.941137;-0.053997792;-1.135423219;2.097082305;-2.752913186;0.978954027;0.204080897;5.546202516
17:58:43.951655;-0.063380505;-1.069036951;2.091868597;-2.73367085;0.965289677;0.261181621;5.546411691
17:58:43.962809;-0.07198122;-1.01226788;2.087041417;-2.715612343;0.948297773;0.317381998;5.546641434
17:58:43.972906;-0.079323602;-0.948971131;2.082419979;-2.698235452;0.928036891;0.372488294;5.546856235
17:58:43.983157;-0.088905696;-0.948364783;2.077413812;-2.682173574;0.904576873;0.426310545;5.547080757
17:58:43.994202;-0.096509033;-0.908914027;2.072061473;-2.666524588;0.877998591;0.478663215;5.547329721
17:58:44.004409;-0.104771303;-0.880183942;2.065763438;-2.650486183;0.848393666;0.529365834;5.547566097
17:58:44.015678;-0.113307759;-0.859011;2.058595345;-2.634920627;0.815864153;0.57824362;5.547833865
17:58:44.026216;-0.122556862;-0.860035912;2.050677138;-2.620848057;0.780522187;0.62512808;5.548090503
17:58:44.036744;-0.130741632;-0.847247027;2.042225375;-2.608260318;0.742489599;0.669857594;5.548352708
17:58:44.046835;-0.13400744;-0.739148875;2.033368656;-2.595422482;0.701897495;0.71227797;5.548609289
17:58:44.056884;-0.135966517;-0.630107746;2.02494681;-2.583347422;0.658885806;0.752242976;5.548869736
17:58:44.068033;-0.135966517;-0.504086197;2.016247978;-2.570532065;0.6136028;0.789614845;5.549164236
17:58:44.078090;-0.13186884;-0.323835582;2.008527568;-2.557490066;0.566204579;0.824264748;5.549434698
17:58:44.088497;-0.130891751;-0.23966647;2.00101717;-2.544808142;0.516854533;0.85607324;5.549719174
17:58:44.099028;-0.127308587;-0.123468024;1.993527094;-2.531330985;0.465722783;0.884930669;5.550011602
17:58:44.109068;-0.116954573;0.100695928;1.987407512;-2.516786058;0.412985589;0.91073756;5.550294482
17:58:44.120093;-0.104682702;0.301047262;1.982311907;-2.499786568;0.358824749;0.933404949;5.550609494
17:58:44.129976;-0.08618155;0.606914329;1.979775167;-2.482298531;0.303426966;0.952854699;5.550895583
17:58:44.141050;-0.06548016;0.871882753;1.979379176;-2.461479512;0.246983207;0.96901976;5.551220094
17:58:44.150748;-0.042107456;1.161793192;1.981282412;-2.439636718;0.189688045;0.98184441;5.551507526
17:58:44.161611;-0.042107456;0.929434554;1.981813066;-2.41822824;0.13173899;0.991284439;5.551832874
17:58:44.172236;0.008157695;1.702104447;1.98831836;-2.390902449;0.073335803;0.997307305;5.552154347
17:58:44.183870;0.039325421;1.954297522;1.997338632;-2.360918099;0.014679812;0.999892246;5.552509787
17:58:44.194304;0.067164001;2.102520338;2.007799262;-2.329772526;-0.044026783;0.999030351;5.552831399
17:58:44.204108;0.067164001;1.68201627;2.016226611;-2.299501856;-0.102581608;0.994724592;5.55313585
17:58:44.214046;0.116451352;2.288070866;2.028436329;-2.266137452;-0.160782814;0.986989811;5.553446519
17:58:44.224917;0.142276932;2.341238546;2.040773381;-2.233223799;-0.218429768;0.975852672;5.553788523
17:58:44.235020;0.167944949;2.346858531;2.054244208;-2.197568549;-0.275323749;0.961351566;5.554108204
17:58:44.245033;0.196624965;2.445969203;2.067167903;-2.163849845;-0.331268632;0.943536482;5.5544266
17:58:44.255102;0.224465565;2.507017581;2.080285737;-2.129744654;-0.386071564;0.922468833;5.554748167
17:58:44.266016;0.255342673;2.576110159;2.094479912;-2.092952188;-0.439543627;0.898221242;5.555098087
17:58:44.276882;0.28323842;2.576545705;2.108196015;-2.056497639;-0.491500492;0.870877297;5.555447656
17:58:44.287004;0.337310733;3.135193898;2.122715515;-2.020673338;-0.541763053;0.840531257;5.555774158
17:58:44.297382;0.337310733;2.508155118;2.134282487;-1.987553599;-0.590158044;0.807287732;5.556109591
17:58:44.308333;0.362899382;2.478171913;2.145812939;-1.952799255;-0.636518639;0.771261319;5.556464067
17:58:44.318686;0.409961396;2.863235955;2.157718363;-1.917894207;-0.680685022;0.732576209;5.556799474
17:58:44.328736;0.437693578;2.841541465;2.167989571;-1.885847369;-0.722504942;0.691365756;5.557125143
17:58:44.340009;0.46147591;2.700570833;2.17799675;-1.851651045;-0.761834239;0.647772022;5.557490311
17:58:44.349659;0.46147591;2.160456667;2.184776548;-1.822860731;-0.798537334;0.601945284;5.557802609
17:58:44.359950;0.510421379;2.695349475;2.191921427;-1.793560748;-0.832487707;0.554043516;5.558135164
17:58:44.371886;0.525879635;2.461875746;2.197794404;-1.765481351;-0.863568321;0.504231846;5.558519996
17:58:44.381660;0.551376492;2.441504162;2.203187751;-1.736312957;-0.891672037;0.452681983;5.558834219
17:58:44.392532;0.573612956;2.345761;2.207766683;-1.706746464;-0.916701975;0.399571632;5.559182569
17:58:44.402429;0.595406276;2.29582054;2.211092264;-1.680447695;-0.938571851;0.345083875;5.559498421
17:58:44.413168;0.587965336;1.688935828;2.213104499;-1.656149287;-0.957206275;0.289406542;5.559839584
17:58:44.422806;0.587965336;1.351148662;2.214361123;-1.632469967;-0.972541011;0.232731565;5.560144211
17:58:44.433722;0.651032974;2.244619522;2.215674441;-1.60714692;-0.984523197;0.175254314;5.560487244
17:58:44.444462;0.659695305;1.959152605;2.216251673;-1.583082306;-0.993111527;0.117172925;5.560822471
17:58:44.454353;0.665160245;1.675633939;2.21627862;-1.560690383;-0.998276396;0.058687617;5.561129014
17:58:44.465413;0.667051414;1.375739498;2.215890576;-1.537287531;-1;1.22E-16;5.561469089
17:58:44.477067;0.657437989;0.928626181;2.215268869;-1.513137429;-1;-1.22E-16;5.561824093
17:58:44.486991;0.649214437;0.58979207;2.214632981;-1.489980035;-0.99821013;-0.059804154;5.562123494
17:58:44.498140;0.649214437;0.471833656;2.213952073;-1.466717862;-0.992846926;-0.119394225;5.562456441
17:58:44.508795;0.629533768;0.011178174;2.213703726;-1.443176511;-0.983929589;-0.178556895;5.562771043
17:58:44.518792;0.630763742;0.033290543;2.213513327;-1.421002248;-0.971490038;-0.237080378;5.563062833
17:58:44.529529;0.599267355;-0.551067803;2.214345829;-1.396029063;-0.955572806;-0.294755174;5.563372367
17:58:44.541228;0.57916464;-0.817861815;2.215983913;-1.370767812;-0.936234871;-0.351374824;5.563704837
17:58:44.550061;0.558123866;-1.072055578;2.218435133;-1.345982774;-0.913545458;-0.406736643;5.563952379
17:58:44.561083;0.540684083;-1.188983872;2.221874878;-1.319171926;-0.887585789;-0.46064245;5.564256863
17:58:44.571365;0.529686859;-1.169679185;2.225760476;-1.292900386;-0.858448794;-0.512899277;5.564536303
17:58:44.581543;0.529764133;-0.934255059;2.229800333;-1.265726745;-0.826238774;-0.563320058;5.564808349
17:58:44.591928;0.533983367;-0.664067327;2.233464738;-1.239465322;-0.791071035;-0.611724299;5.56508105
17:58:44.601257;0.537209703;-0.46718141;2.236803745;-1.213616381;-0.753071466;-0.657938726;5.565321658
17:58:44.612141;0.550237559;-0.132261698;2.239281596;-1.186990157;-0.712376097;-0.701797903;5.565596955
17:58:44.622925;0.563287547;0.153060208;2.240450059;-1.163238506;-0.669130606;-0.743144825;5.565863756
17:58:44.633634;0.569455631;0.231404784;2.240920349;-1.137398613;-0.623489802;-0.781831482;5.566122604
17:58:44.645541;0.572769014;0.246761873;2.240715321;-1.11351204;-0.575617066;-0.817719386;5.566403012
17:58:44.654775;0.569487036;0.133438799;2.240400016;-1.090836906;-0.52568377;-0.850680066;5.566614925
17:58:44.666004;0.560362392;-0.061972676;2.240423866;-1.066580108;-0.473868662;-0.880595532;5.566865875
17:58:44.677660;0.550655232;-0.218100924;2.240816347;-1.040374365;-0.420357228;-0.907358695;5.567118284
17:58:44.688207;0.538394272;-0.40479947;2.241741077;-1.015586262;-0.365341024;-0.930873749;5.56733935
17:58:44.698333;0.528378543;-0.516072064;2.242979891;-0.990980471;-0.309016994;-0.951056516;5.567544842
17:58:44.708135;0.525406608;-0.471712645;2.243791128;-0.967512299;-0.251586764;-0.967834748;5.567737286
17:58:44.718727;0.528990198;-0.309420239;2.243483991;-0.944153425;-0.193255918;-0.981148383;5.567937887
17:58:44.729338;0.522867695;-0.360577801;2.243038678;-0.920298263;-0.134233266;-0.990949762;5.568130985
17:58:44.740116;0.518068892;-0.38076854;2.242318939;-0.897698873;-0.074730094;-0.997203797;5.568318849
17:58:44.749950;0.503828621;-0.58687235;2.242424067;-0.874966889;-0.014959407;-0.999888102;5.568482796
17:58:44.760671;0.482395496;-0.867097411;2.244263699;-0.848940215;0.04486483;-0.998993067;5.568653216
17:58:44.771690;0.460932441;-1.093444923;2.247790739;-0.821294801;0.104528463;-0.994521895;5.568819111
17:58:44.782408;0.445274247;-1.162312329;2.252304791;-0.792275431;0.163817911;-0.986490594;5.568971245
17:58:44.792720;0.427566135;-1.277339326;2.257708156;-0.763888004;0.222520934;-0.974927912;5.56910882
17:58:44.802533;0.399480532;-1.579533714;2.265644482;-0.733169663;0.280427389;-0.959875242;5.569231548
17:58:44.813204;0.386884534;-1.502476018;2.274459201;-0.700410941;0.337329987;-0.941386467;5.569355744
17:58:44.824927;0.374077918;-1.438578016;2.284000934;-0.666193652;0.393025032;-0.919527773;5.569480811
17:58:44.834178;0.360697419;-1.415399588;2.29348521;-0.633554927;0.447313148;-0.894377408;5.569570919
17:58:44.844106;0.341808974;-1.505783688;2.304393203;-0.599391315;0.5;-0.866025404;5.569659021
17:58:44.854622;0.342800227;-1.185512286;2.313897412;-0.56593611;0.550896981;-0.834573254;5.569742444
17:58:44.865336;0.323878941;-1.307169363;2.325043375;-0.530322482;0.599821895;-0.800133548;5.569816757
17:58:44.876253;0.283598637;-1.782969658;2.341702549;-0.488163695;0.646599601;-0.762829572;5.569881167
17:58:44.886085;0.263827863;-1.818363856;2.358431455;-0.447727037;0.691062649;-0.722794864;5.569929214
17:58:44.896792;0.243507464;-1.844067887;2.377189145;-0.404253648;0.733051872;-0.680172738;5.569970596
17:58:44.906574;0.218514153;-1.970853313;2.3974031;-0.359959265;0.772416959;-0.63511577;5.569998253
17:58:44.916782;0.192484695;-2.093722906;2.419737247;-0.313371986;0.809016994;-0.587785252;5.570016595
17:58:44.926931;0.170813051;-2.102758566;2.443436405;-0.265033313;0.842720959;-0.538350616;5.570023998
17:58:44.942756;0.120817259;-2.326960928;2.487584049;-0.182639274;0.873408201;-0.486988824;5.570013549
17:58:44.952828;0.093699105;-2.385380763;2.51767276;-0.126634675;0.900968868;-0.433883739;5.569992668
17:58:44.963584;0.071842737;-2.309304708;2.549483029;-0.067201984;0.9253043;-0.379225463;5.569957904
17:58:44.974553;0.054168253;-2.172454012;2.580240472;-0.008544272;0.946327384;-0.323209657;5.569908969
17:58:44.985216;0.034290021;-2.110484565;2.609828233;0.048742409;0.963962861;-0.266036846;5.569848129
17:58:44.996421;0.024017681;-1.879557203;2.63715523;0.104267622;0.978147601;-0.207911691;5.569769863
17:58:45.006106;0.0144625;-1.693103026;2.660626472;0.154461094;0.988830826;-0.149042266;5.569690192
17:58:45.017193;-0.007548917;-1.764705057;2.685771818;0.208297563;0.995974294;-0.089639309;5.569585085
17:58:45.027150;-0.009538437;-1.451292005;2.70604346;0.255710095;0.999552432;-0.029915466;5.569477852
17:58:45.037562;-0.022361785;-1.398312496;2.726637091;0.305667054;0.999552432;0.029915466;5.569352529
17:58:45.048447;-0.034982553;-1.369327548;2.744847359;0.351426913;0.995974294;0.089639309;5.569206835
17:58:45.058516;-0.04558395;-1.291377653;2.76317779;0.399565286;0.988830826;0.149042266;5.569058015
17:58:45.069455;-0.056180155;-1.227248483;2.78051144;0.447158239;0.978147601;0.207911691;5.568879951
17:58:45.080205;-0.067028079;-1.188197184;2.796378991;0.492339134;0.963962861;0.266036846;5.568687236
17:58:45.089915;-0.076623348;-1.141049081;2.810857332;0.535063567;0.946327384;0.323209657;5.568497132
17:58:45.101132;-0.088178793;-1.131662715;2.825727774;0.579701144;0.9253043;0.379225463;5.56825747
17:58:45.111654;-0.099999559;-1.125528982;2.840601878;0.624995269;0.900968868;0.433883739;5.568012047
17:58:45.123594;-0.11904974;-1.222993864;2.857825147;0.675874468;0.873408201;0.486988824;5.567708037
17:58:45.133260;-0.119066058;-0.97871773;2.870738503;0.717762512;0.842720959;0.538350616;5.567441062
17:58:45.144950;-0.120130864;-0.802907028;2.883022812;0.760784474;0.809016994;0.587785252;5.567092005
17:58:45.155938;-0.126343066;-0.757289475;2.894964703;0.80394954;0.772416959;0.63511577;5.566736578
17:58:45.165837;-0.125353041;-0.586266855;2.90496232;0.843297038;0.733051872;0.680172738;5.566392696
17:58:45.176604;-0.134465152;-0.637013887;2.91584812;0.885755049;0.691062649;0.722794864;5.565992128
17:58:45.186477;-0.136468523;-0.546883036;2.925931636;0.927238985;0.646599601;0.762829572;5.565599593
17:58:45.196632;-0.13841312;-0.476123019;2.934835263;0.96565598;0.599821895;0.800133548;5.565169736
17:58:45.207107;-0.138071894;-0.374510765;2.943542889;1.005766295;0.550896981;0.834573254;5.56469761
17:58:45.218267;-0.139042372;-0.317417417;2.951864611;1.046215195;0.5;0.866025404;5.564161373
17:58:45.228094;-0.135484228;-0.183230691;2.958705719;1.082801666;0.447313148;0.894377408;5.563659832
17:58:45.238604;-0.130974332;-0.057005962;2.964743661;1.118661957;0.393025032;0.919527773;5.563092005
17:58:45.248454;-0.124142471;0.090110948;2.96989093;1.153684147;0.337329987;0.941386467;5.56252945
17:58:45.258930;-0.112127839;0.296696212;2.974145214;1.189734305;0.280427389;0.959875242;5.5618979
17:58:45.269820;-0.095897893;0.538572491;2.977097289;1.224752677;0.222520934;0.974927912;5.561203986
17:58:45.280211;-0.073197974;0.865558613;2.978502716;1.257258006;0.163817911;0.986490594;5.560505273
17:58:45.291086;-0.050997176;1.104119708;2.978763786;1.289645415;0.104528463;0.994521895;5.559734634
17:58:45.301347;-0.019184437;1.512624964;2.977679298;1.318670612;0.04486483;0.998993067;5.558969558
17:58:45.325469;0.014177283;1.871002527;2.975513914;1.346555966;-0.014959407;0.999888102;5.557020273
17:58:45.334690;0.086819391;2.152831082;2.966918463;1.403754025;-0.074730094;0.997203797;5.556217264
17:58:45.344360;0.108459336;2.152204245;2.963617031;1.430301817;-0.134233266;0.990949762;5.555339603
17:58:45.353921;0.129958775;2.127576742;2.960466734;1.458535682;-0.193255918;0.981148383;5.554435273
17:58:45.364608;0.15456556;2.164773502;2.957754606;1.487295453;-0.251586764;0.967834748;5.553380448
17:58:45.375517;0.181200215;2.225922233;2.955630708;1.517046693;-0.309016994;0.951056516;5.552254721
17:58:45.386189;0.206861238;2.257398192;2.954347053;1.547578411;-0.365341024;0.930873749;5.551104453
17:58:45.396981;0.262605721;2.844456088;2.954028075;1.578972031;-0.420357228;0.907358695;5.549890853
17:58:45.407842;0.262353784;2.270562657;2.954835608;1.60953886;-0.473868662;0.880595532;5.548617196
17:58:45.417557;0.289996;2.345714398;2.956920944;1.642498979;-0.52568377;0.850680066;5.547432543
17:58:45.428221;0.318088002;2.40376217;2.960504943;1.677613773;-0.575617066;0.817719386;5.546081813
17:58:45.438804;0.345180894;2.432898239;2.965651914;1.714248477;-0.623489802;0.781831482;5.544688206
17:58:45.449742;0.370747615;2.417226286;2.972592261;1.753428164;-0.669130606;0.743144825;5.543191096
17:58:45.459895;0.395746775;2.42910227;2.980652075;1.791533776;-0.712376097;0.701797903;5.541748791
17:58:45.470896;0.449935311;3.014104471;2.991660794;1.832764505;-0.753071466;0.657938726;5.540127703
17:58:45.479968;0.449935311;2.411283577;3.00323922;1.874509802;-0.791071035;0.611724299;5.538744414
17:58:45.491082;0.4709581;2.316803035;3.017501238;1.921412043;-0.826238774;0.563320058;5.53699149
17:58:45.501435;0.493494024;2.301042162;3.032595091;1.966966847;-0.858448794;0.512899277;5.535299854
17:58:45.511288;0.515609639;2.263462231;3.050298019;2.016500475;-0.887585789;0.46064245;5.533636369
17:58:45.521410;0.538761318;2.268153391;3.069619997;2.066799761;-0.913545458;0.406736643;5.531872176
17:58:45.532319;0.559051505;2.190697686;3.092495933;2.12291268;-0.936234871;0.351374824;5.529907017
17:58:45.543198;0.580213147;2.14718745;3.117837094;2.181555817;-0.955572806;0.294755174;5.527880224
17:58:45.553997;0.596454755;2.039405784;3.143848316;2.23918428;-0.971490038;0.237080378;5.52580099
17:58:45.563914;0.613936306;1.974221441;3.172642049;2.300199074;-0.983929589;0.178556895;5.523831509
17:58:45.574192;0.636834041;2.01706732;3.205715532;2.366640329;-0.992846926;0.119394225;5.521728689
17:58:45.584546;0.646318934;1.793171008;3.241144294;2.436130795;-0.99821013;0.059804154;5.519545903
17:58:45.594696;0.648600965;1.479671363;3.276101781;2.504039245;-1;1.22E-16;5.517342413
17:58:45.605248;0.645227703;1.122211373;3.31434135;2.578411271;-1;-1.22E-16;5.514983769
17:58:45.615833;0.6380655;0.755556485;3.349224229;2.646852882;-0.998454529;-0.055574762;5.51254718
17:58:45.625460;0.6380655;0.604445188;3.385216558;2.716940598;-0.993822892;-0.110977746;5.510268851
17:58:45.636228;0.630314653;0.329676922;3.420692991;2.786697329;-0.986119405;-0.166037704;5.507649205
17:58:45.646237;0.61890451;0.051773185;3.457639014;2.860667941;-0.97536788;-0.220584449;5.505145764
17:58:45.656725;0.604292985;-0.244605515;3.491236135;2.929762348;-0.961601548;-0.274449381;5.50245076
17:58:45.667512;0.583762481;-0.577652355;3.523949545;3.000180603;-0.944862961;-0.327466004;5.499601254
17:58:45.677307;0.561389047;-0.906313016;3.55184451;3.063714453;-0.925203857;-0.37947045;5.496944631
17:58:45.688789;0.538466876;-1.130263835;3.580089592;3.132301854;-0.902685001;-0.430301974;5.493745477
17:58:45.699488;0.517440079;-1.295329649;3.604474318;-3.087875527;-0.877375998;-0.479803459;5.490680806
17:58:45.710164;0.50227525;-1.321462168;3.627242105;-3.026655991;-0.849355075;-0.527821899;5.487541142
17:58:45.721189;0.500011163;-1.09947454;3.651148105;-2.963798324;-0.818708844;-0.574208871;5.484212153
17:58:45.730830;0.51420453;-0.599665046;3.677320872;-2.900466299;-0.785532032;-0.618820998;5.481227942
17:58:45.741057;0.531641063;-0.133418846;3.706745296;-2.833863807;-0.749927185;-0.661520383;5.477986841
17:58:45.752646;0.541682135;0.066775788;3.742211672;-2.755289567;-0.712004356;-0.702175048;5.474218967
17:58:45.763678;0.546232018;0.13758533;3.775168386;-2.681693294;-0.671880762;-0.740659329;5.470537066
17:58:45.773420;0.552677266;0.237366539;3.805695174;-2.612782415;-0.629680423;-0.776854275;5.467207582
17:58:45.784351;0.554953727;0.23486609;3.834776428;-2.545024521;-0.585533778;-0.810648009;5.463383448
17:58:45.793907;0.552677266;0.143831804;3.861955519;-2.478077501;-0.539577282;-0.841936076;5.459962977
17:58:45.805497;0.545852727;-0.002971769;3.888523441;-2.406695989;-0.491952984;-0.870621767;5.455716427
17:58:45.816111;0.542631211;-0.062778617;3.909999393;-2.343624191;-0.442808087;-0.896616417;5.4517321
17:58:45.826326;0.561236233;0.31821466;3.93025189;-2.283778522;-0.392294495;-0.919839676;5.447810414
17:58:45.837247;0.561236233;0.254571728;3.949352062;-2.221500554;-0.340568344;-0.940219763;5.44352206
17:58:45.847500;0.561236233;0.203657382;3.964464246;-2.166437687;-0.287789515;-0.957693685;5.439405059
17:58:45.858516;0.558013563;0.103333391;3.977932374;-2.110016259;-0.234121146;-0.972207431;5.4348824
17:58:45.869115;0.558013563;0.082666713;3.989135621;-2.056265352;-0.179729121;-0.983716139;5.430432778
17:58:45.879353;0.550611897;-0.080927843;3.997478592;-2.007724207;-0.124781565;-0.992184237;5.426042289
17:58:45.889374;0.532198633;-0.421515217;4.003440083;-1.960468719;-0.069448315;-0.997585551;5.421655975
17:58:45.900345;0.510876525;-0.73736066;4.007342276;-1.913880257;-0.013900405;-0.999903385;5.416751932
17:58:45.910127;0.491472616;-0.97384593;4.009582623;-1.871124988;0.041690471;-0.999130574;5.412288618
17:58:45.920871;0.455547639;-1.445289431;4.010039944;-1.827422821;0.097152484;-0.995269509;5.40728674
17:58:45.931630;0.438681711;-1.471005695;4.010072232;-1.784418333;0.152314204;-0.988332122;5.402172291
17:58:45.942187;0.424015472;-1.448941364;4.009963659;-1.741305033;0.207005129;-0.978339857;5.397050085
17:58:45.953398;0.412566636;-1.376637648;4.009909494;-1.699141263;0.261056214;-0.9653236;5.391496835
17:58:45.963453;0.390627503;-1.524592483;4.009709018;-1.657775603;0.314300389;-0.949323583;5.386415534
17:58:45.974354;0.374907972;-1.520297;4.009578993;-1.615973138;0.366573079;-0.930389261;5.380798072
17:58:45.984990;0.358175732;-1.536422288;4.009524803;-1.574121157;0.417712713;-0.90857916;5.375207159
17:58:45.996636;0.362382396;-1.16062927;4.00944187;-1.524964594;0.467561221;-0.883960692;5.368959425
17:58:46.007315;0.329941315;-1.570988849;4.009419936;-1.484496614;0.515964524;-0.856609952;5.363113613
17:58:46.017687;0.311341451;-1.611559512;4.009369601;-1.442505524;0.56277301;-0.82661148;5.357327784
17:58:46.028260;0.306380203;-1.382755397;4.008865592;-1.400466496;0.607841997;-0.794058;5.351319177
17:58:46.038312;0.268218829;-1.845928522;4.008845731;-1.359123415;0.651032179;-0.759050131;5.345502101
17:58:46.048280;0.247613313;-1.875173395;4.008776113;-1.317727719;0.692210058;-0.721696082;5.33963209
17:58:46.059002;0.224927576;-1.918728216;4.008699445;-1.274352035;0.731248356;-0.682111312;5.333204161
17:58:46.069935;0.202265296;-1.968035564;4.008617737;-1.232476838;0.768026406;-0.640418175;5.326527066
17:58:46.081560;0.181835382;-1.925795092;4.008312709;-1.186166354;0.802430531;-0.596745542;5.319290172
17:58:46.091187;0.161196301;-1.949863051;4.007927078;-1.146121403;0.83435439;-0.551228403;5.313189089
17:58:46.102494;0.138505152;-1.979378923;4.007667487;-1.103021122;0.863699306;-0.504007448;5.305897213
17:58:46.113441;0.11376676;-2.030388023;4.007792356;-1.058523028;0.890374578;-0.455228636;5.298706563
17:58:46.123263;0.090071402;-2.094724712;4.008401552;-1.017533986;0.914297753;-0.405042737;5.292144264
17:58:46.134461;0.067199694;-2.11426849;4.009715408;-0.974396028;0.935394886;-0.353604875;5.284533871
17:58:46.144483;0.046586212;-2.080887098;4.011707787;-0.929947593;0.953600767;-0.30107404;5.277605397
17:58:46.156237;0.029123612;-1.964586017;4.014461183;-0.880454135;0.968859122;-0.247612603;5.269337094
17:58:46.166054;0.015591483;-1.839958136;4.017237316;-0.83716645;0.98112279;-0.193385809;5.262312514
17:58:46.176412;0.015591483;-1.471966509;4.01918361;-0.794681454;0.990353863;-0.138561271;5.25478254
17:58:46.186437;-0.022969042;-1.920832464;4.025611839;-0.746516148;0.996523809;-0.083308448;5.247378071
17:58:46.196622;-0.022969042;-1.536665971;4.031574827;-0.699879462;0.999613557;-0.027798124;5.239737057
17:58:46.208793;-0.048391895;-1.667987047;4.042530491;-0.642129413;0.999613557;0.027798124;5.230448329
17:58:46.218862;-0.060894354;-1.580671867;4.054387789;-0.589168819;0.996523809;0.083308448;5.22263352
17:58:46.228933;-0.071621645;-1.468801864;4.069175324;-0.531719944;0.990353863;0.138561271;5.214699857
17:58:46.239604;-0.081130439;-1.349974795;4.087415338;-0.469144849;0.98112279;0.193385809;5.206166426
17:58:46.249771;-0.090876917;-1.272654551;4.107565246;-0.407541971;0.968859122;0.247612603;5.197915243
17:58:46.259908;-0.095145843;-1.102941803;4.130190487;-0.34345754;0.953600767;0.30107404;5.189571899
17:58:46.270775;-0.115346504;-1.253515928;4.160672806;-0.267854146;0.935394886;0.353604875;5.180499462
17:58:46.281727;-0.119600207;-1.0814024;4.194357377;-0.188949978;0.914297753;0.405042737;5.171222791
17:58:46.292803;-0.128059299;-1.022771075;4.231963286;-0.10613271;0.890374578;0.455228636;5.161706081
17:58:46.303307;-0.134279185;-0.941508036;4.270755768;-0.024446921;0.863699306;0.504007448;5.152556388
17:58:46.313707;-0.140448241;-0.8656778;4.316474084;0.068370256;0.83435439;0.551228403;5.143378844
17:58:46.323409;-0.145963988;-0.801443379;4.361512161;0.157360244;0.802430531;0.596745542;5.13471179
17:58:46.333897;-0.144972355;-0.622297963;4.409569539;0.251541603;0.768026406;0.640418175;5.125228931
17:58:46.344875;-0.149187112;-0.575083977;4.461224928;0.351598149;0.731248356;0.682111312;5.115177526
17:58:46.355826;-0.150853082;-0.491648583;4.511754841;0.44946201;0.692210058;0.721696082;5.105023974
17:58:46.366450;-0.151820752;-0.41243321;4.560027775;0.54366172;0.651032179;0.759050131;5.095053506
17:58:46.376314;-0.151820752;-0.329946568;4.610068922;0.6428888;0.607841997;0.794058;5.085691233
17:58:46.387660;-0.146300204;-0.159000238;4.65665024;0.738213075;0.56277301;0.82661148;5.074798259
17:58:46.397361;-0.131122955;0.161688809;4.699153611;0.829870537;0.515964524;0.856609952;5.065380162
17:58:46.407507;-0.119148421;0.366490758;4.73649328;0.914858035;0.467561221;0.883960692;5.055427869
17:58:46.417592;-0.102972668;0.614369298;4.769794007;0.996038221;0.417712713;0.90857916;5.045432697
17:58:46.428694;-0.073087564;1.03914524;4.800393242;1.078864033;0.366573079;0.930389261;5.034312142
17:58:46.438402;-0.045564963;1.375946161;4.824292109;1.151402562;0.314300389;0.949323583;5.024487876
17:58:46.448551;-0.019050332;1.627231138;4.844182247;1.219987469;0.261056214;0.9653236;5.014118357
17:58:46.458559;0.009227883;1.863240651;4.860338218;1.285022888;0.207005129;0.978339857;5.00379463
17:58:46.469253;0.0403068;2.071540792;4.873647098;1.350407661;0.152314204;0.988332122;4.992656317
17:58:46.479693;0.070224514;2.230550581;4.883195917;1.410873053;0.097152484;0.995269509;4.981676884
17:58:46.490604;0.0958536;2.258599328;4.88989459;1.470399225;0.041690471;0.999130574;4.970091528
17:58:46.501701;0.111216463;2.097016852;4.893621326;1.525932285;-0.013900405;0.999903385;4.958193793
17:58:46.512220;0.133740305;2.094839537;4.894531501;1.579686018;-0.069448315;0.997585551;4.946809784
17:58:46.523141;0.182870329;2.576855988;4.892878788;1.631405646;-0.124781565;0.992184237;4.934882589
17:58:46.533788;0.182870329;2.061484791;4.888628421;1.680569156;-0.179729121;0.983716139;4.923149571
17:58:46.544539;0.234161526;2.603466985;4.88305847;1.727522651;-0.234121146;0.972207431;4.91119767
17:58:46.555200;0.261930819;2.611539616;4.876379614;1.772099211;-0.287789515;0.957693685;4.899243321
17:58:46.566160;0.289803805;2.613574058;4.868905188;1.81643013;-0.340568344;0.940219763;4.88684831
17:58:46.575962;0.31565319;2.59186093;4.861463835;1.85919392;-0.392294495;0.919839676;4.875673256
17:58:46.586896;0.335603379;2.450359515;4.853979705;1.903140431;-0.442808087;0.896616417;4.86310869
17:58:46.596760;0.336318445;1.974405252;4.846485254;1.944779444;-0.491952984;0.870621767;4.851684997
17:58:46.607408;0.410058608;2.975077358;4.843763227;1.993259522;-0.539577282;0.841936076;4.839259819
17:58:46.617552;0.434202125;2.854527577;4.843770011;2.042560976;-0.585533778;0.810648009;4.827333308
17:58:46.628013;0.461823178;2.803408007;4.847669643;2.097958459;-0.629680423;0.776854275;4.814943566
17:58:46.638576;0.509231158;3.145574153;4.85812966;2.159380666;-0.671880762;0.740659329;4.802340666
17:58:46.649625;0.509231158;2.516459322;4.871581301;2.224033825;-0.712004356;0.702175048;4.789059622
17:58:46.659563;0.531985251;2.453829519;4.890610436;2.293468038;-0.749927185;0.661520383;4.777029036
17:58:46.670902;0.555086593;2.394581936;4.917184553;2.372544316;-0.785532032;0.618820998;4.763205184
17:58:46.680639;0.574419272;2.286220988;4.949890126;2.456724709;-0.818708844;0.574208871;4.751252505
17:58:46.691221;0.590480054;2.130018568;4.990219722;2.550081269;-0.849355075;0.527821899;4.738177643
17:58:46.701611;0.608029267;2.052560281;5.035048003;2.645383214;-0.877375998;0.479803459;4.725254856
17:58:46.711828;0.624664584;1.972580641;5.086267123;2.747538636;-0.902685001;0.430301974;4.712465832
17:58:46.722792;0.639488177;1.870548046;5.143658515;2.856774489;-0.925203857;0.37947045;4.698652932
17:58:46.732458;0.65050599;1.71047491;5.206579527;2.972972731;-0.944862961;0.327466004;4.686399848
17:58:46.742883;0.658765319;1.53211637;5.27137985;3.090625847;-0.961601548;0.274449381;4.673106223
17:58:46.753030;0.662884033;1.303545804;5.340727535;-3.067069578;-0.97536788;0.220584449;4.660089797
17:58:46.762983;0.667026964;1.1218548;5.409527584;-2.941904629;-0.986119405;0.166037704;4.64724896
17:58:46.773995;0.664360239;0.84866864;5.478637166;-2.813311571;-0.993822892;0.110977746;4.632958251
17:58:46.784796;0.667589082;0.739211463;5.54360242;-2.689299764;-0.998454529;0.055574762;4.618857035
17:58:46.794949;0.667589082;0.591369171;5.60059739;-2.576169674;-1;1.22E-16;4.605526565
17:58:46.805956;0.642389816;0.007627594;5.652988511;-2.46284986;-1;-1.22E-16;0
17:58:46.816765;0.636902468;-0.100603477;5.697096318;-2.360369849;-0.999871546;-0.016027848;0
17:58:46.825887;0.629132411;-0.234285647;5.734596708;-2.265112935;-0.999486216;-0.032051578;0
17:58:46.836013;0.629132411;-0.187428517;5.767109591;-2.174634501;-0.99884411;-0.048067073;0
17:58:46.846714;0.613587992;-0.452736288;5.793846398;-2.088543606;-0.997945393;-0.06407022;0
17:58:46.857289;0.6080927;-0.470410909;5.815431517;-2.008005338;-0.996790295;-0.080056907;0
17:58:46.867141;0.603930888;-0.455123663;5.833317688;-1.928588862;-0.995379113;-0.096023026;0
17:58:46.877709;0.625559462;0.03656541;5.848700508;-1.850140502;-0.99371221;-0.111964476;0
17:58:46.888475;0.621391073;-0.048319929;5.859762662;-1.776158896;-0.991790014;-0.127877162;0
17:58:46.899228;0.624268244;0.018456239;5.867000923;-1.709841577;-0.989613019;-0.143756995;0
17:58:46.909300;0.621422917;-0.04035817;5.871439546;-1.644809512;-0.987181783;-0.159599895;0
17:58:46.919262;0.624326014;0.024172946;5.87321864;-1.582638198;-0.984496933;-0.175401793;0
17:58:46.930203;0.63111575;0.14650036;5.872359648;-1.520779954;-0.981559157;-0.191158629;0
17:58:46.942069;0.647617914;0.397219334;5.867998637;-1.455948938;-0.97836921;-0.206866354;0
17:58:46.953449;0.653521561;0.42379143;5.86054751;-1.398085104;-0.974927912;-0.222520934;0
17:58:46.963395;0.65674131;0.402953405;5.850985059;-1.34865279;-0.971236147;-0.238118346;0
17:58:46.973053;0.651256922;0.213475193;5.838990745;-1.301765445;-0.967294863;-0.253654584;0
17:58:46.983102;0.650279652;0.151429067;5.824335857;-1.257515839;-0.963105073;-0.269125656;0
17:58:46.994002;0.625948911;-0.325728027;5.806860454;-1.211660214;-0.958667853;-0.284527587;0
17:58:47.004406;0.611035738;-0.543768165;5.787918568;-1.169538983;-0.953984343;-0.29985642;0
17:58:47.016535;0.611035738;-0.435014532;5.766001504;-1.130155735;-0.949055747;-0.315108218;0
17:58:47.027489;0.58292057;-0.900768168;5.744399358;-1.093209828;-0.94388333;-0.330279062;0
17:58:47.035318;0.58292057;-0.720614535;5.720624456;-1.058959761;-0.938468422;-0.345365054;0
17:58:47.046327;0.582577593;-0.583104084;5.694232308;-1.026143268;-0.932812413;-0.36036232;0
17:58:47.056365;0.593212245;-0.259714698;5.665524321;-0.996423852;-0.926916757;-0.375267005;0
17:58:47.067362;0.595193762;-0.168519512;5.636073581;-0.968821584;-0.920782969;-0.390075281;0
17:58:47.076530;0.595184306;-0.135002914;5.606023034;-0.942114185;-0.914412623;-0.404783343;0
17:58:47.086585;0.589704808;-0.216409341;5.576340335;-0.915275048;-0.907807357;-0.419387413;0
17:58:47.097228;0.581957331;-0.316562324;5.545806298;-0.885734588;-0.900968868;-0.433883739;0
17:58:47.109443;0.573584571;-0.409695002;5.517302882;-0.855030492;-0.893898912;-0.448268597;0
17:58:47.119078;0.560999103;-0.569906964;5.49216707;-0.822947206;-0.886599306;-0.46253829;0
17:58:47.129713;0.547413677;-0.703477124;5.468800564;-0.786162399;-0.879071926;-0.476689154;0
17:58:47.140178;0.531530367;-0.876611296;5.450689747;-0.749009684;-0.871318704;-0.490717552;0
17:58:47.150204;0.527584858;-0.775961121;5.434141306;-0.708046858;-0.863341633;-0.504619881;0
17:58:47.161086;0.524341194;-0.684850953;5.420702395;-0.666543166;-0.855142763;-0.518392568;0
17:58:47.170883;0.532762812;-0.393190409;5.407569058;-0.620727933;-0.846724199;-0.532032077;0
17:58:47.181600;0.530504178;-0.356657762;5.397697442;-0.572640099;-0.838088105;-0.545534901;0
17:58:47.191889;0.526275162;-0.369239177;5.391623183;-0.524340908;-0.829236699;-0.558897573;0
17:58:47.202638;0.515542927;-0.493545172;5.389612824;-0.467961597;-0.820172255;-0.57211666;0
17:58:47.213543;0.514570769;-0.414070091;5.390622857;-0.412466353;-0.810897101;-0.585188765;0
17:58:47.223450;0.473800972;-1.10922814;5.400579823;-0.345960033;-0.801413622;-0.59811053;0
17:58:47.235797;0.469592384;-0.953686708;5.416675076;-0.26120701;-0.791724252;-0.610878636;0
17:58:47.247343;0.437156387;-1.370884456;5.43789064;-0.182079172;-0.781831482;-0.623489802;0
17:58:47.257762;0.43489931;-1.140006167;5.460506103;-0.102653456;-0.771737853;-0.635940788;0
17:58:47.267711;0.43489931;-0.912004933;5.484175651;-0.021886855;-0.761445958;-0.648228395;0
17:58:47.277384;0.429710746;-0.83246442;5.508345511;0.057732186;-0.750958441;-0.660349467;0
17:58:47.288114;0.376629226;-1.674252112;5.542007983;0.149571033;-0.740277997;-0.67230089;0
17:58:47.298060;0.361103355;-1.646662963;5.575159182;0.238898884;-0.729407369;-0.684079593;0
17:58:47.309210;0.351657325;-1.503966912;5.607395808;0.327734961;-0.71834935;-0.695682551;0
17:58:47.320814;0.341153952;-1.395686916;5.640275835;0.421985177;-0.707106781;-0.707106781;0
17:58:47.331481;0.331789572;-1.276061208;5.672168793;0.520295205;-0.695682551;-0.71834935;0
17:58:47.341980;0.324748682;-1.157662331;5.696208913;0.602845087;-0.684079593;-0.729407369;0
17:58:47.352238;0.316288605;-1.085965235;5.716946712;0.683997416;-0.67230089;-0.740277997;0
17:58:47.362006;0.312193314;-0.949592411;5.732259026;0.75732889;-0.660349467;-0.750958441;0
17:58:47.372727;0.300875776;-0.968017911;5.744659585;0.832078794;-0.648228395;-0.761445958;0
17:58:47.383665;0.290496697;-0.968403635;5.752714592;0.901653259;-0.635940788;-0.771737853;0
17:58:47.394793;0.283263735;-0.908155252;5.756604378;0.967935954;-0.623489802;-0.781831482;0
17:58:47.404966;0.278129689;-0.82356281;5.75653879;1.028786771;-0.610878636;-0.791724252;0
17:58:47.415675;0.264699494;-0.906895658;5.753858563;1.088431795;-0.59811053;-0.801413622;0
17:58:47.426410;0.256471088;-0.88708002;5.749027729;1.142187153;-0.585188765;-0.810897101;0
17:58:47.437537;0.244072705;-0.946976208;5.742646516;1.195845995;-0.57211666;-0.820172255;0
17:58:47.446461;0.244072705;-0.757580966;5.734938228;1.24606822;-0.558897573;-0.829236699;0
17:58:47.456909;0.239914435;-0.686138508;5.726398838;1.297048553;-0.545534901;-0.838088105;0
17:58:47.467650;0.235795497;-0.62585021;5.717656936;1.349572002;-0.532032077;-0.846724199;0
17:58:47.478287;0.233693705;-0.539919539;5.709621688;1.402744193;-0.518392568;-0.855142763;0
17:58:47.489192;0.231590824;-0.47079404;5.702983943;1.457865844;-0.504619881;-0.863341633;0
17:58:47.499412;0.22845649;-0.438708473;5.698804529;1.511256904;-0.490717552;-0.871318704;0
17:58:47.510526;0.223303736;-0.445751014;5.697162759;1.571564067;-0.476689154;-0.879071926;0
17:58:47.521476;0.2171193;-0.470300552;5.699110399;1.635495556;-0.46253829;-0.886599306;0
17:58:47.531748;0.213937468;-0.43851247;5.704778701;1.699429377;-0.448268597;-0.893898912;0
17:58:47.541693;0.208782874;-0.448532992;5.714992734;1.769875033;-0.433883739;-0.900968868;0
17:58:47.552211;0.203529373;-0.458699803;5.72994714;1.845027167;-0.419387413;-0.907807357;0
17:58:47.562887;0.198600888;-0.458629483;5.750352232;1.927149492;-0.404783343;-0.914412623;0
17:58:47.573311;0.193395328;-0.466651845;5.774978696;2.01191886;-0.390075281;-0.920782969;0
17:58:47.583977;0.188143022;-0.473603218;5.803938669;2.101520205;-0.375267005;-0.926916757;0
17:58:47.594941;0.184205574;-0.452670109;5.836904149;2.196600636;-0.36036232;-0.932812413;0
17:58:47.604930;0.177974146;-0.485572903;5.869526501;2.288319231;-0.345365054;-0.938468422;0
17:58:47.615311;0.161395523;-0.71064359;5.900669245;2.380028525;-0.330279062;-0.94388333;0
17:58:47.625105;0.153448507;-0.723813029;5.928271951;2.468165884;-0.315108218;-0.949055747;0
17:58:47.635323;0.152180495;-0.604235595;5.950924508;2.550631719;-0.29985642;-0.953984343;0
17:58:47.646540;0.13981281;-0.716705034;5.965868445;2.628751234;-0.284527587;-0.958667853;0
17:58:47.656427;0.135746372;-0.654121882;5.971577889;2.694576627;-0.269125656;-0.963105073;0
17:58:47.665896;0.132469852;-0.588159038;5.968337411;2.751658557;-0.253654584;-0.967294863;0
17:58:47.677028;0.130501037;-0.507083783;5.955056018;2.802601276;-0.238118346;-0.971236147;0
17:58:47.687050;0.12923825;-0.430516361;5.933626569;2.841594322;-0.222520934;-0.974927912;0
17:58:47.697227;0.12923825;-0.344413089;5.904441511;2.872420273;-0.206866354;-0.97836921;0
17:58:47.708560;0.12915424;-0.277088792;5.865613907;2.897052624;-0.191158629;-0.981559157;0
17:58:47.718287;0.128169355;-0.240752257;5.821592582;2.913360507;-0.175401793;-0.984496933;0
17:58:47.729019;0.127097951;-0.212532295;5.769539352;2.923622843;-0.159599895;-0.987181783;0
17:58:47.739644;0.12504237;-0.210853813;5.715674502;2.927586492;-0.143756995;-0.989613019;0
17:58:47.749074;0.12401485;-0.188857904;5.657122673;2.926960093;1;0;0
17:58:47.760437;0.121960365;-0.188926274;5.590796295;2.921706129;1;0;0
17:58:47.770430;0.120933403;-0.17085952;5.524349143;2.913149842;1;0;0
17:58:47.781561;0.118921745;-0.176566837;5.457807256;2.902007269;1;0;0
17:58:47.790814;0.118921745;-0.14125347;5.39005433;2.889028292;1;0;0
17:58:47.801265;0.116909735;-0.152522798;5.320741816;2.87424592;1;0;0
17:58:47.811415;0.116909735;-0.122018238;5.251007531;2.858647146;1;0;0
17:58:47.821226;0.112845195;-0.178127327;5.181955302;2.842263157;1;0;0
17:58:47.832666;0.112845195;-0.142501862;5.11086494;2.825514164;1;0;0
17:58:47.842408;0.112845195;-0.114001489;5.041003726;2.809554655;1;0;0
17:58:47.853012;0.105394659;-0.232691358;4.972202639;2.793478664;1;0;0
17:58:47.864784;0.105394659;-0.186153087;4.903009674;2.778587449;1;0;0
17:58:47.875410;0.105394659;-0.148922469;4.840911517;2.76662092;1;0;0
17:58:47.885105;0.101189405;-0.20222865;4.781558934;2.755965831;1;0;0
17:58:47.895230;0.100203788;-0.180260442;4.721633283;2.746728982;1;0;0
17:58:47.905938;0.100313037;-0.142186002;4.66383876;2.739633055;1;0;0
17:58:47.916071;0.101336708;-0.093595278;4.612157944;2.73506651;1;0;0
17:58:47.927071;0.102360601;-0.056163693;4.559101128;2.732189908;1;0;0
17:58:47.938148;0.103384713;-0.026022439;4.50894757;2.731148404;1;0;0
17:58:47.948101;0.106458343;0.040236149;4.46457815;2.731952991;1;0;0
17:58:47.958751;0.102241211;-0.045642246;4.417376626;2.732875303;1;0;0
17:58:47.970753;0.101216454;-0.055072165;4.370433876;2.734455953;1;0;0
17:58:47.979883;0.101216454;-0.044057732;4.328366729;2.736499854;1;0;0
17:58:47.991070;0.10019191;-0.053985556;4.28373274;2.738950261;1;0;0
17:58:48.001735;0.098143469;-0.08367995;4.242793355;2.741145447;1;0;0
17:58:48.011771;0.096095905;-0.104857701;4.199422183;2.74336646;1;0;0
17:58:48.022369;0.094049235;-0.122007073;4.156652261;2.745458674;1;0;0
17:58:48.032837;0.091016083;-0.155310227;4.114937475;2.747221492;1;0;0
17:58:48.043544;0.089993549;-0.144510987;4.075490245;2.749105392;1;0;0
17:58:48.053592;0.087983328;-0.155026863;4.036087849;2.751069185;1;0;0
17:58:48.063629;0.086961264;-0.143601871;3.996548341;2.753457801;1;0;0
17:58:48.075449;0.086961264;-0.114881497;3.955815347;2.756752405;1;0;0
17:58:48.085555;0.086961264;-0.091905198;3.918912844;2.760631392;1;0;0
17:58:48.096059;0.084718695;-0.115022318;3.881245814;2.765115301;1;0;0
17:58:48.105995;0.083730102;-0.11154521;3.847072653;2.770066475;1;0;0
17:58:48.116100;0.083730102;-0.089236168;3.814308913;2.775970863;1;0;0
17:58:48.126855;0.083730102;-0.071388934;3.781165569;2.783264066;1;0;0
17:58:48.136798;0.083730102;-0.057111147;3.751045708;2.791187813;1;0;0
17:58:48.147421;0.083730102;-0.045688918;3.721477103;2.800292313;1;0;0
17:58:48.157252;0.082708276;-0.056760617;3.693593487;2.809899572;1;0;0
17:58:48.168360;0.08168669;-0.06559726;3.666624589;2.820173695;1;0;0
17:58:48.178342;0.080665345;-0.071312751;3.638696433;2.831858314;1;0;0
17:58:48.188360;0.080665345;-0.057050201;3.613784273;2.843463394;1;0;0
17:58:48.199289;0.079644245;-0.064325623;3.587519196;2.856550211;1;0;0
17:58:48.209932;0.078623391;-0.070468549;3.562397337;2.869827217;1;0;0
17:58:48.221822;0.078623391;-0.056374839;3.538028674;2.883671535;1;0;0
17:58:48.232524;0.077602785;-0.06377044;3.513762362;2.897952445;1;0;0
17:58:48.242324;0.074372895;-0.111837783;3.490102202;2.911485389;1;0;0
17:58:48.253026;0.074372895;-0.089470226;3.467129997;2.925269544;1;0;0
17:58:48.263619;0.072332435;-0.111359528;3.444865703;2.938455998;1;0;0
17:58:48.273736;0.071083118;-0.11346112;3.422783369;2.951574932;1;0;0
17:58:48.286602;0.069937522;-0.10909812;3.396100388;2.967510092;1;0;0
17:58:48.297177;0.063740158;-0.203385287;3.37239242;2.979929465;1;0;0
17:58:48.308716;0.063671169;-0.164030404;3.349666818;2.992278336;1;0;0
17:58:48.317904;0.061687542;-0.167409827;3.325808145;3.005012992;1;0;0
17:58:48.329023;0.060447033;-0.157384758;3.302988897;3.017249489;1;0;0
17:58:48.338916;0.058462294;-0.16532095;3.281285624;3.028702442;1;0;0
17:58:48.349439;0.05744219;-0.151145332;3.258291597;3.041025831;1;0;0
17:58:48.359587;0.056204396;-0.145443428;3.237040526;3.052553845;1;0;0
17:58:48.372106;0.056204396;-0.116354742;3.211370803;3.067260606;1;0;0
17:58:48.383528;0.054218588;-0.130092736;3.189549508;3.079784519;1;0;0
17:58:48.393425;0.050970504;-0.166159327;3.168154299;3.091650102;1;0;0
17:58:48.404058;0.049976848;-0.152584272;3.147872633;3.103295594;1;0;0
17:58:48.413740;0.049976848;-0.122067418;3.127654006;3.11566254;1;0;0
17:58:48.424489;0.049764405;-0.101614128;3.107345371;3.128800786;1;0;0
17:58:48.435497;0.04877073;-0.099854945;3.087461412;-3.141109461;1;0;0
17:58:48.445354;0.04877073;-0.079883956;3.069192241;-3.128230104;1;0;0
17:58:48.456042;0.045552928;-0.12375509;3.049565595;-3.11495894;1;0;0
17:58:48.468409;0.044558315;-0.117256085;3.02997413;-3.101421416;1;0;0
17:58:48.478593;0.045552928;-0.076770303;3.009725336;-3.08640607;1;0;0
17:58:48.489553;0.045552928;-0.061416242;2.99187319;-3.072801543;1;0;0
17:58:48.500572;0.044558315;-0.066996583;2.972913555;-3.058550484;1;0;0
17:58:48.510434;0.043563238;-0.073188119;2.955543013;-3.04580875;1;0;0
17:58:48.520974;0.043587804;-0.05807544;2.93791604;-3.032959645;1;0;0
17:58:48.531029;0.042362056;-0.070796104;2.920455709;-3.020912361;1;0;0
17:58:48.541760;0.041366539;-0.075148838;2.901479777;-3.008579555;1;0;0
17:58:48.552749;0.041366539;-0.06011907;2.882447411;-2.996746127;1;0;0
17:58:48.565448;0.040370567;-0.0678189;2.863959389;-2.98621665;1;0;0
17:58:48.574823;0.040370567;-0.05425512;2.843428031;-2.975335717;1;0;0
17:58:48.584194;0.039374142;-0.062496251;2.823298706;-2.965889819;1;0;0
17:58:48.594052;0.039374142;-0.049997001;2.803304084;-2.957408431;1;0;0
17:58:48.604248;0.039374142;-0.039997601;2.782840146;-2.949686464;1;0;0
17:58:48.615204;0.03815173;-0.054560967;2.759956222;-2.942540027;1;0;0
17:58:48.625999;0.03815173;-0.043648774;2.73635451;-2.936344805;1;0;0
17:58:48.635959;0.039172086;-0.014659325;2.713954857;-2.931294028;1;0;0
17:58:48.645977;0.038175702;-0.031460252;2.690600497;-2.927358125;1;0;0
17:58:48.657726;0.03717887;-0.043461857;2.664399138;-2.924379055;1;0;0
17:58:48.667782;0.036181593;-0.054542109;2.639228901;-2.922798666;1;0;0
17:58:48.677901;0.03496256;-0.067769349;2.613102146;-2.922396628;1;0;0
17:58:48.688207;0.035983166;-0.035955015;2.583637708;-2.922814892;1;0;0
17:58:48.699469;0.035107341;-0.045020059;2.554275171;-2.924495297;1;0;0
17:58:48.709290;0.034109685;-0.055749157;2.52586661;-2.927219438;1;0;0
17:58:48.719994;0.03413142;-0.044191095;2.495305567;-2.931046842;1;0;0
17:58:48.730714;0.03413142;-0.035352876;2.463030285;-2.936020684;1;0;0
17:58:48.741429;0.03393588;-0.032002657;2.431583128;-2.941741564;1;0;0
17:58:48.752089;0.03393588;-0.025602126;2.398969003;-2.948472918;1;0;0
17:58:48.762330;0.034956196;-0.000301821;2.367915659;-2.955423998;1;0;0
17:58:48.772672;0.034978741;0.000206216;2.336557146;-2.96309081;1;0;0
17:58:48.782763;0.034978741;0.000164973;2.304344527;-2.971590573;1;0;0
17:58:48.793338;0.035999537;0.020143042;2.272032585;-2.980557383;1;0;0
17:58:48.803430;0.035999537;0.016114434;2.237673183;-2.990699157;1;0;0
17:58:48.814705;0.035999537;0.012891547;2.202841932;-3.001562476;1;0;0
17:58:48.825663;0.035001093;-0.008483092;2.16813076;-3.013055278;1;0;0
17:58:48.836395;0.037043396;0.030755079;2.132848089;-3.02493998;1;0;0
17:58:48.846239;0.038064898;0.044049123;2.098843535;-3.036714194;1;0;0
17:58:48.857269;0.038064898;0.035239298;2.063957758;-3.049231929;1;0;0
17:58:48.867672;0.039198529;0.050640498;2.031346367;-3.06116285;1;0;0
17:58:48.878037;0.040241743;0.059793553;1.996601475;-3.07411436;1;0;0
17:58:48.888443;0.042284727;0.087503482;1.963941078;-3.086377463;1;0;0
17:58:48.899407;0.043306551;0.088657164;1.929436414;-3.099555557;1;0;0
17:58:48.909886;0.044328592;0.089913783;1.895792355;-3.112610186;1;0;0
17:58:48.920216;0.045350849;0.092105695;1.864392531;-3.124957093;1;0;0
17:58:48.931031;0.046373319;0.093900309;1.833342572;-3.137304757;1;0;0
17:58:48.941006;0.046373319;0.075120247;1.800115523;3.132396195;1;0;0
17:58:48.951657;0.046373319;0.060096198;1.767404143;3.118873537;1;0;0
17:58:48.962616;0.046373319;0.048076958;1.734641487;3.105107412;1;0;0
17:58:48.973168;0.048394875;0.07622431;1.702983501;3.091851885;1;0;0
17:58:48.984113;0.048394875;0.060979448;1.671844054;3.078623954;1;0;0
17:58:48.994891;0.048394875;0.048783558;1.640005717;3.064924301;1;0;0
17:58:49.006184;0.048497261;0.040925547;1.609007136;3.051445364;1;0;0
17:58:49.016835;0.048497261;0.032740438;1.578584102;3.038084484;1;0;0
17:58:49.027458;0.050541182;0.065066776;1.549471298;3.025417942;1;0;0
17:58:49.037626;0.050541182;0.052053421;1.520943391;3.012891926;1;0;0
17:58:49.047712;0.050541182;0.041642737;1.492619016;3.000355743;1;0;0
17:58:49.058627;0.051563451;0.052484721;1.464380157;2.987884759;1;0;0
17:58:49.068567;0.051563451;0.041987777;1.43800097;2.976155491;1;0;0
17:58:49.079145;0.052585923;0.052628195;1.410532228;2.963985012;1;0;0
17:58:49.090293;0.053608596;0.061187634;1.383725332;2.952150789;1;0;0
17:58:49.100384;0.054631467;0.068589849;1.35823833;2.940944102;1;0;0
17:58:49.111726;0.055654535;0.073889934;1.332490205;2.929670309;1;0;0
17:58:49.122157;0.05344351;0.019122165;1.305952228;2.917719794;1;0;0
17:58:49.132580;0.055490227;0.055491499;1.282306098;2.907253105;1;0;0
17:58:49.143482;0.055490227;0.044393199;1.259140712;2.89695605;1;0;0
17:58:49.153498;0.055490227;0.035514559;1.23474246;2.886071692;1;0;0
17:58:49.163548;0.056513872;0.048686099;1.212575635;2.876260942;1;0;0
17:58:49.174351;0.057537705;0.058361979;1.189988428;2.866344376;1;0;0
17:58:49.184375;0.057537705;0.046689583;1.168754216;2.856988681;1;0;0
17:58:49.194559;0.058651467;0.059386453;1.147985129;2.847929429;1;0;0
17:58:49.205737;0.058651467;0.047509163;1.1272828;2.838869102;1;0;0
17:58:49.215211;0.05967463;0.057795191;1.106893622;2.830031819;1;0;0
17:58:49.225602;0.060672979;0.0655959;1.087067404;2.821519225;1;0;0
17:58:49.237708;0.061885654;0.074740614;1.066697008;2.812879725;1;0;0
17:58:49.246997;0.061885654;0.059792491;1.046562937;2.804302234;1;0;0
17:58:49.260349;0.062908999;0.064131609;1.024080973;2.79482164;1;0;0
17:58:49.269868;0.062908999;0.051305287;1.006296772;2.787290199;1;0;0
17:58:49.279769;0.062908999;0.04104423;0.98872994;2.779828011;1;0;0
17:58:49.290631;0.064930967;0.070044116;0.970587993;2.772332991;1;0;0
17:58:49.301950;0.064930967;0.056035293;0.952700104;2.764908981;1;0;0
17:58:49.313469;0.065954668;0.064472452;0.936025556;2.758076765;1;0;0
17:58:49.323092;0.065954668;0.051577962;0.919483255;2.751269746;1;0;0
17:58:49.332757;0.065954668;0.04126237;0.903541243;2.744686856;1;0;0
17:58:49.343359;0.065954668;0.033009896;0.888029308;2.738263859;1;0;0
17:58:49.353265;0.065954668;0.026407917;0.872335686;2.731751496;1;0;0
17:58:49.363264;0.065954668;0.021126333;0.857395649;2.725541809;1;0;0
17:58:49.373735;0.065954668;0.016901067;0.842739764;2.719443548;1;0;0
17:58:49.383485;0.066952681;0.033336731;0.828499869;2.713620548;1;0;0
17:58:49.394140;0.066952681;0.026669385;0.814430732;2.707858568;1;0;0
17:58:49.404179;0.066952681;0.021335508;0.800075393;2.701973165;1;0;0
17:58:49.416148;0.066952681;0.017068406;0.785760842;2.696100974;1;0;0
17:58:49.425983;0.066952681;0.013654725;0.772285693;2.690572306;1;0;0
17:58:49.436296;0.066952681;0.01092378;0.758124293;2.684763629;1;0;0
17:58:49.446369;0.066952681;0.008739024;0.745205188;2.67946793;1;0;0
17:58:49.457281;0.066952681;0.006991219;0.731123302;2.673701501;1;0;0
17:58:49.468073;0.065954668;-0.014228735;0.718595276;2.668472532;1;0;0
17:58:49.477885;0.065954668;-0.011382988;0.706304497;2.663357119;1;0;0
17:58:49.488744;0.065954668;-0.009106391;0.694249619;2.658354982;1;0;0
17:58:49.498770;0.065954668;-0.007285112;0.682260636;2.6533961;1;0;0
17:58:49.508189;0.066978544;0.013825248;0.670460038;2.648642551;1;0;0
17:58:49.518883;0.066978544;0.011060198;0.659246181;2.644135098;1;0;0
17:58:49.529840;0.066978544;0.008848159;0.646777139;2.639135775;1;0;0
17:58:49.540714;0.068002593;0.025472839;0.635087766;2.6345826;1;0;0
17:58:49.551262;0.068002593;0.020378271;0.624526455;2.630474244;1;0;0
17:58:49.562117;0.068002593;0.016302617;0.61327797;2.626105848;1;0;0
17:58:49.572581;0.070024826;0.051833488;0.603291125;2.622460963;1;0;0
17:58:49.582579;0.070024826;0.041466791;0.593760835;2.618976535;1;0;0
17:58:49.593481;0.070024826;0.033173432;0.583701867;2.615294327;1;0;0
17:58:49.605310;0.071049214;0.045604159;0.574076751;2.611889851;1;0;0
17:58:49.614926;0.071049214;0.036483327;0.565141755;2.608721201;1;0;0
17:58:49.625037;0.071049214;0.029186662;0.555873399;2.605427969;1;0;0
17:58:49.636349;0.071049214;0.023349329;0.547141245;2.602321112;1;0;0
17:58:49.645244;0.071049214;0.018679463;0.53861112;2.599283833;1;0;0
17:58:49.656603;0.072073769;0.034918634;0.530278136;2.596433265;1;0;0
17:58:49.665791;0.072073769;0.027934908;0.522166431;2.593651455;1;0;0
17:58:49.675880;0.072073769;0.022347926;0.514185492;2.590909461;1;0;0
17:58:49.687434;0.072073769;0.017878341;0.505768462;2.588013946;1;0;0
17:58:49.697561;0.072073769;0.014302673;0.497584252;2.585196516;1;0;0
17:58:49.707797;0.072073769;0.011442138;0.489980575;2.58257854;1;0;0
17:58:49.717674;0.072073769;0.009153711;0.482477412;2.579996009;1;0;0
17:58:49.728149;0.072073769;0.007322968;0.47512889;2.577468614;1;0;0
17:58:49.739175;0.072073769;0.005858375;0.467510475;2.574851514;1;0;0
17:58:49.748834;0.072073769;0.0046867;0.460196786;2.572343135;1;0;0
17:58:49.759372;0.072073769;0.00374936;0.453067624;2.569902819;1;0;0
17:58:49.769394;0.073177645;0.024330862;0.446196576;2.567685281;1;0;0
17:58:49.779525;0.073177645;0.01946469;0.439587311;2.565550434;1;0;0
17:58:49.789298;0.072179632;-0.004197569;0.432907743;2.563275381;1;0;0
17:58:49.800047;0.072179632;-0.003358055;0.425973105;2.560921436;1;0;0
17:58:49.810133;0.072179632;-0.002686444;0.419521036;2.558739297;1;0;0
17:58:49.821129;0.072179632;-0.002149155;0.412842662;2.556489447;1;0;0
17:58:49.831625;0.072179632;-0.001719324;0.406383836;2.554322769;1;0;0
17:58:49.841957;0.072179632;-0.001375459;0.400262195;2.55227816;1;0;0
17:58:49.852146;0.072179632;-0.001100368;0.393975561;2.550188113;1;0;0
17:58:49.862945;0.072179632;-0.000880294;0.387607132;2.548081482;1;0;0
17:58:49.872952;0.072179632;-0.000704235;0.381833328;2.546181309;1;0;0
17:58:49.883848;0.072179632;-0.000563388;0.375736344;2.544185403;1;0;0
17:58:49.894761;0.072179632;-0.000450711;0.369780974;2.542246934;1;0;0
17:58:49.905806;0.072179632;-0.000360568;0.364289807;2.540469734;1;0;0
17:58:49.914987;0.072179632;-0.000288455;0.358899434;2.538735073;1;0;0
17:58:49.926035;0.07422747;0.040309436;0.353955866;2.537392352;1;0;0
17:58:49.936282;0.07422747;0.032247549;0.349038992;2.536052396;1;0;0
17:58:49.945348;0.07422747;0.025798039;0.344237589;2.534740597;1;0;0
17:58:49.955330;0.07422747;0.020638431;0.339474323;2.533436919;1;0;0
17:58:49.966331;0.07422747;0.016510745;0.33445528;2.532061737;1;0;0
17:58:49.976440;0.07422747;0.013208596;0.32975246;2.530772675;1;0;0
17:58:49.986574;0.075251626;0.030860019;0.325373168;2.529699636;1;0;0
17:58:49.996620;0.075251626;0.024688016;0.321045761;2.528632483;1;0;0
17:58:50.006879;0.075251626;0.019750412;0.31677664;2.52757412;1;0;0
17:58:50.017137;0.075251626;0.01580033;0.312463508;2.526500239;1;0;0
17:58:50.027202;0.075251626;0.012640264;0.308298498;2.52545976;1;0;0
17:58:50.039170;0.075251626;0.010112211;0.303748106;2.524320113;1;0;0
17:58:50.048552;0.075251626;0.008089769;0.299596183;2.523278502;1;0;0
17:58:50.059744;0.076275938;0.025237292;0.295447619;2.522377939;1;0;0
17:58:50.070046;0.076275938;0.020189833;0.291416657;2.521493635;1;0;0
17:58:50.080787;0.076275938;0.016151867;0.287394975;2.520603583;1;0;0
17:58:50.090989;0.076275938;0.012921493;0.283672984;2.519774003;1;0;0
17:58:50.101820;0.076275938;0.010337195;0.279806877;2.518907363;1;0;0
17:58:50.112264;0.076275938;0.008269756;0.276192187;2.518093392;1;0;0
17:58:50.122239;0.075277494;-0.012672885;0.272349659;2.517090239;1;0;0
17:58:50.132290;0.075277494;-0.010138308;0.268661143;2.516132804;1;0;0
17:58:50.143193;0.075277494;-0.008110646;0.265008955;2.515190448;1;0;0
17:58:50.153833;0.075277494;-0.006488517;0.261028137;2.514170077;1;0;0
17:58:50.164554;0.075277494;-0.005190814;0.257398679;2.513246272;1;0;0
17:58:50.175655;0.075277494;-0.004152651;0.253799493;2.51233662;1;0;0
17:58:50.184614;0.075277494;-0.003322121;0.250410604;2.511486265;1;0;0
17:58:50.195379;0.075277494;-0.002657697;0.246867215;2.510603803;1;0;0
17:58:50.205961;0.075277494;-0.002126157;0.243373304;2.509740617;1;0;0
17:58:50.216219;0.075062741;-0.005942947;0.240094628;2.508909457;1;0;0
17:58:50.227247;0.075062741;-0.004754357;0.236629451;2.508039678;1;0;0
17:58:50.238827;0.076087207;0.013645642;0.2331616;2.507329994;1;0;0
17:58:50.249153;0.076087207;0.010916513;0.230200524;2.506724089;1;0;0
17:58:50.259784;0.076087207;0.008733211;0.227317872;2.506134753;1;0;0
17:58:50.270495;0.076087207;0.006986568;0.224286591;2.50551604;1;0;0
17:58:50.280624;0.076087207;0.005589255;0.221247922;2.504897315;1;0;0
17:58:50.291419;0.076087207;0.004471404;0.218264987;2.504291834;1;0;0
17:58:50.302501;0.076087207;0.003577123;0.21532378;2.503697075;1;0;0
17:58:50.313808;0.076087207;0.002861698;0.212478106;2.503124134;1;0;0
17:58:50.322946;0.076087207;0.002289359;0.209820713;2.502591634;1;0;0
17:58:50.333946;0.076087207;0.001831487;0.20703084;2.502035533;1;0;0
17:58:50.343918;0.076087207;0.00146519;0.204421702;2.501518464;1;0;0
17:58:50.355373;0.075089284;-0.01864951;0.201706558;2.500847933;1;0;0
17:58:50.367197;0.075089284;-0.014919608;0.1986598;2.500107991;1;0;0
17:58:50.376769;0.075089284;-0.011935687;0.195906334;2.499450678;1;0;0
17:58:50.387364;0.075089284;-0.009548549;0.193205709;2.498816532;1;0;0
17:58:50.396650;0.075089284;-0.007638839;0.190678693;2.498232653;1;0;0
17:58:50.407240;0.075089284;-0.006111072;0.188085822;2.497643142;1;0;0
17:58:50.417837;0.075089284;-0.004888857;0.185661289;2.497100721;1;0;0
17:58:50.428022;0.075089284;-0.003911086;0.183200549;2.496558948;1;0;0
17:58:50.438939;0.075089284;-0.003128869;0.180853062;2.496050357;1;0;0
17:58:50.449798;0.075089284;-0.002503095;0.178552655;2.495559813;1;0;0
17:58:50.459339;0.075089284;-0.002002476;0.176292171;2.495085381;1;0;0
17:58:50.468909;0.075089284;-0.001601981;0.173972173;2.494606324;1;0;0
17:58:50.479363;0.074090935;-0.020693824;0.17156986;2.493981049;1;0;0
17:58:50.489775;0.074090935;-0.016555059;0.169186243;2.493374897;1;0;0
17:58:50.499646;0.074090935;-0.013244047;0.166933175;2.492814978;1;0;0
17:58:50.509528;0.074090935;-0.010595238;0.164714949;2.492276064;1;0;0
17:58:50.520511;0.07306647;-0.027243935;0.162188168;2.491533671;1;0;0
17:58:50.530452;0.07306647;-0.021795148;0.159914953;2.490883485;1;0;0
17:58:50.540677;0.07306647;-0.017436118;0.157697063;2.490265322;1;0;0
17:58:50.552272;0.07306647;-0.013948895;0.155368;2.489633414;1;0;0
17:58:50.562564;0.07306647;-0.011159116;0.153247961;2.489073574;1;0;0
17:58:50.572688;0.073092162;-0.008428495;0.151141775;2.488535186;1;0;0
17:58:50.582513;0.072067696;-0.025786472;0.148809479;2.487816436;1;0;0
17:58:50.593025;0.072067696;-0.020629178;0.146671312;2.487176293;1;0;0
17:58:50.602815;0.072067696;-0.016503342;0.144588645;2.486570133;1;0;0
17:58:50.613438;0.072067696;-0.013202674;0.142490991;2.485977003;1;0;0
17:58:50.623525;0.072067696;-0.010562139;0.140519984;2.485435633;1;0;0
17:58:50.634446;0.072067696;-0.008449711;0.138461326;2.484886714;1;0;0
17:58:50.644408;0.072067696;-0.006759769;0.136587521;2.484401771;1;0;0
17:58:50.654464;0.072067696;-0.005407815;0.134762087;2.483942797;1;0;0
17:58:50.665707;0.072067696;-0.004326252;0.132969409;2.483504958;1;0;0
17:58:50.674508;0.071992716;-0.004950424;0.131213248;2.483078714;1;0;0
17:58:50.686807;0.071992716;-0.00396034;0.129394401;2.482650413;1;0;0
17:58:50.696002;0.071992716;-0.003168272;0.127669301;2.482256516;1;0;0
17:58:50.706197;0.071992716;-0.002534617;0.126023475;2.481891857;1;0;0
17:58:50.717189;0.070993519;-0.019908864;0.124057757;2.481323533;1;0;0
17:58:50.727418;0.070993519;-0.015927091;0.122310627;2.480834956;1;0;0
17:58:50.737960;0.070993519;-0.012741673;0.120633162;2.48038058;1;0;0
17:58:50.748002;0.070993519;-0.010193338;0.118894364;2.479924853;1;0;0
17:58:50.759254;0.070993519;-0.008154671;0.117144406;2.47948191;1;0;0
17:58:50.768987;0.070993519;-0.006523736;0.11558781;2.479101154;1;0;0
17:58:50.780806;0.070993519;-0.005218989;0.113866737;2.478694663;1;0;0
17:58:50.790892;0.070993519;-0.004175191;0.112382991;2.478356414;1;0;0
17:58:50.801739;0.070993519;-0.003340153;0.110931914;2.47803649;1;0;0
17:58:50.811502;0.070993519;-0.002672122;0.109482877;2.477727699;1;0;0
17:58:50.822376;0.070993519;-0.002137698;0.108048665;2.477432522;1;0;0
17:58:50.831986;0.070993519;-0.001710158;0.106692795;2.477162969;1;0;0
17:58:50.841891;0.070993519;-0.001368127;0.105367396;2.476908335;1;0;0
17:58:50.852215;0.069993901;-0.020849881;0.103898121;2.476497905;1;0;0
17:58:50.862045;0.069993901;-0.016679905;0.102469765;2.476112605;1;0;0
17:58:50.872190;0.068968545;-0.033642748;0.100907635;2.475577755;1;0;0
17:58:50.883703;0.068758978;-0.030510031;0.099126108;2.474961966;1;0;0
17:58:50.895206;0.068758978;-0.024408025;0.097562553;2.474440961;1;0;0
17:58:50.905632;0.067759896;-0.039279523;0.095950444;2.473807562;1;0;0
17:58:50.915257;0.067759896;-0.031423619;0.094352555;2.473199313;1;0;0
17:58:50.925047;0.067759896;-0.025138895;0.092851386;2.47264613;1;0;0
17:58:50.936082;0.066734696;-0.039813762;0.091185319;2.471937615;1;0;0
17:58:50.946044;0.066734696;-0.031851009;0.089586996;2.471278364;1;0;0
17:58:50.956199;0.065735197;-0.045210866;0.0879195;2.470510033;1;0;0
17:58:50.966151;0.065735197;-0.036168693;0.086323164;2.469794626;1;0;0
17:58:50.976927;0.064710155;-0.047940547;0.084507939;2.468900679;1;0;0
17:58:50.986968;0.064710155;-0.038352437;0.082880962;2.468120588;1;0;0
17:58:50.997343;0.064710155;-0.03068195;0.081327246;2.467395261;1;0;0
17:58:51.007423;0.064710155;-0.02454556;0.079831763;2.466716117;1;0;0
17:58:51.017454;0.063685273;-0.039871428;0.078225679;2.465910517;1;0;0
17:58:51.028553;0.06268536;-0.050239366;0.076396482;2.464924144;1;0;0
17:58:51.040262;0.062606041;-0.041720403;0.074727639;2.464039249;1;0;0
17:58:51.049034;0.062606041;-0.033376322;0.073181039;2.46323853;1;0;0
17:58:51.058779;0.062606041;-0.026701058;0.071707402;2.462493965;1;0;0
17:58:51.069172;0.060579951;-0.061279263;0.069948023;2.461453492;1;0;0
17:58:51.079593;0.060579951;-0.049023411;0.068278144;2.460485064;1;0;0
17:58:51.089429;0.060579951;-0.039218729;0.066655402;2.459563162;1;0;0
17:58:51.102003;0.059579213;-0.048248776;0.064708104;2.458394824;1;0;0
17:58:51.112185;0.058553614;-0.057658264;0.062861209;2.457234296;1;0;0
17:58:51.123039;0.058349246;-0.050162524;0.06118488;2.456186025;1;0;0
17:58:51.133531;0.057323814;-0.059064922;0.059308708;2.454962291;1;0;0
17:58:51.143621;0.055323033;-0.085027975;0.057233487;2.45350421;1;0;0
17:58:51.154282;0.053296771;-0.106659243;0.054956302;2.451815259;1;0;0
17:58:51.165916;0.05229537;-0.104640748;0.052677699;2.45009461;1;0;0
17:58:51.174967;0.051293567;-0.103015317;0.050373067;2.448324673;1;0;0
17:58:51.185369;0.050093171;-0.10546717;0.048007549;2.44647125;1;0;0
17:58:51.195396;0.04906808;-0.104689473;0.045696138;2.444632518;1;0;0
17:58:51.206415;0.047041526;-0.121397937;0.043041523;2.442455413;1;0;0
17:58:51.216434;0.045953742;-0.118317315;0.040505934;2.440348377;1;0;0
17:58:51.227139;0.044951319;-0.113319906;0.037864457;2.438127594;1;0;0
17:58:51.237954;0.043948505;-0.109330164;0.035240599;2.435896134;1;0;0
17:58:51.248689;0.041726547;-0.128681525;0.032413103;2.433433149;1;0;0
17:58:51.259976;0.040723925;-0.121482312;0.029614902;2.430970242;1;0;0
17:58:51.269729;0.039720918;-0.117101389;0.027037876;2.428678375;1;0;0
17:58:51.280252;0.038717529;-0.112877037;0.024389281;2.426298416;1;0;0
17:58:51.292191;0.038717529;-0.09030163;0.021816183;2.423979225;1;0;0
17:58:51.302087;0.035408245;-0.136082655;0.019025996;2.421400557;1;0;0
17:58:51.313199;0.035408245;-0.108866124;0.016378274;2.418941323;1;0;0
17:58:51.322851;0.03440469;-0.105696562;0.013736321;2.416461622;1;0;0
17:58:51.333717;0.033400762;-0.103286158;0.01114845;2.414006949;1;0;0
17:58:51.343690;0.03239646;-0.102444167;0.008729876;2.411688964;1;0;0
17:58:51.354606;0.031391788;-0.100645844;0.006194945;2.409234066;1;0;0
17:58:51.364837;0.030204256;-0.103978784;0.003806199;2.406895779;1;0;0
17:58:51.376477;0.030204256;-0.083183027;0.001416053;2.404534212;1;0;0
17:58:51.386811;0.030116053;-0.068194117;0.001;2.402394383;1;0;0
17:58:51.397015;0.028106825;-0.092939682;0.001;2.400136489;1;0;0
17:58:51.407974;0.027079305;-0.094707488;0.001;2.397969228;1;0;0
17:58:51.421591;0.027079305;-0.07576599;0.001;2.39597816;1;0;0
17:58:51.429402;0.024019661;-0.109342199;0.001;2.393105909;1;0;0
17:58:51.439612;0.021916733;-0.129143583;0.001;2.390668418;1;0;0
17:58:51.450401;0.021916733;-0.103314867;0.001;2.388240312;1;0;0
17:58:51.462027;0.021916733;-0.082651893;0.001;2.38607875;1;0;0
17:58:51.472106;0.021916733;-0.066121515;0.001;2.38408476;1;0;0
17:58:51.482050;0.01970623;-0.096627653;0.001;2.382001262;1;0;0
17:58:51.493123;0.017578986;-0.116509501;0.001;2.379585755;1;0;0
17:58:51.503115;0.016550311;-0.11332373;0.001;2.377331659;1;0;0
17:58:51.514335;0.015521832;-0.109890606;0.001;2.374993726;1;0;0
17:58:51.524508;0.015521832;-0.087912484;0.001;2.372869374;1;0;0
17:58:51.534698;0.013367261;-0.11291133;0.001;2.370664085;1;0;0
17:58:51.544886;0.013367261;-0.090329064;0.001;2.368645784;1;0;0
17:58:51.555237;0.011309609;-0.112619811;0.001;2.366432798;1;0;0
17:58:51.566848;0.009150178;-0.128027751;0.001;2.363788563;1;0;0
17:58:51.577122;0.007092101;-0.141443332;0.001;2.361213683;1;0;0
17:58:51.587111;0.006063385;-0.133006829;0.001;2.358725077;1;0;0
17:58:51.597427;0.004006608;-0.145267879;0.001;2.356055873;1;0;0
17:58:51.608799;0.002978552;-0.13509793;0.001;2.353366646;1;0;0
17:58:51.619091;0.00184057;-0.13063582;0.001;2.350902414;1;0;0
17:58:51.628578;0.000811919;-0.124916954;0.001;2.348474345;1;0;0
17:58:51.639076;-0.000216503;-0.119849302;0.001;2.346021097;1;0;0
17:58:51.649744;-0.002272652;-0.134720888;0.001;2.343379276;1;0;0
17:58:51.660853;-0.003300374;-0.127606265;0.001;2.340840999;1;0;0
17:58:51.670777;-0.004327859;-0.122492746;0.001;2.33841363;1;0;0
17:58:51.680747;-0.006500841;-0.140601875;0.001;2.335813367;1;0;0
17:58:51.691318;-0.008556198;-0.151068459;0.001;2.332987088;1;0;0
17:58:51.701236;-0.010733705;-0.162261033;0.001;2.330082161;1;0;0
17:58:51.711928;-0.012789137;-0.168633201;0.001;2.327071187;1;0;0
17:58:51.723751;-0.025083768;-0.361237414;0.001;2.322257897;1;0;0
17:58:51.733508;-0.03117266;-0.401408088;0.001;2.316893886;1;0;0
17:58:51.745160;-0.034383441;-0.38114987;0.001;2.311540909;1;0;0
17:58:51.755201;-0.034383441;-0.304919896;0.001;2.306585368;1;0;0
17:58:51.765948;-0.03858098;-0.323475015;0.001;2.30151058;1;0;0
17:58:51.777313;-0.047951775;-0.427639195;0.001;2.295125756;1;0;0
17:58:51.787862;-0.053004828;-0.442452662;0.001;2.28908868;0.99981427;0.019272381;0.001
17:58:51.797306;-0.061347206;-0.519685961;0.001;2.282337928;0.998328848;0.057788511;0.001
17:58:51.808260;-0.067606823;-0.530131477;0.001;2.274644024;0.995360209;0.096218784;0.001
17:58:51.818260;-0.070676918;-0.484917033;0.001;2.267711695;0.990912765;0.134506106;0.001
17:58:51.828466;-0.074927551;-0.47187058;0.001;2.260720125;0.984993123;0.172593591;0.001
17:58:51.838595;-0.087455353;-0.616879351;0.001;2.252278946;0.977610078;0.210424655;0.001
17:58:51.849540;-0.091711094;-0.572349694;0.001;2.243692821;0.968774599;0.247943091;0.001
17:58:51.859543;-0.095791671;-0.538663344;0.001;2.235779915;0.958499813;0.285093158;0.001
17:58:51.870298;-0.105115861;-0.60217901;0.001;2.226610501;0.946800985;0.321819663;0.001
17:58:51.881368;-0.111404032;-0.596912526;0.001;2.21731987;0.933695496;0.358068041;0.001
17:58:51.892576;-0.11769563;-0.591814944;0.001;2.207879216;0.919202816;0.393784437;0.001
17:58:51.902610;-0.125007642;-0.618630619;0.001;2.199031935;0.903344478;0.428915788;0.001
17:58:51.912614;-0.132321103;-0.638880101;0.001;2.189894006;0.886144043;0.4634099;0.001
17:58:51.924538;-0.141792575;-0.672710622;0.001;2.178888234;0.867627064;0.497215524;0.001
17:58:51.934836;-0.149100002;-0.6830444;0.001;2.169353488;0.847821053;0.530282436;0.001
17:58:51.944855;-0.145922665;-0.486437788;0.001;2.160603314;0.826755435;0.562561508;0.001
17:58:51.955888;-0.145922665;-0.38915023;0.001;2.15252637;0.804461508;0.594004783;0.001
17:58:51.965792;-0.145922665;-0.311320184;0.001;2.145515371;0.780972393;0.624565545;0.001
17:58:51.976280;-0.167303609;-0.672648105;0.001;2.13651905;0.756322989;0.654198392;0.001
17:58:51.986140;-0.171537041;-0.622176222;0.001;2.127782047;0.730549917;0.682859297;0.001
17:58:51.996082;-0.179063336;-0.646303532;0.001;2.118833899;0.703691467;0.710505678;0.001
17:58:52.007069;-0.185592615;-0.63726949;0.001;2.109251799;0.675787544;0.737096463;0.001
17:58:52.018917;-0.195898069;-0.700705687;0.001;2.099321005;0.646879604;0.762592144;0.001
17:58:52.028254;-0.19936522;-0.62675596;0.001;2.090126219;0.617010596;0.786954842;0.001
17:58:52.039218;-0.207907024;-0.65788755;0.001;2.080365672;0.586224897;0.810148363;0.001
17:58:52.049335;-0.215433925;-0.675828417;0.001;2.071329945;0.554568243;0.832138248;0.001
17:58:52.059287;-0.222959572;-0.690312815;0.001;2.062252046;0.522087668;0.852891826;0.001
17:58:52.070418;-0.229188088;-0.666962896;0.001;2.052588622;0.488831429;0.872378263;0.001
17:58:52.080496;-0.239749107;-0.739826986;0.001;2.043167423;0.454848933;0.89056861;0.001
17:58:52.091383;-0.246280361;-0.721519142;0.001;2.034019578;0.420190668;0.907435839;0.001
17:58:52.101157;-0.252812006;-0.697451917;0.001;2.024306067;0.384908127;0.922954892;0.001
17:58:52.112302;-0.259984671;-0.693241122;0.001;2.014931207;0.349053729;0.937102713;0.001
17:58:52.123442;-0.270570976;-0.761539863;0.001;2.005641272;0.312680741;0.949858281;0.001
17:58:52.132320;-0.278108503;-0.757154236;0.001;1.996458667;0.275843204;0.961202646;0.001
17:58:52.143222;-0.279125499;-0.624406909;0.001;1.987395773;0.238595848;0.971118953;0.001
17:58:52.153954;-0.293729639;-0.787851271;0.001;1.97837437;0.20099401;0.97959247;0.001
17:58:52.164189;-0.293729639;-0.630281017;0.001;1.969669409;0.163093555;0.986610608;0.001
17:58:52.174233;-0.292580011;-0.481444219;0.001;1.962238782;0.124950792;0.99216294;0.001
17:58:52.185125;-0.291562267;-0.366176544;0.001;1.955081638;0.08662239;0.996241217;0.001
17:58:52.195508;-0.291562267;-0.292941235;0.001;1.948793587;0.048165294;0.998839379;0.001
17:58:52.205702;-0.295271933;-0.306738602;0.001;1.942697442;0.009636638;0.999953567;0.001
17:58:52.215733;-0.291909323;-0.17931562;0.001;1.937387573;-0.028906335;0.999582125;0.001
17:58:52.226327;-0.28744784;-0.060769388;0.001;1.932572718;-0.067406362;0.997725605;0.001
17:58:52.237152;-0.283244166;0.034866874;0.001;1.928750931;-0.105806243;0.994386765;0.001
17:58:52.246514;-0.269087817;0.309018975;0.001;1.926305173;-0.144048928;0.989570567;0.001
17:58:52.256732;-0.258039916;0.464200961;0.001;1.924868383;-0.1820776;0.983284164;0.001
17:58:52.267690;-0.241617774;0.674629884;0.001;1.924811596;-0.219835759;0.975536898;0.001
17:58:52.277666;-0.203971876;1.285664369;0.003870462;1.927706773;-0.257267308;0.966340278;0.003870462
17:58:52.288859;-0.182553197;1.421090462;0.008620648;1.932525356;-0.294316636;0.955707967;0.008620648
17:58:52.299326;-0.160188522;1.561167271;0.014831861;1.938860464;-0.330928698;0.943655762;0.014831861
17:58:52.311796;-0.134829888;1.68749667;0.023661703;1.94791332;-0.3670491;0.930201569;0.023661703
17:58:52.321423;-0.134829888;1.349997336;0.031066847;1.955597583;-0.402624177;0.915365376;0.031066847
17:58:52.332134;-0.109863941;1.55249775;0.040617563;1.965527447;-0.437601076;0.899169227;0.040617563
17:58:52.341661;-0.082729688;1.781066977;0.051697521;1.977072445;-0.471927832;0.881637183;0.051697521
17:58:52.351380;-0.056789182;1.940176156;0.064685947;1.990647128;-0.505553445;0.862795291;0.064685947
17:58:52.362221;-0.032010885;2.013039417;0.080499986;2.007242225;-0.538427958;0.842671546;0.080499986
17:58:52.373048;-0.007332942;2.069609619;0.098271931;2.025975522;-0.570502529;0.821295845;0.098271931
17:58:52.383774;0.014068425;2.048783272;0.117953914;2.046835344;-0.601729505;0.798699945;0.117953914
17:58:52.393975;0.035580284;2.066095151;0.137788685;2.067958864;-0.632062493;0.774917418;0.137788685
17:58:52.404210;0.039650836;1.733396152;0.157456348;2.089119695;-0.661456426;0.749983597;0.157456348
17:58:52.414607;0.086876504;2.32118725;0.181790217;2.115168674;-0.689867634;0.723935527;0.181790217
17:58:52.425498;0.088908698;1.893760753;0.207700584;2.143230226;-0.717253907;0.696811906;0.207700584
17:58:52.435694;0.139317243;2.517421937;0.236638153;2.174403028;-0.743574557;0.668653033;0.236638153
17:58:52.446061;0.166043002;2.524158324;0.269353686;2.209769976;-0.768790478;0.639500743;0.269353686
17:58:52.456309;0.215664468;2.983916089;0.307247642;2.250631185;-0.792864209;0.609398347;0.307247642
17:58:52.466190;0.245758979;2.97811132;0.347836564;2.294557178;-0.815759983;0.57839057;0.347836564
17:58:52.476319;0.274838773;2.958201459;0.391004227;2.341458143;-0.837443782;0.546523478;0.391004227
17:58:52.487170;0.302912349;2.887538032;0.439869706;2.394802836;-0.857883393;0.513844416;0.439869706
17:58:52.498053;0.331124868;2.83666793;0.491081762;2.451004338;-0.877048447;0.480401937;0.491081762
17:58:52.508077;0.358563269;2.805560153;0.542266843;2.507479291;-0.894910472;0.446245725;0.542266843
17:58:52.518225;0.410386153;3.273929016;0.599053015;2.570013308;-0.911442929;0.411426527;0.599053015
17:58:52.529016;0.434067772;3.054001417;0.661510074;2.639338932;-0.926621257;0.375996072;0.661510074
17:58:52.540056;0.456762177;2.879440584;0.721552248;2.706579879;-0.940422904;0.340007001;0.721552248
17:58:52.549684;0.456762177;2.303552467;0.775527569;2.76809905;-0.952827367;0.303512782;0.775527569
17:58:52.559758;0.484845375;2.400645169;0.830745299;2.831407544;-0.963816215;0.266567634;0.830745299
17:58:52.569956;0.504243498;2.304845566;0.885362489;2.894690428;-0.973373123;0.229226447;0.885362489
17:58:52.579819;0.522792127;2.208181264;0.939333693;2.957956402;-0.981483891;0.191544699;0.939333693
17:58:52.590577;0.524806204;1.803710867;0.991742809;3.020835338;-0.98813647;0.153578373;0.991742809
17:58:52.601427;0.559173732;2.080885136;1.045723935;3.085798514;-0.993320976;0.115383875;1.045723935
17:58:52.612447;0.581205829;2.079010169;1.097982506;-3.133723106;-0.997029706;0.077017952;1.097982506
17:58:52.624033;0.587686528;1.77807587;1.148744908;-3.070279159;-0.999257151;0.038537604;1.148744908
17:58:52.634073;0.587686528;1.422460696;1.191441387;-3.015067002;-1;1.22E-16;1.191441387
17:58:52.644571;0.587686528;1.137968557;1.227851187;-2.966277114;-1;-1.22E-16;4.698925948
17:58:52.654906;0.589697711;0.94848272;1.26171272;-2.919273153;-0.998398349;-0.056575049;4.71189066
17:58:52.664939;0.590886587;0.782261285;1.290895358;-2.877160288;-0.993598528;-0.112968871;4.724394346
17:58:52.675669;0.590886587;0.625809028;1.318478448;-2.835554071;-0.98561591;-0.16900082;4.737676115
17:58:52.686299;0.577928382;0.245037753;1.339388739;-2.801167672;-0.974476068;-0.224491409;4.750740825
17:58:52.696475;0.567796629;0.00548265;1.357128431;-2.769088301;-0.960214685;-0.279262883;4.763159649
17:58:52.707713;0.559321048;-0.153667953;1.371543143;-2.740039727;-0.942877445;-0.333139795;4.776773561
17:58:52.718628;0.523673234;-0.808915863;1.3778461;-2.719448603;-0.922519885;-0.385949559;4.789893642
17:58:52.728009;0.503961816;-1.036905672;1.380003607;-2.703343965;-0.899207215;-0.43752301;4.801088245
17:58:52.739643;0.485202386;-1.172831292;1.378655318;-2.689618047;-0.873014113;-0.487694944;4.814865583
17:58:52.749671;0.472297982;-1.17739571;1.375099144;-2.678314163;-0.844024484;-0.536304643;4.826646084
17:58:52.760047;0.483410974;-0.728138721;1.37384746;-2.665275892;-0.81233119;-0.583196397;4.838741911
17:58:52.770704;0.487676294;-0.503698062;1.373466533;-2.650788599;-0.778035754;-0.628219997;4.851065368
17:58:52.781118;0.498649948;-0.195848797;1.375114304;-2.634577545;-0.741248036;-0.671231219;4.863009029
17:58:52.791172;0.51132597;0.095005709;1.378742482;-2.617079547;-0.702085876;-0.712092285;4.874446271
17:58:52.802883;0.513542084;0.118323344;1.382770393;-2.598590272;-0.660674723;-0.750672305;4.88765149
17:58:52.812239;0.522031098;0.262571552;1.387905968;-2.579447094;-0.617147231;-0.786847695;4.898109912
17:58:52.822801;0.533920113;0.445431674;1.394719103;-2.558578364;-0.571642829;-0.820502575;4.909818049
17:58:52.833622;0.539182322;0.449037152;1.402945592;-2.534468865;-0.524307284;-0.851529138;4.921704092
17:58:52.843447;0.541450049;0.403876325;1.410338284;-2.512786462;-0.475292224;-0.879827996;4.932399498
17:58:52.853904;0.541166144;0.317561664;1.417488688;-2.491142682;-0.424754659;-0.9053085;4.943680972
17:58:52.864921;0.543153974;0.290704743;1.425133481;-2.468082075;-0.372856478;-0.927889027;4.955451883
17:58:52.875237;0.545052738;0.269356161;1.432485133;-2.445982787;-0.319763925;-0.947497247;4.966366144
17:58:52.885048;0.546376645;0.241724023;1.439686027;-2.424290065;-0.265647071;-0.964070347;4.97664865
17:58:52.895708;0.537904904;0.030993572;1.44579244;-2.403129955;-0.21067927;-0.977555239;4.987712315
17:58:52.905432;0.52820046;-0.167537913;1.450407288;-2.383902003;-0.1550366;-0.987908727;4.997705024
17:58:52.916048;0.5176439;-0.342588722;1.453796387;-2.365812987;-0.0988973;-0.995097645;5.008505052
17:58:52.925854;0.49726064;-0.676995432;1.454837884;-2.350057645;-0.042441203;-0.999098966;5.018378808
17:58:52.937131;0.481111971;-0.860956488;1.454338114;-2.335847535;0.014150846;-0.999899872;5.029611311
17:58:52.948313;0.481111971;-0.688765191;1.454498057;-2.320894483;0.070697566;-0.997497797;5.040618762
17:58:52.960864;0.431511574;-1.287952616;1.447632118;-2.308229589;0.12701782;-0.991900435;5.0528177
17:58:52.971524;0.429309054;-1.071593256;1.443243965;-2.29717606;0.182931197;-0.983125718;5.063047803
17:58:52.981734;0.409195258;-1.249130446;1.437625284;-2.288008391;0.238258591;-0.971201752;5.072732357
17:58:52.993119;0.39258216;-1.323367272;1.431159766;-2.279768166;0.292822771;-0.956166735;5.08339916
17:58:53.002769;0.377917897;-1.34066602;1.424074469;-2.272005703;0.346448952;-0.938068827;5.092330318
17:58:53.012984;0.366235928;-1.298595979;1.416937293;-2.264462935;0.398965351;-0.916966002;5.101673453
17:58:53.024052;0.367236368;-1.019793939;1.411166002;-2.255408703;0.450203745;-0.892925858;5.111666998
17:58:53.034065;0.35275652;-1.100044523;1.405062952;-2.247164755;0.5;-0.866025404;5.120590745
17:58:53.045123;0.337060066;-1.166855834;1.397916023;-2.238973545;0.548194604;-0.836350809;5.13031539
17:58:53.056277;0.320354613;-1.265335577;1.390728594;-2.23212398;0.594633176;-0.80399713;5.139984677
17:58:53.066100;0.28492698;-1.602535248;1.37908392;-2.227146461;0.639166959;-0.769068007;5.148382962
17:58:53.077345;0.265330322;-1.644787937;1.36800006;-2.223391879;0.681653297;-0.731675326;5.157861229
17:58:53.087888;0.24571536;-1.69999141;1.356859983;-2.22062041;0.721956094;-0.691938869;5.166615139
17:58:53.098955;0.223072785;-1.787738864;1.34429248;-2.218891037;0.759946248;-0.649985923;5.175664935
17:58:53.108216;0.179906067;-2.265181521;1.328720436;-2.220645971;0.795502065;-0.605950876;5.183127541
17:58:53.119949;0.158381394;-2.237483796;1.312816573;-2.223183632;0.828509649;-0.559974786;5.1924366
17:58:53.129353;0.137805217;-2.173522928;1.295420396;-2.226588835;0.858863267;-0.512204928;5.199779556
17:58:53.139525;0.118278855;-2.119335513;1.278397521;-2.23040571;0.886465687;-0.462794323;5.207602862
17:58:53.150311;0.098728875;-2.067364052;1.260531212;-2.234927017;0.91122849;-0.411901248;5.215761983
17:58:53.161570;0.081269916;-1.953127891;1.240632627;-2.24023493;0.933072354;-0.35968873;5.224128017
17:58:53.173241;0.064797225;-1.860647515;1.221853027;-2.245411131;0.951927306;-0.30632402;5.232636251
17:58:53.182992;0.048432574;-1.813624662;1.20462813;-2.250423501;0.967732947;-0.251978061;5.239615887
17:58:53.193651;0.048432574;-1.450899729;1.188471906;-2.254023849;0.980438648;-0.196824941;5.24711024
17:58:53.204336;0.048432574;-1.160719783;1.174030902;-2.256083054;0.990003708;-0.141041332;5.254480141
17:58:53.216296;0.019525464;-1.457857355;1.156942234;-2.260442618;0.996397489;-0.084805924;5.262558715
17:58:53.227182;0.007172243;-1.390691105;1.139908517;-2.264834134;0.999599507;-0.028298858;5.269753888
17:58:53.236366;-0.003272644;-1.306054959;1.123563564;-2.268962792;0.999599507;0.028298858;5.275706233
17:58:53.246511;-0.013583731;-1.249599592;1.108533183;-2.272753962;0.996397489;0.084805924;5.282155302
17:58:53.257499;-0.033498793;-1.387661721;1.092165296;-2.277826965;0.990003708;0.141041332;5.288991556
17:58:53.266675;-0.0460004;-1.359739657;1.076064058;-2.283069887;0.980438648;0.196824941;5.294583185
17:58:53.278686;-0.058498416;-1.306494924;1.057588567;-2.28935407;0.967732947;0.251978061;5.301742875
17:58:53.288676;-0.065974549;-1.186317351;1.040997517;-2.294828785;0.951927306;0.30632402;5.307561575
17:58:53.298882;-0.076449127;-1.156002446;1.025132995;-2.300236778;0.933072354;0.35968873;5.313379723
17:58:53.312339;-0.095622301;-1.263933974;1.006194012;-2.307692948;0.91122849;0.411901248;5.320858288
17:58:53.323465;-0.095622301;-1.011147179;0.988655936;-2.313870207;0.886465687;0.462794323;5.326877827
17:58:53.332882;-0.098891778;-0.867124084;0.972289705;-2.319222965;0.858863267;0.512204928;5.331858456
17:58:53.343774;-0.104160644;-0.797719396;0.95796425;-2.323772093;0.828509649;0.559974786;5.337490043
17:58:53.353128;-0.112376103;-0.801130496;0.943650909;-2.328499173;0.795502065;0.605950876;5.342217065
17:58:53.365162;-0.113645586;-0.665820044;0.929985009;-2.332619456;0.759946248;0.649985923;5.348151599
17:58:53.376154;-0.116921008;-0.591378241;0.915590314;-2.33672083;0.721956094;0.691938869;5.353429679
17:58:53.386040;-0.123131466;-0.587240135;0.901664038;-2.340759916;0.681653297;0.731675326;5.358061881
17:58:53.395754;-0.124148289;-0.489952555;0.889440696;-2.343950181;0.639166959;0.769068007;5.362508857
17:58:53.406397;-0.122155073;-0.354182808;0.87769031;-2.346377909;0.594633176;0.80399713;5.367263477
17:58:53.417536;-0.126384139;-0.363160267;0.866034047;-2.34879541;0.548194604;0.836350809;5.372109598
17:58:53.427926;-0.130611772;-0.367295369;0.854048677;-2.351308809;0.5;0.866025404;5.376511501
17:58:53.438091;-0.126401446;-0.212397125;0.843977778;-2.352601551;0.450203745;0.892925858;5.380708964
17:58:53.448865;-0.125175698;-0.146782792;0.834364223;-2.353323264;0.398965351;0.916966002;5.385041628
17:58:53.459166;-0.119675384;-0.012442903;0.82606209;-2.352926405;0.346448952;0.938068827;5.389073663
17:58:53.470041;-0.111213012;0.15055084;0.819216574;-2.351097722;0.292822771;0.956166735;5.393214848
17:58:53.480587;-0.082350102;0.669967753;0.816458906;-2.345264311;0.238258591;0.971201752;5.397118982
17:58:53.491083;-0.082350102;0.535974203;0.813805275;-2.339672913;0.182931197;0.983125718;5.40089687
17:58:53.500433;-0.046336596;1.145342487;0.815606514;-2.329682191;0.12701782;0.991900435;5.404172981
17:58:53.511084;-0.021239786;1.40787516;0.820208721;-2.316728469;0.070697566;0.997497797;5.40780385
17:58:53.520615;0.013765889;1.821909484;0.828404374;-2.300235639;0.014150846;0.999899872;5.41096287
17:58:53.530740;0.042707186;2.032158157;0.839167123;-2.281073212;-0.042441203;0.999098966;5.414226917
17:58:53.540946;0.073663963;2.216137108;0.852919757;-2.258447207;-0.0988973;0.995097645;5.417422657
17:58:53.553034;0.104417246;2.332133538;0.869534835;-2.23235809;-0.1550366;0.987908727;5.42108697
17:58:53.563520;0.104417246;1.86570683;0.883371152;-2.209520326;-0.21067927;0.977555239;5.424161306
17:58:53.574921;0.129143554;1.965711254;0.89863122;-2.184946082;-0.265647071;0.964070347;5.427395746
17:58:53.585740;0.153688572;1.975570549;0.917279689;-2.15523509;-0.319763925;0.947497247;5.430362584
17:58:53.597213;0.17822606;1.976748194;0.936635437;-2.124397424;-0.372856478;0.927889027;5.433401604
17:58:53.609818;0.202813056;1.978420411;0.956117834;-2.093190471;-0.424754659;0.9053085;5.436615611
17:58:53.622269;0.231722747;2.144240498;0.972817076;-2.066558049;-0.475292224;0.879827996;5.439664484
17:58:53.632239;0.257430713;2.15420598;0.991847048;-2.036015268;-0.524307284;0.851529138;5.442017352
17:58:53.642825;0.3151832;2.777222384;1.012138799;-2.004738727;-0.571642829;0.820502575;5.444431021
17:58:53.653222;0.317418235;2.26559389;1.028660578;-1.977804949;-0.617147231;0.786847695;5.44671828
17:58:53.663420;0.369407746;2.79386997;1.047299509;-1.948166084;-0.660674723;0.750672305;5.448882973
17:58:53.673764;0.395578648;2.729178053;1.065045309;-1.919228993;-0.702085876;0.712092285;5.451000379
17:58:53.685504;0.423964223;2.704299748;1.082401915;-1.890168878;-0.741248036;0.671231219;5.453309855
17:58:53.696064;0.481179195;3.241484753;1.099978872;-1.861006711;-0.778035754;0.628219997;5.455303779
17:58:53.706555;0.506997263;3.066435264;1.116497648;-1.83239317;-0.81233119;0.583196397;5.457208013
17:58:53.718409;0.506006617;2.433673531;1.129338248;-1.808126483;-0.844024484;0.536304643;5.459269599
17:58:53.728008;0.506006617;1.946938825;1.14092942;-1.784036242;-0.873014113;0.487694944;5.460870431
17:58:53.737906;0.575626869;2.93497401;1.152310152;-1.761062803;-0.899207215;0.43752301;5.462458179
17:58:53.748775;0.598067212;2.796177981;1.162366227;-1.739416031;-0.922519885;0.385949559;5.464129552
17:58:53.758957;0.619155281;2.616337882;1.172107079;-1.716697386;-0.942877445;0.333139795;5.465628226
17:58:53.769565;0.631617166;2.329828507;1.179815835;-1.696607673;-0.960214685;0.279262883;5.467122128
17:58:53.780883;0.648447914;2.168737916;1.186606729;-1.676751312;-0.974476068;0.224491409;5.468641828
17:58:53.792028;0.661818301;1.987055121;1.191931253;-1.658808999;-0.98561591;0.16900082;5.470065254
17:58:53.801698;0.671335263;1.774656219;1.196039139;-1.642416513;-0.993598528;0.112968871;5.471242975
17:58:53.813543;0.686405431;1.715984105;1.199261333;-1.627009025;-0.998398349;0.056575049;5.47261483
17:58:53.824319;0.687796689;1.395923814;1.201926541;-1.609903702;-1;1.22E-16;5.473796904
17:58:53.835040;0.687796689;1.116739051;1.20337115;-1.596027957;-1;-1.22E-16;5.474912244
17:58:53.844930;0.686119724;0.861250095;1.204156925;-1.582680364;-0.998308158;-0.058144829;5.475888837
17:58:53.854223;0.68735152;0.713379397;1.204378487;-1.570288958;-0.993238358;-0.116092914;5.476761903
17:58:53.864824;0.675926602;0.344498859;1.204154989;-1.55834734;-0.984807753;-0.173648178;5.477706489
17:58:53.875887;0.676918376;0.294432575;1.203522561;-1.546300578;-0.973044871;-0.230615871;5.478635482
17:58:53.885759;0.667287697;0.049413168;1.202612429;-1.5347609;-0.957989512;-0.286803233;5.479416936
17:58:53.896330;0.655771977;-0.183419738;1.20151347;-1.523441977;-0.939692621;-0.342020143;5.48020551
17:58:53.906926;0.630175272;-0.622269314;1.200383919;-1.511642585;-0.918216107;-0.396079766;5.480947425
17:58:53.917849;0.629183021;-0.516041462;1.199075014;-1.499888325;-0.89363264;-0.44879918;5.481663024
17:58:53.928320;0.612273904;-0.73547415;1.197901912;-1.488499139;-0.866025404;-0.5;5.482303671
17:58:53.938976;0.567463943;-1.422133125;1.197320859;-1.476207062;-0.835487811;-0.549508978;5.48291164
17:58:53.949345;0.548687356;-1.494511037;1.197049518;-1.463878179;-0.802123193;-0.597158592;5.483462124
17:58:53.959556;0.535417697;-1.452314222;1.197030935;-1.451521235;-0.766044443;-0.64278761;5.483966022
17:58:53.970327;0.53190552;-1.227645384;1.197084987;-1.438687048;-0.727373642;-0.686241638;5.484458017
17:58:53.980916;0.53190552;-0.982116308;1.197126326;-1.426383866;-0.686241638;-0.727373642;5.484903683
17:58:53.991949;0.53838341;-0.665199744;1.196967771;-1.413671404;-0.64278761;-0.766044443;5.48532962
17:58:54.001406;0.542563928;-0.449228625;1.196666663;-1.401906289;-0.597158592;-0.802123193;5.485664823
17:58:54.011491;0.552304035;-0.170125801;1.196011074;-1.390247925;-0.549508978;-0.835487811;5.485993194
17:58:54.022217;0.552304035;-0.136100641;1.195299255;-1.378705211;-0.5;-0.866025404;5.486310956
17:58:54.032872;0.559735558;0.033768101;1.194243433;-1.367312239;-0.44879918;-0.89363264;5.486596049
17:58:54.041731;0.55292148;-0.108358455;1.193395728;-1.356141553;-0.396079766;-0.918216107;5.486811028
17:58:54.053211;0.545192769;-0.23661555;1.19274635;-1.344490482;-0.342020143;-0.939692621;5.487061394
17:58:54.063525;0.537783708;-0.336448608;1.192319442;-1.332908912;-0.286803233;-0.957989512;5.487260665
17:58:54.072516;0.530341615;-0.416752606;1.192105913;-1.321099404;-0.230615871;-0.973044871;5.487415721
17:58:54.084891;0.52579336;-0.417296253;1.191966506;-1.30831363;-0.173648178;-0.984807753;5.487602541
17:58:54.094895;0.522576287;-0.394208446;1.191843739;-1.295733418;-0.116092914;-0.993238358;5.487732577
17:58:54.105641;0.523879416;-0.291330614;1.191487831;-1.283167846;-0.058144829;-0.998308158;5.487852961
17:58:54.116864;0.51769149;-0.348040903;1.191290025;-1.270541586;6.12E-17;-1;5.487959065
17:58:54.127555;0.51769149;-0.278432723;1.190882806;-1.257819787;0.058144829;-0.998308158;5.488043159
17:58:54.138171;0.503829922;-0.476597737;1.191079068;-1.244616598;0.116092914;-0.993238358;5.488111869
17:58:54.148913;0.465386089;-1.102856337;1.193342657;-1.229649172;0.173648178;-0.984807753;5.488167992
17:58:54.160532;0.465386089;-0.88228507;1.195329953;-1.21478989;0.230615871;-0.973044871;5.488215381
17:58:54.170943;0.430434096;-1.3755818;1.199186103;-1.198437333;0.286803233;-0.957989512;5.488247725
17:58:54.181023;0.414815985;-1.397843967;1.20375137;-1.181251655;0.342020143;-0.939692621;5.488271373
17:58:54.191033;0.418031354;-1.054433066;1.207513507;-1.165344987;0.396079766;-0.918216107;5.488288725
17:58:54.202435;0.405380502;-1.095893562;1.211724968;-1.149004848;0.44879918;-0.89363264;5.48830272
17:58:54.214776;0.392955218;-1.076817079;1.217411367;-1.128234013;0.5;-0.866025404;5.488313095
17:58:54.225210;0.391963445;-0.878887669;1.222010276;-1.109757235;0.549508978;-0.835487811;5.488319763
17:58:54.235569;0.391963445;-0.703110135;1.225588959;-1.093475412;0.597158592;-0.802123193;5.48832603
17:58:54.247163;0.345778461;-1.379924132;1.233012698;-1.072159804;0.64278761;-0.766044443;5.488334422
17:58:54.256826;0.309603587;-1.775989772;1.24255277;-1.04929354;0.686241638;-0.727373642;5.48834394
17:58:54.266690;0.308611787;-1.440082793;1.250879071;-1.02814709;0.727373642;-0.686241638;5.488357328
17:58:54.277043;0.308611787;-1.152066235;1.258181409;-1.00816538;0.766044443;-0.64278761;5.488376731
17:58:54.287459;0.308850404;-0.917044377;1.264703291;-0.988580099;0.802123193;-0.597158592;5.488403225
17:58:54.299101;0.236966578;-2.103541402;1.277656269;-0.962285375;0.835487811;-0.549508978;5.488442926
17:58:54.310111;0.236966578;-1.682833122;1.289480447;-0.936816985;0.866025404;-0.5;5.488492065
17:58:54.320373;0.236966578;-1.346266497;1.300272977;-0.911812161;0.89363264;-0.44879918;5.488549577
17:58:54.329819;0.236966578;-1.077013198;1.30904168;-0.889656279;0.918216107;-0.396079766;5.488613747
17:58:54.342062;0.145593509;-2.473620805;1.328737697;-0.855006692;0.939692621;-0.342020143;5.488714785
17:58:54.352282;0.142612488;-2.035913579;1.345425836;-0.824335628;0.957989512;-0.286803233;5.488816169
17:58:54.361791;0.142612488;-1.628730864;1.359967869;-0.795981997;0.973044871;-0.230615871;5.488925732
17:58:54.371116;0.080989628;-2.473686533;1.381141261;-0.760378172;0.984807753;-0.173648178;5.489048543
17:58:54.381117;0.062253193;-2.34026353;1.40233909;-0.724744303;0.993238358;-0.116092914;5.489198386
17:58:54.393703;0.047861917;-2.126967073;1.425023025;-0.686085905;0.998308158;-0.058144829;5.489415595
17:58:54.402460;0.036539435;-1.925240924;1.444583148;-0.651997367;1;0;5.489586825
17:58:54.413697;0.036539435;-1.540192739;1.462685852;-0.61848183;0.998308158;0.058144829;5.48983223
17:58:54.423437;0.014785443;-1.661373158;1.480922127;-0.585324617;0.993238358;0.116092914;5.490068615
17:58:54.434623;0.014785443;-1.329098527;1.497761403;-0.552539132;0.984807753;0.173648178;5.490366705
17:58:54.444777;0.015780057;-1.043531028;1.511308096;-0.523835334;0.973044871;0.230615871;5.490661445
17:58:54.456716;-0.022639743;-1.568763293;1.529331172;-0.489893163;0.957989512;0.286803233;5.491036763
17:58:54.465510;-0.022639743;-1.255010634;1.545574612;-0.456909694;0.939692621;0.342020143;5.491332694
17:58:54.477078;-0.02363482;-1.022284889;1.55962999;-0.425945648;0.918216107;0.396079766;5.49174659
17:58:54.486953;-0.066912709;-1.650113655;1.578037928;-0.391220115;0.89363264;0.44879918;5.492121581
17:58:54.497257;-0.06890237;-1.35823949;1.594506872;-0.358202617;0.866025404;0.5;5.492533666
17:58:54.507369;-0.108931547;-1.881397291;1.614804273;-0.321740005;0.835487811;0.549508978;5.492958278
17:58:54.518047;-0.110923036;-1.542038004;1.63435365;-0.284662265;0.802123193;0.597158592;5.493427888
17:58:54.528247;-0.110923036;-1.233630403;1.650446716;-0.252003254;0.766044443;0.64278761;5.493896366
17:58:54.538951;-0.110923036;-0.986904323;1.664623059;-0.22112904;0.727373642;0.686241638;5.494408384
17:58:54.550073;-0.111919461;-0.808687418;1.677652907;-0.190719625;0.686241638;0.727373642;5.49496196
17:58:54.560172;-0.111919461;-0.646949934;1.688906854;-0.162240729;0.64278761;0.766044443;5.495483162
17:58:54.569525;-0.110923036;-0.497831807;1.698520342;-0.135517062;0.597158592;0.802123193;5.495981207
17:58:54.579400;-0.110923036;-0.398265445;1.707216586;-0.109168053;0.549508978;0.835487811;5.49652266
17:58:54.589821;-0.134021395;-0.755854845;1.719097061;-0.079186115;0.5;0.866025404;5.497110989
17:58:54.599897;-0.138235704;-0.68798882;1.730044759;-0.050788659;0.44879918;0.89363264;5.49769593
17:58:54.611003;-0.129789714;-0.392938808;1.739063942;-0.023159836;0.396079766;0.918216107;5.498358457
17:58:54.622014;-0.122354419;-0.176442451;1.746006192;0.00257257;0.342020143;0.939692621;5.49903317
17:58:54.632197;-0.120126133;-0.097821248;1.751778692;0.026331936;0.286803233;0.957989512;5.499672467
17:58:54.644828;-0.096247956;0.312907908;1.753474289;0.049424696;0.230615871;0.973044871;5.500485206
17:58:54.655365;-0.08012759;0.550530607;1.752336675;0.0671121;0.173648178;0.984807753;5.501179357
17:58:54.665169;-0.083115582;0.381895862;1.752285518;0.084952254;0.116092914;0.993238358;5.501837939
17:58:54.675966;-0.083115582;0.30551669;1.752738542;0.103109512;0.058144829;0.998308158;5.502576915
17:58:54.685593;-0.086343213;0.180307523;1.754261203;0.122288963;6.12E-17;1;5.503247485
17:58:54.696467;0.017066311;2.019462295;1.737848371;0.125131179;-0.058144829;0.998308158;5.504017648
17:58:54.706722;0.044757076;2.165387196;1.720422154;0.125120007;-0.116092914;0.993238358;5.504755866
17:58:54.716362;0.122610887;3.268413856;1.692243745;0.114234926;-0.173648178;0.984807753;5.505459917
17:58:54.728430;0.146114748;3.045284182;1.66146894;0.101764143;-0.230615871;0.973044871;5.506354495
17:58:54.737958;0.17266586;2.960246643;1.632124443;0.089104439;-0.286803233;0.957989512;5.507070694
17:58:54.748267;0.175890517;2.429983714;1.605226799;0.079099305;-0.342020143;0.939692621;5.507854974
17:58:54.758889;0.175890517;1.943986971;1.582741407;0.072709584;-0.396079766;0.918216107;5.508672771
17:58:54.769775;0.201500034;2.046085537;1.558439203;0.064791331;-0.44879918;0.89363264;5.509520579
17:58:54.779594;0.309701175;3.702391211;1.518774469;0.041241664;-0.5;0.866025404;5.51029324
17:58:54.789589;0.309701175;2.961912968;1.484486616;0.022584343;-0.549508978;0.835487811;5.511087058
17:58:54.800408;0.326109127;2.670332479;1.450566801;0.004669759;-0.597158592;0.802123193;5.511954132
17:58:54.811049;0.403333178;3.594351781;1.408747316;-0.022011254;-0.64278761;0.766044443;5.512814347
17:58:54.821002;0.404325792;2.895202798;1.374021205;-0.042735181;-0.686241638;0.727373642;5.51362513
17:58:54.833475;0.42968965;2.786039562;1.337285029;-0.064840679;-0.727373642;0.686241638;5.514648968
17:58:54.842952;0.428451419;2.205524192;1.306328544;-0.081756794;-0.766044443;0.64278761;5.515432186
17:58:54.853244;0.478182002;2.717309574;1.271626365;-0.103009087;-0.802123193;0.597158592;5.516287475
17:58:54.864388;0.524852615;3.030711543;1.232037131;-0.128966828;-0.835487811;0.549508978;5.517218573
17:58:54.874949;0.540439403;2.70640007;1.194477988;-0.153111014;-0.866025404;0.5;5.518105236
17:58:54.885272;0.559246;2.537910298;1.161590318;-0.174116336;-0.89363264;0.44879918;5.518975441
17:58:54.896277;0.558015567;2.006173499;1.132636562;-0.191386604;-0.918216107;0.396079766;5.519906436
17:58:54.905479;0.595695025;2.342377377;1.101047671;-0.21156589;-0.939692621;0.342020143;5.520687107
17:58:54.916567;0.595695025;1.873901902;1.073475331;-0.228145888;-0.957989512;0.286803233;5.521629941
17:58:54.927327;0.641045091;2.337152474;1.039879571;-0.250309111;-0.973044871;0.230615871;5.522546617
17:58:54.936836;0.648806842;2.023411986;1.010945422;-0.268888904;-0.984807753;0.173648178;5.523357703
17:58:54.947602;0.648806842;1.618729589;0.984163542;-0.28517661;-0.993238358;0.116092914;5.524276635
17:58:54.956811;0.655566477;1.429057975;0.960271016;-0.299268105;-0.998308158;0.058144829;5.525062809
17:58:54.969660;0.655566477;1.14324638;0.935473959;-0.31289015;-1;1.22E-16;5.526159277
17:58:54.979583;0.655566477;0.914597104;0.915339456;-0.323029097;-1;-1.22E-16;5.527005173
17:58:54.989517;0.651906374;0.659148744;0.89901653;-0.330197477;-0.998243732;-0.059240628;5.527850773
17:58:55.001124;0.638216289;0.291814978;0.884513021;-0.334334814;-0.992981096;-0.118273171;5.528836651
17:58:55.011558;0.630456292;0.085767631;0.873985999;-0.335622869;-0.984230578;-0.176890275;5.529720408
17:58:55.021665;0.630456292;0.068614105;0.864770998;-0.335973657;-0.972022914;-0.234886046;5.530573741
17:58:55.032351;0.630456292;0.054891284;0.856141451;-0.335519266;-0.956400984;-0.292056771;5.531472542
17:58:55.043273;0.584830875;-0.798609497;0.855381215;-0.3270112;-0.937419661;-0.348201635;5.532387024
17:58:55.054380;0.571917698;-0.878304043;0.856839969;-0.316317382;-0.915145617;-0.403123429;5.533312098
17:58:55.064135;0.577121746;-0.600975285;0.857400606;-0.306982124;-0.889657091;-0.456629237;5.534120029
17:58:55.074776;0.557972512;-0.845109015;0.860974149;-0.294376543;-0.861043612;-0.508531119;5.534996008
17:58:55.085414;0.557972512;-0.676087212;0.864286845;-0.282049122;-0.829405685;-0.558646766;5.535865672
17:58:55.096064;0.56119395;-0.481380517;0.866933085;-0.27002784;-0.794854441;-0.606800146;5.53672972
17:58:55.106876;0.555447134;-0.492565753;0.870236961;-0.25743365;-0.757511242;-0.652822118;5.537599622
17:58:55.117565;0.558669813;-0.334177605;0.872718049;-0.245571121;-0.717507257;-0.696551029;5.538451877
17:58:55.128495;0.560906039;-0.225817288;0.874544243;-0.23433519;-0.674983002;-0.737833279;5.539314828
17:58:55.140016;0.560906039;-0.18065383;0.876183135;-0.222678528;-0.630087844;-0.776523863;5.540214496
17:58:55.150131;0.5648542;-0.068581951;0.876762411;-0.212985532;-0.582979479;-0.812486878;5.540995445
17:58:55.160867;0.567493624;-0.005428485;0.876681878;-0.203704305;-0.533823378;-0.845596004;5.541814688
17:58:55.170785;0.565220011;-0.049338954;0.876747858;-0.194778215;-0.482792203;-0.875734942;5.542562225
17:58:55.181331;0.55744966;-0.188243395;0.877807707;-0.184554033;-0.430065202;-0.90279783;5.54334683
17:58:55.191672;0.54776679;-0.335919548;0.880063068;-0.17311371;-0.375827582;-0.926689607;5.544105428
17:58:55.203394;0.54033633;-0.39664633;0.883331265;-0.159601092;-0.320269854;-0.947326354;5.544951851
17:58:55.213370;0.528364814;-0.554621488;0.887474197;-0.146524256;-0.263587166;-0.964635582;5.545660414
17:58:55.224535;0.518965561;-0.616134121;0.892805373;-0.13148827;-0.205978619;-0.978556492;5.54644002
17:58:55.235679;0.520272056;-0.468635628;0.896997201;-0.117661559;-0.147646564;-0.989040187;5.547203459
17:58:55.245978;0.489611715;-0.960304291;0.905323717;-0.099894325;-0.088795895;-0.996049843;5.547895434
17:58:55.258971;0.455884428;-1.349674205;0.919372093;-0.075259584;-0.029633328;-0.999560837;5.548749061
17:58:55.267490;0.435781368;-1.478135625;0.933329824;-0.051951805;0.029633328;-0.999560837;5.549296611
17:58:55.277379;0.417902493;-1.535571709;0.948658854;-0.02709105;0.088795895;-0.996049843;5.549919746
17:58:55.287892;0.405451383;-1.47565734;0.964211867;-0.001901666;0.147646564;-0.989040187;5.550567063
17:58:55.297547;0.39300133;-1.426369868;0.980077506;0.023811872;0.205978619;-0.978556492;5.551147386
17:58:55.310476;0.380293974;-1.356270251;0.998606389;0.054028747;0.263587166;-0.964635582;5.551902559
17:58:55.320520;0.376002867;-1.165332463;1.01382466;0.080000895;0.320269854;-0.947326354;5.552471345
17:58:55.331240;0.36328244;-1.183698503;1.028337291;0.104846904;0.375827582;-0.926689607;5.553060628
17:58:55.341051;0.366495535;-0.887675712;1.041128839;0.128856755;0.430065202;-0.90279783;5.553583406
17:58:55.352193;0.335038692;-1.296345274;1.057096182;0.156085799;0.482792203;-0.875734942;5.554157408
17:58:55.363703;0.337260015;-0.997874737;1.070919687;0.181970001;0.533823378;-0.845596004;5.55472776
17:58:55.373716;0.299920437;-1.518826282;1.087507208;0.2097453;0.582979479;-0.812486878;5.555204737
17:58:55.385435;0.299920437;-1.215061026;1.10214106;0.236234824;0.630087844;-0.776523863;5.55573969
17:58:55.395380;0.281423882;-1.311332991;1.117434157;0.26363084;0.674983002;-0.737833279;5.556173468
17:58:55.406172;0.262889004;-1.394093169;1.132920673;0.291208883;0.717507257;-0.696551029;5.55662269
17:58:55.416338;0.244328449;-1.482225219;1.147866994;0.317693804;0.757511242;-0.652822118;5.557024913
17:58:55.426247;0.221765526;-1.632490852;1.163736493;0.345241375;0.794854441;-0.606800146;5.557396972
17:58:55.437007;0.184664132;-2.003281352;1.183539976;0.377537423;0.829405685;-0.558646766;5.557778138
17:58:55.447245;0.167065044;-1.951168792;1.201859688;0.407904512;0.861043612;-0.508531119;5.558118248
17:58:55.458066;0.121595973;-2.448191739;1.224243142;0.442724251;0.889657091;-0.456629237;5.558453287
17:58:55.467971;0.098850821;-2.378982621;1.24749873;0.479355848;0.915145617;-0.403123429;5.558737491
17:58:55.478536;0.078420632;-2.287470844;1.2694443;0.514686267;0.937419661;-0.348201635;5.55901647
17:58:55.489469;0.079415247;-1.811304509;1.287267749;0.546131993;0.956400984;-0.292056771;5.559278375
17:58:55.500146;0.047401657;-2.084796151;1.305303735;0.577226001;0.972022914;-0.234886046;5.559507314
17:58:55.509852;0.035006168;-1.904695335;1.322207236;0.607883273;0.984230578;-0.176890275;5.559691979
17:58:55.521048;0.023707147;-1.732273307;1.337647251;0.637739784;0.992981096;-0.118273171;5.559876716
17:58:55.531121;0.012329015;-1.605526937;1.350626472;0.664643698;0.998243732;-0.059240628;5.560016561
17:58:55.542574;0.000797923;-1.484425418;1.363180354;0.692847505;1;0;5.560144646
17:58:55.553135;-0.011674472;-1.425388155;1.373146666;0.717165314;0.998243732;0.059240628;5.56023316
17:58:55.563724;-0.022199257;-1.337096674;1.381824985;0.740580732;0.992981096;0.118273171;5.560293683
17:58:55.574025;-0.032720241;-1.275972448;1.388861037;0.761749302;0.984230578;0.176890275;5.560326014
17:58:55.585203;-0.042452055;-1.202560459;1.394978264;0.78277223;0.972022914;0.234886046;5.560332136
17:58:55.595907;-0.05296048;-1.149147815;1.400193048;0.803688534;0.956400984;0.292056771;5.560310385
17:58:55.606618;-0.063706354;-1.120841415;1.404168892;0.822620132;0.937419661;0.348201635;5.560262215
17:58:55.617365;-0.073210029;-1.071612967;1.407229378;0.840955601;0.915145617;0.403123429;5.560187967
17:58:55.627503;-0.08370441;-1.064641604;1.409427964;0.857411237;0.889657091;0.456629237;5.560094702
17:58:55.638049;-0.09219925;-1.018334565;1.410899872;0.873263426;0.861043612;0.508531119;5.559974341
17:58:55.648021;-0.100690772;-0.982598746;1.411714546;0.888352098;0.829405685;0.558646766;5.559839168
17:58:55.659568;-0.103684802;-0.845518479;1.411397142;0.90225617;0.794854441;0.606800146;5.559657382
17:58:55.668768;-0.109197295;-0.779794076;1.410251888;0.916158055;0.757511242;0.652822118;5.559493637
17:58:55.679515;-0.113435662;-0.702376424;1.408199433;0.929316174;0.717507257;0.696551029;5.559281698
17:58:55.689479;-0.117369852;-0.639725185;1.405549616;0.94089141;0.674983002;0.737833279;5.559065836
17:58:55.699564;-0.119637537;-0.55661603;1.402134136;0.951677279;0.630087844;0.776523863;5.558828909
17:58:55.711054;-0.120619283;-0.463708927;1.397672486;0.962141979;0.582979479;0.812486878;5.55853703
17:58:55.721973;-0.118376293;-0.328140612;1.392210436;0.97129229;0.533823378;0.845596004;5.558238671
17:58:55.731178;-0.115835719;-0.21255369;1.385966886;0.979177238;0.482792203;0.875734942;5.557971759
17:58:55.740919;-0.112629107;-0.106376247;1.378901493;0.986037708;0.430065202;0.90279783;5.557674443
17:58:55.751252;-0.107108732;0.02183439;1.370622057;0.991952647;0.375827582;0.926689607;5.557342872
17:58:55.761793;-0.098361887;0.184759946;1.36096286;0.996575775;0.320269854;0.947326354;5.556988028
17:58:55.772327;-0.084414069;0.410059693;1.349431931;0.999460238;0.263587166;0.964635582;5.556617269
17:58:55.783247;-0.065736673;0.687321585;1.336151071;1.000140868;0.205978619;0.978556492;5.556216516
17:58:55.792917;-0.016052005;1.536545915;1.318508599;0.995865825;0.147646564;0.989040187;5.55584822
17:58:55.804150;-0.016052005;1.229236732;1.30000997;0.991289529;0.088795895;0.996049843;5.555405209
17:58:55.814378;0.045387263;2.176388255;1.276077162;0.9806233;0.029633328;0.999560837;5.55498822
17:58:55.824094;0.077374313;2.376451727;1.24972461;0.966986963;-0.029633328;0.999560837;5.554580599
17:58:55.834367;0.096012466;2.269181399;1.22158394;0.951361803;-0.088795895;0.996049843;5.554137947
17:58:55.844221;0.122690838;2.345354088;1.191105777;0.933027773;-0.147646564;0.989040187;5.553702588
17:58:55.856048;0.145018481;2.260702655;1.153571987;0.909111674;-0.205978619;0.978556492;5.553166844
17:58:55.866768;0.169816637;2.261697147;1.115646207;0.883603836;-0.263587166;0.964635582;5.552669454
17:58:55.877515;0.194404917;2.270760994;1.07618742;0.855824806;-0.320269854;0.947326354;5.552160212
17:58:55.887790;0.219058265;2.306225225;1.036458177;0.826732663;-0.375827582;0.926689607;5.551663995
17:58:55.897861;0.243761657;2.316682052;0.992576497;0.793476424;-0.430065202;0.90279783;5.55116931
17:58:55.908073;0.270625268;2.380240452;0.947087184;0.757875582;-0.482792203;0.875734942;5.550659829
17:58:55.918559;0.298539671;2.437978308;0.897476108;0.717909543;-0.533823378;0.845596004;5.550129
17:58:55.929313;0.336038975;2.662870284;0.843189855;0.672783261;-0.582979479;0.812486878;5.549577135
17:58:55.939088;0.363078836;2.664212281;0.788434887;0.626290009;-0.630087844;0.776523863;5.549069476
17:58:55.949587;0.390291986;2.656257301;0.729963488;0.575688832;-0.674983002;0.737833279;5.548518381
17:58:55.960242;0.419202015;2.666702752;0.667317638;0.520497535;-0.717507257;0.696551029;5.547953511
17:58:55.971108;0.447347838;2.669836078;0.603793196;0.463638928;-0.757511242;0.652822118;5.547372295
17:58:55.982204;0.473017127;2.642605549;0.541291391;0.406934573;-0.794854441;0.606800146;5.546774077
17:58:55.991173;0.519526669;3.014639643;0.472868487;0.343745429;-0.829405685;0.558646766;5.546287536
17:58:56.003351;0.542981197;2.796784039;0.392991622;0.269135296;-0.861043612;0.508531119;5.545623333
17:58:56.013999;0.567018046;2.686136884;0.323869813;0.203848307;-0.889657091;0.456629237;5.545039857
17:58:56.024446;0.589131595;2.57319741;0.258007743;0.141013736;-0.915145617;0.403123429;5.54446555
17:58:56.035075;0.609352877;2.43749037;0.192639875;0.078044911;-0.937419661;0.348201635;5.543879968
17:58:56.046052;0.629134094;2.340635547;0.132723773;0.019771329;-0.956400984;0.292056771;5.543274517
17:58:56.055896;0.643022354;2.13785005;0.074165341;-0.03770972;-0.972022914;0.234886046;5.542731503
17:58:56.065705;0.65994968;2.046363432;0.020382931;-0.091020767;-0.984230578;0.176890275;5.542190873
17:58:56.076797;0.673187545;1.88208758;0.001;-0.145274774;-0.992981096;0.118273171;5.541580678
17:58:56.090026;0.680891545;1.648440964;0.001;-0.195088722;-0.998243732;0.059240628;5.540855454
17:58:56.100328;0.687729917;1.435584991;0.001;-0.244277823;-1;1.22E-16;5.540293312
17:58:56.109619;0.687729917;1.148467993;0.001;-0.281924445;-1;-1.22E-16;5.539788814
17:58:56.119336;0.691396869;0.990803776;0.001;-0.316575119;-0.998276396;-0.058687617;5.539264157
17:58:56.129416;0.690506232;0.774971771;0.001;-0.347217876;-0.993111527;-0.117172925;5.538723609
17:58:56.139943;0.683022431;0.475529447;0.001;-0.374228849;-0.984523197;-0.175254314;5.53816368
17:58:56.149992;0.676080869;0.243101998;0.001;-0.39680214;-0.972541011;-0.232731565;5.53763409
17:58:56.160942;0.666054289;0.005554101;0.001;-0.416444506;-0.957206275;-0.289406542;5.537063099
17:58:56.170875;0.640465268;-0.497983165;0.001;-0.429249961;-0.938571851;-0.345083875;5.536551173
17:58:56.180877;0.623491215;-0.735538387;0.001;-0.438008431;-0.916701975;-0.399571632;5.536042015
17:58:56.193668;0.603381034;-0.920308417;0.001;-0.443664745;-0.891672037;-0.452681983;5.535400939
17:58:56.204340;0.55765032;-1.594078477;0.004310737;-0.440325437;-0.863568321;-0.504231846;5.534875418
17:58:56.214093;0.540788446;-1.609867641;0.009920203;-0.434643868;-0.832487707;-0.554043516;5.534403154
17:58:56.223852;0.536608569;-1.369895287;0.015827578;-0.428604823;-0.798537334;-0.601945284;5.533938739
17:58:56.234193;0.540826113;-1.014489976;0.020624025;-0.423619203;-0.761834239;-0.647772022;5.533456041
17:58:56.245518;0.547559296;-0.683538134;0.023917702;-0.420091044;-0.722504942;-0.691365756;5.53293918
17:58:56.255273;0.552104961;-0.460961735;0.026141636;-0.417601906;-0.680685022;-0.732576209;5.532504384
17:58:56.265856;0.560495386;-0.208931853;0.026691843;-0.416774283;-0.636518639;-0.771261319;5.532044162
17:58:56.276651;0.567319465;-0.036907455;0.025995203;-0.417194881;-0.590158044;-0.807287732;5.53158764
17:58:56.286366;0.572817902;0.079476179;0.024444998;-0.418490735;-0.541763053;-0.840531257;5.531188473
17:58:56.296902;0.572817902;0.063580943;0.022993351;-0.419703079;-0.491500492;-0.870877297;5.530768646
17:58:56.308307;0.579015597;0.166139679;0.020467917;-0.421995028;-0.439543627;-0.898221242;5.530330199
17:58:56.317720;0.576441896;0.082181607;0.018688382;-0.423576021;-0.386071564;-0.922468833;5.529981388
17:58:56.327930;0.563547241;-0.189647049;0.01915559;-0.422917687;-0.331268632;-0.943536482;5.529616923
17:58:56.337446;0.554457341;-0.332297549;0.021048158;-0.420822589;-0.275323749;-0.961351566;5.529290701
17:58:56.348213;0.551232459;-0.329853235;0.023293034;-0.418354155;-0.218429768;-0.975852672;5.52893783
17:58:56.357830;0.55159221;-0.256852205;0.025299016;-0.41609935;-0.160782814;-0.986989811;5.528637723
17:58:56.368575;0.542841545;-0.37838324;0.028536429;-0.412589213;-0.102581608;-0.994724592;5.528319819
17:58:56.378346;0.543208835;-0.295541079;0.03145127;-0.409366641;-0.044026783;-0.999030351;5.528047193
17:58:56.389653;0.538064725;-0.332135715;0.035112964;-0.405346821;0.014679812;-0.999892246;5.527751924
17:58:56.400610;0.529642865;-0.420222295;0.039960422;-0.400089721;0.073335803;-0.997307305;5.527487152
17:58:56.411152;0.489531403;-1.078316824;0.051444855;-0.388110304;0.13173899;-0.991284439;5.527252883
17:58:56.421091;0.465007798;-1.348629807;0.065367539;-0.37359716;0.189688045;-0.98184441;5.527050948
17:58:56.430946;0.446397761;-1.447574524;0.081301579;-0.356921606;0.246983207;-0.96901976;5.526869368
17:58:56.441423;0.433465113;-1.401989012;0.098927056;-0.338339162;0.303426966;-0.952854699;5.526697241
17:58:56.452068;0.408552647;-1.614706184;0.118567293;-0.317598676;0.358824749;-0.933404949;5.52654502
17:58:56.461836;0.394845794;-1.563080049;0.138914423;-0.295949198;0.412985589;-0.91073756;5.526425965
17:58:56.472794;0.366437319;-1.812738426;0.162485832;-0.270853183;0.465722783;-0.884930669;5.526316506
17:58:56.482418;0.371882426;-1.348572783;0.184154495;-0.247325079;0.516854533;-0.85607324;5.526241902
17:58:56.493647;0.355164736;-1.398208252;0.206326868;-0.223106568;0.566204579;-0.824264748;5.526180942
17:58:56.506332;0.354173534;-1.133567931;0.231358292;-0.195179335;0.6136028;-0.789614845;5.526146737
17:58:56.517203;0.314691478;-1.661337387;0.256255526;-0.167728057;0.658885806;-0.752242976;5.526147441
17:58:56.527686;0.294174259;-1.720377607;0.282471362;-0.138684979;0.701897495;-0.71227797;5.526175007
17:58:56.537460;0.274528007;-1.756538887;0.309233134;-0.108863344;0.742489599;-0.669857594;5.526225016
17:58:56.548364;0.254018345;-1.785335402;0.338101235;-0.076499186;0.780522187;-0.62512808;5.526309084
17:58:56.559023;0.229175676;-1.895025927;0.368116164;-0.042722199;0.815864153;-0.57824362;5.526420702
17:58:56.569521;0.208577129;-1.906341631;0.39836252;-0.008427507;0.848393666;-0.529365834;5.526559689
17:58:56.580902;0.190013198;-1.873171606;0.428846626;0.026471659;0.877998591;-0.478663215;5.526743629
17:58:56.590956;0.145646828;-2.34596589;0.463627115;0.065928582;0.904576873;-0.426310545;5.526935496
17:58:56.603244;0.117777401;-2.333616216;0.50490807;0.113124633;0.928036891;-0.372488294;5.527208203
17:58:56.613413;0.091992436;-2.376707166;0.539234988;0.152736439;0.948297773;-0.317381998;5.527466298
17:58:56.623076;0.073716582;-2.263418158;0.572463043;0.191580068;0.965289677;-0.261181621;5.527739275
17:58:56.633517;0.055177489;-2.172349138;0.60515931;0.230317787;0.978954027;-0.204080897;5.528065139
17:58:56.644135;0.042743964;-1.984800516;0.635125708;0.266533262;0.98924372;-0.146276664;5.528430037
17:58:56.654750;0.030205823;-1.826010915;0.66432158;0.302573968;0.996123285;-0.087968185;5.528829218
17:58:56.664810;0.018848619;-1.676027179;0.691292131;0.33670208;0.999569006;-0.029356461;5.529239814
17:58:56.674638;0.006165021;-1.590933541;0.715506808;0.368054199;0.999569006;0.029356461;5.529671788
17:58:56.685159;-0.007358379;-1.526891512;0.739410868;0.399703776;0.996123285;0.087968185;5.530168478
17:58:56.696233;-0.01885407;-1.437099232;0.761521035;0.42982088;0.98924372;0.146276664;5.53072912
17:58:56.708815;-0.01885407;-1.149679386;0.783284565;0.461524345;0.978954027;0.204080897;5.531411941
17:58:56.719810;-0.040047561;-1.333462278;0.800860112;0.48721769;0.965289677;0.261181621;5.532047429
17:58:56.729665;-0.045330467;-1.168064871;0.816563595;0.511359263;0.948297773;0.317381998;5.532646914
17:58:56.739586;-0.053823066;-1.102187127;0.830465063;0.533602062;0.928036891;0.372488294;5.533278193
17:58:56.750261;-0.061335877;-1.023532723;0.843577115;0.555586962;0.904576873;0.426310545;5.53398774
17:58:56.761064;-0.068574355;-0.95257045;0.855540599;0.576748768;0.877998591;0.478663215;5.534736847
17:58:56.771848;-0.078318119;-0.945205899;0.866469177;0.596840796;0.848393666;0.529365834;5.53551485
17:58:56.782620;-0.080343297;-0.793303988;0.875635814;0.615509082;0.815864153;0.57824362;5.536321179
17:58:56.793975;-0.088522879;-0.788919857;0.883793806;0.632997182;0.780522187;0.62512808;5.5372017
17:58:56.803999;-0.098255195;-0.810220679;0.891730162;0.650584445;0.742489599;0.669857594;5.538004202
17:58:56.815213;-0.1012252;-0.705851149;0.897910773;0.665982406;0.701897495;0.71227797;5.538928998
17:58:56.824470;-0.103182066;-0.603416856;0.902727489;0.67989683;0.658885806;0.752242976;5.539713181
17:58:56.835093;-0.105449029;-0.526662831;0.90656783;0.693075181;0.6136028;0.789614845;5.540635414
17:58:56.844818;-0.105449029;-0.421330265;0.909088469;0.704857227;0.566204579;0.824264748;5.541499877
17:58:56.855559;-0.107109692;-0.368331249;0.910767739;0.716203198;0.516854533;0.85607324;5.542476225
17:58:56.867253;-0.106110051;-0.27713883;0.911193251;0.727021747;0.465722783;0.884930669;5.543563885
17:58:56.877763;-0.09864755;-0.084774479;0.909456602;0.735207676;0.412985589;0.91073756;5.544562416
17:58:56.888382;-0.091894797;0.059681892;0.906036644;0.741403503;0.358824749;0.933404949;5.545590563
17:58:56.899478;-0.07768008;0.315257741;0.899961354;0.744925025;0.303426966;0.952854699;5.546684604
17:58:56.909402;-0.060522353;0.593015116;0.891507408;0.745490183;0.246983207;0.96901976;5.547679323
17:58:56.919836;-0.008899811;1.471661046;0.875308369;0.738436777;0.189688045;0.98184441;5.548740857
17:58:56.930766;-0.008899811;1.177328837;0.858743231;0.731243965;0.13173899;0.991284439;5.549869188
17:58:56.941255;0.014945662;1.412970459;0.840131475;0.721230791;0.073335803;0.997307305;5.550966814
17:58:56.951816;0.045072971;1.69870062;0.816552421;0.706433299;0.014679812;0.999892246;5.552085746
17:58:56.961654;0.077014971;1.963678386;0.788818417;0.687178264;-0.044026783;0.999030351;5.553139732
17:58:56.972046;0.107547309;2.149791018;0.757186664;0.663700211;-0.102581608;0.994724592;5.554264467
17:58:56.982992;0.132134402;2.173279216;0.721698926;0.636230184;-0.160782814;0.986989811;5.555460911
17:58:56.993955;0.155656137;2.18538205;0.684590054;0.606524126;-0.218429768;0.975852672;5.556670322
17:58:57.004093;0.182211002;2.273229732;0.645899388;0.574562858;-0.275323749;0.961351566;5.557797754
17:58:57.014229;0.21005437;2.367333162;0.603877222;0.538880529;-0.331268632;0.943536482;5.558932837
17:58:57.023817;0.265444894;2.993534193;0.55419504;0.495029815;-0.386071564;0.922468833;5.560013087
17:58:57.035577;0.268673409;2.457393063;0.504991671;0.451289959;-0.439543627;0.898221242;5.561345736
17:58:57.044916;0.325479786;3.035033353;0.445757309;0.39710448;-0.491500492;0.870877297;5.56240931
17:58:57.056303;0.354472534;2.960256699;0.382424562;0.338279657;-0.541763053;0.840531257;5.563711474
17:58:57.066224;0.382639686;2.902326669;0.31909638;0.278647311;-0.590158044;0.807287732;5.564849977
17:58:57.076909;0.409785255;2.841835669;0.2549199;0.217463501;-0.636518639;0.771261319;5.566079419
17:58:57.087749;0.441837455;2.907057849;0.190559591;0.155352672;-0.680685022;0.732576209;5.567329235
17:58:57.097637;0.469417427;2.841348702;0.121767683;0.088225744;-0.722504942;0.691365756;5.568470712
17:58:57.108367;0.492075651;2.691719378;0.053134323;0.020533089;-0.761834239;0.647772022;5.569710052
17:58:57.119183;0.514757075;2.576891018;0.001;-0.045882831;-0.798537334;0.601945284;5.570959105
17:58:57.131039;0.535227433;2.43788482;0.001;-0.111807384;-0.832487707;0.554043516;5.572326877
17:58:57.142272;0.556344578;2.34102425;0.001;-0.175259805;-0.863568321;0.504231846;5.573620341
17:58:57.151918;0.57515818;2.241577307;0.001;-0.232900774;-0.891672037;0.452681983;5.574728345
17:58:57.162841;0.59400612;2.142944001;0.001;-0.29152877;-0.916701975;0.399571632;5.575979104
17:58:57.172550;0.612840955;2.087738094;0.001;-0.344354198;-0.938571851;0.345083875;5.577086588
17:58:57.182426;0.630725708;2.009484274;0.001;-0.397410217;-0.957206275;0.289406542;5.578208263
17:58:57.193236;0.641842801;1.813855555;0.001;-0.447991601;-0.972541011;0.232731565;5.579429549
17:58:57.203959;0.656481826;1.723388049;0.001;-0.495801088;-0.984523197;0.175254314;5.580633417
17:58:57.215573;0.665542219;1.546639114;0.001;-0.540267766;-0.993111527;0.117172925;5.58192771
17:58:57.225685;0.6665325;1.256751987;0.001;-0.577943746;-0.998276396;0.058687617;5.583045588
17:58:57.234926;0.667770185;1.029989838;0.001;-0.611630049;-1;1.22E-16;5.584059133
17:58:57.245857;0.680592229;1.062543892;0.001;-0.646290215;-1;-1.22E-16;5.585247278
17:58:57.256661;0.675131355;0.748705982;0.001;-0.676464933;-0.99821013;-0.059804154;5.58640925
17:58:57.267436;0.67210164;0.543348286;0.001;-0.703350719;-0.992846926;-0.119394225;5.587554909
17:58:57.277868;0.66627087;0.323748865;0.001;-0.725802717;-0.983929589;-0.178556895;5.588650655
17:58:57.288872;0.65564141;0.062672042;0.001;-0.744992396;-0.971490038;-0.237080378;5.589791196
17:58:57.298776;0.640109561;-0.25781245;0.001;-0.758897554;-0.955572806;-0.294755174;5.59080349
17:58:57.310480;0.624143698;-0.500113097;0.001;-0.770014671;-0.936234871;-0.351374824;5.591981345
17:58:57.320419;0.58297176;-1.179734453;0.001;-0.773435168;-0.913545458;-0.406736643;5.592965058
17:58:57.332691;0.567424876;-1.228386072;0.001;-0.774170941;-0.887585789;-0.46064245;5.59415759
17:58:57.342999;0.560610798;-1.106445344;0.001421763;-0.773735812;-0.858448794;-0.512899277;5.595139458
17:58:57.353326;0.559657136;-0.903232304;0.001945935;-0.773193837;-0.826238774;-0.563320058;5.596104116
17:58:57.363206;0.564853525;-0.623499769;0.001616468;-0.773504642;-0.791071035;-0.611724299;5.597008437
17:58:57.373928;0.572251669;-0.361923013;0.001;-0.77500178;-0.753071466;-0.657938726;5.597968408
17:58:57.384715;0.572251669;-0.289538411;0.001;-0.776373092;-0.712376097;-0.701797903;5.59891079
17:58:57.395335;0.579067695;-0.105294356;0.001;-0.778759023;-0.669130606;-0.743144825;5.599814727
17:58:57.405986;0.582326585;-0.022421332;0.001;-0.781429772;-0.623489802;-0.781831482;5.600696619
17:58:57.416877;0.58137818;-0.035683685;0.001;-0.783788807;-0.575617066;-0.817719386;5.601571876
17:58:57.427132;0.577779822;-0.099883112;0.001;-0.785318469;-0.52568377;-0.850680066;5.602370653
17:58:57.437372;0.581038147;-0.017719257;0.001;-0.787301068;-0.473868662;-0.880595532;5.603142887
17:58:57.449104;0.579748354;-0.037897344;0.001;-0.789002951;-0.420357228;-0.907358695;5.603995427
17:58:57.458569;0.579748354;-0.030317875;0.001;-0.790471983;-0.365341024;-0.930873749;5.604657368
17:58:57.468858;0.580730368;-0.004860445;0.001;-0.791989376;-0.309016994;-0.951056516;5.605349935
17:58:57.479714;0.579748354;-0.023007278;0.001;-0.793274667;-0.251586764;-0.967834748;5.606049289
17:58:57.488732;0.575206627;-0.10845715;0.001;-0.793778201;-0.193255918;-0.981148383;5.606605062
17:58:57.499114;0.565865713;-0.267966936;0.001917779;-0.792845325;-0.134233266;-0.990949762;5.607215839
17:58:57.509827;0.537804241;-0.734489548;0.007242063;-0.787471296;-0.074730094;-0.997203797;5.607812632
17:58:57.519996;0.51321198;-1.074727362;0.015580074;-0.779017646;-0.014959407;-0.999888102;5.608346849
17:58:57.532179;0.489660842;-1.257819461;0.028880905;-0.765452848;0.04486483;-0.998993067;5.608944356
17:58:57.542715;0.465377008;-1.476516845;0.043574712;-0.750384151;0.104528463;-0.994521895;5.609422729
17:58:57.553505;0.445305381;-1.530108864;0.062517726;-0.730829628;0.163817911;-0.986490594;5.609874794
17:58:57.563660;0.427693901;-1.573905187;0.080904903;-0.711719517;0.222520934;-0.974927912;5.610264437
17:58:57.574404;0.417247325;-1.455701386;0.100967792;-0.690689011;0.280427389;-0.959875242;5.610637975
17:58:57.584377;0.403581527;-1.435317642;0.121137247;-0.669397506;0.337329987;-0.941386467;5.610948293
17:58:57.594839;0.390892864;-1.389513849;0.143086737;-0.646057119;0.393025032;-0.919527773;5.61123531
17:58:57.606389;0.375459567;-1.40470487;0.16640025;-0.621112579;0.447313148;-0.894377408;5.611505351
17:58:57.617241;0.359771575;-1.406936813;0.192254126;-0.593269983;0.5;-0.866025404;5.611713298
17:58:57.628599;0.342323052;-1.470461092;0.217342943;-0.56610762;0.550896981;-0.834573254;5.611882373
17:58:57.637221;0.321609672;-1.563654613;0.245986502;-0.534984099;0.599821895;-0.800133548;5.611976886
17:58:57.648208;0.301024493;-1.657663137;0.274954745;-0.503377565;0.646599601;-0.762829572;5.612054175
17:58:57.659020;0.281287463;-1.667847482;0.309679542;-0.465273083;0.691062649;-0.722794864;5.612082127
17:58:57.669618;0.261777117;-1.698400712;0.343172634;-0.428279337;0.733051872;-0.680172738;5.612062293
17:58:57.679685;0.242289293;-1.745802896;0.375866671;-0.391962961;0.772416959;-0.63511577;5.611999326
17:58:57.690304;0.218773569;-1.863588238;0.41052231;-0.353344475;0.809016994;-0.587785252;5.61188545
17:58:57.700015;0.2003039;-1.857726835;0.445893565;-0.31365881;0.842720959;-0.538350616;5.611737907
17:58:57.710744;0.180797748;-1.848447416;0.48442656;-0.270112965;0.873408201;-0.486988824;5.611525829
17:58:57.721394;0.156202004;-1.944832177;0.523715123;-0.225500589;0.900968868;-0.433883739;5.611263479
17:58:57.731859;0.156202004;-1.555865741;0.557404969;-0.186365748;0.9253043;-0.379225463;5.610954501
17:58:57.743372;0.108956412;-2.050810572;0.60360669;-0.133353772;0.946327384;-0.323209657;5.61055493
17:58:57.753957;0.069704979;-2.390671374;0.648607497;-0.081795096;0.963962861;-0.266036846;5.610131471
17:58:57.763797;0.069704979;-1.912537099;0.68782452;-0.035706831;0.978147601;-0.207911691;5.60968881
17:58:57.774805;0.039848076;-2.079839107;0.730994414;0.015173005;0.988830826;-0.149042266;5.609136742
17:58:57.784653;0.039848076;-1.663871286;0.766216348;0.0579627;0.995974294;-0.089639309;5.608591169
17:58:57.795655;0.039848076;-1.331097029;0.798348491;0.098356788;0.999552432;-0.029915466;5.607923027
17:58:57.805381;0.004633961;-1.762791395;0.832286086;0.140525826;0.999552432;0.029915466;5.607280069
17:58:57.816068;-0.006820099;-1.626899183;0.865598171;0.182818067;0.995974294;0.089639309;5.606516347
17:58:57.828793;-0.019479698;-1.538371886;0.897304549;0.223951297;0.988830826;0.149042266;5.605529471
17:58:57.836670;-0.032161311;-1.48291013;0.925526321;0.261341944;0.978147601;0.207911691;5.604876894
17:58:57.848203;-0.042612004;-1.378278537;0.953965874;0.300018456;0.963962861;0.266036846;5.603864694
17:58:57.858196;-0.053057517;-1.307353736;0.978797678;0.334714553;0.946327384;0.323209657;5.602933804
17:58:57.868801;-0.06250106;-1.231138465;1.001896582;0.367913211;0.9253043;0.379225463;5.601891965
17:58:57.877957;-0.07219468;-1.177398836;1.023269021;0.399487045;0.900968868;0.433883739;5.600948372
17:58:57.889221;-0.080647299;-1.093649432;1.045068464;0.432812279;0.873408201;0.486988824;5.599732221
17:58:57.899711;-0.089095257;-1.035408058;1.064064287;0.462913088;0.842720959;0.538350616;5.59854551
17:58:57.910879;-0.095317237;-0.947036447;1.08125229;0.491347866;0.809016994;0.587785252;5.597225571
17:58:57.921960;-0.100516551;-0.84960614;1.097857016;0.520273567;0.772416959;0.63511577;5.595859154
17:58:57.931710;-0.109931612;-0.864550539;1.112069258;0.545742738;0.733051872;0.680172738;5.594610795
17:58:57.945163;-0.110936109;-0.706746098;1.127654894;0.576225839;0.691062649;0.722794864;5.592818645
17:58:57.955552;-0.111903152;-0.584536895;1.137551936;0.597569191;0.646599601;0.762829572;5.591380267
17:58:57.965853;-0.112880871;-0.486975763;1.146026713;0.617585963;0.599821895;0.800133548;5.589908035
17:58:57.976172;-0.111903152;-0.371417558;1.153347624;0.637285743;0.550896981;0.834573254;5.58838797
17:58:57.986035;-0.108659179;-0.232848239;1.158454905;0.654059672;0.5;0.866025404;5.586893378
17:58:57.996741;-0.108659179;-0.186278591;1.16268736;0.670390034;0.447313148;0.894377408;5.585225633
17:58:58.006617;-0.097985615;0.061930031;1.164254826;0.683731655;0.393025032;0.919527773;5.583645924
17:58:58.017305;-0.087313769;0.250743782;1.163529549;0.695353588;0.337329987;0.941386467;5.58189245
17:58:58.027563;-0.054341059;0.837148135;1.157246617;0.701091944;0.280427389;0.959875242;5.580167326
17:58:58.038240;-0.02459452;1.227377704;1.146050023;0.702181135;0.222520934;0.974927912;5.578328591
17:58:58.049400;0.001449684;1.471100424;1.131102226;0.699355907;0.163817911;0.986490594;5.576360463
17:58:58.059081;0.029684013;1.723727092;1.112808733;0.692647171;0.104528463;0.994521895;5.574615582
17:58:58.069863;0.058597373;1.922869763;1.09014767;0.681696034;0.04486483;0.998993067;5.572631899
17:58:58.080427;0.082165986;1.9827053;1.064796925;0.667772472;-0.014959407;0.999888102;5.570647817
17:58:58.092157;0.110916901;2.126756539;1.035837341;0.649983464;-0.074730094;0.997203797;5.568398685
17:58:58.101195;0.133259481;2.144761223;1.006182718;0.630618069;-0.134233266;0.990949762;5.566633287
17:58:58.111835;0.151528853;2.061003578;0.973534868;0.608446116;-0.193255918;0.981148383;5.564519488
17:58:58.122607;0.174022854;2.065111264;0.938029013;0.583266811;-0.251586764;0.967834748;5.562341123
17:58:58.133026;0.196513948;2.090529724;0.902316953;0.556993443;-0.309016994;0.951056516;5.560198186
17:58:58.144194;0.222114189;2.145818647;0.862068075;0.526283547;-0.365341024;0.930873749;5.557862764
17:58:58.153926;0.248751753;2.240906986;0.821714696;0.494483315;-0.420357228;0.907358695;5.555795883
17:58:58.165060;0.277660049;2.321831435;0.775308871;0.456799895;-0.473868662;0.880595532;5.55339577
17:58:58.174968;0.280637714;1.916589188;0.734987222;0.424082078;-0.52568377;0.850680066;5.551228785
17:58:58.185483;0.336593319;2.570125835;0.683076875;0.379820875;-0.575617066;0.817719386;5.548897671
17:58:58.195912;0.36253331;2.569770877;0.632893001;0.336279272;-0.623489802;0.781831482;5.546554429
17:58:58.205806;0.390636918;2.613747187;0.580864837;0.290361386;-0.669130606;0.743144825;5.544303335
17:58:58.216069;0.443082316;3.114190423;0.520968695;0.236108465;-0.712376097;0.701797903;5.54194009
17:58:58.226788;0.468411015;2.957691417;0.457248843;0.177696086;-0.753071466;0.657938726;5.539441925
17:58:58.240111;0.490525755;2.698568996;0.381245082;0.107259888;-0.791071035;0.611724299;5.536295431
17:58:58.250172;0.513185071;2.607577146;0.324880693;0.054456434;-0.826238774;0.563320058;5.533889737
17:58:58.260505;0.532673986;2.465056541;0.268848234;0.001471926;-0.858448794;0.512899277;5.531393256
17:58:58.271351;0.552084627;2.335758417;0.212358247;-0.052455745;-0.887585789;0.46064245;5.528745528
17:58:58.282002;0.568629789;2.176432577;0.15794552;-0.104883951;-0.913545458;0.406736643;5.52611896
17:58:58.292833;0.588379328;2.107762556;0.105084423;-0.156333902;-0.936234871;0.351374824;5.52342193
17:58:58.303619;0.605249131;2.004795241;0.055335947;-0.205238269;-0.955572806;0.294755174;5.520710776
17:58:58.314778;0.619758939;1.875992733;0.007838919;-0.252403722;-0.971490038;0.237080378;5.517880112
17:58:58.324448;0.630417997;1.704626109;0.001;-0.296014309;-0.983929589;0.178556895;5.515406653
17:58:58.334715;0.638632001;1.526139513;0.001;-0.335143782;-0.992846926;0.119394225;5.512760325
17:58:58.345984;0.644109979;1.32165566;0.001;-0.373595855;-0.99821013;0.059804154;5.509832629
17:58:58.356233;0.64510031;1.07650504;0.001;-0.40612346;-1;1.22E-16;5.507149679
17:58:58.366408;0.648754641;0.933571049;0.001;-0.435182872;-1;-1.22E-16;5.504467718
17:58:58.376680;0.647707024;0.726058201;0.001;-0.460906617;-0.998398349;-0.056575049;5.501742294
17:58:58.386869;0.644131127;0.512785417;0.001;-0.48421837;-0.993598528;-0.112968871;5.499021807
17:58:58.396589;0.641488784;0.357841285;0.001;-0.503793951;-0.98561591;-0.16900082;5.496411306
17:58:58.406624;0.632357618;0.105388052;0.001;-0.519781495;-0.974476068;-0.224491409;5.493701223
17:58:58.417404;0.627498976;-0.007047409;0.001;-0.534042476;-0.960214685;-0.279262883;5.490773713
17:58:58.428200;0.608680975;-0.352480251;0.001;-0.543537653;-0.942877445;-0.333139795;5.487825791
17:58:58.438263;0.610654525;-0.242778748;0.001;-0.551862928;-0.922519885;-0.385949559;5.485064246
17:58:58.451316;0.583654166;-0.696411428;0.001;-0.554864733;-0.899207215;-0.43752301;5.481463455
17:58:58.459107;0.567158877;-0.879155124;0.001343193;-0.554509511;-0.873014113;-0.487694944;5.479304696
17:58:58.469651;0.557146162;-0.901835337;0.003415791;-0.552412758;-0.844024484;-0.536304643;5.476372412
17:58:58.479743;0.550342604;-0.850896778;0.006642616;-0.549132807;-0.81233119;-0.583196397;5.473554919
17:58:58.490500;0.550361664;-0.680360566;0.009632965;-0.546055288;-0.778035754;-0.628219997;5.470540766
17:58:58.501475;0.548096013;-0.588924758;0.012634434;-0.54294057;-0.741248036;-0.671231219;5.467454632
17:58:58.512303;0.551321338;-0.415444861;0.015095499;-0.540318677;-0.702085876;-0.712092285;5.464399863
17:58:58.522836;0.556490922;-0.23514238;0.016174257;-0.539073539;-0.660674723;-0.750672305;5.461419589
17:58:58.534452;0.560711094;-0.110039312;0.016363159;-0.53870874;-0.617147231;-0.786847695;5.458123802
17:58:58.544117;0.563935553;-0.026729015;0.015926206;-0.538975884;-0.571642829;-0.820502575;5.455375002
17:58:58.554807;0.570730826;0.111442299;0.014306525;-0.540441016;-0.524307284;-0.851529138;5.452328475
17:58:58.568610;0.57395593;0.135407549;0.011536295;-0.543031443;-0.475292224;-0.879827996;5.448386358
17:58:58.580652;0.574917033;0.125604093;0.009367352;-0.545084303;-0.424754659;-0.9053085;5.444940634
17:58:58.589604;0.57394017;0.081304563;0.007731851;-0.546632832;-0.372856478;-0.927889027;5.44237583
17:58:58.599923;0.566199368;-0.086013709;0.007616207;-0.546669833;-0.319763925;-0.947497247;5.439416585
17:58:58.611062;0.556520456;-0.250055441;0.009313668;-0.54488182;-0.265647071;-0.964070347;5.436219604
17:58:58.621154;0.556507986;-0.200290686;0.010783425;-0.543310216;-0.21067927;-0.977555239;5.433321525
17:58:58.631943;0.552303521;-0.24283597;0.012886895;-0.541086106;-0.1550366;-0.987908727;5.43022238
17:58:58.641055;0.550065304;-0.238464424;0.015200059;-0.538630526;-0.0988973;-0.995097645;5.427604798
17:58:58.651632;0.553634641;-0.120244513;0.016674642;-0.536994513;-0.042441203;-0.999098966;5.424566862
17:58:58.661941;0.544912193;-0.261243179;0.019704893;-0.533771754;0.014150846;-0.999899872;5.421607097
17:58:58.672204;0.544912193;-0.208994543;0.022349618;-0.530914256;0.070697566;-0.997497797;5.41866241
17:58:58.682144;0.490608333;-1.240900214;0.034574076;-0.518401066;0.12701782;-0.991900435;5.415812827
17:58:58.692115;0.490608333;-0.992720171;0.045808583;-0.506760273;0.182931197;-0.983125718;5.412957395
17:58:58.703189;0.471538583;-1.147988015;0.060553058;-0.491441369;0.238258591;-0.971201752;5.409790424
17:58:58.713684;0.451717313;-1.30905031;0.076995065;-0.474300331;0.292822771;-0.956166735;5.406794002
17:58:58.723546;0.437318174;-1.324494107;0.095253443;-0.455146044;0.346448952;-0.938068827;5.403983381
17:58:58.734359;0.434311899;-1.115921452;0.113051179;-0.43623511;0.398965351;-0.916966002;5.400908117
17:58:58.744655;0.436552972;-0.848466089;0.128060624;-0.420003998;0.450203745;-0.892925858;5.397986814
17:58:58.754320;0.399931357;-1.38994325;0.149277594;-0.39735729;0.5;-0.866025404;5.395251324
17:58:58.766816;0.38306599;-1.446713056;0.17161053;-0.373406075;0.548194604;-0.836350809;5.391725255
17:58:58.774718;0.366528078;-1.483268267;0.195521774;-0.347630003;0.594633176;-0.80399713;5.389502232
17:58:58.785367;0.34884551;-1.5354695;0.22093571;-0.320103219;0.639166959;-0.769068007;5.386515314
17:58:58.795404;0.330326334;-1.588277028;0.248317984;-0.290304157;0.681653297;-0.731675326;5.383710039
17:58:58.806058;0.310651256;-1.635062861;0.27872886;-0.257045188;0.721956094;-0.691938869;5.380743649
17:58:58.816010;0.294252744;-1.633164011;0.307909323;-0.224903418;0.759946248;-0.649985923;5.377983928
17:58:58.826839;0.27682059;-1.63138629;0.339892123;-0.189441452;0.795502065;-0.605950876;5.374994065
17:58:58.837381;0.258317841;-1.648865227;0.372931353;-0.152562261;0.828509649;-0.559974786;5.372097257
17:58:58.848609;0.237798252;-1.700088483;0.407264165;-0.114024116;0.858863267;-0.512204928;5.369027781
17:58:58.859640;0.201836839;-1.990491495;0.44842107;-0.067981471;0.886465687;-0.462794323;5.366028921
17:58:58.870065;0.181287461;-1.98450605;0.486746085;-0.02475182;0.91122849;-0.411901248;5.363210852
17:58:58.881283;0.155444425;-2.092342089;0.525937474;0.019628324;0.933072354;-0.35968873;5.360196679
17:58:58.891247;0.132844082;-2.098418509;0.567437763;0.066953471;0.951927306;-0.30632402;5.357536022
17:58:58.901608;0.109264213;-2.119242681;0.609860383;0.115682627;0.967732947;-0.251978061;5.354786604
17:58:58.911902;0.091572549;-2.045851628;0.649189775;0.161371774;0.980438648;-0.196824941;5.352073069
17:58:58.923704;0.075190231;-1.915725939;0.693509312;0.2135801;0.990003708;-0.141041332;5.348985122
17:58:58.933683;0.062893332;-1.776744189;0.729516605;0.256757863;0.996397489;-0.084805924;5.346394153
17:58:58.944572;0.051593685;-1.628961019;0.766395591;0.301784809;0.999599507;-0.028298858;5.3435886
17:58:58.957381;0.051593685;-1.303168815;0.797613115;0.341203744;0.999599507;0.028298858;5.340318422
17:58:58.966592;0.051593685;-1.042535052;0.827646811;0.38060134;0.996397489;0.084805924;5.337987564
17:58:58.979005;0.020440513;-1.346051837;0.862590955;0.425834644;0.990003708;0.141041332;5.334874592
17:58:58.989675;0.009218215;-1.28285278;0.892174815;0.464980976;0.980438648;0.196824941;5.332225154
17:58:59.000602;-0.000487114;-1.206461837;0.919840117;0.502409861;0.967732947;0.251978061;5.329537805
17:58:59.010512;-0.009932199;-1.152108107;0.944524608;0.536516569;0.951927306;0.30632402;5.327123715
17:58:59.021427;-0.033057674;-1.350398961;0.972341945;0.574677019;0.933072354;0.35968873;5.324490809
17:58:59.031842;-0.041255338;-1.242634991;0.996829777;0.609112491;0.91122849;0.411901248;5.322004436
17:58:59.042061;-0.049983675;-1.166354032;1.02018666;0.64269267;0.886465687;0.462794323;5.319589947
17:58:59.051953;-0.059410383;-1.116694403;1.042843526;0.67594356;0.858863267;0.512204928;5.317276839
17:58:59.062076;-0.068826368;-1.080298901;1.064179237;0.707894013;0.828509649;0.559974786;5.314934731
17:58:59.073877;-0.076273958;-0.989637835;1.087792806;0.744291555;0.795502065;0.605950876;5.312236937
17:58:59.084765;-0.081462521;-0.892710852;1.106653368;0.774427189;0.759946248;0.649985923;5.309779532
17:58:59.094400;-0.081462521;-0.714168681;1.123181014;0.802186769;0.721956094;0.691938869;5.307630747
17:58:59.104217;-0.096044451;-0.859304295;1.140221749;0.830690299;0.681653297;0.731675326;5.30546673
17:58:59.114826;-0.100232731;-0.76732031;1.156631319;0.859144845;0.639166959;0.769068007;5.303157383
17:58:59.125144;-0.102501312;-0.657329351;1.171569707;0.886234039;0.594633176;0.80399713;5.300941017
17:58:59.136120;-0.102187212;-0.520000915;1.185263345;0.912556291;0.548194604;0.836350809;5.298615935
17:58:59.146768;-0.10121529;-0.396748373;1.196739209;0.936058274;0.5;0.866025404;5.296393015
17:58:59.156705;-0.098958673;-0.274290028;1.207183339;0.959087204;0.450203745;0.892925858;5.294348034
17:58:59.167856;-0.094756553;-0.137794518;1.215941346;0.98031849;0.398965351;0.916966002;5.292087686
17:58:59.177099;-0.089286872;-0.001593159;1.223070477;0.999727569;0.346448952;0.938068827;5.290242146
17:58:59.187658;-0.065715375;0.452882773;1.22699328;1.016366931;0.292822771;0.956166735;5.28816543
17:58:59.198136;-0.065433373;0.367824834;1.230468589;1.032400186;0.238258591;0.971201752;5.286138434
17:58:59.208358;-0.048598602;0.608225204;1.231848464;1.046983104;0.182931197;0.983125718;5.284193883
17:58:59.218257;-0.005271209;1.345025924;1.228410879;1.05596275;0.12701782;0.991900435;5.282342214
17:58:59.229112;0.023754869;1.65228165;1.222119446;1.062014261;0.070697566;0.997497797;5.280347787
17:58:59.239123;0.054976509;1.911497638;1.212441098;1.065225824;0.014150846;0.999899872;5.278542346
17:58:59.249983;0.084850894;2.080906994;1.199704121;1.065549754;-0.042441203;0.999098966;5.276621118
17:58:59.260119;0.137157586;2.677669622;1.18245373;1.060599857;-0.0988973;0.995097645;5.274863503
17:58:59.270792;0.159637481;2.588586471;1.163826549;1.053786257;-0.1550366;0.987908727;5.273050367
17:58:59.281178;0.182093863;2.484033735;1.141741212;1.044231537;-0.21067927;0.977555239;5.271323512
17:58:59.291560;0.193942665;2.216401984;1.120019543;1.034203075;-0.265647071;0.964070347;5.269634811
17:58:59.302609;0.220705135;2.26770332;1.09465326;1.020820081;-0.319763925;0.947497247;5.267879343
17:58:59.313459;0.249506087;2.33906215;1.065893972;1.003915016;-0.372856478;0.927889027;5.266197922
17:58:59.323425;0.252459692;1.928680321;1.039165751;0.988012426;-0.424754659;0.9053085;5.264691025
17:58:59.334330;0.255688075;1.602364956;1.011152169;0.971137788;-0.475292224;0.879827996;5.263083851
17:58:59.344926;0.257652908;1.318821424;0.984141935;0.9547429;-0.524307284;0.851529138;5.261564489
17:58:59.356097;0.258634495;1.07330093;0.957419963;0.938466616;-0.571642829;0.820502575;5.260008378
17:58:59.365697;0.258634495;0.858640744;0.933061198;0.923645459;-0.617147231;0.786847695;5.25870904
17:58:59.375892;0.416059423;3.795156275;0.886998742;0.88680108;-0.660674723;0.750672305;5.257368021
17:58:59.386182;0.438221888;3.476197181;0.838076923;0.846566776;-0.702085876;0.712092285;5.256055551
17:58:59.396910;0.458170438;3.147268622;0.78210395;0.799416654;-0.741248036;0.671231219;5.254731636
17:58:59.407028;0.485835119;3.057639408;0.725239759;0.750276823;-0.778035754;0.628219997;5.253525034
17:58:59.418013;0.50860271;2.896068397;0.665750211;0.697825002;-0.81233119;0.583196397;5.25226178
17:58:59.427781;0.530090409;2.723020689;0.600426409;0.639198703;-0.844024484;0.536304643;5.25117981
17:58:59.438175;0.55316548;2.620488613;0.532813161;0.577499271;-0.873014113;0.487694944;5.250071706
17:58:59.448802;0.577220771;2.553987746;0.461628782;0.51154061;-0.899207215;0.43752301;5.248985323
17:58:59.458757;0.601644587;2.526092099;0.390419415;0.444638437;-0.922519885;0.385949559;5.24801081
17:58:59.469281;0.625629662;2.485565221;0.315495804;0.373355466;-0.942877445;0.333139795;5.247026499
17:58:59.479842;0.644464877;2.345279618;0.238373537;0.29915303;-0.960214685;0.279262883;5.246086661
17:58:59.489795;0.644464877;1.876223694;0.16861453;0.231452323;-0.974476068;0.224491409;5.245245345
17:58:59.501280;0.676060489;2.098952484;0.093155819;0.157371933;-0.98561591;0.16900082;5.244328669
17:58:59.510991;0.686102357;1.868216586;0.020494733;0.085309324;-0.993598528;0.112968871;5.243599315
17:58:59.522293;0.698013558;1.715278883;0.001;0.014420731;-0.998398349;0.056575049;5.242803796
17:58:59.533374;0.702260845;1.451589638;0.001;-0.050953601;-1;1.22E-16;5.24208011
17:58:59.542809;0.698956201;1.095796669;0.001;-0.106386424;-1;-1.22E-16;5.241508295
17:58:59.552768;0.693996864;0.778459021;0.001;-0.155850086;-0.998426815;-0.056070447;5.240949431
17:58:59.563746;0.693996864;0.622767217;0.001;-0.204339209;-0.99371221;-0.111964476;5.240387099
17:58:59.574465;0.658786847;-0.145645964;0.001;-0.239896149;-0.985871019;-0.167506223;5.239892925
17:58:59.586768;0.658786847;-0.116516771;0.001;-0.269793472;-0.974927912;-0.222520934;5.239393282
17:58:59.594845;0.658786847;-0.093213417;0.001;-0.296980123;-0.960917322;-0.276835511;5.239104899
17:58:59.606989;0.658786847;-0.074570733;0.001;-0.326403879;-0.94388333;-0.330279062;5.238731025
17:58:59.617662;0.608565486;-0.996175259;0.001;-0.338877438;-0.923879533;-0.382683432;5.23846221
17:58:59.628499;0.588500073;-1.164353752;0.001;-0.345954108;-0.900968868;-0.433883739;5.238247054
17:58:59.639343;0.572315058;-1.233185139;0.001;-0.348733085;-0.875223422;-0.483718887;5.238090603
17:58:59.649973;0.563635208;-1.147126044;0.001;-0.349365705;-0.846724199;-0.532032077;5.237994914
17:58:59.660623;0.562674495;-0.936266017;0.001;-0.349716712;-0.815560869;-0.578671296;5.237956838
17:58:59.670599;0.569108782;-0.621189071;0.001;-0.351372437;-0.781831482;-0.623489802;5.237974116
17:58:59.680714;0.571069178;-0.458211982;0.001;-0.35331969;-0.745642165;-0.666346578;5.238044382
17:58:59.692010;0.578841551;-0.222410146;0.001;-0.356957073;-0.707106781;-0.707106781;5.238186186
17:58:59.701832;0.58986102;0.031855394;0.001;-0.362593545;-0.666346578;-0.745642165;5.238364276
17:58:59.712815;0.59761714;0.167169893;0.001;-0.36972154;-0.623489802;-0.781831482;5.238624313
17:58:59.723775;0.59629173;0.109062679;0.001;-0.37583903;-0.578671296;-0.815560869;5.238948459
17:58:59.733828;0.599518816;0.151212226;0.001;-0.381785996;-0.532032077;-0.846724199;5.239303066
17:58:59.744597;0.601468417;0.15687544;0.001;-0.388102269;-0.483718887;-0.875223422;5.239744258
17:58:59.754695;0.56557053;-0.58777801;0.002930559;-0.386151805;-0.433883739;-0.900968868;5.240216071
17:58:59.765428;0.56557053;-0.470222408;0.004727034;-0.384316495;-0.382683432;-0.923879533;5.24077973
17:58:59.776531;0.572026458;-0.248673126;0.005068282;-0.383925627;-0.330279062;-0.94388333;5.241430811
17:58:59.785399;0.567823914;-0.278483264;0.006294667;-0.382639122;-0.276835511;-0.960917322;5.242000896
17:58:59.799379;0.568812721;-0.208503366;0.0074842;-0.381354053;-0.222520934;-0.974927912;5.2429907
17:58:59.810256;0.557862357;-0.367081615;0.010760699;-0.377977552;-0.167506223;-0.985871019;5.24383858
17:58:59.820921;0.535203762;-0.713577583;0.018707187;-0.369871488;-0.111964476;-0.99371221;5.244736619
17:58:59.831762;0.507630615;-1.079154739;0.032200717;-0.356100859;-0.056070447;-0.998426815;5.245717705
17:58:59.841989;0.485237103;-1.305483979;0.048576155;-0.339315341;6.12E-17;-1;5.246706777
17:58:59.852913;0.464350653;-1.458226428;0.068170058;-0.319131066;0.056070447;-0.998426815;5.247831952
17:58:59.863551;0.454342118;-1.353936299;0.089699436;-0.29675691;0.111964476;-0.99371221;5.248996397
17:58:59.873070;0.429334084;-1.564084375;0.114671833;-0.270720236;0.167506223;-0.985871019;5.250096286
17:58:59.883880;0.422995149;-1.36980698;0.13995595;-0.244072765;0.222520934;-0.974927912;5.251412193
17:58:59.893944;0.424268269;-1.070616714;0.16180163;-0.220702962;0.276835511;-0.960917322;5.252701659
17:58:59.905364;0.389524549;-1.516300972;0.190887476;-0.189757981;0.330279062;-0.94388333;5.254240625
17:58:59.915143;0.369623969;-1.608166107;0.221073476;-0.157495233;0.382683432;-0.923879533;5.255622936
17:58:59.924755;0.369623969;-1.286532886;0.249163997;-0.127024004;0.433883739;-0.900968868;5.257040042
17:58:59.935565;0.350001233;-1.395757562;0.281249425;-0.092096538;0.483718887;-0.875223422;5.258703432
17:58:59.946217;0.329346833;-1.498336811;0.316016444;-0.054095162;0.532032077;-0.846724199;5.26041517
17:58:59.956741;0.310832901;-1.544926632;0.3519423;-0.014595003;0.578671296;-0.815560869;5.262177692
17:58:59.966946;0.29535591;-1.543251653;0.386489587;0.023673697;0.623489802;-0.781831482;5.263955006
17:58:59.977207;0.277833929;-1.572229534;0.423201673;0.06459072;0.666346578;-0.745642165;5.265810271
17:58:59.988153;0.259192526;-1.603260048;0.462491908;0.108663437;0.707106781;-0.707106781;5.267865308
17:58:59.998778;0.240585975;-1.638791655;0.501391082;0.152601067;0.745642165;-0.666346578;5.269935572
17:59:00.009987;0.221972261;-1.652369155;0.542651724;0.199558968;0.781831482;-0.623489802;5.27220083
17:59:00.019860;0.181629175;-2.108099608;0.586852533;0.24955951;0.815560869;-0.578671296;5.274265635
17:59:00.030432;0.164020821;-2.012965469;0.632796101;0.302085553;0.846724199;-0.532032077;5.276549346
17:59:00.040942;0.164316789;-1.60476124;0.67296663;0.349147441;0.875223422;-0.483718887;5.278894713
17:59:00.051176;0.137449898;-1.817309982;0.713055037;0.396219468;0.900968868;-0.433883739;5.281250881
17:59:00.061998;0.127176316;-1.643344307;0.753834632;0.444956281;0.923879533;-0.382683432;5.283820656
17:59:00.073098;0.117784769;-1.489439755;0.791662902;0.491093956;0.94388333;-0.330279062;5.28654056
17:59:00.083073;0.108442797;-1.376086739;0.825120061;0.532739321;0.960917322;-0.276835511;5.289057959
17:59:00.093125;0.087577951;-1.515175973;0.858697614;0.574800136;0.974927912;-0.222520934;5.29166531
17:59:00.103054;0.087577951;-1.212140778;0.888460779;0.613378088;0.985871019;-0.167506223;5.294310688
17:59:00.113566;0.077179621;-1.165346212;0.918067047;0.652589904;0.99371221;-0.111964476;5.297187619
17:59:00.124015;0.078155611;-0.912903399;0.942522409;0.686421056;0.998426815;-0.056070447;5.300125497
17:59:00.134734;0.056368963;-1.162069567;0.967800848;0.721342084;1;0;5.303220819
17:59:00.145100;0.046824679;-1.098693505;0.994154788;0.758777412;0.998426815;0.056070447;5.306292756
17:59:00.155876;0.038252432;-1.037174813;1.017430371;0.792954701;0.99371221;0.111964476;5.30956565
17:59:00.166141;0.027731031;-1.037502904;1.037916518;0.823851816;0.985871019;0.167506223;5.312755742
17:59:00.176921;0.018490356;-1.003112521;1.058056967;0.855183321;0.974927912;0.222520934;5.316178814
17:59:00.187827;0.0099246;-0.960415326;1.076944427;0.885653524;0.960917322;0.276835511;5.319714668
17:59:00.197771;-0.001582118;-0.9956327;1.093692616;0.91339229;0.94388333;0.330279062;5.322999596
17:59:00.208935;-0.010795141;-0.966794988;1.110356117;0.941982605;0.923879533;0.382683432;5.326753581
17:59:00.218553;-0.020282043;-0.961216057;1.124885596;0.967806675;0.900968868;0.433883739;5.330041075
17:59:00.228866;-0.028769494;-0.937203857;1.13838771;0.992729001;0.875223422;0.483718887;5.333618244
17:59:00.239625;-0.043467841;-1.023551183;1.152480561;1.019122471;0.846724199;0.532032077;5.3374046
17:59:00.250099;-0.056128636;-1.068476183;1.165251042;1.043649518;0.815560869;0.578671296;5.341141078
17:59:00.260170;-0.064569439;-1.019055586;1.177220769;1.06765703;0.781831482;0.623489802;5.344777906
17:59:00.270055;-0.070066263;-0.922190708;1.187992293;1.090586766;0.745642165;0.666346578;5.348387037
17:59:00.280954;-0.074961399;-0.829290152;1.197997288;1.113352776;0.707106781;0.707106781;5.3524087
17:59:00.291698;-0.076918492;-0.699384525;1.20676687;1.135214244;0.666346578;0.745642165;5.356413439
17:59:00.302910;-0.079167472;-0.601263355;1.21426031;1.155748612;0.623489802;0.781831482;5.360631762
17:59:00.313186;-0.079167472;-0.481010684;1.220169717;1.17393707;0.578671296;0.815560869;5.36452997
17:59:00.322602;-0.077896969;-0.359608469;1.225051688;1.19114773;0.532032077;0.846724199;5.368126368
17:59:00.332810;-0.074655247;-0.223630802;1.228910871;1.207426427;0.483718887;0.875223422;5.372049079
17:59:00.342943;-0.061400792;0.081235765;1.231134699;1.222184885;0.433883739;0.900968868;5.375964823
17:59:00.354036;-0.047469983;0.335013746;1.231897376;1.2356548;0.382683432;0.923879533;5.380273317
17:59:00.364889;-0.030028507;0.581249066;1.231066376;1.24853801;0.330279062;0.94388333;5.384507323
17:59:00.374553;-0.00868477;0.884429479;1.228740125;1.258729043;0.276835511;0.960917322;5.38829036
17:59:00.385473;-0.00966337;0.68863335;1.226501335;1.269196018;0.222520934;0.974927912;5.392576627
17:59:00.395810;0.040730733;1.531872999;1.221045691;1.276313598;0.167506223;0.985871019;5.396642428
17:59:00.405478;0.069810089;1.799175659;1.214130256;1.281741556;0.111964476;0.99371221;5.400449881
17:59:00.415625;0.093561117;1.909457438;1.206164546;1.286003127;0.056070447;0.998426815;5.404448335
17:59:00.426111;0.121442253;2.050703891;1.196446371;1.289089343;6.12E-17;1;5.408580086
17:59:00.437667;0.144044365;2.089462545;1.186414287;1.29105448;-0.056070447;0.998426815;5.413129568
17:59:00.446524;0.165522846;2.088839152;1.175384454;1.292181199;-0.111964476;0.99371221;5.416611321
17:59:00.457460;0.210502847;2.51396445;1.161605444;1.290872606;-0.167506223;0.985871019;5.420901237
17:59:00.468082;0.212468044;2.048580424;1.148628608;1.290031476;-0.222520934;0.974927912;5.425055341
17:59:00.478430;0.238276217;2.149732258;1.135135602;1.28807509;-0.276835511;0.960917322;5.429087326
17:59:00.489199;0.263911976;2.219148126;1.120379976;1.284898007;-0.330279062;0.94388333;5.433264554
17:59:00.498326;0.292558007;2.341981072;1.104584197;1.280349345;-0.382683432;0.923879533;5.436787484
17:59:00.509018;0.321651651;2.451123495;1.087487919;1.27429514;-0.433883739;0.900968868;5.440891413
17:59:00.518912;0.349462354;2.485044511;1.068082709;1.266326588;-0.483718887;0.875223422;5.444664256
17:59:00.529408;0.375240476;2.471228296;1.047241905;1.256770363;-0.532032077;0.846724199;5.448637741
17:59:00.540367;0.400231657;2.447885567;1.025139195;1.245665396;-0.578671296;0.815560869;5.452751555
17:59:00.551058;0.399931927;1.952792125;1.003188648;1.23473516;-0.623489802;0.781831482;5.456727153
17:59:00.561847;0.399931927;1.5622337;0.981844758;1.224217378;-0.666346578;0.745642165;5.46069829
17:59:00.573035;0.473257405;2.61968743;0.95482235;1.207560803;-0.707106781;0.707106781;5.464769425
17:59:00.583839;0.473257405;2.095749944;0.928058533;1.190957672;-0.745642165;0.666346578;5.468652183
17:59:00.593439;0.547413261;3.146100823;0.896349785;1.168455394;-0.781831482;0.623489802;5.472059473
17:59:00.603893;0.54614014;2.492200722;0.864237599;1.145425043;-0.815560869;0.578671296;5.475721299
17:59:00.614771;0.589738121;2.807180633;0.826120638;1.116368099;-0.846724199;0.532032077;5.479474788
17:59:00.625106;0.589738121;2.245744507;0.790339536;1.088741807;-0.875223422;0.483718887;5.4829842
17:59:00.635069;0.627112223;2.506188841;0.748441687;1.054948654;-0.900968868;0.433883739;5.486312261
17:59:00.645791;0.645283855;2.348078589;0.70395471;1.018153325;-0.923879533;0.382683432;5.489830537
17:59:00.657255;0.660859905;2.187845936;0.659690717;0.980754539;-0.94388333;0.330279062;5.493516145
17:59:00.666189;0.676461394;2.053692612;0.612438964;0.940043766;-0.960917322;0.276835511;5.496331369
17:59:00.676623;0.688379262;1.87957858;0.564720369;0.898253702;-0.974927912;0.222520934;5.499553361
17:59:00.686603;0.696157011;1.657359663;0.516083279;0.855085414;-0.985871019;0.167506223;5.50256614
17:59:00.696713;0.701174282;1.425042634;0.46737799;0.811355729;-0.99371221;0.111964476;5.505546683
17:59:00.707118;0.702082617;1.157597083;0.418466222;0.767024433;-0.998426815;0.056070447;5.508536263
17:59:00.716804;0.699799754;0.880999457;0.372222416;0.724783739;-1;1.22E-16;5.511245676
17:59:00.727566;0.696144484;0.635827194;0.326057605;0.682318108;-1;-1.22E-16;5.514169933
17:59:00.738336;0.690667587;0.406005464;0.282414509;0.641919745;-0.998308158;-0.058144829;5.517002469
17:59:00.749296;0.682452345;0.17292685;0.241760424;0.6040993;-0.993238358;-0.116092914;5.519785206
17:59:00.759132;0.661340358;-0.279583166;0.209751964;0.574370423;-0.984807753;-0.173648178;5.522194085
17:59:00.770618;0.650957484;-0.401951863;0.177179888;0.544049879;-0.973044871;-0.230615871;5.524897717
17:59:00.781498;0.639934496;-0.526153874;0.151158377;0.519796045;-0.957989512;-0.286803233;5.527346683
17:59:00.792242;0.632751618;-0.557406574;0.128716411;0.498825867;-0.939692621;-0.342020143;5.529654766
17:59:00.802749;0.623066798;-0.638269346;0.110467819;0.481780728;-0.918216107;-0.396079766;5.531802861
17:59:00.812596;0.612432667;-0.720895245;0.095412686;0.467766016;-0.89363264;-0.44879918;5.533715427
17:59:00.823026;0.611503317;-0.595147809;0.081459422;0.454703871;-0.866025404;-0.5;5.535632271
17:59:00.832663;0.6160189;-0.38892605;0.066989194;0.441001667;-0.835487811;-0.549508978;5.537301249
17:59:00.843494;0.621183719;-0.215245824;0.051697169;0.426347976;-0.802123193;-0.597158592;5.539056982
17:59:00.853669;0.62645773;-0.068030585;0.037081015;0.412180542;-0.766044443;-0.64278761;5.540587827
17:59:00.864668;0.628724749;-0.012470498;0.02194553;0.397363087;-0.727373642;-0.686241638;5.542110256
17:59:00.874512;0.630986863;0.034751718;0.008198718;0.383767981;-0.686241638;-0.727373642;5.543353435
17:59:00.885048;0.631951249;0.046167447;0.001;0.370209012;-0.64278761;-0.766044443;5.544556166
17:59:00.895326;0.632910912;0.055485629;0.001;0.357448023;-0.597158592;-0.802123193;5.545599251
17:59:00.906907;0.630628465;0.002160874;0.001;0.345543356;-0.549508978;-0.835487811;5.546616969
17:59:00.918750;0.610824282;-0.325417566;0.001;0.338364704;-0.5;-0.866025404;5.54748097
17:59:00.928921;0.594291354;-0.569158524;0.001;0.336337391;-0.44879918;-0.89363264;5.548077095
17:59:00.939939;0.594291354;-0.455326819;0.001;0.334558329;-0.396079766;-0.918216107;5.548567412
17:59:00.949806;0.572601734;-0.765933331;0.004284778;0.337871865;-0.342020143;-0.939692621;5.548866533
17:59:00.960036;0.573265821;-0.599631369;0.007002034;0.340646435;-0.286803233;-0.957989512;5.54903425
17:59:00.971094;0.588141545;-0.202341738;0.006231962;0.339947296;-0.230615871;-0.973044871;5.54904932
17:59:00.980744;0.593637959;-0.053259646;0.004346446;0.338115206;-0.173648178;-0.984807753;5.548918701
17:59:00.991589;0.595901442;-0.00074622;0.00193736;0.335739942;-0.116092914;-0.993238358;5.548608967
17:59:01.002191;0.588460621;-0.142563646;0.001449949;0.335270255;-0.058144829;-0.998308158;5.548136436
17:59:01.013554;0.575827669;-0.347678311;0.003931385;0.337780958;6.12E-17;-1;5.54744014
17:59:01.025839;0.560602875;-0.524038903;0.010595371;0.344535487;0.058144829;-0.998308158;5.546462075
17:59:01.036159;0.562864526;-0.375094376;0.015184448;0.349256952;0.116092914;-0.993238358;5.545456143
17:59:01.045800;0.565127515;-0.256022732;0.018955877;0.353204002;0.173648178;-0.984807753;5.544361673
17:59:01.056544;0.538106359;-0.710672431;0.028790048;0.363293896;0.230615871;-0.973044871;5.542963002
17:59:01.067302;0.538106359;-0.568537945;0.037990936;0.372856513;0.286803233;-0.957989512;5.541370361
17:59:01.077860;0.523655711;-0.729986466;0.049491285;0.384817091;0.342020143;-0.939692621;5.539617271
17:59:01.088701;0.516453532;-0.718668239;0.061942394;0.397865009;0.396079766;-0.918216107;5.537618061
17:59:01.098875;0.511133739;-0.680292183;0.073941285;0.410550799;0.44879918;-0.89363264;5.535555418
17:59:01.108984;0.50593011;-0.647139188;0.08616448;0.423584416;0.5;-0.866025404;5.533324406
17:59:01.119612;0.484969754;-0.93286569;0.101888231;0.440258667;0.549508978;-0.835487811;5.530780776
17:59:01.130799;0.471269102;-0.982902414;0.121722604;0.461389624;0.597158592;-0.802123193;5.527880663
17:59:01.140466;0.463196653;-0.946594511;0.139202768;0.480185207;0.64278761;-0.766044443;5.525187896
17:59:01.151220;0.447645628;-1.05276936;0.159328195;0.50188328;0.686241638;-0.727373642;5.521985969
17:59:01.162150;0.433334921;-1.126335782;0.179912337;0.524177616;0.727373642;-0.686241638;5.51850571
17:59:01.172075;0.41891568;-1.166015361;0.203371138;0.549724397;0.766044443;-0.64278761;5.515145322
17:59:01.182607;0.406522797;-1.164880575;0.226912676;0.575565736;0.802123193;-0.597158592;5.511368179
17:59:01.193397;0.389730844;-1.247037893;0.251726996;0.602932655;0.835487811;-0.549508978;5.507269843
17:59:01.204465;0.372255964;-1.324512336;0.277852191;0.631891289;0.866025404;-0.5;5.502822081
17:59:01.214950;0.353742486;-1.425889966;0.303747448;0.660728352;0.89363264;-0.44879918;5.498377682
17:59:01.227101;0.322786211;-1.648071245;0.338656486;0.699561341;0.918216107;-0.396079766;5.49294204
17:59:01.237569;0.308048592;-1.59033292;0.369086999;0.733831407;0.939692621;-0.342020143;5.4880105
17:59:01.247471;0.292660303;-1.573922166;0.397474429;0.766131883;0.957989512;-0.286803233;5.483130854
17:59:01.257646;0.281320366;-1.484289287;0.424556813;0.797356965;0.973044871;-0.230615871;5.477896483
17:59:01.268323;0.271013326;-1.391464428;0.45060446;0.827828057;0.984807753;-0.173648178;5.472160939
17:59:01.278191;0.260783015;-1.309923568;0.476228447;0.858273779;0.993238358;-0.116092914;5.466636076
17:59:01.288451;0.253502075;-1.191063962;0.499701067;0.886713355;0.998308158;-0.058144829;5.460660926
17:59:01.298322;0.248238702;-1.057389067;0.5211977;0.913352179;1;0;5.45468765
17:59:01.308933;0.234856532;-1.105889395;0.542726184;0.94035933;0.998308158;0.058144829;5.448018065
17:59:01.318897;0.234856532;-0.884711516;0.561490115;0.964702203;0.993238358;0.116092914;5.441520303
17:59:01.329363;0.228905164;-0.819351298;0.579888926;0.989190748;0.984807753;0.173648178;5.434452201
17:59:01.339903;0.221706748;-0.790368117;0.597111165;1.01269613;0.973044871;0.230615871;5.427084705
17:59:01.350168;0.214435019;-0.774233836;0.612637051;1.034421328;0.957989512;0.286803233;5.419670959
17:59:01.361329;0.20619966;-0.774424943;0.627890234;1.056265714;0.939692621;0.342020143;5.411345477
17:59:01.371015;0.198655718;-0.76695256;0.641737565;1.076611918;0.918216107;0.396079766;5.403898813
17:59:01.381716;0.191373612;-0.750422703;0.655278832;1.097055931;0.89363264;0.44879918;5.39543473
17:59:01.392317;0.184197589;-0.734257984;0.668064135;1.116933799;0.866025404;0.5;5.386806551
17:59:01.402345;0.16962929;-0.876239415;0.680157359;1.135828514;0.835487811;0.549508978;5.378424009
17:59:01.412689;0.164609931;-0.799946873;0.691387253;1.154016555;0.802123193;0.597158592;5.369554534
17:59:01.425764;0.161705846;-0.683984832;0.704373962;1.176212193;0.766044443;0.64278761;5.358022879
17:59:01.437014;0.15669255;-0.642172746;0.713793953;1.193118368;0.727373642;0.686241638;5.347817388
17:59:01.446930;0.152552193;-0.592408389;0.722385798;1.209269734;0.686241638;0.727373642;5.338606948
17:59:01.457938;0.146291859;-0.591806227;0.730505521;1.225106435;0.64278761;0.766044443;5.328148501
17:59:01.467900;0.136983541;-0.653900762;0.738152369;1.240329824;0.597158592;0.802123193;5.31847391
17:59:01.477871;0.131800397;-0.625692513;0.745110946;1.254784366;0.549508978;0.835487811;5.308592801
17:59:01.488588;0.126789563;-0.596894686;0.751751786;1.269211413;0.5;0.866025404;5.29775394
17:59:01.499214;0.121423199;-0.575891188;0.75820619;1.283903456;0.44879918;0.89363264;5.28678588
17:59:01.509848;0.117251236;-0.539437588;0.763929542;1.297693986;0.396079766;0.918216107;5.275591309
17:59:01.520276;0.117251236;-0.43155007;0.768728368;1.310326488;0.342020143;0.939692621;5.264403767
17:59:01.531908;0.115228248;-0.382496693;0.773271244;1.323242841;0.286803233;0.957989512;5.251682036
17:59:01.541923;0.115172264;-0.307108919;0.776915319;1.334694817;0.230615871;0.973044871;5.240526116
17:59:01.551755;0.116487842;-0.221060726;0.78017214;1.346270271;0.173648178;0.984807753;5.229393559
17:59:01.562346;0.119406791;-0.12267817;0.782813883;1.357334487;0.116092914;0.993238358;5.217203627
17:59:01.573119;0.122623572;-0.036198352;0.784809459;1.367471075;0.058144829;0.998308158;5.204595831
17:59:01.583793;0.127860762;0.075065891;0.786194645;1.376765805;6.12E-17;1;5.191898943
17:59:01.593684;0.139725904;0.295659798;0.786809002;1.385301933;-0.058144829;0.998308158;5.179953353
17:59:01.604676;0.15114869;0.434041905;0.786758998;1.394352437;-0.116092914;0.993238358;5.166477117
17:59:01.620617;0.177535465;0.833645416;0.785438667;1.401560923;-0.173648178;0.984807753;5.146562547
17:59:01.628976;0.190555295;0.8639512;0.783183128;1.409670544;-0.230615871;0.973044871;5.135946743
17:59:01.639348;0.210247233;1.067901019;0.780696735;1.415358334;-0.286803233;0.957989512;5.122610952
17:59:01.649225;0.200910207;0.669461624;0.778752356;1.421290478;-0.342020143;0.939692621;5.109745094
17:59:01.659566;0.239971253;1.281516029;0.775394837;1.426070989;-0.396079766;0.918216107;5.096102782
17:59:01.670062;0.2594589;1.402693829;0.771580429;1.43024273;-0.44879918;0.89363264;5.082078141
17:59:01.680587;0.277894731;1.470091878;0.767235455;1.434051122;-0.5;0.866025404;5.067837034
17:59:01.692138;0.295312319;1.50011981;0.762470972;1.437508605;-0.549508978;0.835487811;5.052005471
17:59:01.702261;0.29882106;1.265988923;0.757905847;1.441039091;-0.597158592;0.802123193;5.037959352
17:59:01.712263;0.31432883;1.317974548;0.753306466;1.444118651;-0.64278761;0.766044443;5.02392558
17:59:01.723235;0.31432883;1.054379638;0.748731474;1.447604204;-0.686241638;0.727373642;5.008355239
17:59:01.733519;0.349229194;1.536603375;0.743631418;1.450018565;-0.727373642;0.686241638;4.993596628
17:59:01.743699;0.359219169;1.421125522;0.738333793;1.452437829;-0.766044443;0.64278761;4.978832468
17:59:01.754098;0.353386442;1.021729143;0.733639743;1.455198202;-0.802123193;0.597158592;4.963593759
17:59:01.764061;0.350150207;0.756766144;0.729085684;1.45845309;-0.835487811;0.549508978;4.94884716
17:59:01.774395;0.416001128;1.876519724;0.72301091;1.459900781;-0.866025404;0.5;4.933401681
17:59:01.785687;0.416001128;1.501215779;0.717068313;1.461645192;-0.89363264;0.44879918;4.916352443
17:59:01.795572;0.454541132;1.961713193;0.710622493;1.462431983;-0.918216107;0.396079766;4.90128229
17:59:01.805428;0.441598497;1.312434685;0.704861426;1.463800897;-0.939692621;0.342020143;4.886123232
17:59:01.816113;0.46345058;1.456041114;0.698359705;1.464849693;-0.957989512;0.286803233;4.869541077
17:59:01.827275;0.472882584;1.341368715;0.691936409;1.465854232;-0.973044871;0.230615871;4.852056615
17:59:01.837526;0.469648246;1.012613087;0.685916087;1.467201854;-0.984807753;0.173648178;4.835855532
17:59:01.848389;0.478061658;0.966101634;0.679911647;1.4685628;-0.993238358;0.116092914;4.818539476
17:59:01.858941;0.480041443;0.81030176;0.674272996;1.470088397;-0.998308158;0.058144829;4.801575869
17:59:01.870458;0.480041023;0.648233643;0.668826194;1.471904789;-1;1.22E-16;4.782902379
17:59:01.880184;0.480041023;0.518586914;0.663808972;1.473935018;-1;-1.22E-16;0.663808972
17:59:01.891567;0.483272851;0.476507036;0.659046094;1.47610798;-0.999464587;-0.032719083;0.659046094
17:59:01.901325;0.478069313;0.282540153;0.654697696;1.4786879;-0.997858923;-0.065403129;0.654697696
17:59:01.912290;0.47484093;0.166561563;0.650618905;1.481694792;-0.995184727;-0.09801714;0.650618905
17:59:01.922342;0.473851574;0.11360652;0.647132991;1.484745117;-0.991444861;-0.130526192;0.647132991
17:59:01.935527;0.465141574;-0.04235759;0.643258978;1.489305864;-0.986643332;-0.162895473;0.643258978
17:59:01.946526;0.457689754;-0.172667018;0.640559964;1.493500062;-0.98078528;-0.195090322;0.640559964
17:59:01.957332;0.439325985;-0.472977396;0.638488891;1.49844344;-0.973876979;-0.227076263;0.638488891
17:59:01.967232;0.437353228;-0.416882276;0.636797157;1.503286104;-0.965925826;-0.258819045;0.636797157
17:59:01.978023;0.416020418;-0.733450673;0.63564378;1.508919714;-0.956940336;-0.290284677;0.63564378
17:59:01.988310;0.416020418;-0.586760539;0.63468969;1.514364124;-0.946930129;-0.321439465;0.63468969
17:59:01.999814;0.39416654;-0.869991952;0.634150213;1.520746737;-0.935905927;-0.352250048;0.634150213
17:59:02.009686;0.38373781;-0.902291779;0.633863847;1.52687036;-0.923879533;-0.382683432;0.633863847
17:59:02.020273;0.361039253;-1.150495738;0.633883596;1.533603102;-0.910863825;-0.41270703;0.633883596
17:59:02.032265;0.350741562;-1.117796977;0.633996134;1.540329755;-0.896872742;-0.44228869;0.633996134
17:59:02.042527;0.338284206;-1.094690417;0.634203987;1.548419057;-0.881921264;-0.471396737;0.634203987
17:59:02.053018;0.329218807;-1.048089404;0.634370526;1.555258706;-0.866025404;-0.5;0.634370526
17:59:02.063590;0.31892377;-1.033011372;0.634506844;1.562109991;-0.849202182;-0.528067851;0.634506844
17:59:02.074094;0.311647931;-0.964413483;0.634573841;1.568867887;-0.831469612;-0.555570233;0.634573841
17:59:02.085655;0.304407645;-0.907253792;0.63455406;1.575618486;-0.812846685;-0.582477697;0.63455406
17:59:02.096328;0.299309725;-0.81463087;0.634423804;1.58277112;-0.79335334;-0.608761429;0.634423804
17:59:02.106879;0.301449643;-0.611452881;0.634229264;1.589321216;-0.773010453;-0.634393284;0.634229264
17:59:02.117523;0.30345351;-0.450885837;0.633987702;1.595719126;-0.751839807;-0.659345815;0.633987702
17:59:02.127919;0.304437872;-0.341155993;0.633717013;1.601830619;-0.729864073;-0.683592302;0.633717013
17:59:02.138022;0.298321048;-0.392090058;0.633346446;1.607963999;-0.707106781;-0.707106781;0.633346446
17:59:02.149569;0.294438545;-0.38453511;0.632866336;1.614421353;-0.683592302;-0.729864073;0.632866336
17:59:02.160074;0.288226349;-0.420696413;0.63226566;1.620771591;-0.659345815;-0.751839807;0.63226566
17:59:02.169855;0.282927503;-0.441097669;0.631610263;1.62652242;-0.634393284;-0.773010453;0.631610263
17:59:02.180922;0.276011793;-0.480386853;0.630771284;1.632530255;-0.608761429;-0.79335334;0.630771284
17:59:02.190824;0.269775421;-0.507774263;0.629869335;1.637995979;-0.582477697;-0.812846685;0.629869335
17:59:02.201172;0.263837237;-0.519331773;0.62881152;1.643545998;-0.555570233;-0.831469612;0.62881152
17:59:02.212097;0.248435147;-0.701314096;0.627397955;1.648901123;-0.528067851;-0.849202182;0.627397955
17:59:02.222615;0.243197702;-0.659953019;0.625909613;1.654049778;-0.5;-0.866025404;0.625909613
17:59:02.233014;0.244463152;-0.502906001;0.624547919;1.659003374;-0.471396737;-0.881921264;0.624547919
17:59:02.244089;0.233152643;-0.626875963;0.622949799;1.663688787;-0.44228869;-0.896872742;0.622949799
17:59:02.253558;0.235400159;-0.457839717;0.621424335;1.668568875;-0.41270703;-0.910863825;0.621424335
17:59:02.263526;0.226134297;-0.547030047;0.619706879;1.673213534;-0.382683432;-0.923879533;0.619706879
17:59:02.273909;0.222035942;-0.515580101;0.61789629;1.677909282;-0.352250048;-0.935905927;0.61789629
17:59:02.284517;0.21813764;-0.485417254;0.616017517;1.682623932;-0.321439465;-0.946930129;0.616017517
17:59:02.295239;0.211945123;-0.503893136;0.614026004;1.687223804;-0.290284677;-0.956940336;0.614026004
17:59:02.306891;0.209027976;-0.458607223;0.612077044;1.691720143;-0.258819045;-0.965925826;0.612077044
17:59:02.317687;0.198385381;-0.549807634;0.609646397;1.696397468;-0.227076263;-0.973876979;0.609646397
17:59:02.327996;0.188004619;-0.644815893;0.607306928;1.700221184;-0.195090322;-0.98078528;0.607306928
17:59:02.337955;0.179701499;-0.678533316;0.604798226;1.703898861;-0.162895473;-0.986643332;0.604798226
17:59:02.348337;0.171398363;-0.703253192;0.602110998;1.707458036;-0.130526192;-0.991444861;0.602110998
17:59:02.360405;0.165102108;-0.671908869;0.599064684;1.711330508;-0.09801714;-0.995184727;0.599064684
17:59:02.371322;0.158847185;-0.655014267;0.596204455;1.714833615;-0.065403129;-0.997858923;0.596204455
17:59:02.380382;0.157823872;-0.54429038;0.593637619;1.71827079;1;0;0
17:59:02.391145;0.156800659;-0.454682695;0.59107678;1.722006875;1;0;0
17:59:02.401703;0.155726082;-0.383781075;0.588631571;1.725888894;1;0;0
17:59:02.412714;0.15474172;-0.325273125;0.586308566;1.729903687;1;0;0
17:59:02.422608;0.15474172;-0.2602185;0.584289588;1.733795377;1;0;0
17:59:02.433582;0.153756823;-0.226276952;0.582227872;1.738080267;1;0;0
17:59:02.443813;0.153756823;-0.181021561;0.580457726;1.742174592;1;0;0
17:59:02.455920;0.153756823;-0.144817249;0.578475574;1.747305813;1;0;0
17:59:02.466122;0.152732774;-0.136125399;0.576930757;1.751597598;1;0;0
17:59:02.476618;0.151708833;-0.128801156;0.575428007;1.756023881;1;0;0
17:59:02.486385;0.150685001;-0.123381929;0.57402218;1.760403532;1;0;0
17:59:02.497291;0.148637676;-0.139298469;0.572622648;1.764787068;1;0;0
17:59:02.507156;0.14653192;-0.151356615;0.571166046;1.769364102;1;0;0
17:59:02.517698;0.144483452;-0.159534426;0.569706244;1.773982453;1;0;0
17:59:02.528503;0.142435484;-0.165924257;0.568250571;1.778612043;1;0;0
17:59:02.538409;0.139133475;-0.198148455;0.566813576;1.782905032;1;0;0
17:59:02.549125;0.135040193;-0.235992587;0.565200329;1.787272591;1;0;0
17:59:02.561531;0.135040193;-0.18879407;0.56377763;1.791568334;1;0;0
17:59:02.569676;0.134017222;-0.170920773;0.562389898;1.795973846;1;0;0
17:59:02.579482;0.132009334;-0.176393261;0.561019;1.800290876;1;0;0
17:59:02.589610;0.132009334;-0.141114609;0.559756933;1.804704303;1;0;0
17:59:02.600380;0.130914062;-0.133447948;0.558470165;1.809375539;1;0;0
17:59:02.611623;0.126667141;-0.185637766;0.557008534;1.813919607;1;0;0
17:59:02.622133;0.123706798;-0.205453021;0.555527041;1.818221857;1;0;0
17:59:02.632113;0.120482754;-0.225850714;0.553945182;1.82245723;1;0;0
17:59:02.642252;0.119459331;-0.200723644;0.552460943;1.826622328;1;0;0
17:59:02.652354;0.119459331;-0.160578916;0.551109875;1.830829207;1;0;0
17:59:02.662323;0.119459331;-0.128463132;0.549854865;1.835153541;1;0;0
17:59:02.672947;0.119459331;-0.102770506;0.548701015;1.839544611;1;0;0
17:59:02.682889;0.121470693;-0.042275536;0.547772872;1.844138081;1;0;0
17:59:02.692754;0.121470693;-0.033820429;0.546912831;1.848818323;1;0;0
17:59:02.703454;0.12044727;-0.046186323;0.546001508;1.853753844;1;0;0
17:59:02.713917;0.119459331;-0.055538319;0.545096115;1.858647097;1;0;0
17:59:02.724545;0.118470881;-0.06399046;0.544230901;1.863286716;1;0;0
17:59:02.734143;0.117225209;-0.075887648;0.5433407;1.867882357;1;0;0
17:59:02.745235;0.116236652;-0.080276606;0.542440763;1.872468049;1;0;0
17:59:02.754604;0.114258025;-0.102834747;0.541443178;1.877024428;1;0;0
17:59:02.765285;0.112025754;-0.124084973;0.540299904;1.881655605;1;0;0
17:59:02.776101;0.111035604;-0.117998952;0.539169198;1.886231073;1;0;0
17:59:02.785842;0.110044959;-0.113996156;0.538084561;1.890591987;1;0;0
17:59:02.796712;0.107814723;-0.13283988;0.536826418;1.895090571;1;0;0
17:59:02.807612;0.106823521;-0.124421839;0.535546326;1.899666825;1;0;0
17:59:02.818059;0.105831831;-0.119225494;0.534362876;1.903872468;1;0;0
17:59:02.828394;0.104595447;-0.118721012;0.533090683;1.908254644;1;0;0
17:59:02.838961;0.10261149;-0.132148035;0.531716644;1.912563768;1;0;0
17:59:02.850468;0.10261149;-0.105718428;0.530474251;1.916786129;1;0;0
17:59:02.861112;0.100385591;-0.128714471;0.529138566;1.920793843;1;0;0
17:59:02.870428;0.099392864;-0.12152786;0.52771502;1.925024192;1;0;0
17:59:02.881281;0.098399662;-0.116954387;0.526366876;1.928981632;1;0;0
17:59:02.890116;0.098399662;-0.09356351;0.525091868;1.933000987;1;0;0
17:59:02.900931;0.096382718;-0.113261175;0.52364778;1.937063801;1;0;0
17:59:02.911802;0.095152746;-0.112983057;0.522100544;1.941265272;1;0;0
17:59:02.922337;0.094159064;-0.10873024;0.520564007;1.945376764;1;0;0
17:59:02.932705;0.094083194;-0.088486408;0.519198559;1.949262595;1;0;0
17:59:02.943038;0.094083194;-0.070789126;0.517883964;1.953243928;1;0;0
17:59:02.953938;0.093193572;-0.073072295;0.516467694;1.957424475;1;0;0
17:59:02.963645;0.093193572;-0.058457836;0.515214437;1.961344987;1;0;0
17:59:02.973652;0.09196687;-0.071014989;0.513885514;1.965222057;1;0;0
17:59:02.984277;0.092990293;-0.037231217;0.512670806;1.969372779;1;0;0
17:59:02.994763;0.092990293;-0.029784974;0.511478617;1.973638028;1;0;0
17:59:03.004868;0.091995692;-0.043541142;0.510290878;1.977605456;1;0;0
17:59:03.015495;0.091995692;-0.034832913;0.509086143;1.981797668;1;0;0
17:59:03.026084;0.091995692;-0.027866331;0.507974905;1.985809072;1;0;0
17:59:03.036088;0.091995692;-0.022293064;0.506853937;1.989988448;1;0;0
17:59:03.046798;0.091995692;-0.017834452;0.505779673;1.994109663;1;0;0
17:59:03.056770;0.091995692;-0.014267561;0.504725781;1.998252375;1;0;0
17:59:03.067074;0.091000632;-0.031121869;0.503607297;2.002225007;1;0;0
17:59:03.078260;0.091000632;-0.024897495;0.502487157;2.006294382;1;0;0
17:59:03.087933;0.091000632;-0.019917996;0.501391372;2.010351792;1;0;0
17:59:03.098064;0.090005115;-0.034338421;0.500141003;2.014518925;1;0;0
17:59:03.108714;0.0898053;-0.031236307;0.498912573;2.01859182;1;0;0
17:59:03.118838;0.0898053;-0.024989046;0.497757562;2.022481845;1;0;0
17:59:03.129351;0.088809815;-0.038883938;0.496456968;2.0264199;1;0;0
17:59:03.140370;0.089833537;-0.012019901;0.495270354;2.030552291;1;0;0
17:59:03.150270;0.089833537;-0.009615921;0.49415717;2.034448442;1;0;0
17:59:03.161189;0.089861471;-0.007169091;0.492992053;2.038549144;1;0;0
17:59:03.176873;0.090885484;0.007499399;0.491477036;2.044651335;1;0;0
17:59:03.186346;0.09190964;0.026338845;0.490596463;2.048715857;1;0;0
17:59:03.197391;0.09190964;0.021071076;0.489639112;2.053021584;1;0;0
17:59:03.207942;0.09190964;0.016856861;0.488654407;2.057327629;1;0;0
17:59:03.218763;0.092933936;0.032525358;0.487779595;2.061705808;1;0;0
17:59:03.229346;0.092933936;0.026020286;0.486880768;2.066014288;1;0;0
17:59:03.240022;0.092933936;0.020816229;0.485980316;2.070152834;1;0;0
17:59:03.250062;0.092933936;0.016652983;0.485065603;2.074188875;1;0;0
17:59:03.260064;0.092933936;0.013322387;0.484134487;2.078136454;1;0;0
17:59:03.271459;0.09395837;0.029562359;0.483232602;2.08247678;1;0;0
17:59:03.281055;0.09395837;0.023649887;0.482355375;2.086474154;1;0;0
17:59:03.293856;0.094954306;0.035199929;0.481391043;2.091405636;1;0;0
17:59:03.304492;0.093929872;0.008778659;0.480375882;2.095474109;1;0;0
17:59:03.314116;0.093929872;0.007022927;0.479367773;2.099325448;1;0;0
17:59:03.323972;0.093929872;0.005618342;0.478330232;2.1031123;1;0;0
17:59:03.335201;0.093929872;0.004494673;0.477189601;2.107088356;1;0;0
17:59:03.345677;0.093929872;0.003595739;0.476068427;2.110823608;1;0;0
17:59:03.355733;0.092933936;-0.016014105;0.474739324;2.11450728;1;0;0
17:59:03.365856;0.092933936;-0.012811284;0.473397989;2.118101608;1;0;0
17:59:03.376953;0.092933936;-0.010249027;0.472053722;2.121586001;1;0;0
17:59:03.387028;0.092933936;-0.008199222;0.470631542;2.125150683;1;0;0
17:59:03.396718;0.09190964;-0.026763618;0.469106294;2.128389649;1;0;0
17:59:03.407651;0.092905575;-0.002382211;0.467644704;2.131830914;1;0;0
17:59:03.417388;0.09190964;-0.021618678;0.466074136;2.134977698;1;0;0
17:59:03.427857;0.09190964;-0.017294943;0.464411732;2.138223846;1;0;0
17:59:03.439455;0.09190964;-0.013835954;0.462581519;2.141699211;1;0;0
17:59:03.449957;0.090885484;-0.030180396;0.460697829;2.144763213;1;0;0
17:59:03.460755;0.090885484;-0.024144317;0.458798453;2.147789212;1;0;0
17:59:03.471848;0.090885484;-0.019315454;0.45687719;2.150784603;1;0;0
17:59:03.483882;0.090885484;-0.015452363;0.455040316;2.153586647;1;0;0
17:59:03.491976;0.089664955;-0.036347535;0.453019546;2.156186618;1;0;0
17:59:03.503270;0.089664955;-0.029078028;0.450835098;2.158954123;1;0;0
17:59:03.513101;0.089664955;-0.023262422;0.448782523;2.161511993;1;0;0
17:59:03.523643;0.088669066;-0.038306549;0.446611462;2.163868174;1;0;0
17:59:03.533619;0.088669066;-0.030645239;0.444409499;2.166230192;1;0;0
17:59:03.543480;0.088696889;-0.023963566;0.442245479;2.168530144;1;0;0
17:59:03.554014;0.088696889;-0.019170853;0.439961046;2.170924126;1;0;0
17:59:03.565011;0.088696889;-0.015336682;0.437626165;2.173333189;1;0;0
17:59:03.575755;0.089721185;0.007032807;0.435476487;2.175816768;1;0;0
17:59:03.586955;0.091741953;0.043168677;0.433579263;2.178597375;1;0;0
17:59:03.597799;0.091741953;0.034534941;0.431637157;2.181337148;1;0;0
17:59:03.608123;0.092766523;0.047043101;0.42986063;2.184106928;1;0;0
17:59:03.617933;0.092766523;0.037634481;0.428122661;2.186702508;1;0;0
17:59:03.628214;0.093791227;0.050306631;0.42648679;2.189402137;1;0;0
17:59:03.638630;0.093791227;0.040245305;0.424690185;2.192222715;1;0;0
17:59:03.649594;0.093791227;0.032196244;0.422977509;2.194784599;1;0;0
17:59:03.659480;0.093791227;0.025756995;0.421137531;2.197411945;1;0;0
17:59:03.670255;0.093791227;0.020605596;0.419220326;2.200024371;1;0;0
17:59:03.681123;0.094787116;0.03512257;0.417429797;2.202704359;1;0;0
17:59:03.691471;0.094787116;0.028098056;0.415661167;2.205219223;1;0;0
17:59:03.703206;0.095811953;0.041962762;0.413961928;2.207883682;1;0;0
17:59:03.712906;0.095811953;0.033570209;0.412150635;2.210564795;1;0;0
17:59:03.723545;0.095811953;0.026856167;0.410401079;2.213016319;1;0;0
17:59:03.733316;0.095811953;0.021484934;0.408631617;2.21537232;1;0;0
17:59:03.743325;0.095811953;0.017187947;0.406809715;2.217681377;1;0;0
17:59:03.753143;0.096836918;0.034073146;0.405106229;2.220072773;1;0;0
17:59:03.763910;0.097832361;0.046227386;0.403436923;2.222646569;1;0;0
17:59:03.774515;0.097832361;0.036981909;0.401778426;2.22505134;1;0;0
17:59:03.784316;0.098057447;0.033775809;0.399993614;2.227573381;1;0;0
17:59:03.795623;0.09908254;0.045839091;0.398290984;2.230219291;1;0;0
17:59:03.805381;0.09908254;0.036671273;0.396650743;2.232604464;1;0;0
17:59:03.815636;0.101103695;0.068942079;0.395250437;2.235245504;1;0;0
17:59:03.826186;0.101103695;0.055153663;0.39374822;2.237862647;1;0;0
17:59:03.836884;0.101103695;0.044122931;0.392143115;2.240452248;1;0;0
17:59:03.847408;0.10209918;0.053901507;0.390626318;2.243124243;1;0;0
17:59:03.857501;0.103124522;0.063390204;0.389281645;2.245724928;1;0;0
17:59:03.867835;0.103124522;0.050712163;0.387839479;2.248288988;1;0;0
17:59:03.878323;0.103124522;0.040569731;0.386318779;2.250783729;1;0;0
17:59:03.889184;0.103124522;0.032455784;0.384697036;2.25324654;1;0;0
17:59:03.899089;0.104119554;0.045677876;0.383243384;2.255669149;1;0;0
17:59:03.909762;0.104119554;0.036542301;0.381720537;2.258018748;1;0;0
17:59:03.919762;0.104119554;0.029233841;0.380036119;2.260428538;1;0;0
17:59:03.931645;0.104119554;0.023387073;0.378107423;2.26298181;1;0;0
17:59:03.942737;0.104119554;0.018709658;0.37637727;2.265112635;1;0;0
17:59:03.952364;0.104119554;0.014967727;0.374546595;2.267225578;1;0;0
17:59:03.962519;0.104119554;0.011974181;0.372735528;2.269190356;1;0;0
17:59:03.973127;0.105145018;0.028739509;0.370936638;2.271371697;1;0;0
17:59:03.984146;0.105145018;0.022991608;0.36903863;2.273520518;1;0;0
17:59:03.994614;0.105145018;0.018393286;0.367226452;2.275444772;1;0;0
17:59:04.004455;0.105145018;0.014714629;0.365351411;2.27732068;1;0;0
17:59:04.016359;0.105145018;0.011771703;0.363389294;2.279172659;1;0;0
17:59:04.025135;0.105145018;0.009417362;0.361459921;2.280895052;1;0;0
17:59:04.036405;0.1061706;0.02729038;0.359599462;2.282777736;1;0;0
17:59:04.045590;0.1061706;0.021832304;0.357744831;2.284546484;1;0;0
17:59:04.056227;0.1061706;0.017465843;0.355797662;2.286300512;1;0;0
17:59:04.066022;0.1061706;0.013972675;0.353861271;2.287951442;1;0;0
17:59:04.076957;0.1061706;0.01117814;0.351802892;2.289614909;1;0;0
17:59:04.087238;0.106227522;0.010020467;0.34971546;2.291231891;1;0;0
17:59:04.098898;0.106227522;0.008016374;0.347547999;2.292825863;1;0;0
17:59:04.108108;0.106227522;0.006413099;0.345495795;2.294262841;1;0;0
17:59:04.119173;0.106227522;0.005130479;0.343301117;2.295728986;1;0;0
17:59:04.132697;0.106227522;0.004104383;0.340446676;2.297537238;1;0;0
17:59:04.143203;0.106227522;0.003283507;0.338288222;2.298837481;1;0;0
17:59:04.153703;0.106227522;0.002626805;0.335872398;2.30023058;1;0;0
17:59:04.164527;0.106227522;0.002101444;0.333590868;2.301490912;1;0;0
17:59:04.175332;0.106227522;0.001681155;0.331218137;2.302749311;1;0;0
17:59:04.185486;0.106227522;0.001344924;0.329011273;2.303875586;1;0;0
17:59:04.195833;0.105232489;-0.018499383;0.326615961;2.304812893;1;0;0
17:59:04.205546;0.105232489;-0.014799507;0.324243216;2.305716365;1;0;0
17:59:04.217314;0.105232489;-0.011839605;0.321722033;2.306650853;1;0;0
17:59:04.228026;0.105232489;-0.009471684;0.319155963;2.307576777;1;0;0
17:59:04.239798;0.10625714;0.00903015;0.316455629;2.308798057;1;0;0
17:59:04.249588;0.10625714;0.00722412;0.314246368;2.309763535;1;0;0
17:59:04.259928;0.10625714;0.005779296;0.31199675;2.310717806;1;0;0
17:59:04.270529;0.10625714;0.004623437;0.309779265;2.311631925;1;0;0
17:59:04.280505;0.105261655;-0.015340424;0.307308312;2.312387477;1;0;0
17:59:04.291427;0.105261655;-0.012272339;0.304801938;2.313140322;1;0;0
17:59:04.301676;0.105261655;-0.009817871;0.30244163;2.313837733;1;0;0
17:59:04.312528;0.105261655;-0.007854297;0.300014891;2.314543956;1;0;0
17:59:04.321529;0.105261655;-0.006283438;0.297677022;2.315214734;1;0;0
17:59:04.332609;0.105261655;-0.00502675;0.295242527;2.315904043;1;0;0
17:59:04.344347;0.104265719;-0.020770792;0.292320947;2.316476143;1;0;0
17:59:04.354076;0.104040634;-0.021055663;0.289817146;2.31692411;1;0;0
17:59:04.365246;0.104040634;-0.016844531;0.287106024;2.317413592;1;0;0
17:59:04.376203;0.104040634;-0.013475625;0.284477285;2.317892913;1;0;0
17:59:04.386554;0.104040634;-0.0107805;0.281947039;2.318358963;1;0;0
17:59:04.397957;0.104040634;-0.0086244;0.279376111;2.318837523;1;0;0
17:59:04.408396;0.103015983;-0.025909053;0.276674883;2.319133484;1;0;0
17:59:04.419148;0.103015983;-0.020727243;0.274179931;2.319419528;1;0;0
17:59:04.430886;0.103015983;-0.016581794;0.271664722;2.319720381;1;0;0
17:59:04.439636;0.10202054;-0.032738516;0.269041982;2.319861638;1;0;0
17:59:04.449914;0.10202054;-0.026190812;0.266462656;2.320019209;1;0;0
17:59:04.460662;0.10202054;-0.02095265;0.263650316;2.320212306;1;0;0
17:59:04.471445;0.10202054;-0.01676212;0.260989432;2.320415662;1;0;0
17:59:04.482610;0.10202054;-0.013409696;0.258465762;2.320627278;1;0;0
17:59:04.493356;0.101024651;-0.029549274;0.255801311;2.320683886;1;0;0
17:59:04.503170;0.101024651;-0.023639419;0.253162912;2.320764536;1;0;0
17:59:04.513794;0.101024651;-0.018911535;0.250638009;2.3208649;1;0;0
17:59:04.524616;0.101024651;-0.015129228;0.248120924;2.320987772;1;0;0
17:59:04.535171;0.101024651;-0.012103383;0.245569077;2.321135844;1;0;0
17:59:04.545987;0.101024651;-0.009682706;0.243158028;2.321297712;1;0;0
17:59:04.556627;0.101024651;-0.007746165;0.240736087;2.321482008;1;0;0
17:59:04.566597;0.100000116;-0.026199075;0.238304475;2.321504059;1;0;0
17:59:04.577498;0.100000116;-0.02095926;0.23592775;2.321550403;1;0;0
17:59:04.587605;0.100000116;-0.016767408;0.233566505;2.32162102;1;0;0
17:59:04.598122;0.100000116;-0.013413927;0.231155615;2.321718704;1;0;0
17:59:04.608539;0.100000116;-0.010731141;0.228912741;2.321833054;1;0;0
17:59:04.619482;0.100000116;-0.008584913;0.226745051;2.321965303;1;0;0
17:59:04.629537;0.100000116;-0.00686793;0.224477791;2.32212671;1;0;0
17:59:04.640106;0.100000116;-0.005494344;0.222274866;2.322306359;1;0;0
17:59:04.650727;0.0989757;-0.024736678;0.220067022;2.322326181;1;0;0
17:59:04.660458;0.0989757;-0.019789343;0.217821362;2.322372744;1;0;0
17:59:04.671466;0.0989757;-0.015831474;0.215599857;2.322445361;1;0;0
17:59:04.681321;0.0989757;-0.012665179;0.213524871;2.32253735;1;0;0
17:59:04.692006;0.0989757;-0.010132143;0.211343519;2.322659518;1;0;0
17:59:04.702524;0.0989757;-0.008105715;0.209258872;2.322800931;1;0;0
17:59:04.712843;0.0989757;-0.006484572;0.20730531;2.32295555;1;0;0
17:59:04.725662;0.0989757;-0.005187657;0.205275139;2.323139101;1;0;0
17:59:04.734224;0.0989757;-0.004150126;0.20338785;2.323330811;1;0;0
17:59:04.744370;0.0989757;-0.003320101;0.201496074;2.323543514;1;0;0
17:59:04.754829;0.0989757;-0.002656081;0.199633674;2.323773133;1;0;0
17:59:04.765501;0.0989757;-0.002124864;0.197864868;2.324009896;1;0;0
17:59:04.775358;0.0989757;-0.001699892;0.196009794;2.324277863;1;0;0
17:59:04.786108;0.097951404;-0.020320502;0.194007604;2.324382596;1;0;0
17:59:04.796194;0.097951404;-0.016256401;0.192182126;2.324501899;1;0;0
17:59:04.807806;0.098011344;-0.011956297;0.190167371;2.324672217;1;0;0
17:59:04.818053;0.098011344;-0.009565038;0.188421913;2.324842488;1;0;0
17:59:04.828192;0.098011344;-0.00765203;0.186705968;2.325030616;1;0;0
17:59:04.839171;0.098011344;-0.006121624;0.184895233;2.325251597;1;0;0
17:59:04.849269;0.097015011;-0.024035626;0.18303941;2.325311187;1;0;0
17:59:04.859759;0.097015011;-0.019228501;0.18128641;2.325392212;1;0;0
17:59:04.870594;0.097015011;-0.015382801;0.179494051;2.325500246;1;0;0
17:59:04.880543;0.097015011;-0.01230624;0.177698962;2.325634293;1;0;0
17:59:04.892304;0.097015011;-0.009844992;0.17594952;2.325790109;1;0;0
17:59:04.901477;0.097015011;-0.007875994;0.174349931;2.32595455;1;0;0
17:59:04.912189;0.095991883;-0.026622853;0.172618251;2.32596967;1;0;0
17:59:04.922076;0.095991883;-0.021298282;0.170880872;2.326011456;1;0;0
17:59:04.932215;0.095991883;-0.017038626;0.169231566;2.326076203;1;0;0
17:59:04.947871;0.093777964;-0.044440996;0.166442942;2.325699484;1;0;0
17:59:04.956928;0.093777964;-0.035552797;0.164496057;2.325477339;1;0;0
17:59:04.968371;0.093777964;-0.028442238;0.162477753;2.325283881;1;0;0
17:59:04.978205;0.093777964;-0.02275379;0.160676572;2.32514391;1;0;0
17:59:04.989073;0.094801092;0.001325752;0.159066752;2.325209214;1;0;0
17:59:04.998994;0.094801092;0.001060602;0.157557924;2.325294439;1;0;0
17:59:05.010053;0.093804383;-0.018919999;0.155921664;2.325238677;1;0;0
17:59:05.018976;0.094827634;0.005112116;0.154492205;2.325377887;1;0;0
17:59:05.029787;0.093830488;-0.014406248;0.152830694;2.325373159;1;0;0
17:59:05.041339;0.093830488;-0.011524998;0.15118458;2.32539827;1;0;0
17:59:05.051974;0.093856279;-0.008730997;0.14965304;2.325453371;1;0;0
17:59:05.061185;0.093856279;-0.006984797;0.148228071;2.325528602;1;0;0
17:59:05.072102;0.093639628;-0.009642655;0.146717487;2.325593891;1;0;0
17:59:05.083397;0.092642563;-0.026501938;0.145087581;2.325512542;1;0;0
17:59:05.093203;0.092642563;-0.02120155;0.14352044;2.325463658;1;0;0
17:59:05.103724;0.093666053;0.002223448;0.142152487;2.32561972;1;0;0
17:59:05.115439;0.093666053;0.001778758;0.140717511;2.325808013;1;0;0
17:59:05.125698;0.093692164;0.001930458;0.139465806;2.325997982;0.510447493;0.859908924;0.139465806
17:59:05.136629;0.093772563;0.003137162;0.138277496;2.3262116;0.478886714;0.877876708;0.138277496
17:59:05.148414;0.09479535;0.022386314;0.137259532;2.326611453;0.44669432;0.894686641;0.137259532
17:59:05.157435;0.09479535;0.017909051;0.13614922;2.327056501;0.41391277;0.910316549;0.13614922
17:59:05.170239;0.095842902;0.033756359;0.135291653;2.32766245;0.3805853;0.924745819;0.135291653
17:59:05.178841;0.096866011;0.046778201;0.134639042;2.328406536;0.346755867;0.937955419;0.134639042
17:59:05.188653;0.096866011;0.037422561;0.133994032;2.329114458;0.31246909;0.949927928;0.133994032
17:59:05.199165;0.095680733;0.007671143;0.133100595;2.329642775;0.27777019;0.960647553;0.133100595
17:59:05.209694;0.097727458;0.044836022;0.132565036;2.33051229;0.242704931;0.970100158;0.132565036
17:59:05.220487;0.099799603;0.077019039;0.132373363;2.331654762;0.207319564;0.978273274;0.132373363
17:59:05.230259;0.102871224;0.120664626;0.132650344;2.333310402;0.171660758;0.985156122;0.132650344
17:59:05.240933;0.101872142;0.077669907;0.132688953;2.334754529;0.135775544;0.990739624;0.132688953
17:59:05.251680;0.103920312;0.100612839;0.133021321;2.336501374;0.099711252;0.995016415;0.133021321
17:59:05.261863;0.110123301;0.200961892;0.134302162;2.339158762;0.063515449;0.997980855;0.134302162
17:59:05.272027;0.110123301;0.160769514;0.135448038;2.34169408;0.027235874;0.999629035;0.135448038
17:59:05.282312;0.11403598;0.205807581;0.137097052;2.344724698;-0.009079623;0.999958779;0.137097052
17:59:05.293354;0.116108598;0.203511952;0.139022932;2.348123227;-0.045383145;0.998969654;0.139022932
17:59:05.303501;0.119181011;0.223432386;0.141189811;2.351710413;-0.081626809;0.996662964;0.141189811
17:59:05.314036;0.121254012;0.218767491;0.143559101;2.355554809;-0.117762815;0.993041751;0.143559101
17:59:05.324237;0.125375784;0.252062165;0.146511291;2.360059;-0.1537435;0.988110791;0.146511291
17:59:05.335498;0.129497742;0.274931253;0.150101726;2.365318145;-0.189521409;0.981876589;0.150101726
17:59:05.345960;0.132441845;0.276132423;0.153668753;2.370477134;-0.225049354;0.974347365;0.153668753
17:59:05.357428;0.130242138;0.179705165;0.15660043;2.375065583;-0.260280475;0.965533052;0.15660043
17:59:05.367647;0.151848183;0.546049391;0.163193732;2.383376908;-0.295168307;0.955445273;0.163193732
17:59:05.380973;0.173307994;0.753104069;0.175736685;2.39822094;-0.329666834;0.944097335;0.175736685
17:59:05.392454;0.182597089;0.786404625;0.185968805;2.410280472;-0.363730555;0.931504205;0.185968805
17:59:05.400948;0.191753733;0.810938888;0.197106401;2.423347965;-0.397314544;0.917682491;0.197106401
17:59:05.411141;0.205131878;0.914350769;0.209895728;2.438188069;-0.430374504;0.902650423;0.209895728
17:59:05.422418;0.218506617;0.986915341;0.224814418;2.455383842;-0.462866834;0.886427828;0.224814418
17:59:05.432378;0.224794599;0.906263357;0.240324276;2.473400307;-0.494748677;0.869036102;0.240324276
17:59:05.443019;0.234968724;0.913454254;0.256769367;2.492530342;-0.525977984;0.850498183;0.256769367
17:59:05.454832;0.253726868;1.050595925;0.277384972;2.516280405;-0.556513567;0.830838522;0.277384972
17:59:05.465734;0.266202805;1.076403721;0.29707762;2.539012152;-0.58631515;0.810083048;0.29707762
17:59:05.476284;0.27650274;1.064413185;0.316603836;2.561648886;-0.615343428;0.788259136;0.316603836
17:59:05.486738;0.288804783;1.075086195;0.338861497;2.587515206;-0.643560115;0.76539557;0.338861497
17:59:05.497261;0.299448804;1.057951606;0.361153782;2.613574528;-0.670927995;0.741522506;0.361153782
17:59:05.507433;0.297432407;0.806495895;0.379998554;2.63616941;-0.697410971;0.716671429;0.379998554
17:59:05.518482;0.307701474;0.836927417;0.400510422;2.660863369;-0.722974116;0.690875117;0.400510422
17:59:05.528311;0.331796328;1.148078122;0.423191278;2.687693304;-0.747583713;0.664167594;0.423191278
17:59:05.539051;0.325592105;0.796180241;0.442747927;2.71164502;-0.771207303;0.636584084;0.442747927
17:59:05.550253;0.346646741;0.999238041;0.468166564;2.742360085;-0.79381373;0.608160967;0.468166564
17:59:05.561201;0.354151244;0.934879265;0.491686758;2.771199096;-0.815373176;0.578935733;0.491686758
17:59:05.571329;0.360530861;0.874290015;0.512371871;2.796954185;-0.835857208;0.548946927;0.512371871
17:59:05.581356;0.357497743;0.639731558;0.530412655;2.820294586;-0.855238807;0.518234101;0.530412655
17:59:05.591695;0.371468998;0.780456293;0.550111314;2.845614064;-0.873492411;0.486837763;0.550111314
17:59:05.602273;0.376847108;0.725176019;0.569339219;2.870816147;-0.890593945;0.454799324;0.569339219
17:59:05.612809;0.374822446;0.541492696;0.585537465;2.893066259;-0.906520853;0.422161039;0.585537465
17:59:05.623465;0.388500935;0.696967473;0.602824112;2.916517276;-0.921252129;0.388965955;0.602824112
17:59:05.633384;0.392933426;0.645230433;0.618674177;2.938545752;-0.934768344;0.355257855;0.618674177
17:59:05.644104;0.396401536;0.581155531;0.634138503;2.960699422;-0.94705167;0.321081197;0.634138503
17:59:05.655896;0.401897769;0.567888096;0.648864574;2.982276097;-0.958085906;0.286481057;0.648864574
17:59:05.664918;0.395699172;0.331422134;0.659466698;2.999478907;-0.9678565;0.25150307;0.659466698
17:59:05.674921;0.403356433;0.416421685;0.670347648;3.017092128;-0.976350565;0.21619337;0.670347648
17:59:05.685794;0.406465512;0.391732842;0.680816562;3.034731859;-0.983556898;0.180598528;0.680816562
17:59:05.696183;0.40867454;0.355270475;0.690118612;3.051265822;-0.989465994;0.144765489;0.690118612
17:59:05.706912;0.409759175;0.304600197;0.698213855;3.066749805;-0.994070059;0.108741516;0.698213855
17:59:05.716866;0.410063976;0.24973136;0.704621166;3.080224278;-0.997363022;0.072574121;0.704621166
17:59:05.728463;0.409049547;0.181139397;0.709974304;3.093274751;-0.999340538;0.036311006;0.709974304
17:59:05.738466;0.410001275;0.16232073;0.71438681;3.10547503;-1;1.22E-16;0.71438681
17:59:05.749646;0.407730533;0.087627133;0.717087098;3.115873416;-1;-1.22E-16;3.668274397
17:59:05.759686;0.407792609;0.071328761;0.718825815;3.124876922;-0.998795456;-0.049067674;3.684685542
17:59:05.770302;0.406475218;0.032575237;0.719574115;3.133364152;-0.995184727;-0.09801714;3.702000023
17:59:05.780778;0.406644742;0.029252747;0.719693281;3.14112633;-0.98917651;-0.146730474;3.719046036
17:59:05.791177;0.406644742;0.023402198;0.71924947;-3.135083562;-0.98078528;-0.195090322;3.735925686
17:59:05.802966;0.407659752;0.036100087;0.718433428;-3.127501979;-0.970031253;-0.24298018;3.755010033
17:59:05.813463;0.409689104;0.067425259;0.717696891;-3.120677055;-0.956940336;-0.290284677;3.77195491
17:59:05.824428;0.410816017;0.074837391;0.716745622;-3.113892442;-0.941544065;-0.336889853;3.789605142
17:59:05.834307;0.410877481;0.061088204;0.715459652;-3.107952403;-0.923879533;-0.382683432;3.805461843
17:59:05.844971;0.411952686;0.068782203;0.713964311;-3.101728661;-0.903989293;-0.427555093;3.822528569
17:59:05.855437;0.410637109;0.029018237;0.711913835;-3.09656617;-0.881921264;-0.471396737;3.839226314
17:59:05.866332;0.413798584;0.081848381;0.710228938;-3.09058269;-0.85772861;-0.514102744;3.856551875
17:59:05.876408;0.414872842;0.086744789;0.708594115;-3.085050066;-0.831469612;-0.555570233;3.872522024
17:59:05.888423;0.412661404;0.027302116;0.706058865;-3.080153089;-0.803207531;-0.595699304;3.891496729
17:59:05.897676;0.4137986;0.042592214;0.703477804;-3.075009208;-0.773010453;-0.634393284;3.906057119
17:59:05.909840;0.411586952;-0.007429039;0.700210682;-3.070796081;-0.740951125;-0.671558955;3.925126721
17:59:05.918268;0.407051397;-0.096011089;0.695957479;-3.068018598;-0.707106781;-0.707106781;3.938290487
17:59:05.928649;0.402865168;-0.159972312;0.69075125;-3.066244604;-0.671558955;-0.740951125;3.954448214
17:59:05.939322;0.397372607;-0.22864058;0.68386964;-3.065626007;-0.634393284;-0.773010453;3.97099387
17:59:05.950594;0.392217057;-0.2783818;0.67606445;-3.066087637;-0.595699304;-0.803207531;3.988392919
17:59:05.961334;0.386724423;-0.33164692;0.667863073;-3.067513572;-0.555570233;-0.831469612;4.004897063
17:59:05.970443;0.380544526;-0.384653752;0.65843579;-3.070073073;-0.514102744;-0.85772861;4.018837108
17:59:05.983470;0.375097283;-0.408770221;0.64789945;-3.073567925;-0.471396737;-0.881921264;4.038678722
17:59:05.991374;0.375097283;-0.327016177;0.638682484;-3.076279324;-0.427555093;-0.903989293;4.050662074
17:59:06.003759;0.351509291;-0.699714932;0.623654194;-3.084512196;-0.382683432;-0.923879533;4.069353048
17:59:06.013472;0.325039293;-1.05368918;0.603372017;-3.098220207;-0.336889853;-0.941544065;4.083936461
17:59:06.023998;0.316608862;-0.99431763;0.58205314;-3.112938762;-0.290284677;-0.956940336;4.099664345
17:59:06.034177;0.314629628;-0.834541256;0.563960221;-3.12523006;-0.24298018;-0.970031253;4.114796821
17:59:06.044884;0.3186117;-0.594063401;0.547339985;-3.135836625;-0.195090322;-0.98078528;4.130630928
17:59:06.055653;0.324078721;-0.372175079;0.533848;3.139590136;-0.146730474;-0.98917651;4.146468796
17:59:06.065663;0.326294544;-0.253821439;0.522596634;3.133668064;-0.09801714;-0.995184727;4.161109755
17:59:06.076580;0.32952552;-0.142553279;0.512445066;3.129042989;-0.049067674;-0.998795456;4.176986986
17:59:06.087513;0.329552817;-0.113524501;0.503218074;3.125166292;6.12E-17;-1;4.192791193
17:59:06.097339;0.324369526;-0.189334468;0.493432856;3.120624178;0.049067674;-0.998795456;4.206911398
17:59:06.109016;0.31620185;-0.294955696;0.481554373;3.114294497;0.09801714;-0.995184727;4.223586444
17:59:06.119095;0.305002359;-0.45722404;0.469237999;3.106789841;0.146730474;-0.98917651;4.237886059
17:59:06.130921;0.295922261;-0.52226397;0.453941072;3.09684818;0.195090322;-0.98078528;4.254551747
17:59:06.140531;0.286659928;-0.601210387;0.439667857;3.087086916;0.24298018;-0.970031253;4.268003537
17:59:06.151264;0.280621103;-0.594697735;0.42451373;3.076520133;0.290284677;-0.956940336;4.282929104
17:59:06.162222;0.2701008;-0.669463197;0.407815474;3.064340802;0.336889853;-0.941544065;4.298058904
17:59:06.172952;0.262816428;-0.679633659;0.392007698;3.052575961;0.382683432;-0.923879533;4.312765704
17:59:06.182718;0.259520651;-0.606415801;0.376292618;3.040897458;0.427555093;-0.903989293;4.326056638
17:59:06.193680;0.254389926;-0.579046819;0.360228037;3.02885513;0.471396737;-0.881921264;4.340866165
17:59:06.204796;0.245054923;-0.638281419;0.343771898;3.016151889;0.514102744;-0.85772861;4.355764032
17:59:06.216434;0.239750601;-0.602652088;0.326375864;3.002616654;0.555570233;-0.831469612;4.37123017
17:59:06.226535;0.228348579;-0.697480506;0.309240164;2.988844611;0.595699304;-0.803207531;4.384543103
17:59:06.236988;0.217065845;-0.781965204;0.291899242;2.974530391;0.634393284;-0.773010453;4.39821005
17:59:06.246920;0.20675784;-0.825937433;0.273473037;2.959011169;0.671558955;-0.740951125;4.411090742
17:59:06.257495;0.19438823;-0.890912248;0.253143051;2.941509379;0.707106781;-0.707106781;4.424691178
17:59:06.268223;0.169669742;-1.176162547;0.229115893;2.920052092;0.740951125;-0.671558955;4.438366364
17:59:06.279778;0.155205543;-1.228066048;0.205495269;2.898618654;0.773010453;-0.634393284;4.45295623
17:59:06.288693;0.159412261;-0.901446292;0.184618634;2.879765931;0.803207531;-0.595699304;4.464112459
17:59:06.299545;0.133376096;-1.204725901;0.159071541;2.856066659;0.831469612;-0.555570233;4.477573187
17:59:06.311179;0.121883229;-1.172253685;0.133050838;2.831653525;0.85772861;-0.514102744;4.491856232
17:59:06.321314;0.111447224;-1.138268882;0.108826764;2.808686243;0.881921264;-0.471396737;4.504172683
17:59:06.330990;0.111447224;-0.910615105;0.087811311;2.788661979;0.903989293;-0.427555093;4.515820175
17:59:06.341724;0.096845903;-0.999817707;0.064480991;2.766148746;0.923879533;-0.382683432;4.528612573
17:59:06.352341;0.101058768;-0.719475219;0.045175745;2.747416325;0.941544065;-0.336889853;4.541130714
17:59:06.363196;0.092805837;-0.728861332;0.025648267;2.728268128;0.956940336;-0.290284677;4.553789039
17:59:06.373204;0.084366044;-0.750098073;0.007521707;2.710307511;0.970031253;-0.24298018;4.565332265
17:59:06.384052;0.066503366;-0.927636875;0.001;2.68886646;0.98078528;-0.195090322;4.577704586
17:59:06.394554;0.059162464;-0.887067633;0.001;2.66957436;0.98917651;-0.146730474;4.589542083
17:59:06.405942;0.060345856;-0.687388193;0.001;2.651740506;0.995184727;-0.09801714;4.602220406
17:59:06.415149;0.03604857;-1.020310046;0.001;2.631311988;0.998795456;-0.049067674;4.612349124
17:59:06.425502;0.03604857;-0.816248037;0.001;2.613240457;1;0;4.623607316
17:59:06.436524;0.018061123;-0.98516564;0.001;2.59240661;0.998795456;0.049067674;4.635438718
17:59:06.446582;0.010524056;-0.933966142;0.001;2.573203693;0.995184727;0.09801714;4.646096248
17:59:06.457425;0.002007902;-0.906447269;0.001;2.553757186;0.98917651;0.146730474;4.657437406
17:59:06.467307;-0.008565262;-0.935053264;0.001;2.535405893;0.98078528;0.195090322;4.667639959
17:59:06.477998;-0.015093127;-0.870516123;0.001;2.51674687;0.970031253;0.24298018;4.678534921
17:59:06.489677;-0.025656165;-0.89428183;0.001;2.498040279;0.956940336;0.290284677;4.690267658
17:59:06.499738;-0.02262891;-0.657466043;0.001;2.482191645;0.941544065;0.336889853;4.7002339
17:59:06.509861;-0.032143832;-0.702291111;0.001;2.465729207;0.923879533;0.382683432;4.710130254
17:59:06.520044;-0.049252206;-0.896539785;0.001;2.448764773;0.903989293;0.427555093;4.719952823
17:59:06.530966;-0.057902295;-0.887494722;0.001;2.432109779;0.881921264;0.471396737;4.730341098
17:59:06.541008;-0.058125471;-0.714203414;0.001;2.416407675;0.85772861;0.514102744;4.739758458
17:59:06.551877;-0.065780376;-0.71297786;0.001;2.400690169;0.831469612;0.555570233;4.749807303
17:59:06.561803;-0.074449766;-0.74197046;0.001;2.386058828;0.803207531;0.595699304;4.758853909
17:59:06.573157;-0.083150446;-0.756079257;0.001;2.370608456;0.773010453;0.634393284;4.769049911
17:59:06.583570;-0.091853344;-0.77137192;0.001;2.355620255;0.740951125;0.671558955;4.778258713
17:59:06.593685;-0.091853344;-0.617097536;0.001;2.341985732;0.707106781;0.707106781;4.787074199
17:59:06.607256;-0.109820073;-0.763387539;0.001;2.323073265;0.671558955;0.740951125;4.798701539
17:59:06.617524;-0.118493419;-0.779651052;0.001;2.308798409;0.634393284;0.773010453;4.807347119
17:59:06.627649;-0.126901319;-0.788793948;0.001;2.294740902;0.595699304;0.803207531;4.815744718
17:59:06.638366;-0.131251888;-0.715150404;0.001;2.281154885;0.555570233;0.831469612;4.824495798
17:59:06.648993;-0.137605717;-0.69199544;0.001;2.267607858;0.514102744;0.85772861;4.833034239
17:59:06.658841;-0.141738033;-0.630802719;0.001;2.254611583;0.471396737;0.881921264;4.840823522
17:59:06.669716;-0.145774058;-0.581220183;0.001;2.242430305;0.427555093;0.903989293;4.849287847
17:59:06.679593;-0.14908465;-0.530338686;0.001;2.231324114;0.382683432;0.923879533;4.856850998
17:59:06.689612;-0.140436456;-0.252600524;0.001;2.222291723;0.336889853;0.941544065;4.864402329
17:59:06.699939;-0.142149491;-0.235929506;0.001;2.213738623;0.290284677;0.956940336;4.872059173
17:59:06.710447;-0.142561377;-0.196749254;0.001;2.205691866;0.24298018;0.970031253;4.879718751
17:59:06.720118;-0.120600204;0.273284166;0.001;2.201033838;0.195090322;0.98078528;4.886651446
17:59:06.730516;-0.120600204;0.218627332;0.001;2.196682028;0.146730474;0.98917651;4.89398088
17:59:06.741087;-0.113500875;0.311797582;0.001;2.193491581;0.09801714;0.995184727;4.90130058
17:59:06.751180;-0.087808048;0.75953353;0.001171441;2.193673969;0.049067674;0.998795456;4.908165854
17:59:06.761166;-0.086567235;0.632207575;0.001479632;2.193995561;6.12E-17;1;4.914840101
17:59:06.771959;-0.0702325;0.809569551;0.003858859;2.196403636;-0.049067674;0.998795456;4.921921944
17:59:06.782561;-0.023126048;1.516565718;0.012193367;2.204825606;-0.09801714;0.995184727;4.928745685
17:59:06.793395;0.000388674;1.657029399;0.022916551;2.215735335;-0.146730474;0.98917651;4.935583331
17:59:06.804952;0.029713043;1.891038228;0.036658003;2.229786335;-0.195090322;0.98078528;4.942726992
17:59:06.814431;0.050680884;1.90346943;0.053064374;2.246675006;-0.24298018;0.970031253;4.948470828
17:59:06.824712;0.072598385;1.958021956;0.070644887;2.264879125;-0.290284677;0.956940336;4.954583553
17:59:06.834354;0.097353676;2.058262997;0.090825511;2.285873172;-0.336889853;0.941544065;4.960206031
17:59:06.845027;0.121062795;2.097073853;0.114501825;2.310631091;-0.382683432;0.923879533;4.966305656
17:59:06.856166;0.134265503;1.922355382;0.139734902;2.337236994;-0.427555093;0.903989293;4.972533128
17:59:06.866864;0.154629053;1.931502961;0.165951431;2.365036025;-0.471396737;0.881921264;4.978381439
17:59:06.876576;0.176221632;1.962281267;0.194419022;2.395370473;-0.514102744;0.85772861;4.983578648
17:59:06.887301;0.193895989;1.897383863;0.22566889;2.428888541;-0.555570233;0.831469612;4.989194488
17:59:06.897857;0.238222166;2.356699653;0.262515572;2.468316679;-0.595699304;0.803207531;4.994595794
17:59:06.909286;0.238222166;1.885359722;0.29771723;2.506507898;-0.634393284;0.773010453;5.000303392
17:59:06.919154;0.286209633;2.457765939;0.33793482;2.549939989;-0.671558955;0.740951125;5.005114469
17:59:06.929594;0.301672693;2.271413889;0.378902223;2.594541361;-0.707106781;0.707106781;5.010086895
17:59:06.940095;0.321175689;2.187438303;0.422767175;2.642631124;-0.740951125;0.671558955;5.014966953
17:59:06.949739;0.317955695;1.686035279;0.461163943;2.685483471;-0.773010453;0.634393284;5.019341887
17:59:06.959653;0.33805567;1.744065797;0.501196586;2.73041296;-0.803207531;0.595699304;5.023733066
17:59:06.969577;0.357914094;1.789512673;0.541901786;2.776374993;-0.831469612;0.555570233;5.028021213
17:59:06.980368;0.378008425;1.814711703;0.585213731;2.825602342;-0.85772861;0.514102744;5.032562455
17:59:06.990307;0.39835736;1.854189089;0.627748795;2.874274274;-0.881921264;0.471396737;5.036633568
17:59:07.001122;0.419908484;1.889315726;0.673296594;2.926732968;-0.903989293;0.427555093;5.040942444
17:59:07.011304;0.416704216;1.447817792;0.711519261;2.971932094;-0.923879533;0.382683432;5.044884283
17:59:07.021469;0.455247481;1.886218972;0.756859514;3.02505135;-0.941544065;0.336889853;5.048708894
17:59:07.032216;0.472575999;1.832892157;0.801987089;3.078522933;-0.956940336;0.290284677;5.052632744
17:59:07.043641;0.500472712;1.976014073;0.849982849;3.135565522;-0.970031253;0.24298018;5.05666975
17:59:07.053479;0.51209265;1.805611177;0.892935887;-3.095653176;-0.98078528;0.195090322;5.060035485
17:59:07.064069;0.522147193;1.634993265;0.934207926;-3.044733212;-0.98917651;0.146730474;5.063544691
17:59:07.074292;0.530899236;1.480376144;0.97133522;-2.997927374;-0.995184727;0.09801714;5.066820815
17:59:07.084211;0.545092955;1.465258255;1.00728438;-2.951978671;-0.998795456;0.049067674;5.069895281
17:59:07.095141;0.540052451;1.078787083;1.039809711;-2.908404184;-1;1.22E-16;5.073164717
17:59:07.107594;0.53858056;0.839255071;1.071655415;-2.863481157;-1;-1.22E-16;5.076739113
17:59:07.118118;0.536297459;0.628964407;1.094940228;-2.828537899;-0.998558371;-0.05367663;5.079635333
17:59:07.128691;0.530619794;0.39255161;1.11298321;-2.799160406;-0.994237639;-0.107198496;5.082430723
17:59:07.139383;0.524125305;0.193955878;1.127893272;-2.772129092;-0.987050263;-0.160411281;5.085141561
17:59:07.149852;0.522976565;0.133407781;1.140077539;-2.747968501;-0.977016965;-0.213161559;5.087683314
17:59:07.160636;0.516128356;-0.021120945;1.148991449;-2.726791615;-0.964166675;-0.265297237;5.090185623
17:59:07.171513;0.504973288;-0.221437134;1.153899386;-2.709323216;-0.948536442;-0.316667994;5.092590875
17:59:07.182171;0.496407048;-0.339016858;1.155608238;-2.695391346;-0.930171333;-0.367125715;5.094832648
17:59:07.195694;0.479992263;-0.58036505;1.152796664;-2.685945733;-0.9091243;-0.416524918;5.097513927
17:59:07.203712;0.48100642;-0.445917818;1.149621263;-2.676412584;-0.885456026;-0.464723172;5.099017938
17:59:07.214570;0.471009855;-0.540288691;1.143734966;-2.669808792;-0.859234753;-0.511581509;5.10095337
17:59:07.225531;0.444038666;-0.942280225;1.131786291;-2.6697248;-0.830536083;-0.556964823;5.102789452
17:59:07.235819;0.444038666;-0.75382418;1.120244578;-2.669563237;-0.799442763;-0.600742264;5.104405696
17:59:07.245709;0.422076818;-1.039218511;1.104553786;-2.674051922;-0.766044443;-0.64278761;5.10586208
17:59:07.256849;0.416943483;-0.927272652;1.087186977;-2.679687008;-0.730437418;-0.682979632;5.107388785
17:59:07.266755;0.415190635;-0.776145023;1.070729734;-2.68512561;-0.692724354;-0.721202447;5.108645599
17:59:07.276943;0.412278248;-0.678766355;1.054332463;-2.690824974;-0.653013985;-0.757345849;5.109839684
17:59:07.286910;0.407750173;-0.632964145;1.037412604;-2.697215548;-0.611420808;-0.791305627;5.110911627
17:59:07.298566;0.409066518;-0.480459691;1.021111359;-2.703059599;-0.568064747;-0.822983866;5.112045038
17:59:07.308844;0.414282351;-0.286466261;1.005685121;-2.707688152;-0.523070808;-0.852289229;5.11293746
17:59:07.318178;0.416457837;-0.186156353;0.991863728;-2.711407568;-0.47656872;-0.879137222;5.113661436
17:59:07.328077;0.417208577;-0.134500929;0.978105129;-2.714913223;-0.428692561;-0.903450435;5.114339689
17:59:07.338880;0.414879011;-0.150224353;0.963393171;-2.719014337;-0.379580371;-0.925158766;5.114975162
17:59:07.349738;0.406807907;-0.272253681;0.947535867;-2.724730032;-0.329373752;-0.944199625;5.115504265
17:59:07.360331;0.389236719;-0.542408138;0.927598657;-2.734517541;-0.278217464;-0.960518112;5.115915075
17:59:07.371295;0.368864664;-0.809702714;0.903395792;-2.748794797;-0.226259002;-0.974067176;5.1162312
17:59:07.381919;0.350321756;-0.993880948;0.875927157;-2.766731883;-0.173648178;-0.984807753;5.116432197
17:59:07.392281;0.341562533;-0.969077671;0.849102076;-2.784872611;-0.12053668;-0.992708874;5.116528863
17:59:07.403158;0.354341514;-0.527678334;0.825625249;-2.799706128;-0.067077644;-0.997747759;5.116525278
17:59:07.413896;0.366373118;-0.198688523;0.80498567;-2.811566553;-0.013425206;-0.999909878;5.116416712
17:59:07.423704;0.377186335;0.055746001;0.788813862;-2.819711576;0.04026594;-0.999188998;5.116226805
17:59:07.433387;0.377186335;0.044596801;0.773072617;-2.827571595;0.093840989;-0.995587198;5.115954733
17:59:07.444650;0.377035412;0.032866311;0.75677209;-2.835659146;0.147145471;-0.989114862;5.115533042
17:59:07.454849;0.365534081;-0.202141885;0.739261175;-2.845638255;0.200025694;-0.979790652;5.115054035
17:59:07.465881;0.352163214;-0.421664699;0.718781642;-2.858618847;0.252329191;-0.967641452;5.114432483
17:59:07.474623;0.337567847;-0.622003438;0.695649635;-2.874499744;0.303905158;-0.952702291;5.113863985
17:59:07.485512;0.326187775;-0.711297273;0.669780736;-2.893098212;0.354604887;-0.935016243;5.113062388
17:59:07.495553;0.310635817;-0.873586978;0.642318375;-2.91386133;0.404282199;-0.914634301;5.11223175
17:59:07.506071;0.31265329;-0.660741265;0.615655766;-2.933868768;0.45279386;-0.891615231;5.111268017
17:59:07.516955;0.312626886;-0.5290865;0.589948412;-2.953126754;0.5;-0.866025404;5.110170396
17:59:07.527722;0.304042007;-0.582667628;0.563112672;-2.973753559;0.54576451;-0.837938601;5.10898467
17:59:07.538476;0.308252974;-0.388206853;0.538608775;-2.992305184;0.58995544;-0.807435805;5.107701719
17:59:07.548837;0.298800983;-0.498292049;0.514596394;-3.011015691;0.632445376;-0.774604962;5.106372883
17:59:07.558874;0.275778932;-0.848096525;0.485706363;-3.034783368;0.673111807;-0.739540732;5.104999233
17:59:07.568730;0.262190088;-0.94781775;0.455440405;-3.060302426;0.711837484;-0.702344215;5.103568058
17:59:07.579422;0.249874464;-0.992700073;0.42255154;-3.088580846;0.748510748;-0.663122658;5.101923744
17:59:07.589901;0.237351584;-1.027402516;0.38768232;-3.119101858;0.783025862;-0.621989147;5.100220027
17:59:07.601788;0.226992032;-1.001524169;0.349752785;3.130404918;0.81528331;-0.57906228;5.098177565
17:59:07.611854;0.212204572;-1.094209218;0.315104523;3.099110385;0.845190086;-0.534465826;5.096357211
17:59:07.622321;0.197676311;-1.144617792;0.276693687;3.063890335;0.872659959;-0.488328369;5.094376534
17:59:07.632700;0.18291815;-1.205738951;0.239309385;3.029129378;0.897613728;-0.440782935;5.092324586
17:59:07.644798;0.166073972;-1.252465722;0.194766223;2.987122487;0.919979444;-0.39196661;5.089822913
17:59:07.654979;0.137565977;-1.568037335;0.152509174;2.946611715;0.939692621;-0.342020143;5.087626513
17:59:07.665201;0.137764796;-1.25064549;0.111759128;2.907247203;0.956696421;-0.291087544;5.085337949
17:59:07.675470;0.137764796;-1.000516392;0.075366417;2.871802358;0.970941817;-0.239315664;5.082955254
17:59:07.685756;0.114567296;-1.236487944;0.03455309;2.831570672;0.982387737;-0.186853775;5.080485061
17:59:07.696323;0.103973347;-1.189831794;0.001;2.792013911;0.991001179;-0.133853139;5.077860786
17:59:07.706797;0.096572704;-1.098858155;0.001;2.755410328;0.996757308;-0.080466569;5.075173482
17:59:07.716338;0.089132126;-1.026013467;0.001;2.719914368;0.999639528;-0.026847993;5.072651337
17:59:07.727361;0.081731905;-0.966992903;0.001;2.685705146;0.999639528;0.026847993;5.069649823
17:59:07.737398;0.073270388;-0.935116044;0.001;2.65136419;0.996757308;0.080466569;5.066835716
17:59:07.747301;0.065806585;-0.895996803;0.001;2.61948143;0.991001179;0.133853139;5.063984654
17:59:07.758039;0.048824709;-1.030543758;0.001;2.58443999;0.982387737;0.186853775;5.060811093
17:59:07.768918;0.040289957;-0.984046959;0.001;2.551079882;0.970941817;0.239315664;5.057510434
17:59:07.779689;0.030498469;-0.967991374;0.001;2.518228056;0.956696421;0.291087544;5.054159549
17:59:07.789590;0.021955413;-0.944063829;0.001;2.488719899;0.939692621;0.342020143;5.051007951
17:59:07.799693;0.014462976;-0.904058536;0.001;2.46028574;0.919979444;0.39196661;5.047722994
17:59:07.810336;0.005960791;-0.883122075;0.001;2.431196056;0.897613728;0.440782935;5.044188545
17:59:07.822773;-0.00034916;-0.831280018;0.001;2.404803287;0.872659959;0.488328369;5.039964404
17:59:07.831107;-0.000544661;-0.668763112;0.001;2.379790688;0.845190086;0.534465826;5.037078416
17:59:07.841225;-0.013474995;-0.791150358;0.001;2.355490452;0.81528331;0.57906228;5.033516203
17:59:07.851507;-0.018872404;-0.738061486;0.001;2.331945646;0.783025862;0.621989147;5.029831963
17:59:07.861332;-0.018872404;-0.590449189;0.001;2.310654899;0.748510748;0.663122658;5.026252286
17:59:07.872426;-0.030722687;-0.691429149;0.001;2.2878461;0.711837484;0.702344215;5.02214237
17:59:07.883746;-0.036127097;-0.660060475;0.001;2.267526392;0.673111807;0.739540732;5.017876369
17:59:07.893011;-0.036127097;-0.52804838;0.001;2.248552713;0.632445376;0.774604962;5.014331789
17:59:07.903410;-0.046755726;-0.633482927;0.001;2.22994272;0.58995544;0.807435805;5.010297964
17:59:07.913402;-0.054402417;-0.651608652;0.001;2.210914818;0.54576451;0.837938601;5.006368188
17:59:07.923392;-0.065646831;-0.744108521;0.001;2.192704323;0.5;0.866025404;5.002387841
17:59:07.934288;-0.070001983;-0.675070667;0.001;2.174037831;0.45279386;0.891615231;4.997989561
17:59:07.945080;-0.071130518;-0.560908672;0.001;2.156973721;0.404282199;0.914634301;4.993576374
17:59:07.956245;-0.074449792;-0.510654405;0.001;2.141058826;0.354604887;0.935016243;4.988952903
17:59:07.967363;-0.069227872;-0.313724622;0.001;2.126761683;0.303905158;0.952702291;4.984292396
17:59:07.977327;-0.072330719;-0.311757425;0.001;2.114198287;0.252329191;0.967641452;4.980069264
17:59:07.986980;-0.061575453;-0.036560955;0.001;2.103951571;0.200025694;0.979790652;4.975937473
17:59:07.997608;-0.059357724;0.013222276;0.001;2.094394475;0.147145471;0.989114862;4.971343764
17:59:08.008428;-0.05276055;0.133298542;0.001;2.086063672;0.093840989;0.995587198;4.966620706
17:59:08.019191;-0.041588918;0.314624898;0.001;2.079652018;0.04026594;0.999188998;4.961877823
17:59:08.029223;-0.027330956;0.534362008;0.001;2.0755962;-0.013425206;0.999909878;4.957418418
17:59:08.040143;-0.00997432;0.745964736;0.001;2.073530982;-0.067077644;0.997747759;4.952523545
17:59:08.050128;0.037089622;1.529985982;0.004324191;2.076882158;-0.12053668;0.992708874;4.948012087
17:59:08.060494;0.061572675;1.710068496;0.010187402;2.082818674;-0.173648178;0.984807753;4.943293909
17:59:08.070526;0.085883269;1.830924005;0.018876537;2.091660763;-0.226259002;0.974067176;4.938695629
17:59:08.081348;0.108827144;1.899848131;0.030002509;2.103044835;-0.278217464;0.960518112;4.933701417
17:59:08.091875;0.129804285;1.936418693;0.042716126;2.116125003;-0.329373752;0.944199625;4.928811261
17:59:08.102940;0.149544019;1.886690316;0.059738191;2.133746767;-0.379580371;0.925158766;4.923638842
17:59:08.113839;0.149544019;1.509352253;0.074958469;2.149696133;-0.428692561;0.903450435;4.918513383
17:59:08.124622;0.194197108;2.09147513;0.094464163;2.170058021;-0.47656872;0.879137222;4.913414293
17:59:08.134686;0.212980508;2.038463564;0.116388019;2.19306654;-0.523070808;0.852289229;4.908631431
17:59:08.144804;0.232691193;2.018009574;0.140335261;2.218320959;-0.568064747;0.822983866;4.903801204
17:59:08.154581;0.256762524;2.092574236;0.166956007;2.246489079;-0.611420808;0.791305627;4.89911442
17:59:08.165167;0.279789956;2.131508727;0.196476379;2.277839392;-0.653013985;0.757345849;4.894019881
17:59:08.175110;0.295543766;2.003826258;0.229348988;2.312959078;-0.692724354;0.721202447;4.889217308
17:59:08.185845;0.320004786;2.054145337;0.266666347;2.352966929;-0.730437418;0.682979632;4.88401476
17:59:08.196945;0.336823283;1.952876963;0.306252966;2.395667118;-0.766044443;0.64278761;4.87861804
17:59:08.207732;0.358905739;1.968767154;0.349030477;2.442005698;-0.799442763;0.600742264;4.873358416
17:59:08.219424;0.377022272;1.884803033;0.397582429;2.49492544;-0.830536083;0.556964823;4.867642743
17:59:08.229927;0.39191222;1.79003933;0.442905011;2.544684212;-0.859234753;0.511581509;4.862496956
17:59:08.240551;0.430379344;2.147124496;0.495687222;2.602517173;-0.885456026;0.464723172;4.857282622
17:59:08.250860;0.446401153;2.035860001;0.546530925;2.658610986;-0.9091243;0.416524918;4.852215528
17:59:08.261290;0.463975137;1.956834436;0.602207294;2.720441948;-0.930171333;0.367125715;4.847083123
17:59:08.272376;0.463975137;1.565467548;0.655772902;2.780862643;-0.948536442;0.316667994;4.8416232
17:59:08.283112;0.493026478;1.793442626;0.712314135;2.844752809;-0.964166675;0.265297237;4.836332747
17:59:08.293602;0.505256403;1.665271275;0.767391079;2.907683794;-0.977016965;0.213161559;4.831162388
17:59:08.305391;0.517323181;1.554501444;0.822526516;2.971454314;-0.987050263;0.160411281;4.825352413
17:59:08.315596;0.52923067;1.463427872;0.875934463;3.034066844;-0.994237639;0.107198496;4.820325288
17:59:08.325325;0.522012829;1.027858133;0.91958048;3.086786457;-0.998558371;0.05367663;4.815535953
17:59:08.336241;0.535777101;1.080231665;0.964706218;-3.14121404;-1;1.22E-16;4.810167712
17:59:08.346961;0.540367324;0.949388553;1.006623703;-3.088671893;-1;-1.22E-16;4.804903095
17:59:08.357558;0.544930648;0.845558772;1.044398138;-3.04001636;-0.998832227;-0.04831338;4.799707587
17:59:08.368605;0.544930648;0.676447018;1.076613905;-2.996948971;-0.995331635;-0.096513921;4.794302424
17:59:08.378582;0.542649117;0.498947155;1.105877937;-2.955884573;-0.989506399;-0.14448905;4.789431934
17:59:08.388870;0.538988342;0.326816961;1.128833302;-2.9216178;-0.981370126;-0.192126717;4.784422173
17:59:08.398716;0.520217694;-0.110699881;1.144291551;-2.894692223;-0.970941817;-0.239315664;4.779640938
17:59:08.408739;0.508293971;-0.325382897;1.154553032;-2.872854609;-0.958245829;-0.285945678;4.77478847
17:59:08.419372;0.499055738;-0.437081595;1.160919461;-2.854385962;-0.943311813;-0.331907853;4.769658439
17:59:08.429864;0.489923572;-0.522147973;1.163406442;-2.839591395;-0.926174649;-0.377094842;4.764615924
17:59:08.440555;0.478510684;-0.632385192;1.161740247;-2.828894794;-0.906874361;-0.421401108;4.759499322
17:59:08.451360;0.456036443;-0.918105705;1.153456827;-2.824554519;-0.885456026;-0.464723172;4.754351955
17:59:08.461910;0.442000723;-1.000375819;1.141596827;-2.824299318;-0.861969667;-0.506959854;4.749350789
17:59:08.473805;0.429592497;-1.030531762;1.126295957;-2.827377509;-0.836470138;-0.548012507;4.74374335
17:59:08.484593;0.417586761;-1.045339718;1.108018953;-2.833512272;-0.809016994;-0.587785252;4.738688316
17:59:08.494376;0.406595835;-1.040911586;1.087625856;-2.842113343;-0.779674354;-0.626185198;4.734130817
17:59:08.505429;0.393541978;-1.070948317;1.064143705;-2.853805043;-0.748510748;-0.663122658;4.729013789
17:59:08.515420;0.393541978;-0.856758653;1.043285401;-2.864049207;-0.715598961;-0.698511365;4.724419207
17:59:08.526143;0.393541978;-0.685406923;1.021704136;-2.874486222;-0.681015859;-0.732268667;4.719522132
17:59:08.537132;0.369644803;-0.987928163;0.994787005;-2.890442683;-0.644842213;-0.764315721;4.714541962
17:59:08.548829;0.370949398;-0.767947155;0.967688446;-2.906110619;-0.607162508;-0.79457768;4.709285637
17:59:08.559518;0.369933352;-0.633074951;0.943422889;-2.920002988;-0.568064747;-0.822983866;4.704524411
17:59:08.569931;0.367612523;-0.551488374;0.92092305;-2.932894667;-0.527640244;-0.849467935;4.699926453
17:59:08.581053;0.366650248;-0.459128243;0.898414525;-2.945644253;-0.485983413;-0.873968033;4.695061142
17:59:08.591919;0.365687316;-0.384734106;0.876195185;-2.958061628;-0.443191546;-0.896426937;4.690355179
17:59:08.602488;0.362457144;-0.371790914;0.85617299;-2.969341691;-0.399364584;-0.916792195;4.68582443
17:59:08.612665;0.35899455;-0.360925766;0.834795309;-2.981498816;-0.354604887;-0.935016243;4.681506659
17:59:08.624124;0.352495494;-0.409748275;0.813276267;-2.994167606;-0.309016994;-0.951056516;4.676699557
17:59:08.634104;0.339572446;-0.571710091;0.790023236;-3.008927291;-0.262707378;-0.964875553;4.672561544
17:59:08.644118;0.325676521;-0.7326527;0.765863206;-3.025234808;-0.215784197;-0.976441079;4.668456384
17:59:08.655097;0.328724203;-0.525573048;0.744073697;-3.039425411;-0.168357041;-0.985726081;4.664011301
17:59:08.665126;0.328724203;-0.420458438;0.723665577;-3.052436442;-0.12053668;-0.992708874;4.660003221
17:59:08.674826;0.280882087;-1.233398077;0.691140269;-3.077418404;-0.0724348;-0.99737315;4.656175537
17:59:08.684984;0.270476314;-1.193507185;0.660256878;-3.101503522;-0.024163745;-0.999708014;4.652220048
17:59:08.695661;0.274512282;-0.878838874;0.63128913;-3.123611735;0.024163745;-0.999708014;4.648122375
17:59:08.706083;0.272521667;-0.74109235;0.60456952;3.139322342;0.0724348;-0.99737315;4.644183352
17:59:08.716938;0.271506879;-0.611589129;0.578951455;3.120119546;0.12053668;-0.992708874;4.6401462
17:59:08.727476;0.271738027;-0.484681739;0.55719848;3.104087123;0.168357041;-0.985726081;4.636292533
17:59:08.736931;0.272967053;-0.363411844;0.537453648;3.089869699;0.215784197;-0.976441079;4.632891234
17:59:08.747587;0.265773131;-0.428062127;0.516819664;3.074756722;0.262707378;-0.964875553;4.629123239
17:59:08.758112;0.258553366;-0.47774811;0.495736261;3.059074751;0.309016994;-0.951056516;4.625471095
17:59:08.769081;0.231416007;-0.890170843;0.46943829;3.037930704;0.354604887;-0.935016243;4.621740142
17:59:08.779166;0.211749002;-1.101025759;0.441983638;3.015083073;0.399364584;-0.916792195;4.618379171
17:59:08.790067;0.197242505;-1.151273449;0.411872117;2.989548602;0.443191546;-0.896426937;4.614822586
17:59:08.799859;0.183586472;-1.188596809;0.382663282;2.964392178;0.485983413;-0.873968033;4.611696851
17:59:08.811025;0.168208277;-1.242006363;0.351537887;2.93714204;0.527640244;-0.849467935;4.608213931
17:59:08.821020;0.155729572;-1.232403014;0.320799465;2.909914066;0.568064747;-0.822983866;4.605171344
17:59:08.832030;0.134082441;-1.383843376;0.286623533;2.879038912;0.607162508;-0.79457768;4.601903557
17:59:08.842749;0.123860858;-1.295573909;0.253731882;2.849073875;0.644842213;-0.764315721;4.598808194
17:59:08.853092;0.123860858;-1.036459127;0.225387213;2.823242526;0.681015859;-0.732268667;4.595903487
17:59:08.863968;0.12487613;-0.810149939;0.199966784;2.800090291;0.715598961;-0.698511365;4.592937719
17:59:08.874668;0.106343225;-0.993193215;0.172658695;2.774780557;0.748510748;-0.663122658;4.59011028
17:59:08.885869;0.09499115;-1.010588575;0.146209165;2.75000388;0.779674354;-0.626185198;4.58724827
17:59:08.895806;0.084725515;-1.001659422;0.120002564;2.725209096;0.809016994;-0.587785252;4.584794508
17:59:08.906597;0.076505081;-0.953359871;0.094400545;2.700763547;0.836470138;-0.548012507;4.582222299
17:59:08.917076;0.069393585;-0.897929222;0.070688157;2.677916791;0.861969667;-0.506959854;4.579818152
17:59:08.927868;0.060133404;-0.889512055;0.046900204;2.654762364;0.885456026;-0.464723172;4.577440363
17:59:08.938346;0.051898373;-0.875134805;0.025455409;2.633679895;0.906874361;-0.421401108;4.575228673
17:59:08.948101;0.04263118;-0.88094206;0.004006297;2.612379636;0.926174649;-0.377094842;4.573256816
17:59:08.959216;0.031221586;-0.916216731;0.001;2.58971294;0.943311813;-0.331907853;4.571114218
17:59:08.969762;0.021928895;-0.917164509;0.001;2.5689452;0.958245829;-0.285945678;4.569185515
17:59:08.980689;0.011625501;-0.930977685;0.001;2.547625772;0.970941817;-0.239315664;4.567295912
17:59:08.989850;0.011625501;-0.744782148;0.001;2.528801796;0.981370126;-0.192126717;4.5657983
17:59:09.001189;0.00235762;-0.768275669;0.001;2.509481283;0.989506399;-0.14448905;4.564055682
17:59:09.010966;-0.007932276;-0.815548727;0.001;2.49105609;0.995331635;-0.096513921;4.562653166
17:59:09.021462;-0.017243861;-0.829712656;0.001;2.472337117;0.998832227;-0.04831338;4.561252157
17:59:09.032138;-0.024440638;-0.798197101;0.001;2.453905622;1;0;4.559939874
17:59:09.042596;-0.032657244;-0.795044761;0.001;2.436210489;0.998832227;0.04831338;4.558766118
17:59:09.053472;-0.039838706;-0.771484114;0.001;2.418884411;0.995331635;0.096513921;4.557662683
17:59:09.064195;-0.026429542;-0.368748994;0.001;2.405655117;0.989506399;0.14448905;4.556690596
17:59:09.074380;-0.026429542;-0.294999195;0.001;2.394243516;0.981370126;0.192126717;4.555872659
17:59:09.084991;-0.054416157;-0.765461711;0.001;2.37869924;0.970941817;0.239315664;4.555128563
17:59:09.095637;-0.062718242;-0.768062019;0.001;2.363153629;0.958245829;0.285945678;4.554491653
17:59:09.106004;-0.071912188;-0.791548131;0.001;2.347990432;0.943311813;0.331907853;4.553975842
17:59:09.117309;-0.081219772;-0.796600828;0.001;2.331376465;0.926174649;0.377094842;4.553529481
17:59:09.128982;-0.100996186;-1.00380639;0.001;2.313955766;0.906874361;0.421401108;4.553194242
17:59:09.139127;-0.100996186;-0.803045112;0.001;2.298301051;0.885456026;0.464723172;4.55300537
17:59:09.149907;-0.111302878;-0.835215529;0.001;2.28275237;0.861969667;0.506959854;4.552907908
17:59:09.159866;-0.11469465;-0.735408517;0.001;2.269015469;0.836470138;0.548012507;4.552911339
17:59:09.169973;-0.124164069;-0.775296841;0.001;2.255126879;0.809016994;0.587785252;4.553005572
17:59:09.180108;-0.141896586;-0.972292015;0.001;2.240073689;0.779674354;0.626185198;4.553190847
17:59:09.190527;-0.141896586;-0.777833612;0.001;2.226432793;0.748510748;0.663122658;4.553474994
17:59:09.200872;-0.150365261;-0.789803812;0.001;2.212853226;0.715598961;0.698511365;4.553849997
17:59:09.210879;-0.158837728;-0.79536402;0.001;2.199063865;0.681015859;0.732268667;4.554299772
17:59:09.221453;-0.155907246;-0.582508136;0.001;2.186358162;0.644842213;0.764315721;4.554866912
17:59:09.232595;-0.155992231;-0.467648249;0.001;2.175398183;0.607162508;0.79457768;4.55556541
17:59:09.242339;-0.171138557;-0.661743776;0.001;2.163259389;0.568064747;0.822983866;4.556260072
17:59:09.252860;-0.175397636;-0.609504992;0.001;2.151573884;0.527640244;0.849467935;4.557096824
17:59:09.262949;-0.175397636;-0.487603994;0.001;2.141480604;0.485983413;0.873968033;4.55798273
17:59:09.273701;-0.182822271;-0.53282589;0.001;2.131047134;0.443191546;0.896426937;4.559015694
17:59:09.284036;-0.183103492;-0.43169799;0.001;2.121533013;0.399364584;0.916792195;4.560093879
17:59:09.294973;-0.191310605;-0.495801869;0.001;2.111357615;0.354604887;0.935016243;4.561324683
17:59:09.306542;-0.191354209;-0.397447228;0.001;2.102147268;0.309016994;0.951056516;4.56272572
17:59:09.316457;-0.194594399;-0.381951281;0.001;2.093894812;0.262707378;0.964875553;4.564006398
17:59:09.326342;-0.187383937;-0.169979864;0.001;2.086744251;0.215784197;0.976441079;4.565355646
17:59:09.337141;-0.185128647;-0.094047355;0.001;2.080349386;0.168357041;0.985726081;4.566911201
17:59:09.347655;-0.176396916;0.087380079;0.001;2.075438769;0.12053668;0.992708874;4.568506365
17:59:09.358363;-0.168949376;0.211028872;0.001;2.071782312;0.0724348;0.99737315;4.570211565
17:59:09.369120;-0.149801986;0.531917443;0.001;2.070454499;0.024163745;0.999708014;4.572005248
17:59:09.379619;-0.148593338;0.44788516;0.001;2.069318792;-0.024163745;0.999708014;4.573832716
17:59:09.390618;-0.111348187;1.040533285;0.004063624;2.072410231;-0.0724348;0.99737315;4.575827338
17:59:09.401365;-0.090031682;1.233183691;0.009213097;2.077630576;-0.12053668;0.992708874;4.577854209
17:59:09.411978;-0.063752755;1.47508585;0.017105049;2.085664451;-0.168357041;0.985726081;4.579930211
17:59:09.422993;-0.037704635;1.686357609;0.027167236;2.09595479;-0.215784197;0.976441079;4.582161767
17:59:09.432443;-0.005625715;1.984770729;0.040191846;2.109319725;-0.262707378;0.964875553;4.584137719
17:59:09.442933;0.021081458;2.090830571;0.056605859;2.126248195;-0.309016994;0.951056516;4.586396529
17:59:09.454119;0.051874458;2.282760646;0.075347521;2.145656331;-0.354604887;0.935016243;4.588879775
17:59:09.463973;0.051874458;1.826208517;0.093483941;2.164644811;-0.399364584;0.916792195;4.591130008
17:59:09.473799;0.102997337;2.43028022;0.118689925;2.190970442;-0.443191546;0.896426937;4.593431328
17:59:09.484845;0.127528572;2.393616143;0.147600767;2.221335663;-0.485983413;0.873968033;4.596085749
17:59:09.496326;0.152045635;2.379684093;0.178348382;2.253803398;-0.527640244;0.849467935;4.598918897
17:59:09.505477;0.175626317;2.369870498;0.210488385;2.287911288;-0.568064747;0.822983866;4.601230251
17:59:09.516085;0.228011874;2.863247097;0.252694501;2.332626777;-0.607162508;0.79457768;4.603967571
17:59:09.526530;0.230014274;2.328853708;0.29252507;2.375312421;-0.644842213;0.764315721;4.60672254
17:59:09.537661;0.279583407;2.773889241;0.341725117;2.42796597;-0.681015859;0.732268667;4.609722387
17:59:09.548214;0.306527923;2.720601426;0.393611874;2.483805681;-0.715598961;0.698511365;4.612626174
17:59:09.558924;0.331637837;2.648448682;0.447699922;2.542372226;-0.748510748;0.663122658;4.615631369
17:59:09.570370;0.354534967;2.548076892;0.503852814;2.603603159;-0.779674354;0.626185198;4.61890654
17:59:09.580375;0.375440731;2.45370423;0.55800122;2.663100587;-0.809016994;0.587785252;4.621821946
17:59:09.590099;0.396539112;2.365757672;0.615218193;2.726466792;-0.836470138;0.548012507;4.624701474
17:59:09.600912;0.419898541;2.328376252;0.674693818;2.792861713;-0.861969667;0.506959854;4.627955614
17:59:09.612688;0.441273776;2.256551715;0.734831165;2.860654302;-0.885456026;0.464723172;4.6315606
17:59:09.623331;0.46393371;2.255306558;0.790697161;2.924205721;-0.906874361;0.421401108;4.63487218
17:59:09.632497;0.485271516;2.228023482;0.846225237;2.987980884;-0.926174649;0.377094842;4.637763911
17:59:09.642236;0.506975492;2.200625448;0.902856012;3.053694679;-0.943311813;0.331907853;4.640875797
17:59:09.655296;0.525773234;2.11082062;0.959599721;3.120438487;-0.958245829;0.285945678;4.645110959
17:59:09.664011;0.543225942;2.028163281;1.011863702;-3.100342699;-0.970941817;0.239315664;4.64797571
17:59:09.673602;0.556505212;1.877218021;1.061811277;-3.039577396;-0.981370126;0.192126717;4.651163228
17:59:09.684270;0.569492376;1.759481042;1.107305629;-2.983146799;-0.989506399;0.14448905;4.654750503
17:59:09.693852;0.576108257;1.538285504;1.148980456;-2.93004634;-0.995331635;0.096513921;4.658009187
17:59:09.704622;0.580748541;1.322494563;1.186504805;-2.880720954;-0.998832227;0.04831338;4.66171211
17:59:09.714557;0.582670152;1.095075644;1.220618888;-2.834128333;-1;1.22E-16;4.665164662
17:59:09.725005;0.582747689;0.877495227;1.251602252;-2.789780192;-1;-1.22E-16;4.66883241
17:59:09.736050;0.581464615;0.678442394;1.278402446;-2.749194558;-0.998629535;-0.052335956;4.672749659
17:59:09.747654;0.577751447;0.479480027;1.302413698;-2.710034485;-0.994521895;-0.104528463;4.676907937
17:59:09.758911;0.575543592;0.342064369;1.32077501;-2.677721873;-0.987688341;-0.156434465;4.680982311
17:59:09.768905;0.572978804;0.223990554;1.335855027;-2.648919763;-0.978147601;-0.207911691;4.684631782
17:59:09.779827;0.570049018;0.121231457;1.348260269;-2.622945688;-0.965925826;-0.258819045;4.688653581
17:59:09.789770;0.565138007;0.0060602;1.358882965;-2.597700026;-0.951056516;-0.309016994;4.692344212
17:59:09.800667;0.557366908;-0.139756735;1.366546106;-2.575389522;-0.933580426;-0.35836795;4.696419863
17:59:09.811357;0.548372292;-0.276948241;1.37150719;-2.555514908;-0.913545458;-0.406736643;4.70044831
17:59:09.822123;0.536099775;-0.450537579;1.373314649;-2.538995941;-0.891006524;-0.4539905;4.704534413
17:59:09.832920;0.522773791;-0.607185418;1.37221009;-2.525273476;-0.866025404;-0.5;4.70866029
17:59:09.843803;0.50733149;-0.769979782;1.368068805;-2.514527272;-0.838670568;-0.544639035;4.712846154
17:59:09.855304;0.490236485;-0.909591488;1.36041145;-2.506299244;-0.809016994;-0.587785252;4.717297903
17:59:09.866535;0.484456452;-0.837981625;1.353163428;-2.499329182;-0.777145961;-0.629320391;4.721671684
17:59:09.876460;0.485678449;-0.647333641;1.3469172;-2.491262666;-0.743144825;-0.669130606;4.725557558
17:59:09.887006;0.494120629;-0.360169395;1.343123136;-2.480656453;-0.707106781;-0.707106781;4.729706723
17:59:09.897580;0.502868089;-0.122966305;1.341738119;-2.467822705;-0.669130606;-0.743144825;4.733886611
17:59:09.908560;0.510548731;0.044653612;1.342338374;-2.452809061;-0.629320391;-0.777145961;4.738246625
17:59:09.919395;0.517037135;0.156024927;1.344563589;-2.436092441;-0.587785252;-0.809016994;4.74256741
17:59:09.930043;0.524436203;0.262214479;1.348449914;-2.417703602;-0.544639035;-0.838670568;4.746830156
17:59:09.940876;0.526775667;0.253867694;1.3528305;-2.398991787;-0.5;-0.866025404;4.751182546
17:59:09.951528;0.526762151;0.202845653;1.357420028;-2.379661129;-0.4539905;-0.891006524;4.755476329
17:59:09.962159;0.522183166;0.076962859;1.361243391;-2.361246262;-0.406736643;-0.913545458;4.759774402
17:59:09.973565;0.514481636;-0.085966657;1.363843234;-2.344421588;-0.35836795;-0.933580426;4.764398622
17:59:09.983506;0.503525227;-0.272376625;1.364964373;-2.328616551;-0.309016994;-0.951056516;4.768438606
17:59:09.994370;0.498358123;-0.314872834;1.36573271;-2.313298309;-0.258819045;-0.965925826;4.77286283
17:59:10.004595;0.502556965;-0.168676204;1.367685615;-2.297554745;-0.207911691;-0.978147601;4.777034445
17:59:10.015170;0.507033675;-0.054063666;1.371109754;-2.278971269;-0.156434465;-0.987688341;4.781355474
17:59:10.025371;0.50381659;-0.107097734;1.374106561;-2.262142317;-0.104528463;-0.994521895;4.78552898
17:59:10.036112;0.501554952;-0.128584895;1.377295328;-2.244451136;-0.052335956;-0.998629535;4.789927869
17:59:10.046954;0.484737132;-0.411197594;1.37837976;-2.22833655;6.12E-17;-1;4.794371531
17:59:10.057281;0.467881239;-0.661926405;1.377567222;-2.215198305;0.052335956;-0.998629535;4.798606153
17:59:10.067026;0.439393179;-1.09523706;1.373478838;-2.205433524;0.104528463;-0.994521895;4.80260295
17:59:10.077606;0.419287226;-1.264155484;1.367457337;-2.197251522;0.156434465;-0.987688341;4.806942035
17:59:10.088111;0.389043906;-1.566116473;1.357922088;-2.191931497;0.207911691;-0.978147601;4.811249052
17:59:10.098974;0.371182483;-1.591398285;1.347664939;-2.187913938;0.258819045;-0.965925826;4.815700258
17:59:10.110506;0.358742412;-1.519184355;1.337636149;-2.184368275;0.309016994;-0.951056516;4.820421309
17:59:10.119388;0.348294784;-1.414399279;1.327328074;-2.180690237;0.35836795;-0.933580426;4.824053544
17:59:10.129903;0.33784975;-1.329268027;1.317099007;-2.176953009;0.406736643;-0.913545458;4.828348111
17:59:10.140685;0.325189661;-1.314766628;1.307144365;-2.173691197;0.4539905;-0.891006524;4.832744427
17:59:10.150574;0.312563032;-1.292185955;1.296574938;-2.170584948;0.5;-0.866025404;4.836769075
17:59:10.161177;0.296899113;-1.328017727;1.285296276;-2.168121917;0.544639035;-0.838670568;4.841075165
17:59:10.172152;0.281433033;-1.346870963;1.273291638;-2.166217083;0.587785252;-0.809016994;4.845521139
17:59:10.183319;0.26607702;-1.363705089;1.261013862;-2.164899147;0.629320391;-0.777145961;4.850031871
17:59:10.193325;0.246366141;-1.463042718;1.247833414;-2.164790613;0.669130606;-0.743144825;4.854061359
17:59:10.204267;0.229845262;-1.473613706;1.233718667;-2.165384674;0.707106781;-0.707106781;4.858453284
17:59:10.215245;0.211265922;-1.526967565;1.219061379;-2.166951434;0.743144825;-0.669130606;4.862843176
17:59:10.225062;0.193926385;-1.564740854;1.20451615;-2.169252271;0.777145961;-0.629320391;4.866753755
17:59:10.235743;0.175282505;-1.603150664;1.188344103;-2.172728949;0.809016994;-0.587785252;4.870991231
17:59:10.246323;0.154756801;-1.675147199;1.171282797;-2.177456269;0.838670568;-0.544639035;4.875169735
17:59:10.258026;0.134282965;-1.720622361;1.152578758;-2.1836581;0.866025404;-0.5;4.879768433
17:59:10.268062;0.115826872;-1.714505964;1.132769801;-2.190990358;0.891006524;-0.4539905;4.883691405
17:59:10.277956;0.098238278;-1.719398565;1.113685305;-2.198715582;0.913545458;-0.406736643;4.887539154
17:59:10.288922;0.077781452;-1.763602923;1.092513957;-2.208259204;0.933580426;-0.35836795;4.891779764
17:59:10.298536;0.044942512;-2.060986017;1.069134508;-2.220720937;0.951056516;-0.309016994;4.895475766
17:59:10.310027;0.021305508;-2.085349174;1.042219767;-2.236205857;0.965925826;-0.258819045;4.89986538
17:59:10.319882;0.004735537;-1.985719911;1.015543726;-2.252142258;0.978147601;-0.207911691;4.903604692
17:59:10.330370;-0.00961956;-1.858699897;0.987897811;-2.269143012;0.987688341;-0.156434465;4.907557361
17:59:10.340968;-0.022951179;-1.738662418;0.959950128;-2.286775357;0.994521895;-0.104528463;4.911522254
17:59:10.351663;-0.035563254;-1.62809299;0.931527073;-2.305141304;0.998629535;-0.052335956;4.915492454
17:59:10.362431;-0.050056558;-1.574165647;0.902246411;-2.324641287;1;0;4.919457091
17:59:10.373226;-0.065565996;-1.54455179;0.871368025;-2.345876844;0.998629535;0.052335956;4.923397708
17:59:10.383823;-0.080060705;-1.50755253;0.840185663;-2.367936938;0.994521895;0.104528463;4.927232857
17:59:10.394692;-0.095740818;-1.499989377;0.807764104;-2.391569256;0.987688341;0.156434465;4.931132487
17:59:10.404954;-0.110421011;-1.485114762;0.775381777;-2.415801712;0.978147601;0.207911691;4.934782959
17:59:10.415673;-0.130309223;-1.561254054;0.73969995;-2.443410151;0.965925826;0.258819045;4.938563652
17:59:10.425531;-0.143005683;-1.500696316;0.705118462;-2.470704597;0.951056516;0.309016994;4.942011655
17:59:10.437842;-0.155468405;-1.441758261;0.668853287;-2.499871875;0.933580426;0.35836795;4.94627885
17:59:10.446887;-0.166167788;-1.347352095;0.629640383;-2.531923017;0.913545458;0.406736643;4.949386707
17:59:10.457620;-0.176629779;-1.28401741;0.593122957;-2.562235848;0.891006524;0.4539905;4.953044754
17:59:10.467784;-0.192552892;-1.337312416;0.554597296;-2.594869508;0.866025404;0.5;4.956479224
17:59:10.477526;-0.200019726;-1.218139898;0.516922094;-2.627150613;0.838670568;0.544639035;4.959744185
17:59:10.488176;-0.206503282;-1.095585627;0.477212094;-2.661538579;0.809016994;0.587785252;4.963283497
17:59:10.498829;-0.213970401;-1.015968774;0.437726503;-2.696128347;0.777145961;0.629320391;4.96679269
17:59:10.510079;-0.221435351;-0.945400519;0.396488801;-2.732672514;0.743144825;0.669130606;4.97046497
17:59:10.520862;-0.227921369;-0.876483719;0.357449592;-2.767643932;0.707106781;0.707106781;4.973952651
17:59:10.531957;-0.234408233;-0.829389493;0.321246688;-2.800414164;0.669130606;0.743144825;4.977508609
17:59:10.541722;-0.239596915;-0.761119431;0.283907668;-2.834537951;0.629320391;0.777145961;4.980611084
17:59:10.552312;-0.235620885;-0.53377169;0.249441669;-2.866182701;0.587785252;0.809016994;4.983947055
17:59:10.564053;-0.233993553;-0.398982287;0.214043468;-2.898892531;0.544639035;0.838670568;4.987611024
17:59:10.574707;-0.236902405;-0.372949536;0.182224216;-2.928569384;0.5;0.866025404;4.990904519
17:59:10.585227;-0.238207015;-0.323138385;0.152633382;-2.956398599;0.4539905;0.891006524;4.994127606
17:59:10.595956;-0.239175508;-0.277223571;0.124884564;-2.982712413;0.406736643;0.913545458;4.997385257
17:59:10.606205;-0.211876692;0.309059245;0.104502606;-3.001915674;0.35836795;0.933580426;5.000469558
17:59:10.617038;-0.206364687;0.346296234;0.084907795;-3.020457499;0.309016994;0.951056516;5.003700475
17:59:10.627575;-0.195669761;0.48784613;0.070233853;-3.034345031;0.258819045;0.965925826;5.006814581
17:59:10.637458;-0.18044393;0.691787027;0.059516961;-3.044407179;0.207911691;0.978147601;5.009710004
17:59:10.648037;-0.162002284;0.919560193;0.05315366;-3.050203246;0.156434465;0.987688341;5.012782271
17:59:10.658261;-0.13964751;1.159659086;0.051618572;-3.051186014;0.104528463;0.994521895;5.015725028
17:59:10.668067;-0.104661678;1.613047659;0.057453513;-3.044793979;0.052335956;0.998629535;5.018523241
17:59:10.678692;-0.076383992;1.851789407;0.068692336;-3.032919196;6.12E-17;1;5.021528559
17:59:10.688471;-0.047117909;2.050979336;0.085666249;-3.015151322;-0.052335956;0.998629535;5.024270296
17:59:10.698967;-0.026082142;2.040487408;0.106616032;-2.993188554;-0.104528463;0.994521895;5.02718733
17:59:10.710422;0.002694231;2.203780511;0.131488323;-2.967115984;-0.156434465;0.987688341;5.030340704
17:59:10.719485;0.052985107;2.722024227;0.166707324;-2.930331435;-0.207911691;0.978147601;5.032813433
17:59:10.730170;0.076543732;2.618864567;0.205601962;-2.889446876;-0.258819045;0.965925826;5.035703729
17:59:10.741557;0.099058028;2.52118312;0.246589669;-2.84606755;-0.309016994;0.951056516;5.03875438
17:59:10.750702;0.123626935;2.50472178;0.28825455;-2.801706489;-0.35836795;0.933580426;5.041182475
17:59:10.761260;0.152477319;2.566451974;0.333882741;-2.752885731;-0.406736643;0.913545458;5.043961639
17:59:10.771299;0.155491576;2.113030242;0.376314535;-2.706875776;-0.4539905;0.891006524;5.046580399
17:59:10.781231;0.211052723;2.788766871;0.426880691;-2.652243334;-0.5;0.866025404;5.049148592
17:59:10.791485;0.242022018;2.845538251;0.479409251;-2.595143925;-0.544639035;0.838670568;5.051776574
17:59:10.803135;0.267905331;2.729329045;0.539346383;-2.529378974;-0.587785252;0.809016994;5.054733615
17:59:10.813490;0.294935231;2.716977754;0.592516919;-2.470469796;-0.629320391;0.777145961;5.057336508
17:59:10.823632;0.294935231;2.173582203;0.642224708;-2.414317085;-0.669130606;0.743144825;5.059862825
17:59:10.833889;0.345740226;2.693105543;0.696763866;-2.35264357;-0.707106781;0.707106781;5.062394777
17:59:10.844410;0.369145292;2.607911931;0.747739213;-2.294206918;-0.743144825;0.669130606;5.064968036
17:59:10.854968;0.392317162;2.520087208;0.798126638;-2.235555596;-0.777145961;0.629320391;5.067526243
17:59:10.866584;0.413462549;2.41203886;0.845441411;-2.179458245;-0.809016994;0.587785252;5.070313134
17:59:10.876326;0.433911298;2.312941775;0.889408845;-2.12623023;-0.838670568;0.544639035;5.072628247
17:59:10.887289;0.455137946;2.242757036;0.930619897;-2.075168272;-0.866025404;0.5;5.07520953
17:59:10.897205;0.475914522;2.206804919;0.965898625;-2.030335132;-0.891006524;0.4539905;5.077522583
17:59:10.907626;0.49633218;2.155184489;0.999432175;-1.986500841;-0.913545458;0.406736643;5.079931389
17:59:10.918546;0.516752655;2.128805352;1.028710936;-1.94698325;-0.933580426;0.35836795;5.082431493
17:59:10.928903;0.535643412;2.069325275;1.055526867;-1.909413852;-0.951056516;0.309016994;5.084780152
17:59:10.939849;0.555324835;2.016500634;1.080621098;-1.872670296;-0.965925826;0.258819045;5.087238721
17:59:10.949633;0.572840353;1.956554403;1.101117516;-1.841040779;-0.978147601;0.207911691;5.089415887
17:59:10.959504;0.584755353;1.798275907;1.118693187;-1.81211212;-0.987688341;0.156434465;5.091593052
17:59:10.970495;0.591609897;1.565236637;1.134130163;-1.784476032;-0.994521895;0.104528463;5.093994553
17:59:10.981135;0.596180086;1.342818946;1.145889441;-1.761217144;-0.998629535;0.052335956;5.096296781
17:59:10.991347;0.602300642;1.185557996;1.156361145;-1.738082985;-1;1.22E-16;5.098485689
17:59:11.002109;0.60093226;0.92304389;1.164312351;-1.71762899;-1;-1.22E-16;5.100770728
17:59:11.012882;0.597283196;0.670802253;1.170346323;-1.698997171;-0.998481516;-0.05508776;5.103035936
17:59:11.024262;0.596006901;0.514106613;1.175104701;-1.68095386;-0.993930677;-0.110008221;5.10540491
17:59:11.034992;0.592077723;0.338461219;1.17837154;-1.664988102;-0.986361303;-0.16459459;5.107616327
17:59:11.045640;0.57561059;-0.040799067;1.180361743;-1.65053084;-0.975796383;-0.218681091;5.109789699
17:59:11.056656;0.563270624;-0.26307176;1.181557552;-1.636686228;-0.962268;-0.272103465;5.112016223
17:59:11.067151;0.563270624;-0.210457408;1.182309001;-1.624027288;-0.945817242;-0.324699469;5.114116865
17:59:11.077116;0.531164354;-0.78289286;1.182425616;-1.611555891;-0.926494067;-0.376309372;5.116093013
17:59:11.089015;0.514669066;-0.930804554;1.182300527;-1.598870435;-0.904357161;-0.426776435;5.118429424
17:59:11.099158;0.50044915;-1.015449804;1.182113386;-1.586642209;-0.879473751;-0.475947393;5.120401236
17:59:11.108745;0.48946152;-1.019337921;1.181993592;-1.574212045;-0.851919409;-0.523672914;5.12224837
17:59:11.120909;0.483007725;-0.926983171;1.182050482;-1.560473491;-0.821777815;-0.569808058;5.124569036
17:59:11.130917;0.481079254;-0.778699054;1.182311972;-1.547926285;-0.789140509;-0.614212713;5.126459293
17:59:11.141527;0.482043813;-0.605083805;1.182802519;-1.534673786;-0.75410661;-0.656752024;5.128444634
17:59:11.152412;0.492741486;-0.271772076;1.183370233;-1.522182945;-0.716782513;-0.697296801;5.130461716
17:59:11.162441;0.498584439;-0.105209721;1.184086591;-1.509138818;-0.677281572;-0.735723911;5.132302677
17:59:11.173427;0.50378729;0.018741871;1.184902307;-1.496346264;-0.635723748;-0.771916651;5.134300249
17:59:11.182766;0.510231171;0.142427898;1.185798579;-1.483462416;-0.592235253;-0.805765106;5.135982833
17:59:11.192559;0.512484292;0.158665463;1.1868498;-1.470458134;-0.546948158;-0.837166478;5.137732051
17:59:11.203285;0.50794333;0.043332636;1.188360114;-1.456046429;-0.5;-0.866025404;5.139630287
17:59:11.214217;0.513147077;0.137808059;1.189860506;-1.442547576;-0.451533358;-0.892254239;5.14154621
17:59:11.224042;0.508669196;0.026265955;1.191875153;-1.427833657;-0.401695425;-0.915773327;5.143252129
17:59:11.234078;0.501871977;-0.113552907;1.194313653;-1.413342215;-0.350637555;-0.936511241;5.144979216
17:59:11.245435;0.49541227;-0.211468371;1.197498421;-1.397349239;-0.298514811;-0.954405002;5.146914986
17:59:11.255547;0.494443804;-0.188407126;1.200855475;-1.381915324;-0.245485487;-0.969400266;5.148622069
17:59:11.265378;0.488273746;-0.270554501;1.204928066;-1.365455506;-0.191710632;-0.981451493;5.150266999
17:59:11.275481;0.488273746;-0.216443601;1.209261872;-1.348933064;-0.137353558;-0.990522085;5.151942486
17:59:11.285237;0.468550618;-0.56340378;1.215094393;-1.330848202;-0.082579345;-0.996584493;5.153546196
17:59:11.295382;0.447460832;-0.868362773;1.222646898;-1.310986071;-0.027554342;-0.999620307;5.155199185
17:59:11.307657;0.42930371;-1.03331885;1.232483489;-1.287985674;0.027554342;-0.999620307;5.157179475
17:59:11.316425;0.42930371;-0.82665508;1.242454707;-1.265263881;0.082579345;-0.996584493;5.158580903
17:59:11.328675;0.391758748;-1.29934062;1.258070451;-1.234934287;0.137353558;-0.990522085;5.160520842
17:59:11.338506;0.392755894;-1.019699251;1.272021703;-1.208224517;0.191710632;-0.981451493;5.16206268
17:59:11.348395;0.378287586;-1.103221612;1.287941217;-1.179420937;0.245485487;-0.969400266;5.163600287
17:59:11.360402;0.368793602;-1.060457832;1.30655935;-1.146955859;0.298514811;-0.954405002;5.165449471
17:59:11.369426;0.357297471;-1.076611433;1.326089606;-1.114166159;0.350637555;-0.936511241;5.166826597
17:59:11.379307;0.346805237;-1.068679497;1.347645391;-1.079084035;0.401695425;-0.915773327;5.168322212
17:59:11.390144;0.332065437;-1.132220612;1.373055029;-1.039212037;0.451533358;-0.892254239;5.169947932
17:59:11.400487;0.317520778;-1.193540198;1.399969622;-0.998282075;0.5;-0.866025404;5.171485484
17:59:11.412094;0.288411738;-1.511848771;1.433175894;-0.950270776;0.546948158;-0.837166478;5.173194811
17:59:11.421079;0.288411738;-1.209479017;1.467487092;-0.90060321;0.592235253;-0.805765106;5.174506447
17:59:11.431928;0.270966556;-1.286063601;1.506955763;-0.844842087;0.635723748;-0.771916651;5.176076933
17:59:11.442685;0.235828404;-1.689112189;1.552980249;-0.78253343;0.677281572;-0.735723911;5.177619972
17:59:11.453281;0.235828404;-1.351289751;1.599079912;-0.719709732;0.716782513;-0.697296801;5.179126358
17:59:11.464521;0.198713431;-1.77684051;1.654155231;-0.647281192;0.75410661;-0.656752024;5.180709807
17:59:11.475559;0.180144605;-1.742869339;1.718355112;-0.563595625;0.789140509;-0.614212713;5.182250497
17:59:11.486200;0.159498029;-1.781577882;1.782064784;-0.481223438;0.821777815;-0.569808058;5.183722563
17:59:11.496843;0.140884376;-1.784212688;1.847510738;-0.396954258;0.851919409;-0.523672914;5.185182129
17:59:11.506746;0.121281454;-1.814170532;1.914729692;-0.31066611;0.879473751;-0.475947393;5.186528908
17:59:11.517233;0.10164864;-1.81947639;1.988254137;-0.216323707;0.904357161;-0.426776435;5.187943408
17:59:11.528655;0.083078039;-1.802625873;2.063692464;-0.119198861;0.926494067;-0.376309372;5.189470542
17:59:11.539101;0.065494093;-1.787670355;2.136119688;-0.025397028;0.945817242;-0.324699469;5.190855079
17:59:11.549002;0.045609483;-1.801290718;2.213102297;0.074892326;0.962268;-0.272103465;5.192156877
17:59:11.559029;0.029102381;-1.767423768;2.284764722;0.169307841;0.975796383;-0.218681091;5.193464988
17:59:11.570039;0.016685647;-1.64151682;2.35903503;0.26892182;0.986361303;-0.16459459;5.194889647
17:59:11.580662;0.005304196;-1.539237436;2.424253171;0.358231731;0.993930677;-0.110008221;5.196252824
17:59:11.590551;-0.005201696;-1.432792492;2.488147504;0.447756985;0.998481516;-0.05508776;5.197511917
17:59:11.601281;-0.015550465;-1.339080404;2.549833057;0.536484408;1;0;5.198867482
17:59:11.612051;-0.027079118;-1.28460671;2.608125952;0.622656409;0.998481516;0.05508776;5.200217194
17:59:11.623583;-0.041816132;-1.299843434;2.663479694;0.706561608;0.993930677;0.110008221;5.201650471
17:59:11.633852;-0.05555759;-1.311828935;2.712092577;0.78234159;0.986361303;0.16459459;5.20291651
17:59:11.643787;-0.079849014;-1.505879533;2.762211468;0.861602171;0.975796383;0.218681091;5.204132276
17:59:11.654090;-0.091366615;-1.433304051;2.805600287;0.933048445;0.962268;0.272103465;5.205383734
17:59:11.663886;-0.100876149;-1.335117552;2.844923807;1.000886668;0.945817242;0.324699469;5.206564887
17:59:11.676510;-0.111380832;-1.238656492;2.887589818;1.078866485;0.926494067;0.376309372;5.208074643
17:59:11.686138;-0.12208615;-1.202545966;2.918481904;1.139134107;0.904357161;0.426776435;5.209216836
17:59:11.696778;-0.130584475;-1.130815991;2.94553945;1.195721872;0.879473751;0.475947393;5.210469884
17:59:11.706713;-0.139079153;-1.069508629;2.969601244;1.250267008;0.851919409;0.523672914;5.211631288
17:59:11.717348;-0.14537456;-0.980593014;2.989569266;1.300253987;0.821777815;0.569808058;5.212865412
17:59:11.727428;-0.152875272;-0.927606777;3.006956406;1.349068772;0.789140509;0.614212713;5.214026545
17:59:11.737110;-0.158375667;-0.851051573;3.020506925;1.393047543;0.75410661;0.656752024;5.215134059
17:59:11.747978;-0.163875158;-0.782414019;3.03180604;1.43711908;0.716782513;0.697296801;5.216368281
17:59:11.758698;-0.172415756;-0.788183368;3.03990596;1.477181861;0.677281572;0.735723911;5.217576535
17:59:11.769684;-0.177623866;-0.727285059;3.045314395;1.515353955;0.635723748;0.771916651;5.21880546
17:59:11.779549;-0.178666825;-0.602519337;3.047894131;1.548648856;0.592235253;0.805765106;5.219901064
17:59:11.791624;-0.177711398;-0.465699625;3.048195107;1.584650107;0.546948158;0.837166478;5.221232054
17:59:11.802348;-0.178748896;-0.392519142;3.046302991;1.614439044;0.5;0.866025404;5.222404979
17:59:11.812455;-0.179720526;-0.332034649;3.042411742;1.643380725;0.451533358;0.892254239;5.223502658
17:59:11.822723;-0.175195446;-0.179343721;3.037057447;1.669910961;0.401695425;0.915773327;5.224610219
17:59:11.833512;-0.165222342;0.044084597;3.030448324;1.695565826;0.350637555;0.936511241;5.225765838
17:59:11.844188;-0.154153939;0.242251731;3.02289087;1.720379527;0.298514811;0.954405002;5.226901266
17:59:11.854847;-0.139881383;0.461134581;3.014801048;1.744525131;0.245485487;0.969400266;5.228026981
17:59:11.866175;-0.121469959;0.716633573;3.006670862;1.768278395;0.191710632;0.981451493;5.229214829
17:59:11.876328;-0.099783267;0.982919539;2.998841165;1.79224536;0.137353558;0.990522085;5.230272123
17:59:11.886084;-0.0764306;1.249387325;2.991989698;1.815607611;0.082579345;0.996584493;5.231281635
17:59:11.897504;-0.048858449;1.510322214;2.985803779;1.841688914;0.027554342;0.999620307;5.23245544
17:59:11.907754;-0.018517667;1.789670603;2.981353609;1.868378868;-0.027554342;0.999620307;5.233501856
17:59:11.917697;0.010632986;1.992492206;2.978579936;1.896588435;-0.082579345;0.996584493;5.23451059
17:59:11.928334;0.039596526;2.133187217;2.977612954;1.927616867;-0.137353558;0.990522085;5.235582933
17:59:11.939317;0.065405119;2.185906735;2.978410922;1.960483017;-0.191710632;0.981451493;5.236682906
17:59:11.950022;0.087965645;2.169380524;2.980774941;1.994808244;-0.245485487;0.969400266;5.237748074
17:59:11.960853;0.111510121;2.173814246;2.984993254;2.031073627;-0.298514811;0.954405002;5.23881891
17:59:11.971674;0.137130126;2.244230665;2.99117921;2.067568479;-0.350637555;0.936511241;5.239881983
17:59:11.980853;0.161744206;2.284108753;2.999581438;2.106143505;-0.401695425;0.915773327;5.240778532
17:59:11.991433;0.186438522;2.298280054;3.010846216;2.148922303;-0.451533358;0.892254239;5.241806092
17:59:12.002306;0.213970286;2.362805262;3.025280172;2.195061259;-0.5;0.866025404;5.242855725
17:59:12.012445;0.26883824;2.955969877;3.047479918;2.248527255;-0.546948158;0.837166478;5.243828783
17:59:12.022621;0.295764319;2.899629204;3.072645527;2.304504562;-0.592235253;0.805765106;5.24479995
17:59:12.033641;0.322624377;2.844528771;3.101930367;2.365391664;-0.635723748;0.771916651;5.24584564
17:59:12.043077;0.350699791;2.833517806;3.134785286;2.429633585;-0.677281572;0.735723911;5.246736143
17:59:12.053196;0.374695375;2.716724133;3.173079634;2.501572367;-0.716782513;0.697296801;5.247686201
17:59:12.064597;0.397900266;2.602085585;3.215237433;2.578310968;-0.75410661;0.656752024;5.248750673
17:59:12.074493;0.423611211;2.582667023;3.258954853;2.655255786;-0.789140509;0.614212713;5.249669626
17:59:12.084309;0.448061309;2.550291661;3.305356195;2.734809476;-0.821777815;0.569808058;5.250576659
17:59:12.094580;0.469611385;2.468265888;3.354119458;2.81710378;-0.851919409;0.523672914;5.251521051
17:59:12.106026;0.492388971;2.396019322;3.409117359;2.908661639;-0.879473751;0.475947393;5.252567966
17:59:12.116867;0.514928714;2.364472915;3.462458928;2.996605287;-0.904357161;0.426776435;5.253554316
17:59:12.125613;0.514928714;1.891578332;3.512530573;3.082373072;-0.926494067;0.376309372;5.254346438
17:59:12.136493;0.559769388;2.356379942;3.57267264;-3.102983098;-0.945817242;0.324699469;5.255327434
17:59:12.146978;0.579572346;2.256802839;3.632958873;-3.004302306;-0.962268;0.272103465;5.256268311
17:59:12.157001;0.59704228;2.152326275;3.689150897;-2.911229765;-0.975796383;0.218681091;5.257163704
17:59:12.168016;0.613544107;2.029495325;3.747552428;-2.812931338;-0.986361303;0.16459459;5.2581433
17:59:12.177708;0.625433218;1.85889495;3.799866801;-2.722476926;-0.993930677;0.110008221;5.259001517
17:59:12.190748;0.633194969;1.621039316;3.855446771;-2.622522699;-0.998481516;0.05508776;5.260150866
17:59:12.199780;0.635478516;1.34087643;3.900185804;-2.537569707;-1;1.22E-16;5.26094347
17:59:12.210530;0.634101109;1.04700802;3.941251469;-2.454461996;-1;-1.22E-16;3.941251469
17:59:12.221333;0.625879593;0.685921115;3.976687588;-2.376106215;-0.998426815;-0.056070447;3.976687588
17:59:12.232994;0.619033559;0.422353395;4.007154163;-2.302389253;-0.99371221;-0.111964476;4.007154163
17:59:12.243021;0.610274309;0.165125159;4.031472125;-2.237311434;-0.985871019;-0.167506223;4.031472125
17:59:12.253218;0.589733109;-0.25163814;4.051554972;-2.173959212;-0.974927912;-0.222520934;4.051554972
17:59:12.263781;0.588516473;-0.223820026;4.069898153;-2.111718168;-0.960917322;-0.276835511;4.069898153
17:59:12.274718;0.566541714;-0.584330815;4.08378646;-2.053618079;-0.94388333;-0.330279062;4.08378646
17:59:12.285466;0.566541714;-0.467464652;4.09568687;-2.000541782;-0.923879533;-0.382683432;4.09568687
17:59:12.296743;0.553260028;-0.604134761;4.106638326;-1.942257373;-0.900968868;-0.433883739;4.106638326
17:59:12.308601;0.52479164;-1.042028258;4.113018716;-1.893995213;-0.875223422;-0.483718887;4.113018716
17:59:12.316494;0.514737616;-1.034499348;4.118154598;-1.847661467;-0.846724199;-0.532032077;4.118154598
17:59:12.327152;0.511508412;-0.889504192;4.122887499;-1.799939505;-0.815560869;-0.578671296;4.122887499
17:59:12.337846;0.514143705;-0.662848877;4.127356649;-1.750875201;-0.781831482;-0.623489802;4.127356649
17:59:12.348365;0.519653517;-0.421483847;4.131024346;-1.705383155;-0.745642165;-0.666346578;4.131024346
17:59:12.358006;0.51924334;-0.345336071;4.133755945;-1.661050331;-0.707106781;-0.707106781;4.133755945
17:59:12.368728;0.51924334;-0.276268857;4.135575421;-1.614939935;-0.666346578;-0.745642165;4.135575421
17:59:12.379673;0.525517671;-0.106037474;4.136218323;-1.56915658;-0.623489802;-0.781831482;4.136218323
17:59:12.390259;0.531750647;0.031515912;4.135446361;-1.525613626;-0.578671296;-0.815560869;4.135446361
17:59:12.400889;0.534036658;0.068203778;4.133206492;-1.483884378;-0.532032077;-0.846724199;4.133206492
17:59:12.411609;0.531366224;0.003650064;4.129638778;-1.444111446;-0.483718887;-0.875223422;4.129638778
17:59:12.422230;0.529083281;-0.039245813;4.124573385;-1.404485577;-0.433883739;-0.900968868;4.124573385
17:59:12.432527;0.523567898;-0.14069278;4.118768571;-1.36869117;-0.382683432;-0.923879533;4.118768571
17:59:12.443210;0.513238884;-0.302430913;4.111691229;-1.330994727;-0.330279062;-0.94388333;4.111691229
17:59:12.453793;0.50413667;-0.416945091;4.104167864;-1.295784208;-0.276835511;-0.960917322;4.104167864
17:59:12.464262;0.50413667;-0.333556073;4.095538965;-1.262560712;-0.222520934;-0.974927912;4.095538965
17:59:12.474726;0.520654155;0.035137393;4.083574093;-1.229787127;-0.167506223;-0.985871019;4.083574093
17:59:12.485190;0.520076142;0.016692347;4.07132931;-1.200746843;-0.111964476;-0.99371221;4.07132931
17:59:12.495401;0.514931643;-0.088252926;4.058397864;-1.172515341;-0.056070447;-0.998426815;4.058397864
17:59:12.504990;0.49805526;-0.404766337;4.045963122;-1.144019398;6.12E-17;-1;4.045963122
17:59:12.515720;0.47113564;-0.831944897;4.034491177;-1.11268178;0.056070447;-0.998426815;4.034491177
17:59:12.526425;0.448721684;-1.084824507;4.024037609;-1.080053379;0.111964476;-0.99371221;4.024037609
17:59:12.536848;0.426567706;-1.293395669;4.014998486;-1.047238878;0.167506223;-0.985871019;4.014998486
17:59:12.547488;0.40562596;-1.422580988;4.006702715;-1.012221964;0.222520934;-0.974927912;4.006702715
17:59:12.558352;0.390878407;-1.419788695;3.998943011;-0.978072594;0.276835511;-0.960917322;3.998943011
17:59:12.568380;0.367715583;-1.588147606;3.992860962;-0.943227699;0.330279062;-0.94388333;3.992860962
17:59:12.579756;0.357203632;-1.478913719;3.986672607;-0.909164034;0.382683432;-0.923879533;3.986672607
17:59:12.589137;0.342431815;-1.463884741;3.980682328;-0.873232529;0.433883739;-0.900968868;3.980682328
17:59:12.599290;0.325432951;-1.503929044;3.975720996;-0.837554933;0.483718887;-0.875223422;3.975720996
17:59:12.610023;0.307631861;-1.532957471;3.971574068;-0.798805996;0.532032077;-0.846724199;3.971574068
17:59:12.620696;0.294046485;-1.482016559;3.967893494;-0.760294143;0.578671296;-0.815560869;3.967893494
17:59:12.631310;0.275203534;-1.536406178;3.96566316;-0.71990729;0.623489802;-0.781831482;3.96566316
17:59:12.642241;0.257672863;-1.552846528;3.964772801;-0.677849647;0.666346578;-0.745642165;3.964772801
17:59:12.652886;0.239071625;-1.585533147;3.965583122;-0.634062392;0.707106781;-0.707106781;3.965583122
17:59:12.663879;0.218401149;-1.661851219;3.968598205;-0.589359522;0.745642165;-0.666346578;3.968598205
17:59:12.673727;0.197669892;-1.740143504;3.973832202;-0.544028641;0.781831482;-0.623489802;3.973832202
17:59:12.683924;0.176922747;-1.793898913;3.981692977;-0.495085814;0.815560869;-0.578671296;3.981692977
17:59:12.694893;0.157242051;-1.823540011;3.991721847;-0.444655251;0.846724199;-0.532032077;3.991721847
17:59:12.704926;0.118868001;-2.187805154;4.00874489;-0.385514692;0.875223422;-0.483718887;4.00874489
17:59:12.714679;0.123069613;-1.667860701;4.022153338;-0.331146427;0.900968868;-0.433883739;4.022153338
17:59:12.725482;0.101296087;-1.750291324;4.038976703;-0.27212931;0.923879533;-0.382683432;4.038976703
17:59:12.735573;0.059847908;-2.205379989;4.062980163;-0.206415521;0.94388333;-0.330279062;4.062980163
17:59:12.746010;0.041189696;-2.116720408;4.0894898;-0.136741186;0.960917322;-0.276835511;4.0894898
17:59:12.756789;0.024786528;-2.009083565;4.116689472;-0.066902305;0.974927912;-0.222520934;4.116689472
17:59:12.767534;0.008238459;-1.935959869;4.144260487;0.002260782;0.985871019;-0.167506223;4.144260487
17:59:12.777441;-0.005352543;-1.81872145;4.172370302;0.072243503;0.99371221;-0.111964476;4.172370302
17:59:12.787089;-0.016748545;-1.673240881;4.201542192;0.145139728;0.998426815;-0.056070447;4.201542192
17:59:12.797678;-0.028296219;-1.559134387;4.230887231;0.218639705;1;0;4.230887231
17:59:12.807544;-0.040865914;-1.496997678;4.259513789;0.290009936;0.998426815;0.056070447;4.259513789
17:59:12.818406;-0.053432336;-1.43528203;4.289988341;0.365688239;0.99371221;0.111964476;4.289988341
17:59:12.828952;-0.06599152;-1.38198702;4.321253478;0.443220903;0.985871019;0.167506223;4.321253478
17:59:12.839610;-0.078758091;-1.344847214;4.352557441;0.520809819;0.974927912;0.222520934;4.352557441
17:59:12.850306;-0.092309368;-1.330079669;4.384110423;0.598939516;0.960917322;0.276835511;4.384110423
17:59:12.860711;-0.105074983;-1.305843797;4.415287;0.676577862;0.94388333;0.330279062;4.415287
17:59:12.870916;-0.116591065;-1.272140053;4.444746654;0.75089611;0.923879533;0.382683432;4.444746654
17:59:12.881650;-0.128293393;-1.23782605;4.475014807;0.828588543;0.900968868;0.433883739;4.475014807
17:59:12.893239;-0.141059999;-1.22532186;4.505028181;0.907377037;0.875223422;0.483718887;4.505028181
17:59:12.903948;-0.160031046;-1.308281384;4.536341982;0.99098483;0.846724199;0.532032077;4.536341982
17:59:12.914952;-0.16851423;-1.20168337;4.563433369;1.067864027;0.815560869;0.578671296;4.563433369
17:59:12.924958;-0.176989646;-1.128989955;4.586178856;1.136869141;0.781831482;0.623489802;4.586178856
17:59:12.936626;-0.18277227;-1.01229629;4.607254968;1.206674267;0.745642165;0.666346578;4.607254968
17:59:12.947067;-0.188058472;-0.909353041;4.625388466;1.273853783;0.707106781;0.707106781;4.625388466
17:59:12.956823;-0.191029365;-0.784420804;4.640077583;1.336890496;0.666346578;0.745642165;4.640077583
17:59:12.966942;-0.196561593;-0.736894296;4.65146707;1.39528702;0.623489802;0.781831482;4.65146707
17:59:12.976989;-0.194576535;-0.550279983;4.659745983;1.450677114;0.578671296;0.815560869;4.659745983
17:59:12.987154;-0.194272192;-0.434180511;4.665055162;1.50294743;0.532032077;0.846724199;4.665055162
17:59:12.998577;-0.192342631;-0.311439378;4.667567463;1.555616715;0.483718887;0.875223422;4.667567463
17:59:13.008557;-0.192342631;-0.249151502;4.666957229;1.605067026;0.433883739;0.900968868;4.666957229
17:59:13.019489;-0.182635218;-0.018160903;4.663455902;1.651564966;0.382683432;0.923879533;4.663455902
17:59:13.030150;-0.17289534;0.166521346;4.657319526;1.695573634;0.330279062;0.94388333;4.657319526
17:59:13.040194;-0.161851213;0.351762139;4.649449099;1.734736657;0.276835511;0.960917322;4.649449099
17:59:13.050956;-0.138908462;0.73708544;4.64027216;1.772334124;0.222520934;0.974927912;4.64027216
17:59:13.060869;-0.118473041;0.977036805;4.629471574;1.810437422;0.167506223;0.985871019;4.629471574
17:59:13.070866;-0.092319019;1.300115889;4.61863502;1.846252578;0.111964476;0.99371221;4.61863502
17:59:13.081695;-0.032207818;2.154359206;4.609096435;1.886496271;0.056070447;0.998426815;4.609096435
17:59:13.092478;-0.004871479;2.266573832;4.600583262;1.924341294;6.12E-17;1;4.600583262
17:59:13.102825;-0.007865164;1.756294706;4.590054288;1.962113686;-0.056070447;0.998426815;4.590054288
17:59:13.112646;0.024278614;2.024029078;4.58118082;2.000866641;-0.111964476;0.99371221;4.58118082
17:59:13.123507;0.048011146;2.055123026;4.573098535;2.042625742;-0.167506223;0.985871019;4.573098535
17:59:13.133968;0.073716543;2.126043338;4.566990899;2.085269142;-0.222520934;0.974927912;4.566990899
17:59:13.144609;0.096288252;2.132923706;4.562875291;2.128847151;-0.276835511;0.960917322;4.562875291
17:59:13.154634;0.118857508;2.151997717;4.561092411;2.173270597;-0.330279062;0.94388333;4.561092411
17:59:13.164902;0.166033959;2.653670267;4.565031173;2.223400997;-0.382683432;0.923879533;4.565031173
17:59:13.175677;0.169266057;2.183394515;4.569547142;2.276750407;-0.433883739;0.900968868;4.569547142
17:59:13.186988;0.223912785;2.758703682;4.582604091;2.339228298;-0.483718887;0.875223422;4.582604091
17:59:13.198898;0.252917387;2.735975639;4.600875982;2.407851053;-0.532032077;0.846724199;4.600875982
17:59:13.207858;0.281947012;2.734313109;4.623767498;2.479829953;-0.578671296;0.815560869;4.623767498
17:59:13.218153;0.310952785;2.760796605;4.650579262;2.553561072;-0.623489802;0.781831482;4.650579262
17:59:13.228334;0.346001593;2.893342125;4.683948374;2.634712381;-0.666346578;0.745642165;4.683948374
17:59:13.238800;0.373286689;2.835508267;4.722810999;2.722855353;-0.707106781;0.707106781;4.722810999
17:59:13.249275;0.398315218;2.744512909;4.765715627;2.815641892;-0.745642165;0.666346578;4.765715627
17:59:13.259738;0.425053695;2.710513648;4.811838686;2.911502412;-0.781831482;0.623489802;4.811838686
17:59:13.269744;0.45152322;2.694153722;4.859593176;3.007952076;-0.815560869;0.578671296;4.859593176
17:59:13.280522;0.470848247;2.516012601;4.911273391;3.111986289;-0.846724199;0.532032077;4.911273391
17:59:13.291372;0.495932286;2.509997233;4.96138634;-3.071272981;-0.875223422;0.483718887;4.96138634
17:59:13.301577;0.520656065;2.483958079;5.013738672;-2.967100269;-0.900968868;0.433883739;5.013738672
17:59:13.312434;0.545117828;2.440312578;5.067971309;-2.858438832;-0.923879533;0.382683432;5.067971309
17:59:13.322244;0.565606566;2.343854758;5.118900584;-2.754206479;-0.94388333;0.330279062;5.118900584
17:59:13.332272;0.585427772;2.267678952;5.16614301;-2.655032275;-0.960917322;0.276835511;5.16614301
17:59:13.342579;0.605206107;2.192052102;5.212809168;-2.554040931;-0.974927912;0.222520934;5.212809168
17:59:13.352974;0.624090803;2.128458795;5.255125454;-2.458978246;-0.985871019;0.167506223;5.255125454
17:59:13.362869;0.637368908;1.966385881;5.293890327;-2.367074705;-0.99371221;0.111964476;5.293890327
17:59:13.372923;0.646950471;1.76295937;5.328753952;-2.278595249;-0.998426815;0.056070447;5.328753952
17:59:13.383137;0.651614185;1.502789515;5.359249626;-2.194162741;-1;1.22E-16;5.359249626
17:59:13.393534;0.652516123;1.219319469;5.386476824;-2.110213026;-1;-1.22E-16;5.386476824
17:59:13.404653;0.645186216;0.837538645;5.408759464;-2.030553222;-0.998533414;-0.054138909;5.408759464
17:59:13.415275;0.64023836;0.573889223;5.426384255;-1.957163503;-0.994137957;-0.108119018;5.426384255
17:59:13.425187;0.632479301;0.309747775;5.440518119;-1.886576431;-0.986826523;-0.161781997;5.440518119
17:59:13.435160;0.621974408;0.04001888;5.451035983;-1.820991174;-0.976620556;-0.21497044;5.451035983
17:59:13.445929;0.610560212;-0.181934841;5.459106519;-1.754713154;-0.963549993;-0.267528339;5.459106519
17:59:13.456535;0.60051483;-0.331781252;5.464583086;-1.690312518;-0.947653171;-0.31930153;5.464583086
17:59:13.467192;0.583607754;-0.583840447;5.467489266;-1.629358053;-0.92897672;-0.370138155;5.467489266
17:59:13.477799;0.567106377;-0.794671638;5.468354869;-1.573406617;-0.90757542;-0.419889102;5.468354869
17:59:13.488048;0.547033085;-1.01438252;5.467645941;-1.51613863;-0.883512044;-0.468408441;5.467645941
17:59:13.498617;0.529570895;-1.136466611;5.465586332;-1.459445689;-0.856857176;-0.515553857;5.465586332
17:59:13.509662;0.520872528;-1.071310232;5.462212488;-1.404192395;-0.827688998;-0.561187065;5.462212488
17:59:13.519635;0.519911685;-0.876045789;5.457608901;-1.353565484;-0.796093066;-0.605174215;5.457608901
17:59:13.529580;0.526376208;-0.57311445;5.451207011;-1.304752263;-0.762162055;-0.647386285;5.451207011
17:59:13.540211;0.537338336;-0.253264981;5.442099369;-1.255672008;-0.725995492;-0.687699459;5.442099369
17:59:13.552572;0.550295337;0.037799418;5.430200766;-1.208972618;-0.687699459;-0.725995492;5.430200766
17:59:13.561722;0.559410209;0.204311889;5.416253063;-1.166124134;-0.647386285;-0.762162055;5.416253063
17:59:13.572179;0.561691037;0.20862929;5.401162687;-1.126603386;-0.605174215;-0.796093066;5.401162687
17:59:13.582330;0.562077716;0.174093707;5.383641385;-1.086124959;-0.561187065;-0.827688998;5.383641385
17:59:13.593691;0.561779575;0.133671754;5.365101208;-1.047471239;-0.515553857;-0.856857176;5.365101208
17:59:13.604780;0.554935398;-0.021697673;5.346317937;-1.009262377;-0.468408441;-0.883512044;5.346317937
17:59:13.613687;0.550119639;-0.113007041;5.328362356;-0.973472259;-0.419889102;-0.90757542;5.328362356
17:59:13.624570;0.544644649;-0.199108958;5.310554466;-0.93769547;-0.370138155;-0.92897672;5.310554466
17:59:13.635819;0.540059237;-0.244972456;5.29192649;-0.899584538;-0.31930153;-0.947653171;5.29192649
17:59:13.645696;0.539102029;-0.214717568;5.27419598;-0.863343956;-0.267528339;-0.963549993;5.27419598
17:59:13.654755;0.541971581;-0.114900435;5.256440199;-0.827967773;-0.21497044;-0.976620556;5.256440199
17:59:13.665578;0.533627815;-0.248463144;5.239304961;-0.789160841;-0.161781997;-0.986826523;5.239304961
17:59:13.675449;0.528735893;-0.295394612;5.224219758;-0.751271328;-0.108119018;-0.994137957;5.224219758
17:59:13.685723;0.523936101;-0.331621505;5.210485171;-0.712455116;-0.054138909;-0.998533414;5.210485171
17:59:13.696345;0.503576382;-0.647188247;5.199934796;-0.667504941;6.12E-17;-1;5.199934796
17:59:13.706556;0.483136376;-0.919327829;5.193649561;-0.620887748;0.054138909;-0.998533414;5.193649561
17:59:13.716502;0.45903425;-1.214032846;5.191690289;-0.570543572;0.108119018;-0.994137957;5.191690289
17:59:13.728140;0.433654153;-1.437183483;5.194238062;-0.511424577;0.161781997;-0.986826523;5.194238062
17:59:13.737717;0.412422159;-1.559757292;5.200126693;-0.451709109;0.21497044;-0.976620556;5.200126693
17:59:13.748391;0.396923858;-1.539466681;5.20837144;-0.388154632;0.267528339;-0.963549993;5.20837144
17:59:13.759180;0.384393827;-1.465882792;5.218042339;-0.322725767;0.31930153;-0.947653171;5.218042339
17:59:13.770186;0.371612555;-1.407040569;5.229108088;-0.254676651;0.370138155;-0.92897672;5.229108088
17:59:13.781327;0.356830318;-1.39936758;5.241418365;-0.18582161;0.419889102;-0.90757542;5.241418365
17:59:13.791105;0.341266193;-1.417915983;5.254541809;-0.117954773;0.468408441;-0.883512044;5.254541809
17:59:13.801800;0.325652942;-1.444275191;5.268210134;-0.051276394;0.515553857;-0.856857176;5.268210134
17:59:13.811564;0.307627823;-1.507046839;5.283351796;0.017957215;0.561187065;-0.827688998;5.283351796
17:59:13.822170;0.291145701;-1.515767891;5.299561818;0.090413958;0.605174215;-0.796093066;5.299561818
17:59:13.832690;0.27447942;-1.526752821;5.315910534;0.163085189;0.647386285;-0.762162055;5.315910534
17:59:13.843285;0.257920373;-1.5370262;5.331917273;0.234958613;0.687699459;-0.725995492;5.331917273
17:59:13.854002;0.219725434;-1.941555949;5.352275287;0.312641101;0.725995492;-0.687699459;5.352275287
17:59:13.865580;0.202125029;-1.888260493;5.371129776;0.38783637;0.762162055;-0.647386285;5.371129776
17:59:13.874581;0.183458638;-1.880676433;5.388287302;0.459268742;0.796093066;-0.605174215;5.388287302
17:59:13.885473;0.163692572;-1.89623022;5.404552928;0.530002995;0.827688998;-0.561187065;5.404552928
17:59:13.895248;0.142925245;-1.912441098;5.420376209;0.602677723;0.856857176;-0.515553857;5.420376209
17:59:13.905746;0.143149389;-1.525521011;5.43085474;0.668040622;0.883512044;-0.468408441;5.43085474
17:59:13.915902;0.099500286;-2.055989287;5.444410091;0.738411337;0.90757542;-0.419889102;5.444410091
17:59:13.926777;0.079762621;-2.008064257;5.456456351;0.809690072;0.92897672;-0.370138155;5.456456351
17:59:13.937355;0.062073064;-1.932841341;5.466075706;0.878511494;0.947653171;-0.31930153;5.466075706
17:59:13.948158;0.044445786;-1.880033805;5.473356883;0.943572166;0.963549993;-0.267528339;5.473356883
17:59:13.959788;0.027743113;-1.815811391;5.478758898;1.00764961;0.976620556;-0.21497044;5.478758898
17:59:13.969655;0.014268667;-1.702348756;5.482090582;1.070132052;0.986826523;-0.161781997;5.482090582
17:59:13.979877;0.000655407;-1.631252115;5.483712908;1.127174224;0.994137957;-0.108119018;5.483712908
17:59:13.990689;-0.013951425;-1.576526442;5.484312219;1.186778814;0.998533414;-0.054138909;5.484312219
17:59:14.001172;-0.027554921;-1.511728319;5.483958103;1.245988296;1;0;5.483958103
17:59:14.012895;-0.039322045;-1.433207509;5.482937056;1.302624499;0.998533414;0.054138909;5.482937056
17:59:14.023024;-0.050892574;-1.35915017;5.481538675;1.360904303;0.994137957;0.108119018;5.481538675
17:59:14.032869;-0.062428595;-1.313659009;5.480216101;1.415451789;0.986826523;0.161781997;5.480216101
17:59:14.044284;-0.073214993;-1.258055318;5.479084898;1.47139219;0.976620556;0.21497044;5.479084898
17:59:14.053981;-0.083982569;-1.206402231;5.478358381;1.529670296;0.963549993;0.267528339;5.478358381
17:59:14.065309;-0.094530061;-1.174489494;5.478225772;1.584734126;0.947653171;0.31930153;5.478225772
17:59:14.074969;-0.108276479;-1.190703709;5.478728621;1.645216987;0.92897672;0.370138155;5.478728621
17:59:14.085744;-0.131590301;-1.39127042;5.47953896;1.704261242;0.90757542;0.419889102;5.47953896
17:59:14.096928;-0.142314457;-1.311974012;5.480698613;1.764497845;0.883512044;0.468408441;5.480698613
17:59:14.107319;-0.152821661;-1.251738915;5.481920283;1.822697065;0.856857176;0.515553857;5.481920283
17:59:14.117535;-0.162308719;-1.184623308;5.482967786;1.880516336;0.827688998;0.561187065;5.482967786
17:59:14.127520;-0.169818883;-1.096210105;5.483579456;1.936585442;0.796093066;0.605174215;5.483579456
17:59:14.138214;-0.17632646;-0.998111632;5.483421516;1.995340358;0.762162055;0.647386285;5.483421516
17:59:14.148910;-0.181616187;-0.897692633;5.482050041;2.05243989;0.725995492;0.687699459;5.482050041
17:59:14.159735;-0.188138319;-0.838378706;5.478704527;2.108557363;0.687699459;0.725995492;5.478704527
17:59:14.172019;-0.191692427;-0.732691915;5.472772999;2.165417813;0.647386285;0.762162055;5.472772999
17:59:14.181066;-0.194953366;-0.650635591;5.465017792;2.212978246;0.605174215;0.796093066;5.465017792
17:59:14.191974;-0.192786476;-0.479959498;5.45452929;2.260845074;0.561187065;0.827688998;5.45452929
17:59:14.202067;-0.194723105;-0.422364792;5.441592684;2.302867312;0.515553857;0.856857176;5.441592684
17:59:14.212861;-0.193697174;-0.319054871;5.424485611;2.344944161;0.468408441;0.883512044;5.424485611
17:59:14.223332;-0.187802441;-0.138192362;5.40630875;2.381314026;0.419889102;0.90757542;5.40630875
17:59:14.233523;-0.187802441;-0.110553889;5.384779393;2.414448146;0.370138155;0.92897672;5.384779393
17:59:14.244420;-0.176730033;0.117814797;5.36021019;2.447563944;0.31930153;0.947653171;5.36021019
17:59:14.254879;-0.156981634;0.482762908;5.336617537;2.478347321;0.267528339;0.963549993;5.336617537
17:59:14.265485;-0.136926149;0.735574059;5.309413271;2.512261862;0.21497044;0.976620556;5.309413271
17:59:14.276187;-0.11422145;1.03923202;5.28548871;2.541705234;0.161781997;0.986826523;5.28548871
17:59:14.285794;-0.086599108;1.362460212;5.261725;2.572803454;0.108119018;0.994137957;5.261725
17:59:14.296466;-0.058758934;1.61439382;5.238304791;2.605128664;0.054138909;0.998533414;5.238304791
17:59:14.309212;-0.026393545;1.902754688;5.216537996;2.638724749;6.12E-17;1;5.216537996
17:59:14.318033;0.003943034;2.124860043;5.197078406;2.671688915;-0.054138909;0.998533414;5.197078406
17:59:14.327831;0.032917996;2.248836785;5.177712912;2.707088488;-0.108119018;0.994137957;5.177712912
17:59:14.338100;0.059730728;2.31058795;5.159072328;2.742635265;-0.161781997;0.986826523;5.159072328
17:59:14.348850;0.094692084;2.542637007;5.143434536;2.778889276;-0.21497044;0.976620556;5.143434536
17:59:14.360124;0.118316892;2.503231012;5.128014179;2.815199289;-0.267528339;0.963549993;5.128014179
17:59:14.368651;0.118316892;2.00258481;5.108416245;2.847321197;-0.31930153;0.947653171;5.108416245
17:59:14.379105;0.142939547;2.091009942;5.090017041;2.880283514;-0.370138155;0.92897672;5.090017041
17:59:14.389003;0.166593086;2.129766297;5.072134028;2.915006259;-0.419889102;0.90757542;5.072134028
17:59:14.400768;0.191305033;2.161448511;5.054771604;2.952332105;-0.468408441;0.883512044;5.054771604
17:59:14.411488;0.219167242;2.241020502;5.039289696;2.991799142;-0.515553857;0.856857176;5.039289696
17:59:14.421174;0.247037067;2.314462412;5.026193025;3.032482637;-0.561187065;0.827688998;5.026193025
17:59:14.432408;0.303096083;2.886031159;5.021245422;3.081987899;-0.605174215;0.796093066;5.021245422
17:59:14.442334;0.331183559;2.860312156;5.018381058;3.130259235;-0.647386285;0.762162055;5.018381058
17:59:14.452850;0.361428835;2.887351032;5.018008488;-3.102627195;-0.687699459;0.725995492;5.018008488
17:59:14.463115;0.423815196;3.527627734;5.026798865;-3.042372295;-0.725995492;0.687699459;5.026798865
17:59:14.473700;0.453439576;3.383524017;5.037614795;-2.978445545;-0.762162055;0.647386285;5.037614795
17:59:14.485272;0.4771546;3.116399876;5.04986718;-2.907780706;-0.796093066;0.605174215;5.04986718
17:59:14.495424;0.498911526;2.919464261;5.060944534;-2.845103239;-0.827688998;0.561187065;5.060944534
17:59:14.506173;0.542403838;3.161923276;5.07741022;-2.77527382;-0.856857176;0.515553857;5.07741022
17:59:14.516221;0.542403838;2.529538621;5.089941165;-2.709125569;-0.883512044;0.468408441;5.089941165
17:59:14.527167;0.582929895;2.777589399;5.107215483;-2.637036901;-0.90757542;0.419889102;5.107215483
17:59:14.537596;0.602176272;2.575777764;5.124648256;-2.563925603;-0.92897672;0.370138155;5.124648256
17:59:14.548310;0.620670765;2.411301081;5.141498593;-2.492929619;-0.947653171;0.31930153;5.141498593
17:59:14.558835;0.620670765;1.929040865;5.15482439;-2.427742311;-0.963549993;0.267528339;5.15482439
17:59:14.568487;0.637300993;1.868286027;5.16865002;-2.361098191;-0.976620556;0.21497044;5.16865002
17:59:14.579355;0.649254449;1.71683294;5.182674874;-2.291386332;-0.986826523;0.161781997;5.182674874
17:59:14.589993;0.656106631;1.508382425;5.194853577;-2.226500193;-0.994137957;0.108119018;5.194853577
17:59:14.600272;0.65977355;1.277309666;5.206050891;-2.161282694;-0.998533414;0.054138909;5.206050891
17:59:14.609968;0.660673458;1.039633749;5.215646122;-2.098956406;-1;1.22E-16;5.215646122
17:59:14.620646;0.659290391;0.805585991;5.22430563;-2.035017957;-1;-1.22E-16;0
17:59:14.631632;0.654725307;0.559743285;5.231628488;-1.971356801;-0.999763671;-0.021739413;0
17:59:14.642215;0.648780877;0.330073785;5.237255484;-1.9128656;-0.999054796;-0.043468551;0
17:59:14.652097;0.647787198;0.24510377;5.242350036;-1.85283389;-0.997873709;-0.065177142;0
17:59:14.662682;0.629524389;-0.139828051;5.245893395;-1.792267618;-0.99622097;-0.086854928;0
17:59:14.673510;0.620392222;-0.293188594;5.248327546;-1.736980863;-0.994097359;-0.10849166;0
17:59:14.683685;0.612182449;-0.387965477;5.250140927;-1.678985896;-0.99150388;-0.130077114;0
17:59:14.694214;0.607640376;-0.395663538;5.251256;-1.621946379;-0.988441759;-0.151601085;0
17:59:14.705010;0.596232972;-0.543082705;5.251561943;-1.568755819;-0.984912443;-0.173053401;0
17:59:14.714761;0.582965202;-0.689631734;5.251190543;-1.514515727;-0.9809176;-0.194423922;0
17:59:14.725454;0.576079818;-0.678738453;5.250035269;-1.458751915;-0.976459119;-0.215702546;0
17:59:14.736132;0.560535814;-0.850417638;5.248439472;-1.407264977;-0.971539107;-0.236879218;0
17:59:14.745746;0.574589255;-0.402722887;5.245351523;-1.357229514;-0.966159889;-0.257943926;0
17:59:14.756460;0.583234953;-0.157152127;5.240461591;-1.307183194;-0.960324008;-0.278886715;0
17:59:14.767181;0.59329092;0.060394196;5.233292308;-1.257760606;-0.954034222;-0.299697686;0
17:59:14.778085;0.606039006;0.288354877;5.223761423;-1.211754416;-0.947293504;-0.320367003;0
17:59:14.787846;0.62588456;0.622644973;5.211689032;-1.170989341;-0.940105041;-0.340884895;0
17:59:14.799948;0.624951657;0.481123276;5.197000538;-1.128532345;-0.932472229;-0.361241666;0
17:59:14.808951;0.621730695;0.321042803;5.182312466;-1.090864796;-0.924398677;-0.381427693;0
17:59:14.819801;0.610301699;0.047468762;5.166070117;-1.050615248;-0.915888201;-0.401433435;0
17:59:14.830599;0.594717207;-0.254041389;5.150418417;-1.011208116;-0.906944823;-0.421249437;0
17:59:14.841148;0.580089249;-0.476427195;5.135040021;-0.97151268;-0.89757277;-0.440866331;0
17:59:14.851618;0.569078099;-0.590459527;5.120019427;-0.932585571;-0.887776473;-0.460274847;0
17:59:14.862138;0.564529409;-0.55856446;5.104420755;-0.894227971;-0.87756056;-0.47946581;0
17:59:14.872840;0.569664717;-0.348882987;5.087319298;-0.857905735;-0.866929862;-0.49843015;0
17:59:14.883407;0.57971223;-0.079602775;5.068900927;-0.82517434;-0.855889403;-0.517158902;0
17:59:14.893096;0.582936733;-0.001403231;5.049072792;-0.79261624;-0.8444444;-0.535643216;0
17:59:14.903729;0.58198829;-0.019069982;5.028727168;-0.759704898;-0.832600265;-0.553874353;0
17:59:14.915433;0.576486562;-0.109606075;5.007115772;-0.722795427;-0.820362594;-0.571843698;0
17:59:14.925966;0.566803241;-0.270556976;4.989059985;-0.687920181;-0.807737172;-0.589542756;0
17:59:14.936274;0.555193052;-0.438843471;4.97319151;-0.65178118;-0.794729967;-0.606963162;0
17:59:14.947397;0.556195523;-0.332373746;4.956835251;-0.614907558;-0.781347126;-0.624096682;0
17:59:14.957511;0.531649245;-0.743174902;4.945325122;-0.575490836;-0.767594976;-0.640935217;0
17:59:14.968412;0.495659191;-1.263397221;4.93947687;-0.528150152;-0.753480016;-0.65747081;0
17:59:14.979138;0.492413475;-1.075001436;4.934010308;-0.483764503;-0.739008917;-0.673695644;0
17:59:14.989008;0.490148772;-0.902725403;4.928092217;-0.437405542;-0.72418852;-0.68960205;0
17:59:14.999649;0.485624463;-0.806288979;4.922271628;-0.390239129;-0.70902583;-0.70518251;0
17:59:15.011213;0.477176499;-0.789725515;4.916821961;-0.338242258;-0.693528013;-0.72042966;0
17:59:15.021725;0.466468252;-0.836779817;4.913004402;-0.290712238;-0.677702394;-0.735336294;0
17:59:15.032521;0.45477374;-0.887515633;4.910190458;-0.240850961;-0.661556454;-0.749895365;0
17:59:15.042625;0.447344187;-0.857061571;4.907582378;-0.193854181;-0.645097824;-0.764099992;0
17:59:15.053514;0.435650117;-0.907022853;4.905594125;-0.144002644;-0.628334284;-0.777943461;0
17:59:15.063841;0.427424663;-0.885829413;4.903464841;-0.095769239;-0.611273756;-0.791419229;0
17:59:15.073575;0.41496302;-0.95552804;4.901876784;-0.047858457;-0.593924305;-0.804520926;0
17:59:15.083601;0.396813157;-1.12313268;4.901679837;0.00155028;-0.576294131;-0.81724236;0
17:59:15.094497;0.37082132;-1.377506108;4.904136321;0.057218823;-0.558391567;-0.829577518;0
17:59:15.106148;0.358313288;-1.341626848;4.905865201;0.110157806;-0.540225074;-0.84152057;0
17:59:15.117122;0.342828983;-1.35318413;4.907432549;0.166020112;-0.52180324;-0.85306587;0
17:59:15.126134;0.327099323;-1.389520982;4.90851934;0.217407893;-0.503134772;-0.864207962;0
17:59:15.137531;0.301284043;-1.597535929;4.911138551;0.272199377;-0.484228493;-0.874941579;0
17:59:15.147432;0.288574957;-1.523205437;4.912247889;0.324233066;-0.465093339;-0.885261648;0
17:59:15.158074;0.287581743;-1.236925707;4.909542767;0.374660191;-0.445738356;-0.895163291;0
17:59:15.169349;0.268073911;-1.348064561;4.906704781;0.42523766;-0.42617269;-0.904641829;0
17:59:15.179472;0.259812636;-1.242520882;4.901987931;0.46991275;-0.406405591;-0.91369278;0
17:59:15.189417;0.253663975;-1.115415864;4.895044629;0.512592469;-0.386446401;-0.922311866;0
17:59:15.199185;0.253663975;-0.892332691;4.885096204;0.551989123;-0.366304554;-0.930495015;0
17:59:15.209783;0.247426125;-0.832959498;4.872963673;0.590969687;-0.345989571;-0.938238358;0
17:59:15.220673;0.23504048;-0.894673529;4.859663189;0.630471593;-0.325511052;-0.945538236;0
17:59:15.230754;0.229875063;-0.817959147;4.845568793;0.665421831;-0.304878678;-0.952391197;0
17:59:15.241922;0.223653646;-0.77265596;4.829535062;0.700276578;-0.284102201;-0.958794003;0
17:59:15.252189;0.221736099;-0.654960227;4.811798631;0.732731878;-0.263191441;-0.964743627;0
17:59:15.262497;0.223722028;-0.485992035;4.791775412;0.762931233;-0.242156281;-0.970237257;0
17:59:15.272950;0.220774806;-0.446940203;4.771206578;0.790834653;-0.221006664;-0.975272298;0
17:59:15.282869;0.214566952;-0.47417897;4.749004409;0.819308341;-0.199752587;-0.979846368;0
17:59:15.293674;0.21583357;-0.355817675;4.724961343;0.846274469;-0.178404095;-0.983957306;0
17:59:15.304852;0.212849701;-0.339320227;4.699784379;0.872542153;-0.156971278;-0.987603168;0
17:59:15.314689;0.209863028;-0.329643623;4.675523436;0.896403985;-0.135464268;-0.990782232;0
17:59:15.325461;0.205845439;-0.34021067;4.650385575;0.920246866;-0.11389323;-0.993492996;0
17:59:15.336197;0.200797245;-0.366541627;4.624700896;0.944176975;-0.092268359;-0.995734176;0
17:59:15.346951;0.193595723;-0.435847192;4.600745772;0.96680767;-0.070599877;-0.997504715;0
17:59:15.357038;0.188643385;-0.439819134;4.57510293;0.99102391;-0.048898026;-0.998803776;0
17:59:15.368749;0.186495932;-0.391614013;4.549533571;1.014738911;-0.027173062;-0.999630744;0
17:59:15.377860;0.183383052;-0.374341196;4.525578538;1.03705707;-0.005435255;-0.999985229;0
17:59:15.389067;0.183567643;-0.295993323;4.500627402;1.059989003;0.016305122;-0.999867063;0
17:59:15.399301;0.182491682;-0.257479499;4.476422947;1.082480184;0.038037791;-0.999276301;0
17:59:15.409143;0.183424858;-0.18750552;4.453115734;1.10426847;0.059752482;-0.998213224;0
17:59:15.420010;0.181649835;-0.182643396;4.428672539;1.128127069;0.08143893;-0.996678334;0
17:59:15.430899;0.178564363;-0.202488265;4.405036435;1.152839491;0.103086886;-0.994672355;0
17:59:15.442322;0.17622545;-0.206119873;4.383148239;1.177529177;0.124686116;-0.992196237;0
17:59:15.453008;0.17622545;-0.164895898;4.362349377;1.202717439;0.146226413;-0.989251149;0
17:59:15.461975;0.175197285;-0.152310604;4.343494045;1.227752025;0.167697595;-0.985838484;0
17:59:15.472673;0.169169557;-0.241030566;4.326156224;1.25426066;0.189089513;-0.981959855;0
17:59:15.483385;0.165853449;-0.254990426;4.309464659;1.28363264;0.210392056;-0.977617094;0
17:59:15.494199;0.160806349;-0.292035655;4.293599373;1.31708283;0.231595156;-0.972812255;0
17:59:15.506847;0.157768748;-0.283873197;4.279158832;1.354467674;0.252688791;-0.967547609;0
17:59:15.516765;0.154401848;-0.293734091;4.269026507;1.387525451;0.27366299;-0.961825643;0
17:59:15.527367;0.150379014;-0.309543878;4.260275465;1.424793996;0.29450784;-0.955649063;0
17:59:15.538177;0.148366968;-0.284851226;4.253625591;1.464171644;0.315213489;-0.949020788;0
17:59:15.549062;0.145099948;-0.292638599;4.249426858;1.502869199;0.33577015;-0.941943951;0
17:59:15.558147;0.140807734;-0.319367579;4.247203473;1.543420158;0.356168106;-0.934421896;0
17:59:15.568518;0.138795327;-0.29528959;4.246918019;1.586086702;0.376397717;-0.92645818;0
17:59:15.579504;0.134728792;-0.312104931;4.248716823;1.633417134;0.39644942;-0.918056565;0
17:59:15.589431;0.128498904;-0.372827114;4.252245672;1.679951336;0.416313738;-0.909221024;0
17:59:15.599358;0.123406112;-0.398608319;4.257387629;1.728279973;0.435981283;-0.899955733;0
17:59:15.610392;0.120104322;-0.382374987;4.264131357;1.779339607;0.455442757;-0.89026507;0
17:59:15.620520;0.120104322;-0.30589999;4.272407805;1.832790254;1;0;0
17:59:15.630819;0.117066235;-0.30401639;4.281206646;1.8854134;1;0;0
17:59:15.640714;0.116040636;-0.263509783;4.290335317;1.937854177;1;0;0
17:59:15.651286;0.115053724;-0.229383513;4.299892034;1.993050275;1;0;0
17:59:15.661924;0.113845426;-0.206257611;4.308791098;2.04767088;1;0;0
17:59:15.672367;0.11388365;-0.164266254;4.316415453;2.099858513;1;0;0
17:59:15.683258;0.113921528;-0.130718587;4.322810891;2.153379775;1;0;0
17:59:15.693886;0.113741863;-0.10795204;4.326901002;2.203488188;1;0;0
17:59:15.704755;0.115832883;-0.04733297;4.3288797;2.251843932;1;0;0
17:59:15.714846;0.115942582;-0.035687537;4.328202253;2.294755021;1;0;0
17:59:15.724915;0.114701792;-0.052824215;4.324581752;2.335366117;1;0;0
17:59:15.737376;0.114701792;-0.042259372;4.31750611;2.376059719;1;0;0
17:59:15.746562;0.114701792;-0.033807498;4.307619476;2.411847033;1;0;0
17:59:15.756849;0.11371256;-0.046253379;4.294912445;2.443447802;1;0;0
17:59:15.767451;0.11371256;-0.037002703;4.278895325;2.473016171;1;0;0
17:59:15.778173;0.11371256;-0.029602163;4.259898048;2.49973157;1;0;0
17:59:15.788264;0.112686748;-0.043995041;4.23923899;2.521994715;1;0;0
17:59:15.798604;0.11169702;-0.054280546;4.215421114;2.542024905;1;0;0
17:59:15.810247;0.109681138;-0.081655833;4.188461633;2.559379704;1;0;0
17:59:15.820119;0.109681138;-0.065324666;4.158548383;2.574807823;1;0;0
17:59:15.830703;0.109681138;-0.052259733;4.127465898;2.587705735;1;0;0
17:59:15.841794;0.1107068;-0.022939931;4.09426632;2.59920111;1;0;0
17:59:15.853267;0.111732612;-0.000178709;4.058629469;2.609585569;1;0;0
17:59:15.863648;0.108340152;-0.066337837;4.024513652;2.616896122;1;0;0
17:59:15.873234;0.108375106;-0.052384817;3.990006643;2.62325847;1;0;0
17:59:15.884597;0.110428024;-0.003737724;3.953742929;2.629719199;1;0;0
17:59:15.894384;0.11248149;0.036958606;3.919360874;2.635806967;1;0;0
17:59:15.905021;0.11248149;0.029566885;3.884071079;2.641590575;1;0;0
17:59:15.914804;0.11248149;0.023653508;3.850355446;2.646825117;1;0;0
17:59:15.925293;0.112445984;0.018227004;3.816324272;2.651915547;1;0;0
17:59:15.936054;0.111419319;-0.005697813;3.782529126;2.656590133;1;0;0
17:59:15.945780;0.111419319;-0.00455825;3.748052792;2.661319529;1;0;0
17:59:15.956172;0.111419319;-0.0036466;3.713460664;2.666050159;1;0;0
17:59:15.967741;0.111419319;-0.00291728;3.678739014;2.670796428;1;0;0
17:59:15.978027;0.111419319;-0.002333824;3.644718795;2.675449169;1;0;0
17:59:15.988181;0.110428024;-0.020863562;3.611178522;2.679772057;1;0;0
17:59:15.997963;0.11145469;0.003615605;3.579234921;2.684181923;1;0;0
17:59:16.007944;0.111489716;0.003588187;3.547714191;2.688542881;1;0;0
17:59:16.018523;0.111489716;0.002870549;3.515095805;2.693059199;1;0;0
17:59:16.029031;0.111524397;0.002960898;3.483029509;2.697519382;1;0;0
17:59:16.039738;0.111524397;0.002368719;3.450180431;2.702110381;1;0;0
17:59:16.050251;0.112613871;0.022857764;3.419148459;2.706779298;1;0;0
17:59:16.061544;0.113640013;0.037721956;3.388180284;2.711751256;1;0;0
17:59:16.070994;0.113640013;0.030177564;3.358867569;2.716477515;1;0;0
17:59:16.083732;0.112408669;0.003865924;3.323626884;2.721818312;1;0;0
17:59:16.093960;0.111416396;-0.015369286;3.29259949;2.726350572;1;0;0
17:59:16.104712;0.111416396;-0.012295429;3.261799648;2.731008442;1;0;0
17:59:16.114691;0.111416396;-0.009836343;3.233414885;2.735463669;1;0;0
17:59:16.125199;0.111416396;-0.007869075;3.204201559;2.740234994;1;0;0
17:59:16.136748;0.111416396;-0.00629526;3.175273837;2.745169447;1;0;0
17:59:16.146570;0.111416396;-0.005036208;3.146535942;2.750302943;1;0;0
17:59:16.158252;0.111416396;-0.004028966;3.117785719;2.755695335;1;0;0
17:59:16.168352;0.110456705;-0.022210395;3.091336707;2.760629355;1;0;0
17:59:16.178092;0.111483096;0.001721063;3.064517075;2.766228574;1;0;0
17:59:16.189980;0.112542558;0.021019953;3.03780516;2.772429477;1;0;0
17:59:16.200014;0.113569307;0.037165663;3.013484364;2.778640287;1;0;0
17:59:16.209880;0.114596171;0.048746012;2.988143145;2.78571178;1;0;0
17:59:16.220702;0.115623148;0.059304967;2.965043991;2.792717416;1;0;0
17:59:16.230922;0.116650236;0.06663446;2.94123938;2.800523312;1;0;0
17:59:16.240845;0.117677433;0.07344003;2.919140863;2.808325309;1;0;0
17:59:16.251443;0.118704736;0.078649091;2.897353272;2.816568536;1;0;0
17:59:16.261204;0.120725825;0.10277681;2.876742011;2.825236264;1;0;0
17:59:16.272057;0.120725825;0.082221448;2.856513842;2.833870202;1;0;0
17:59:16.281571;0.120725825;0.065777158;2.83643989;2.842576228;1;0;0
17:59:16.292591;0.121719039;0.07111866;2.815641116;2.852126735;1;0;0
17:59:16.303493;0.123976981;0.098214543;2.795318696;2.862465684;1;0;0
17:59:16.313483;0.123976981;0.078571634;2.776680736;2.871971497;1;0;0
17:59:16.323546;0.124970183;0.081911587;2.757843042;2.881982336;1;0;0
17:59:16.334328;0.124970183;0.06552927;2.738740932;2.892095617;1;0;0
17:59:16.345493;0.1249354;0.051767478;2.719768583;2.902067922;1;0;0
17:59:16.355655;0.1261686;0.064272514;2.700873419;2.912416661;1;0;0
17:59:16.366411;0.1261686;0.051418011;2.682675547;2.922214211;1;0;0
17:59:16.376943;0.125141192;0.02184451;2.663757869;2.931772384;1;0;0
17:59:16.386834;0.125141192;0.017475608;2.645790826;2.940662654;1;0;0
17:59:16.397507;0.124148013;-0.004651667;2.626561662;2.949537555;1;0;0
17:59:16.409350;0.124148013;-0.003721333;2.605601173;2.958920083;1;0;0
17:59:16.419215;0.125175421;0.017361682;2.587534414;2.967086428;1;0;0
17:59:16.429398;0.125175421;0.013889345;2.569068472;2.975060923;1;0;0
17:59:16.440017;0.1261686;0.029871796;2.550104472;2.98319822;1;0;0
17:59:16.450523;0.1271613;0.042749737;2.531287259;2.991138166;1;0;0
17:59:16.461693;0.128188809;0.053495531;2.512264538;2.998972929;1;0;0
17:59:16.471194;0.128188809;0.042796425;2.493984148;3.00591127;1;0;0
17:59:16.482090;0.129216419;0.053330877;2.474423115;3.013090122;1;0;0
17:59:16.492877;0.131247953;0.081029884;2.455380025;3.020151935;1;0;0
17:59:16.503751;0.131492159;0.069333493;2.435578;3.02683613;1;0;0
17:59:16.513602;0.131492159;0.055466795;2.41676508;3.032533902;1;0;0
17:59:16.524439;0.132484336;0.063093125;2.396962999;3.038245751;1;0;0
17:59:16.535167;0.132484336;0.0504745;2.376367435;3.043531398;1;0;0
17:59:16.545145;0.132484336;0.0403796;2.356902137;3.047986783;1;0;0
17:59:16.555266;0.132484336;0.03230368;2.337087725;3.052049982;1;0;0
17:59:16.565830;0.132436759;0.02489963;2.317250453;3.05568741;1;0;0
17:59:16.575743;0.13140915;-4.32E-05;2.296601335;3.058788622;1;0;0
17:59:16.586519;0.13140915;-3.46E-05;2.275522316;3.061651428;1;0;0
17:59:16.596215;0.13140915;-2.76E-05;2.255157037;3.064168636;1;0;0
17:59:16.606726;0.13140915;-2.21E-05;2.233818085;3.06658335;1;0;0
17:59:16.617449;0.13140915;-1.77E-05;2.212221249;3.068830432;1;0;0
17:59:16.627941;0.13140915;-1.42E-05;2.191557496;3.070822944;1;0;0
17:59:16.638126;0.13140915;-1.13E-05;2.171311549;3.07264661;1;0;0
17:59:16.648634;0.130416973;-0.019541687;2.150823972;3.0741136;1;0;0
17:59:16.658920;0.130416973;-0.015633349;2.130379952;3.07550391;1;0;0
17:59:16.670189;0.130416973;-0.01250668;2.110323321;3.076800082;1;0;0
17:59:16.679092;0.130416973;-0.010005344;2.089332819;3.078084914;1;0;0
17:59:16.689658;0.130416973;-0.008004275;2.068468221;3.079286238;1;0;0
17:59:16.699791;0.129389463;-0.026808599;2.048548106;3.080097374;1;0;0
17:59:16.711003;0.129145257;-0.02599;2.027377875;3.08083632;1;0;0
17:59:16.720757;0.128117849;-0.040829903;2.007081355;3.08122562;1;0;0
17:59:16.731499;0.127126112;-0.051039217;1.985637265;3.081330544;1;0;0
17:59:16.742386;0.127126112;-0.040831374;1.965764818;3.081391166;1;0;0
17:59:16.752316;0.127126112;-0.032665099;1.944670728;3.081397511;1;0;0
17:59:16.763272;0.126098809;-0.045113044;1.923404183;3.081065916;1;0;0
17:59:16.773879;0.126098809;-0.036090435;1.902653514;3.080675707;1;0;0
17:59:16.784293;0.125071612;-0.049032212;1.882673308;3.079982581;1;0;0
17:59:16.794971;0.125071612;-0.039225769;1.863057007;3.07923628;1;0;0
17:59:16.804623;0.125071612;-0.031380616;1.842752093;3.078379016;1;0;0
17:59:16.815235;0.124044524;-0.044559595;1.822195757;3.077170812;1;0;0
17:59:16.825541;0.124044524;-0.035647676;1.801854926;3.075887156;1;0;0
17:59:16.836596;0.123017547;-0.048072939;1.781414668;3.074265354;1;0;0
17:59:16.847171;0.123017547;-0.038458351;1.761411389;3.072593417;1;0;0
17:59:16.856762;0.123017547;-0.030766681;1.741753981;3.070857701;1;0;0
17:59:16.867443;0.123017547;-0.024613345;1.722512171;3.069061035;1;0;0
17:59:16.877180;0.123017547;-0.019690676;1.703043405;3.06713777;1;0;0
17:59:16.887846;0.123017547;-0.015752541;1.682839146;3.0650237;1;0;0
17:59:16.897892;0.123017547;-0.012602032;1.663794878;3.062916565;1;0;0
17:59:16.908437;0.121990683;-0.029554316;1.643802687;3.060366401;1;0;0
17:59:16.920185;0.121990683;-0.023643452;1.623256734;3.057637943;1;0;0
17:59:16.930916;0.121990683;-0.018914762;1.601600474;3.054639881;1;0;0
17:59:16.942975;0.121990683;-0.01513181;1.579833607;3.051497427;1;0;0
17:59:16.953186;0.120963934;-0.032497886;1.560997865;3.048475501;1;0;0
17:59:16.962933;0.120963934;-0.025998308;1.542292802;3.045397828;1;0;0
17:59:16.973495;0.120963934;-0.020798647;1.522663332;3.042084303;1;0;0
17:59:16.984163;0.120963934;-0.016638917;1.502884188;3.038657921;1;0;0
17:59:16.995422;0.120963934;-0.013311134;1.483424284;3.03520091;1;0;0
17:59:17.005105;0.120963934;-0.010648907;1.464911248;3.031833451;1;0;0
17:59:17.015709;0.120963934;-0.008519126;1.446258324;3.028363888;1;0;0
17:59:17.026027;0.123192055;0.035752161;1.428200402;3.025351751;1;0;0
17:59:17.037348;0.123192055;0.028601729;1.409656357;3.022140405;1;0;0
17:59:17.047869;0.123192055;0.022881383;1.391681774;3.01891987;1;0;0
17:59:17.057458;0.122199878;-0.001391709;1.37437233;3.015543615;1;0;0
17:59:17.067876;0.121173246;-0.021465226;1.356941172;3.011890196;1;0;0
17:59:17.078362;0.121173246;-0.017172181;1.338347192;3.007938933;1;0;0
17:59:17.088870;0.121173246;-0.013737745;1.321285396;3.00426573;1;0;0
17:59:17.098730;0.121173246;-0.010990196;1.304380676;3.000583158;1;0;0
17:59:17.109518;0.121173246;-0.008792157;1.286479518;2.99663861;1;0;0
17:59:17.120220;0.121173246;-0.007033725;1.268534921;2.992640315;1;0;0
17:59:17.131255;0.119937302;-0.029425743;1.251364975;2.988556807;1;0;0
17:59:17.140909;0.119937302;-0.023540594;1.234918889;2.984630482;1;0;0
17:59:17.150741;0.120963934;0.001558197;1.218899247;2.980965207;1;0;0
17:59:17.161826;0.120963934;0.001246558;1.202155079;2.977104316;1;0;0
17:59:17.172563;0.120963934;0.000997246;1.185196099;2.973165061;1;0;0
17:59:17.183194;0.120963934;0.000797797;1.168653289;2.969296794;1;0;0
17:59:17.194215;0.120963934;0.000638237;1.153314959;2.965689513;1;0;0
17:59:17.204521;0.119971715;-0.017797628;1.136826738;2.961612574;1;0;0
17:59:17.214606;0.120998464;0.006151371;1.121940268;2.958100388;1;0;0
17:59:17.224713;0.120998464;0.004921097;1.107113902;2.954587262;1;0;0
17:59:17.235264;0.120998464;0.003936878;1.091465031;2.950864993;1;0;0
17:59:17.245875;0.122233964;0.026408078;1.076624678;2.947541436;1;0;0
17:59:17.256697;0.123260829;0.040245458;1.062026684;2.94442982;1;0;0
17:59:17.267210;0.124253491;0.050717743;1.047834968;2.941545904;1;0;0
17:59:17.278387;0.124253491;0.040574194;1.033114389;2.938499013;1;0;0
17:59:17.290065;0.124253491;0.032459355;1.019861261;2.935713249;1;0;0
17:59:17.298981;0.125280468;0.045926136;1.006843132;2.933123485;1;0;0
17:59:17.309717;0.125280468;0.036740908;0.994182468;2.930559898;1;0;0
17:59:17.320199;0.125280468;0.029392727;0.980569254;2.927760068;1;0;0
17:59:17.330777;0.126272645;0.04181993;0.967463222;2.925212331;1;0;0
17:59:17.341241;0.126272645;0.033455944;0.955325199;2.922808828;1;0;0
17:59:17.353072;0.126272645;0.026764755;0.942373961;2.92020384;1;0;0
17:59:17.361998;0.126272645;0.021411804;0.930532593;2.917790511;1;0;0
17:59:17.372440;0.127299733;0.036588199;0.918476589;2.915494007;1;0;0
17:59:17.383178;0.127299733;0.029270559;0.907042925;2.913279073;1;0;0
17:59:17.393220;0.127299733;0.023416447;0.895146205;2.910941617;1;0;0
17:59:17.403360;0.127299733;0.018733158;0.883959395;2.90871766;1;0;0
17:59:17.413744;0.127299733;0.014986526;0.872714267;2.906460866;1;0;0
17:59:17.424167;0.127299733;0.011989221;0.861712119;2.9042359;1;0;0
17:59:17.433780;0.127299733;0.009591377;0.850888903;2.902034093;1;0;0
17:59:17.444994;0.127299733;0.007673101;0.839393777;2.899684899;1;0;0
17:59:17.454789;0.126307556;-0.013340707;0.828487614;2.897273999;1;0;0
17:59:17.465308;0.126307556;-0.010672566;0.817222704;2.894794599;1;0;0
17:59:17.475951;0.126307556;-0.008538053;0.806325079;2.892408137;1;0;0
17:59:17.486937;0.126307556;-0.006830442;0.795249626;2.889996593;1;0;0
17:59:17.497640;0.126307556;-0.005464354;0.784280699;2.887623653;1;0;0
17:59:17.509057;0.126307556;-0.004371483;0.773720988;2.885355256;1;0;0
17:59:17.520592;0.126307556;-0.003497186;0.76185348;2.882826509;1;0;0
17:59:17.530378;0.126307556;-0.002797749;0.752161227;2.880778824;1;0;0
17:59:17.540660;0.126307556;-0.002238199;0.742619635;2.878779577;1;0;0
17:59:17.550571;0.126307556;-0.001790559;0.733211216;2.87682544;1;0;0
17:59:17.561425;0.126307556;-0.001432448;0.72333866;2.874794433;1;0;0
17:59:17.572018;0.127334752;0.018264971;0.714024428;2.873086395;1;0;0
17:59:17.582897;0.12634209;-0.003709609;0.704386345;2.871133108;1;0;0
17:59:17.593529;0.126098809;-0.007520925;0.69498074;2.869204235;1;0;0
17:59:17.604786;0.126098809;-0.00601674;0.686017562;2.867391055;1;0;0
17:59:17.615712;0.127126112;0.013154012;0.676542018;2.865705934;1;0;0
17:59:17.625954;0.127126112;0.01052321;0.668279709;2.86424628;1;0;0
17:59:17.636366;0.127126112;0.008418568;0.659992598;2.862792852;1;0;0
17:59:17.645950;0.128153519;0.026689015;0.652045627;2.861601275;1;0;0
17:59:17.656708;0.128153519;0.021351212;0.644355221;2.860445335;1;0;0
17:59:17.666412;0.128153519;0.01708097;0.636652819;2.859287019;1;0;0
17:59:17.676488;0.129181029;0.034018008;0.629358808;2.858384267;1;0;0
17:59:17.687093;0.128188809;0.008468603;0.621557865;2.857204361;1;0;0
17:59:17.697789;0.128188809;0.006774883;0.613824389;2.856041063;1;0;0
17:59:17.707971;0.128188809;0.005419906;0.606561148;2.854955882;1;0;0
17:59:17.719420;0.128188809;0.004335925;0.598469069;2.85375704;1;0;0
17:59:17.730088;0.128188809;0.00346874;0.591435017;2.852725056;1;0;0
17:59:17.740071;0.127196109;-0.016354379;0.584073458;2.851463575;1;0;0
17:59:17.749901;0.12723054;-0.012401671;0.577036645;2.850289955;1;0;0
17:59:17.759952;0.12620293;-0.030302455;0.569898565;2.848934572;1;0;0
17:59:17.770865;0.12620293;-0.024241964;0.562628181;2.847594104;1;0;0
17:59:17.780756;0.12620293;-0.019393571;0.555732893;2.846359846;1;0;0
17:59:17.791420;0.124970183;-0.03812604;0.548156127;2.844801252;1;0;0
17:59:17.802295;0.125004591;-0.029855834;0.540919541;2.84337429;1;0;0
17:59:17.812514;0.125004591;-0.023884667;0.534206442;2.842097763;1;0;0
17:59:17.822908;0.125004591;-0.019107734;0.527279548;2.840827576;1;0;0
17:59:17.833334;0.125038624;-0.014638523;0.52059949;2.839653745;1;0;0
17:59:17.843861;0.125038624;-0.011710819;0.514201728;2.838569651;1;0;0
17:59:17.854751;0.125038624;-0.009368655;0.507563997;2.837485854;1;0;0
17:59:17.864502;0.124044478;-0.027191533;0.501300548;2.836314324;1;0;0
17:59:17.875596;0.12281497;-0.044456839;0.494438587;2.834844597;1;0;0
17:59:17.886802;0.12281497;-0.035565471;0.487972251;2.833523583;1;0;0
17:59:17.896909;0.120826208;-0.065768261;0.481092332;2.831808134;1;0;0
17:59:17.907518;0.120826208;-0.052614609;0.474756894;2.830304608;1;0;0
17:59:17.918011;0.120826208;-0.042091687;0.468107187;2.828804325;1;0;0
17:59:17.928526;0.121854011;-0.01338374;0.462337518;2.827747863;1;0;0
17:59:17.938242;0.120858935;-0.029607214;0.456249557;2.826496021;1;0;0
17:59:17.948648;0.120858935;-0.023685771;0.450439497;2.825361685;1;0;0
17:59:17.958691;0.119863397;-0.038728514;0.444687417;2.824114719;1;0;0
17:59:17.969201;0.119632709;-0.035343209;0.43875116;2.822852173;1;0;0
17:59:17.980151;0.118604905;-0.047384723;0.432642076;2.821429539;1;0;0
17:59:17.990031;0.117609846;-0.057660479;0.42686812;2.819985291;1;0;0
17:59:18.000944;0.116614329;-0.065895748;0.421050829;2.818438096;1;0;0
17:59:18.011535;0.116614329;-0.052716598;0.415130148;2.816948785;1;0;0
17:59:18.021278;0.116614329;-0.042173279;0.409364716;2.81558103;1;0;0
17:59:18.031880;0.116614329;-0.033738623;0.404086864;2.81439985;1;0;0
17:59:18.041695;0.116614329;-0.026990898;0.39888648;2.813301667;1;0;0
17:59:18.052482;0.116614329;-0.021592719;0.393566078;2.81224475;1;0;0
17:59:18.063289;0.116614329;-0.017274175;0.388448498;2.811290718;1;0;0
17:59:18.074022;0.116614329;-0.01381934;0.383408337;2.810410016;1;0;0
17:59:18.084928;0.116614329;-0.011055472;0.378479888;2.809604186;1;0;0
17:59:18.095536;0.114590649;-0.049043376;0.373558813;2.808468861;1;0;0
17:59:18.105884;0.114590649;-0.0392347;0.368311986;2.807333818;1;0;0
17:59:18.116482;0.114363233;-0.035666747;0.363384621;2.806295083;1;0;0
17:59:18.127373;0.113367748;-0.047682132;0.358481172;2.805144256;1;0;0
17:59:18.137334;0.112388768;-0.057479426;0.353637986;2.803906807;1;0;0
17:59:18.147466;0.111392832;-0.065277434;0.348640854;2.802534623;1;0;0
17:59:18.158108;0.110366375;-0.071250832;0.343367797;2.800994208;1;0;0
17:59:18.168683;0.10936999;-0.07583303;0.338166414;2.799398501;1;0;0
17:59:18.179485;0.108343635;-0.081042912;0.333181951;2.797795418;1;0;0
17:59:18.189591;0.108343635;-0.064834329;0.328396451;2.796342242;1;0;0
17:59:18.200013;0.108343635;-0.051867463;0.323533047;2.794952936;1;0;0
17:59:18.209742;0.108343635;-0.041493971;0.319053147;2.793752052;1;0;0
17:59:18.220412;0.107317383;-0.052272638;0.314261066;2.792366638;1;0;0
17:59:18.232056;0.107317383;-0.04181811;0.309436475;2.791062886;1;0;0
17:59:18.242012;0.106320552;-0.053152536;0.305052955;2.789788882;1;0;0
17:59:18.252697;0.106320552;-0.042522029;0.300552766;2.788562615;1;0;0
17:59:18.262636;0.105294406;-0.054330455;0.296276451;2.787301164;1;0;0
17:59:18.273167;0.105294406;-0.043464364;0.292157048;2.786159415;1;0;0
17:59:18.283243;0.104074872;-0.058985436;0.287937025;2.784860888;1;0;0
17:59:18.293771;0.103048835;-0.066167674;0.283349227;2.783361316;1;0;0
17:59:18.304447;0.101026133;-0.092919788;0.278789911;2.781645434;1;0;0
17:59:18.314908;0.100028916;-0.092453309;0.273827451;2.779724429;1;0;0
17:59:18.325517;0.099003102;-0.093409954;0.269073247;2.777833717;1;0;0
17:59:18.338047;0.099003102;-0.074727963;0.263850396;2.775875696;1;0;0
17:59:18.347870;0.096979747;-0.099849344;0.259314959;2.773982008;1;0;0
17:59:18.358070;0.096979747;-0.079879475;0.254974311;2.772258855;1;0;0
17:59:18.368994;0.096979747;-0.06390358;0.250656321;2.770635161;1;0;0
17:59:18.379153;0.097977403;-0.031471958;0.246962627;2.769467692;1;0;0
17:59:18.388985;0.096951821;-0.045395429;0.243194868;2.768186188;1;0;0
17:59:18.399507;0.097949038;-0.017314449;0.239699181;2.767224598;1;0;0
17:59:18.409976;0.097949038;-0.013851559;0.236308099;2.766354812;1;0;0
17:59:18.420865;0.09792035;-0.011620023;0.233020261;2.765565831;1;0;0
17:59:18.431418;0.09792035;-0.009296018;0.230014571;2.764895898;1;0;0
17:59:18.441131;0.097891341;-0.008002619;0.227053759;2.764278393;1;0;0
17:59:18.451655;0.097891341;-0.006402095;0.224113495;2.76371173;1;0;0
17:59:18.461953;0.099111374;0.018969518;0.221642624;2.763498226;1;0;0
17:59:18.471686;0.099111374;0.015175614;0.219230442;2.763311026;1;0;0
17:59:18.482840;0.100107759;0.030659267;0.216946653;2.763374023;1;0;0
17:59:18.493434;0.100107759;0.024527414;0.214670951;2.763437612;1;0;0
17:59:18.504038;0.100107759;0.019621931;0.212477057;2.763499732;1;0;0
17:59:18.514234;0.096007645;-0.064938463;0.209466181;2.762634215;1;0;0
17:59:18.525030;0.094982941;-0.07117381;0.20619535;2.761578976;1;0;0
17:59:18.535461;0.094982941;-0.056939048;0.203239746;2.760684374;1;0;0
17:59:18.545686;0.09395837;-0.064585819;0.199967658;2.759582481;1;0;0
17:59:18.555785;0.091937551;-0.091558222;0.196573909;2.758197475;1;0;0
17:59:18.566407;0.090689111;-0.096631307;0.192887457;2.756590049;1;0;0
17:59:18.577433;0.088669066;-0.114910706;0.18890629;2.75465952;1;0;0
17:59:18.587899;0.088669066;-0.091928565;0.185247545;2.752964862;1;0;0
17:59:18.598549;0.086578067;-0.112079823;0.181185948;2.750891272;1;0;0
17:59:18.608737;0.086578067;-0.089663859;0.177628752;2.749150506;1;0;0
17:59:18.620309;0.083531612;-0.131652442;0.173578718;2.746885813;1;0;0
17:59:18.629565;0.083531612;-0.105321954;0.169639986;2.744762131;1;0;0
17:59:18.640190;0.083531612;-0.084257563;0.166015536;2.742882709;1;0;0
17:59:18.649941;0.081509779;-0.107338635;0.162249161;2.740778164;1;0;0
17:59:18.660841;0.081509779;-0.085870908;0.158489136;2.738752874;1;0;0
17:59:18.671450;0.080512123;-0.087351622;0.154780287;2.736719148;1;0;0
17:59:18.682022;0.079487657;-0.089014212;0.15107079;2.734647088;1;0;0
17:59:18.693046;0.079268677;-0.075240169;0.14750659;2.732705539;1;0;0
17:59:18.703935;0.07724722;-0.097377028;0.14369698;2.730478725;1;0;0
17:59:18.714083;0.07724722;-0.077901623;0.140394766;2.728612592;1;0;0
17:59:18.724644;0.07724722;-0.062321298;0.137224683;2.726882643;1;0;0
17:59:18.734784;0.073177645;-0.130719677;0.133441527;2.724461436;1;0;0
17:59:18.744543;0.073177645;-0.104575742;0.129909682;2.72226018;1;0;0
17:59:18.755301;0.073177645;-0.083660594;0.126621288;2.720267729;1;0;0
17:59:18.765274;0.072179632;-0.086208904;0.123254693;2.718194355;1;0;0
17:59:18.775893;0.072179632;-0.068967123;0.120190784;2.71636189;1;0;0
17:59:18.785637;0.070157511;-0.093634776;0.1167567;2.714173347;1;0;0
17:59:18.796309;0.070157511;-0.074907821;0.1137021;2.71227874;1;0;0
17:59:18.806043;0.068944836;-0.083397498;0.11050853;2.710243381;0.960293686;0.278991106;0.11050853
17:59:18.817204;0.067921323;-0.085910121;0.107211819;2.708107541;0.951056516;0.309016994;0.107211819
17:59:18.826975;0.066897976;-0.088761187;0.104055111;2.706029841;0.940880769;0.33873792;0.104055111
17:59:18.837734;0.065899627;-0.089862639;0.100792181;2.703851399;0.929776486;0.368124553;0.100792181
17:59:18.847824;0.064876448;-0.092086768;0.097674523;2.701738988;0.917754626;0.397147891;0.097674523
17:59:18.857632;0.06385344;-0.093907576;0.09456503;2.699601034;0.904827052;0.425779292;0.09456503
17:59:18.867862;0.062830604;-0.095435288;0.091470105;2.697442837;0.891006524;0.4539905;0.091470105
17:59:18.878907;0.061807942;-0.094952497;0.088109646;2.695069249;0.87630668;0.481753674;0.088109646
17:59:18.891231;0.061807942;-0.075961998;0.085056415;2.692956997;0.860742027;0.509041416;0.085056415
17:59:18.900526;0.060785457;-0.080615553;0.082156372;2.690918253;0.844327926;0.535826795;0.082156372
17:59:18.911648;0.058764378;-0.099370161;0.078651072;2.688344478;0.827080574;0.562083378;0.078651072
17:59:18.921563;0.056743056;-0.119641135;0.075414417;2.685883324;0.809016994;0.587785252;0.075414417
17:59:18.932051;0.055721113;-0.115582043;0.072145012;2.683372632;0.790155012;0.612907054;0.072145012
17:59:18.941903;0.055630517;-0.094264398;0.069182538;2.68112176;0.770513243;0.63742399;0.069182538
17:59:18.952949;0.053608105;-0.113527725;0.06584997;2.678505397;0.75011107;0.661311865;0.06584997
17:59:18.963475;0.052585498;-0.109490131;0.062465847;2.675823883;0.728968627;0.684547106;0.062465847
17:59:18.974427;0.051563081;-0.106574794;0.059193178;2.673206204;0.707106781;0.707106781;0.059193178
17:59:18.985072;0.051563081;-0.085259835;0.056199314;2.670835494;0.684547106;0.728968627;0.056199314
17:59:18.995284;0.050540856;-0.08844106;0.053412546;2.668602306;0.661311865;0.75011107;0.053412546
17:59:19.006355;0.049332208;-0.092874961;0.050372498;2.666129029;0.63742399;0.770513243;0.050372498
17:59:19.017077;0.048310177;-0.09349924;0.047439121;2.663716089;0.612907054;0.790155012;0.047439121
17:59:19.027361;0.047288341;-0.094906835;0.044656946;2.661401724;0.587785252;0.809016994;0.044656946
17:59:19.036998;0.047288341;-0.075925468;0.042134645;2.659316238;0.562083378;0.827080574;0.042134645
17:59:19.047412;0.046266704;-0.080304632;0.039512541;2.657120281;0.535826795;0.844327926;0.039512541
17:59:19.058093;0.045245267;-0.083490906;0.036850525;2.654863297;0.509041416;0.860742027;0.036850525
17:59:19.068705;0.043224533;-0.104589582;0.033947084;2.652338109;0.481753674;0.87630668;0.033947084
17:59:19.079344;0.042203503;-0.103098065;0.031124508;2.649857304;0.4539905;0.891006524;0.031124508
17:59:19.090498;0.040182765;-0.119931802;0.028029262;2.647080933;0.425779292;0.904827052;0.028029262
17:59:19.101570;0.039162149;-0.114470778;0.024933746;2.644276911;0.397147891;0.917754626;0.024933746
17:59:19.111921;0.037141417;-0.130615256;0.021855011;2.641440105;0.368124553;0.929776486;0.021855011
17:59:19.121870;0.03614068;-0.123878775;0.018851614;2.63864658;0.33873792;0.940880769;0.018851614
17:59:19.132773;0.032876378;-0.159629601;0.015264875;2.635243498;0.309016994;0.951056516;0.015264875
17:59:19.142617;0.030856648;-0.167732282;0.011799026;2.631913915;0.278991106;0.960293686;0.011799026
17:59:19.154332;0.028836731;-0.174171146;0.008222525;2.628438254;0.248689887;0.968583161;0.008222525
17:59:19.163268;0.027707216;-0.160734863;0.004596842;2.624879903;0.218143241;0.975916762;0.004596842
17:59:19.174138;0.026687314;-0.147706425;0.001071457;2.621384419;0.187381315;0.982287251;0.001071457
17:59:19.184174;0.025686315;-0.137939993;0.001;2.618151407;0.156434465;0.987688341;0.001
17:59:19.195420;0.024666641;-0.129679281;0.001;2.614886912;0.125333234;0.992114701;0.001
17:59:19.205953;0.023665239;-0.122813387;0.001;2.611742742;0.094108313;0.995561965;0.001
17:59:19.215331;0.022645795;-0.118492678;0.001;2.608807266;0.06279052;0.998026728;0.001
17:59:19.225672;0.021626581;-0.114153733;0.001;2.605813135;0.031410759;0.99950656;0.001
17:59:19.235919;0.021626581;-0.091322987;0.001;2.603222074;6.12E-17;1;0.001
17:59:19.246778;0.020607602;-0.09225178;0.001;2.600540572;-0.031410759;0.99950656;0.001
17:59:19.256770;0.020607602;-0.073801424;0.001;2.598242325;-0.06279052;0.998026728;0.001
17:59:19.266742;0.019588858;-0.079231327;0.001;2.595948776;-0.094108313;0.995561965;0.001
17:59:19.277468;0.017552085;-0.101858195;0.001;2.593323137;-0.125333234;0.992114701;0.001
17:59:19.288639;0.017552085;-0.081486556;0.001;2.590911998;-0.156434465;0.987688341;0.001
17:59:19.298177;0.017552085;-0.065189245;0.001;2.588882659;-0.187381315;0.982287251;0.001
17:59:19.309842;0.016668893;-0.068398629;0.001;2.586713249;-0.218143241;0.975916762;0.001
17:59:19.320055;0.016668893;-0.054718903;0.001;2.58475779;-0.248689887;0.968583161;0.001
17:59:19.330157;0.016668893;-0.043775122;0.001;2.583130759;-0.278991106;0.960293686;0.001
17:59:19.341221;0.016485741;-0.038425876;0.001;2.581523016;-0.309016994;0.951056516;0.001
17:59:19.351215;0.015484106;-0.050602638;0.001;2.579951071;-0.33873792;0.940880769;0.001
17:59:19.361798;0.017519311;-0.003037718;0.001;2.578884715;-0.368124553;0.929776486;0.001
17:59:19.372544;0.018537266;0.016485711;0.001;2.578164457;-0.397147891;0.917754626;0.001
17:59:19.383601;0.020573874;0.050758503;0.001;2.57797324;-0.425779292;0.904827052;0.001
17:59:19.394167;0.025776475;0.137399826;0.001982905;2.578972271;-0.4539905;0.891006524;0.001982905
17:59:19.404648;0.028850671;0.168070411;0.00353036;2.580549014;-0.481753674;0.87630668;0.00353036
17:59:19.415126;0.033028926;0.216060862;0.005776626;2.582843125;-0.509041416;0.860742027;0.005776626
17:59:19.425123;0.038127764;0.273516655;0.00886749;2.58600842;-0.535826795;0.844327926;0.00886749
17:59:19.435790;0.044339764;0.335422863;0.013186334;2.590445149;-0.562083378;0.827080574;0.013186334
17:59:19.446969;0.049481032;0.363366054;0.018297132;2.595726772;-0.587785252;0.809016994;0.018297132
17:59:19.457519;0.057464269;0.438991744;0.024672224;2.602333783;-0.612907054;0.790155012;0.024672224
17:59:19.467402;0.063728883;0.475068544;0.031410999;2.609356752;-0.63742399;0.770513243;0.031410999
17:59:19.478016;0.075058674;0.595441208;0.04025919;2.61858275;-0.661311865;0.75011107;0.04025919
17:59:19.488750;0.087197623;0.699339324;0.051296509;2.63011956;-0.684547106;0.728968627;0.051296509
17:59:19.499451;0.124104622;1.248996869;0.06949743;2.648968707;-0.707106781;0.707106781;0.06949743
17:59:19.511391;0.140431595;1.279579796;0.091336107;2.671746351;-0.728968627;0.684547106;0.091336107
17:59:19.522006;0.162990282;1.443146935;0.114659256;2.696179515;-0.75011107;0.661311865;0.114659256
17:59:19.534324;0.177309118;1.423779503;0.138708754;2.721578675;-0.770513243;0.63742399;0.138708754
17:59:19.543813;0.177309118;1.139023602;0.160638746;2.745133205;-0.790155012;0.612907054;0.160638746
17:59:19.554902;0.215346909;1.580171921;0.190665833;2.777161275;-0.809016994;0.587785252;0.190665833
17:59:19.565595;0.233862935;1.606293942;0.220523326;2.809247096;-0.827080574;0.562083378;0.220523326
17:59:19.575837;0.255591756;1.714015303;0.250406444;2.841518404;-0.844327926;0.535826795;0.250406444
17:59:19.586468;0.278319071;1.803561073;0.283444931;2.877366629;-0.860742027;0.509041416;0.283444931
17:59:19.596434;0.302210016;1.915978841;0.317144939;2.914102657;-0.87630668;0.481753674;0.317144939
17:59:19.606453;0.324299611;1.971469519;0.352088489;2.952419556;-0.891006524;0.4539905;0.352088489
17:59:19.617108;0.346414094;1.993675156;0.389990532;2.994266064;-0.904827052;0.425779292;0.389990532
17:59:19.628099;0.387636927;2.350109609;0.434379409;3.043160415;-0.917754626;0.397147891;0.434379409
17:59:19.638610;0.387636927;1.880087687;0.470439065;3.08380334;-0.929776486;0.368124553;0.470439065
17:59:19.648858;0.404707933;1.830390981;0.507122714;3.125605318;-0.940880769;0.33873792;0.507122714
17:59:19.658698;0.421612051;1.798483738;0.541964062;-3.117427878;-0.951056516;0.309016994;0.541964062
17:59:19.669056;0.435712163;1.707811088;0.576728167;-3.076796197;-0.960293686;0.278991106;0.576728167
17:59:19.679877;0.447713917;1.591342184;0.610204664;-3.036986771;-0.968583161;0.248689887;0.610204664
17:59:19.690484;0.458917329;1.484659814;0.641536194;-2.999023281;-0.975916762;0.218143241;0.641536194
17:59:19.701118;0.46768776;1.351802437;0.670856005;-2.962684332;-0.982287251;0.187381315;0.670856005
17:59:19.712191;0.4786867;1.285274105;0.698858993;-2.927286448;-0.987688341;0.156434465;0.698858993
17:59:19.722868;0.497458662;1.373814294;0.727364252;-2.891030331;-0.992114701;0.125333234;0.727364252
17:59:19.732891;0.497008911;1.09014875;0.750137092;-2.860790606;-0.995561965;0.094108313;0.750137092
17:59:19.743580;0.504150849;1.004554628;0.772668805;-2.830043651;-0.998026728;0.06279052;0.772668805
17:59:19.754555;0.507704102;0.868913044;0.792924795;-2.801261717;-0.99950656;0.031410759;0.792924795
17:59:19.765098;0.511834816;0.772954175;0.810702688;-2.774969699;-1;1.22E-16;0.810702688
17:59:19.775909;0.514115666;0.661093573;0.826483316;-2.750447913;-1;-1.22E-16;3.602943125
17:59:19.787890;0.511294782;0.476576024;0.839482564;-2.728460893;-0.998814055;-0.048687607;3.621041627
17:59:19.797298;0.510283647;0.361358755;0.849698334;-2.709661767;-0.995259034;-0.097259732;3.635246845
17:59:19.806925;0.5089244;0.262519737;0.858164019;-2.692457015;-0.989343368;-0.145601168;3.649776239
17:59:19.817536;0.50664355;0.167046144;0.865063396;-2.676409505;-0.981081089;-0.193597254;3.665782477
17:59:19.829497;0.503438293;0.072752706;0.870055914;-2.662281495;-0.970491794;-0.241134148;3.683813903
17:59:19.838779;0.503438293;0.058202165;0.873894108;-2.649662556;-0.9576006;-0.288099099;3.697797864
17:59:19.848677;0.498207595;-0.05323068;0.87600829;-2.638375494;-0.942438083;-0.334380711;3.712700785
17:59:19.859332;0.492548293;-0.154950202;0.876342038;-2.629215617;-0.925040207;-0.379869209;3.728732354
17:59:19.868965;0.487988176;-0.213880366;0.875359602;-2.621314359;-0.905448237;-0.424456699;3.743215698
17:59:19.879983;0.479333836;-0.333414754;0.872267523;-2.615087986;-0.883708645;-0.468037424;3.759768453
17:59:19.889688;0.470472298;-0.441757365;0.867520223;-2.61102675;-0.859872993;-0.510508017;3.77433658
17:59:19.900233;0.462017381;-0.512714336;0.860900962;-2.608472967;-0.833997818;-0.551767741;3.790152161
17:59:19.911300;0.450881031;-0.615438827;0.85207184;-2.608009038;-0.806144492;-0.591718733;3.806734817
17:59:19.921223;0.440209835;-0.703489754;0.842160029;-2.609358383;-0.77637908;-0.630266233;3.821588881
17:59:19.932846;0.412967114;-1.080160144;0.826956172;-2.615774048;-0.744772183;-0.667318811;3.838969558
17:59:19.942823;0.398578906;-1.128667085;0.809198644;-2.624633563;-0.711398768;-0.702788583;3.853872545
17:59:19.953656;0.386923694;-1.121689024;0.790477839;-2.634832378;-0.676337994;-0.736591418;3.870036376
17:59:19.963415;0.386923694;-0.89735122;0.77375171;-2.643645713;-0.639673022;-0.76864714;3.88458123
17:59:19.973506;0.381382521;-0.827758338;0.756963342;-2.652715459;-0.601490815;-0.798879715;3.899603869
17:59:19.984750;0.386872588;-0.555685875;0.741931309;-2.660023003;-0.561881939;-0.827217436;3.916321862
17:59:19.994773;0.39332559;-0.323136382;0.728713012;-2.665425628;-0.52094034;-0.853593089;3.931204981
17:59:20.004724;0.399776603;-0.130818174;0.718168564;-2.668660854;-0.478763129;-0.877944113;3.945962438
17:59:20.015726;0.401987086;-0.064077924;0.707915315;-2.671145805;-0.435450345;-0.900212751;3.962256086
17:59:20.026276;0.404255445;-0.006425381;0.699370321;-2.672571541;-0.39110472;-0.920346184;3.977857473
17:59:20.036312;0.404313335;-0.003991076;0.691304605;-2.673632381;-0.345831439;-0.938296657;3.992677332
17:59:20.046846;0.397565258;-0.128418264;0.681677214;-2.675861637;-0.299737883;-0.954021594;4.008209435
17:59:20.056654;0.391280836;-0.226499739;0.671837022;-2.678829579;-0.252933382;-0.967483697;4.022649162
17:59:20.066802;0.393309455;-0.141035056;0.663013712;-2.680911318;-0.205528952;-0.978651036;4.0375666
17:59:20.077552;0.376199495;-0.431784572;0.650494013;-2.686385651;-0.157637029;-0.987497123;4.053342936
17:59:20.088212;0.367480629;-0.508235554;0.636927488;-2.693058479;-0.109371208;-0.994000975;4.068960024
17:59:20.098850;0.358768323;-0.570029197;0.622446852;-2.700826862;-0.060845972;-0.998147167;4.084517191
17:59:20.109502;0.356369032;-0.501016208;0.60843653;-2.708274264;-0.012176415;-0.999925865;4.100066394
17:59:20.120946;0.352166851;-0.479350885;0.594436251;-2.715839472;0.036522023;-0.999332848;4.116739184
17:59:20.131337;0.352166851;-0.383480708;0.581178616;-2.722683558;0.085133835;-0.996369525;4.131847933
17:59:20.141378;0.358926112;-0.175979955;0.570952467;-2.726956732;0.133543718;-0.991042923;4.146420067
17:59:20.153250;0.365388659;-0.020000492;0.562508785;-2.729336308;0.181636851;-0.983365677;4.163613493
17:59:20.164459;0.360475604;-0.10606811;0.553346762;-2.7324121;0.229299161;-0.973355996;4.179810117
17:59:20.173619;0.355253369;-0.185921577;0.54411703;-2.735971679;0.276417599;-0.961037622;4.193018995
17:59:20.183487;0.35423949;-0.168770829;0.53545766;-2.739167919;0.322880405;-0.946439773;4.207221073
17:59:20.193994;0.31724223;-0.837499424;0.518873674;-2.750200275;0.368577374;-0.929597074;4.222310539
17:59:20.204921;0.302616835;-0.960430004;0.501088332;-2.762850488;0.413400118;-0.910549473;4.237967154
17:59:20.216683;0.294336531;-0.932703176;0.482856047;-2.776126942;0.457242323;-0.889342149;4.254778256
17:59:20.225888;0.283880792;-0.950100132;0.463437223;-2.790695551;0.5;-0.866025404;4.26790377
17:59:20.235328;0.275445395;-0.924307502;0.443660706;-2.805814262;0.541571732;-0.840654542;4.281335627
17:59:20.245089;0.267012656;-0.901380946;0.423342241;-2.821619355;0.581858916;-0.813289741;4.295193084
17:59:20.255222;0.257556985;-0.90880429;0.403223365;-2.837575719;0.620765994;-0.783995906;4.309544579
17:59:20.266072;0.24620401;-0.937702955;0.380852941;-2.855722439;0.658200684;-0.752842519;4.324872382
17:59:20.278082;0.233519881;-0.989849684;0.357876722;-2.87479124;0.694074195;-0.719903474;4.341790761
17:59:20.287796;0.218984102;-1.072429786;0.334033712;-2.895051272;0.728301439;-0.685256897;4.355437085
17:59:20.298503;0.204443601;-1.146704907;0.309634653;-2.916211056;0.760801232;-0.648984966;4.37043862
17:59:20.308116;0.189011735;-1.2157001;0.28324125;-2.93953994;0.791496488;-0.611173714;4.383871246
17:59:20.317964;0.173552022;-1.271836343;0.25572689;-2.964272506;0.820314403;-0.571912826;4.397596243
17:59:20.327901;0.159097786;-1.30375004;0.228041562;-2.98951761;0.847186622;-0.531295424;4.411407769
17:59:20.339946;0.153977766;-1.134149985;0.19901963;-3.01614374;0.872049408;-0.489417848;4.42809787
17:59:20.349957;0.137449677;-1.219256608;0.17048653;-3.042721725;0.894843789;-0.446379427;4.44192604
17:59:20.361106;0.119937707;-1.287208002;0.138946622;-3.072527196;0.9155157;-0.402282243;4.457278842
17:59:20.370928;0.101339474;-1.396876599;0.109161734;-3.101057839;0.934016109;-0.35723089;4.47076237
17:59:20.382264;0.090010139;-1.328373578;0.078100637;-3.131116071;0.950301134;-0.311332225;4.486274715
17:59:20.391923;0.093190868;-0.999923219;0.052692593;3.127321525;0.964332151;-0.264695114;4.499449686
17:59:20.402452;0.077711305;-1.088685834;0.024890953;3.099932862;0.976075878;-0.217430176;4.513766084
17:59:20.414326;0.05092515;-1.378307229;0.001;3.069192904;0.98550446;-0.169649517;4.529853802
17:59:20.423817;0.03746939;-1.369043413;0.001;3.039662799;0.992595535;-0.121466468;4.5426684
17:59:20.433612;0.027141456;-1.30022498;0.001;3.01099646;0.997332284;-0.072995315;4.555851443
17:59:20.445133;0.011728566;-1.313198617;0.001;2.978570002;0.99970347;-0.024351024;4.571302132
17:59:20.455479;0.003397034;-1.214505483;0.001;2.950839672;0.99970347;0.024351024;4.585125323
17:59:20.465479;-0.005965106;-1.154951533;0.001;2.923875039;0.997332284;0.072995315;4.598439065
17:59:20.476100;-0.017361674;-1.146316598;0.001;2.897169145;0.992595535;0.121466468;4.612528024
17:59:20.485897;-0.017361674;-0.917053278;0.001;2.872319825;0.98550446;0.169649517;4.625476025
17:59:20.496661;-0.028880328;-0.949628478;0.001;2.847757249;0.976075878;0.217430176;4.639648112
17:59:20.507380;-0.052828668;-1.20828139;0.001;2.820367866;0.964332151;0.264695114;4.653703877
17:59:20.518142;-0.064379551;-1.180637403;0.001;2.793153676;0.950301134;0.311332225;4.667757732
17:59:20.528798;-0.074906051;-1.146057077;0.001;2.767443329;0.934016109;0.35723089;4.681614631
17:59:20.538827;-0.084265543;-1.101387812;0.001;2.743190094;0.9155157;0.402282243;4.694602111
17:59:20.550452;-0.103107281;-1.20846475;0.001;2.714265397;0.894843789;0.446379427;4.709589693
17:59:20.560915;-0.10008014;-0.907531561;0.001;2.692160917;0.872049408;0.489417848;4.723016925
17:59:20.571074;-0.109600066;-0.910966782;0.001;2.670248952;0.847186622;0.531295424;4.735996712
17:59:20.580757;-0.12012926;-0.937804025;0.001;2.6489091;0.820314403;0.571912826;4.748314983
17:59:20.591743;-0.122422563;-0.795769393;0.001;2.629292947;0.791496488;0.611173714;4.762226885
17:59:20.601503;-0.137432447;-0.919778125;0.001;2.607670341;0.760801232;0.648984966;4.774528385
17:59:20.611472;-0.14375373;-0.861318873;0.001;2.588020682;0.728301439;0.685256897;4.787036279
17:59:20.621991;-0.141741818;-0.649871942;0.001;2.570389139;0.694074195;0.719903474;4.800170881
17:59:20.632179;-0.148058065;-0.645373533;0.001;2.553607758;0.658200684;0.752842519;4.812829285
17:59:20.642333;-0.161075463;-0.774539918;0.001;2.535991222;0.620765994;0.783995906;4.825383015
17:59:20.652910;-0.167381584;-0.744486684;0.001;2.518878545;0.581858916;0.813289741;4.838392532
17:59:20.662674;-0.17288256;-0.699349384;0.001;2.501618807;0.541571732;0.840654542;4.850340412
17:59:20.673579;-0.169677275;-0.496090763;0.001;2.487325034;0.5;0.866025404;4.863613575
17:59:20.682864;-0.176201454;-0.526447795;0.001;2.473249561;0.457242323;0.889342149;4.874855197
17:59:20.694574;-0.177291285;-0.441315844;0.001;2.459349269;0.413400118;0.910549473;4.888953447
17:59:20.704990;-0.178618701;-0.378101708;0.001;2.4467781;0.368577374;0.929597074;4.901418394
17:59:20.714781;-0.178643691;-0.302956128;0.001;2.435437151;0.322880405;0.946439773;4.913069832
17:59:20.726199;-0.178664557;-0.242757854;0.001;2.425029103;0.276417599;0.961037622;4.926576146
17:59:20.735976;-0.177182349;-0.166047174;0.001;2.415889251;0.229299161;0.973355996;4.938070917
17:59:20.748313;-0.175935443;-0.108839149;0.001;2.407861964;0.181636851;0.983365677;4.952481547
17:59:20.757585;-0.170345117;0.01468279;0.001;2.401105613;0.133543718;0.991042923;4.963242188
17:59:20.767410;-0.163613554;0.144163525;0.001;2.396489416;0.085133835;0.996369525;4.974578444
17:59:20.777900;-0.153560105;0.310156866;0.001;2.393847939;0.036522023;0.999332848;4.98660599
17:59:20.788557;-0.141280649;0.475546877;0.001;2.393434903;-0.012176415;0.999925865;4.99874371
17:59:20.799283;-0.105650933;1.045556629;0.006742444;2.399219206;-0.060845972;0.998147167;5.010876295
17:59:20.809630;-0.088720588;1.166071974;0.014682902;2.407270182;-0.109371208;0.994000975;5.02249966
17:59:20.820810;-0.0593173;1.473917019;0.027746829;2.420565512;-0.157637029;0.987497123;5.034968867
17:59:20.831896;-0.028926016;1.741056127;0.045363496;2.43857864;-0.205528952;0.978651036;5.04723994
17:59:20.841860;0.018766737;2.303374848;0.069897148;2.463717271;-0.252933382;0.967483697;5.058188894
17:59:20.853132;0.046534439;2.369145781;0.098309176;2.493017982;-0.299737883;0.954021594;5.070482605
17:59:20.864513;0.045523822;1.877307329;0.126467203;2.522439186;-0.345831439;0.938296657;5.082794402
17:59:20.875138;0.045523822;1.501845863;0.152042014;2.549539331;-0.39110472;0.920346184;5.094195917
17:59:20.886066;0.124564983;2.742758627;0.189760146;2.58901227;-0.435450345;0.900212751;5.105828406
17:59:20.895804;0.124564983;2.194206901;0.224884137;2.626249172;-0.478763129;0.877944113;5.116112876
17:59:20.905820;0.149209042;2.210686664;0.264959331;2.668978339;-0.52094034;0.853593089;5.1266102
17:59:20.915783;0.200735202;2.789973084;0.310318608;2.717242327;-0.561881939;0.827217436;5.136969951
17:59:20.926403;0.228682156;2.786766226;0.35833058;2.768625613;-0.601490815;0.798879715;5.147921891
17:59:20.936371;0.229690809;2.249375048;0.403003469;2.81714858;-0.639673022;0.76864714;5.158115205
17:59:20.946405;0.257460213;2.336101541;0.451196995;2.869766438;-0.676337994;0.736591418;5.16829084
17:59:20.957606;0.311651145;2.88102275;0.509459377;2.933177369;-0.711398768;0.702788583;5.179548018
17:59:20.968316;0.311651145;2.3048182;0.560765184;2.990073954;-0.744772183;0.667318811;5.190210167
17:59:20.978458;0.365172264;2.863044803;0.619985093;3.055500068;-0.77637908;0.630266233;5.200214415
17:59:20.988078;0.365978952;2.306451262;0.670994769;3.113017145;-0.806144492;0.591718733;5.209619879
17:59:20.998544;0.415636557;2.794004771;0.73015925;-3.103664509;-0.833997818;0.551767741;5.219758882
17:59:21.009379;0.416439932;2.250029913;0.784348357;-3.041262384;-0.859872993;0.510508017;5.230151645
17:59:21.020146;0.416439932;1.800023931;0.831169908;-2.985797227;-0.883708645;0.468037424;5.240373669
17:59:21.030753;0.464928037;2.353073114;0.883498714;-2.924356304;-0.905448237;0.424456699;5.250339965
17:59:21.043099;0.489649844;2.350629054;0.934720439;-2.863527223;-0.925040207;0.379869209;5.261809164
17:59:21.052830;0.53312995;2.62831463;0.994495187;-2.7925264;-0.942438083;0.334380711;5.270748784
17:59:21.063661;0.53312995;2.102651704;1.039364995;-2.737378496;-0.9576006;0.288099099;5.280593995
17:59:21.074395;0.570186203;2.354563641;1.090351818;-2.674648414;-0.970491794;0.241134148;5.290240982
17:59:21.091465;0.607088447;2.308288494;1.169072757;-2.576265139;-0.981081089;0.193597254;5.30535423
17:59:21.102488;0.607088447;1.846630795;1.2071452;-2.526111266;-0.989343368;0.145601168;5.314963215
17:59:21.112809;0.606085679;1.458693553;1.242006296;-2.47804961;-0.995259034;0.097259732;5.3238521
17:59:21.124744;0.618113493;1.383984241;1.275389277;-2.430710646;-0.998814055;0.048687607;5.333999443
17:59:21.133660;0.618113493;1.107187393;1.302362534;-2.390448126;-1;1.22E-16;5.341487107
17:59:21.144392;0.61345079;0.797970893;1.325828207;-2.353019035;-1;-1.22E-16;5.350393618
17:59:21.156000;0.60013002;0.408357214;1.345608386;-2.317765393;-0.99821013;-0.059804154;5.359895396
17:59:21.166257;0.590997711;0.150602445;1.359589617;-2.289752479;-0.992846926;-0.119394225;5.368176406
17:59:21.176688;0.589994321;0.100555101;1.371393983;-2.264195373;-0.983929589;-0.178556895;5.376486402
17:59:21.187705;0.589994321;0.080444081;1.383042528;-2.236927277;-0.971490038;-0.237080378;5.38514016
17:59:21.198255;0.577575866;-0.174503919;1.390573387;-2.214975345;-0.955572806;-0.294755174;5.393307598
17:59:21.208483;0.550273819;-0.681878635;1.393210757;-2.198322043;-0.936234871;-0.351374824;5.401113241
17:59:21.219137;0.530171753;-0.912123105;1.392663716;-2.183593783;-0.913545458;-0.406736643;5.409125271
17:59:21.229730;0.505914674;-1.188907165;1.388610533;-2.172955415;-0.887585789;-0.46064245;5.416970374
17:59:21.240630;0.48745396;-1.292451014;1.382026114;-2.164555085;-0.858448794;-0.512899277;5.424915827
17:59:21.251275;0.474285047;-1.279807738;1.374047264;-2.157771335;-0.826238774;-0.563320058;5.432550073
17:59:21.261732;0.46907142;-1.122555989;1.365944572;-2.15140246;-0.791071035;-0.611724299;5.439927966
17:59:21.271993;0.466807487;-0.942984436;1.358386398;-2.145236606;-0.753071466;-0.657938726;5.447049601
17:59:21.283023;0.481507286;-0.484636359;1.352735559;-2.136113807;-0.712376097;-0.701797903;5.454573642
17:59:21.292820;0.499022836;-0.04048875;1.350015125;-2.125200306;-0.669130606;-0.743144825;5.461141657
17:59:21.304477;0.508518266;0.147437405;1.348523029;-2.112443415;-0.623489802;-0.781831482;5.468814664
17:59:21.313956;0.513726291;0.217472584;1.347729874;-2.099127052;-0.575617066;-0.817719386;5.474939479
17:59:21.324444;0.522485092;0.343941387;1.347987506;-2.084977366;-0.52568377;-0.850680066;5.481595622
17:59:21.334355;0.525346762;0.331490066;1.348482946;-2.070784948;-0.473868662;-0.880595532;5.487768304
17:59:21.345139;0.515370723;0.08047476;1.347711226;-2.056995321;-0.420357228;-0.907358695;5.494354316
17:59:21.355181;0.507941989;-0.082838652;1.346189885;-2.044923139;-0.365341024;-0.930873749;5.500364133
17:59:21.365783;0.509871125;-0.029425959;1.344909059;-2.032113917;-0.309016994;-0.951056516;5.506579403
17:59:21.377861;0.512802632;0.026989871;1.343917837;-2.017506109;-0.251586764;-0.967834748;5.513496445
17:59:21.387675;0.512802632;0.021591897;1.343100388;-2.004791727;-0.193255918;-0.981148383;5.518987718
17:59:21.397471;0.500195007;-0.232710319;1.341085563;-1.993269314;-0.134233266;-0.990949762;5.524352602
17:59:21.408070;0.495385469;-0.28152139;1.338748986;-1.982089158;-0.074730094;-0.997203797;5.530025494
17:59:21.417607;0.479540184;-0.538133333;1.335080666;-1.972218114;-0.014959407;-0.999888102;5.535012148
17:59:21.429048;0.454918507;-0.902888053;1.329243877;-1.964168164;0.04486483;-0.998993067;5.540846083
17:59:21.438850;0.429583257;-1.225303895;1.321705411;-1.958354502;0.104528463;-0.994521895;5.545714774
17:59:21.448613;0.37721643;-1.995554905;1.30967158;-1.956817059;0.163817911;-0.986490594;5.550444511
17:59:21.459278;0.357299434;-1.968858051;1.296011047;-1.956542892;0.222520934;-0.974927912;5.555473952
17:59:21.470499;0.341818434;-1.865769325;1.281687762;-1.957138727;0.280427389;-0.959875242;5.560609816
17:59:21.480792;0.333340113;-1.657458353;1.267797836;-1.957916566;0.337329987;-0.941386467;5.565179512
17:59:21.490354;0.330276918;-1.385687826;1.254366293;-1.958412115;0.393025032;-0.919527773;5.569302637
17:59:21.501270;0.323993589;-1.227356147;1.24063428;-1.958949371;0.447313148;-0.894377408;5.573864998
17:59:21.511610;0.313480279;-1.190166797;1.227237394;-1.959889893;0.5;-0.866025404;5.578043531
17:59:21.521620;0.298760453;-1.239618816;1.212947163;-1.96168647;0.550896981;-0.834573254;5.581955238
17:59:21.531739;0.28336461;-1.290208429;1.197787779;-1.96441307;0.599821895;-0.800133548;5.585775253
17:59:21.542981;0.248213767;-1.654140332;1.178322881;-1.970450168;0.646599601;-0.762829572;5.589859881
17:59:21.554219;0.249418322;-1.30018109;1.161240822;-1.975349567;0.691062649;-0.722794864;5.593774338
17:59:21.564177;0.232899864;-1.347301311;1.142661536;-1.981539442;0.733051872;-0.680172738;5.597101062
17:59:21.574764;0.232899864;-1.077841049;1.125567953;-1.986960999;0.772416959;-0.63511577;5.600490788
17:59:21.585134;0.18026796;-1.901536033;1.104265747;-1.99697108;0.809016994;-0.587785252;5.60366313
17:59:21.594559;0.160597205;-1.911773642;1.081754263;-2.008472644;0.842720959;-0.538350616;5.606418649
17:59:21.605255;0.137850354;-1.958015957;1.056262487;-2.022617938;0.873408201;-0.486988824;5.60939754
17:59:21.616600;0.114069936;-2.016221748;1.028923978;-2.038933073;0.900968868;-0.433883739;5.612383909
17:59:21.626185;0.112067234;-1.651011639;1.00210859;-2.055054581;0.9253043;-0.379225463;5.614767129
17:59:21.637044;0.087231745;-1.798846015;0.973478738;-2.073421179;0.946327384;-0.323209657;5.617311402
17:59:21.646772;0.061459451;-1.948011542;0.943242105;-2.093952082;0.963962861;-0.266036846;5.6194494
17:59:21.657923;0.04180656;-1.917661254;0.908749071;-2.11831442;0.978147601;-0.207911691;5.621734908
17:59:21.668990;0.006694827;-2.228537889;0.873224444;-2.144829246;0.988830826;-0.149042266;5.623827643
17:59:21.679418;-0.008731553;-2.067184487;0.83370207;-2.175092103;0.995974294;-0.089639309;5.625638529
17:59:21.689992;-0.021266958;-1.878518317;0.792089903;-2.207638097;0.999552432;-0.029915466;5.62731429
17:59:21.701227;-0.033806465;-1.735011298;0.750891795;-2.240504377;0.999552432;0.029915466;5.628916687
17:59:21.710986;-0.046346132;-1.634662445;0.71127334;-2.272690117;0.995974294;0.089639309;5.63015906
17:59:21.721176;-0.070400877;-1.778928269;0.66899587;-2.307922222;0.988830826;0.149042266;5.631309345
17:59:21.731922;-0.083139271;-1.656423493;0.623009217;-2.346855136;0.978147601;0.207911691;5.632362132
17:59:21.742773;-0.083139271;-1.325138794;0.579691202;-2.383778335;0.963962861;0.266036846;5.63326084
17:59:21.753480;-0.105391428;-1.501917795;0.53662421;-2.421224163;0.946327384;0.323209657;5.633988303
17:59:21.763144;-0.105391428;-1.201534236;0.495180411;-2.457473653;0.9253043;0.379225463;5.634511141
17:59:21.773212;-0.115889891;-1.168875385;0.453561363;-2.494297508;0.900968868;0.433883739;5.634922942
17:59:21.782995;-0.135137724;-1.315272687;0.410497398;-2.532988519;0.873408201;0.486988824;5.635195154
17:59:21.799128;-0.149113217;-1.22541855;0.342356055;-2.595062672;0.842720959;0.538350616;5.635373814
17:59:21.809870;-0.15310601;-1.055124351;0.299664489;-2.634328964;0.809016994;0.587785252;5.635309832
17:59:21.820776;-0.159611539;-0.972648766;0.260405063;-2.670756036;0.772416959;0.63511577;5.635098339
17:59:21.830386;-0.162599227;-0.836472229;0.22254948;-2.706140977;0.733051872;0.680172738;5.634791738
17:59:21.841032;-0.164827843;-0.71343542;0.187279203;-2.739349512;0.691062649;0.722794864;5.634322886
17:59:21.850971;-0.167763736;-0.625156522;0.15147988;-2.773323267;0.646599601;0.762829572;5.633764726
17:59:21.862095;-0.167763736;-0.500125217;0.118759611;-2.804608785;0.599821895;0.800133548;5.633004647
17:59:21.871925;-0.169717927;-0.43811736;0.089073793;-2.833228209;0.550896981;0.834573254;5.632216175
17:59:21.884029;-0.168426289;-0.327246581;0.059716517;-2.861761084;0.5;0.866025404;5.631097774
17:59:21.894164;-0.16518314;-0.201476378;0.034238376;-2.886735983;0.447313148;0.894377408;5.630038554
17:59:21.904108;-0.151090886;0.117295147;0.014786931;-2.905940652;0.393025032;0.919527773;5.62889277
17:59:21.914354;-0.144605495;0.217257776;0.001;-2.92321633;0.337329987;0.941386467;5.627603986
17:59:21.925288;-0.144605495;0.173806221;0.001;-2.938604791;0.280427389;0.959875242;5.62611002
17:59:21.935271;-0.11671321;0.67256756;0.001;-2.947828416;0.222520934;0.974927912;5.624641261
17:59:21.945144;-0.096312379;0.941447575;0.001;-2.952176599;0.163817911;0.986490594;5.623092444
17:59:21.956750;-0.069293669;1.256259572;0.002146721;-2.951012887;0.104528463;0.994521895;5.621152088
17:59:21.966596;-0.072302598;0.948433524;0.002592629;-2.950541736;0.04486483;0.998993067;5.619406861
17:59:21.978918;-0.018071537;1.835995679;0.013115908;-2.939938643;-0.014959407;0.999888102;5.617097759
17:59:21.987611;0.042946843;2.625978865;0.035149678;-2.917648663;-0.074730094;0.997203797;5.615387065
17:59:21.997838;0.070778812;2.650093616;0.059780594;-2.892534977;-0.134233266;0.990949762;5.613290098
17:59:22.007823;0.096408514;2.620724243;0.087438432;-2.864121401;-0.193255918;0.981148383;5.611156734
17:59:22.017591;0.121033766;2.584663957;0.116965603;-2.833560757;-0.251586764;0.967834748;5.608989493
17:59:22.028409;0.144606558;2.504775197;0.150389109;-2.798692326;-0.309016994;0.951056516;5.606499024
17:59:22.038461;0.160166232;2.31287109;0.181635259;-2.765772141;-0.365341024;0.930873749;5.604102089
17:59:22.048429;0.186908613;2.381439599;0.214978346;-2.730429537;-0.420357228;0.907358695;5.601648533
17:59:22.059674;0.241656592;2.924777256;0.257673242;-2.685192841;-0.473868662;0.880595532;5.598791602
17:59:22.069334;0.271672614;2.933422843;0.299337178;-2.640708827;-0.52568377;0.850680066;5.596264123
17:59:22.080150;0.299816291;2.872592337;0.344265476;-2.592331629;-0.575617066;0.817719386;5.59335629
17:59:22.090579;0.330734158;2.879863136;0.389779451;-2.542912277;-0.623489802;0.781831482;5.590476937
17:59:22.101632;0.355816853;2.760776932;0.436240683;-2.491911278;-0.669130606;0.743144825;5.58734697
17:59:22.113200;0.384331135;2.732667623;0.482074711;-2.441075573;-0.712376097;0.701797903;5.583987822
17:59:22.123396;0.409618014;2.663232993;0.525813833;-2.391989909;-0.753071466;0.657938726;5.580958916
17:59:22.133245;0.430906341;2.553223358;0.565956033;-2.34634455;-0.791071035;0.611724299;5.577974602
17:59:22.143746;0.454474274;2.510726502;0.605034442;-2.30136717;-0.826238774;0.563320058;5.574731669
17:59:22.153434;0.454474274;2.008581202;0.639831523;-2.260288025;-0.858448794;0.512899277;5.57168595
17:59:22.165533;0.500433845;2.400383582;0.681801649;-2.210657445;-0.887585789;0.46064245;5.567812612
17:59:22.175351;0.522271537;2.345749792;0.717050666;-2.168224361;-0.913545458;0.406736643;5.564614998
17:59:22.185368;0.522271537;1.876599834;0.747584258;-2.130295894;-0.936234871;0.351374824;5.561304432
17:59:22.195591;0.559779623;2.243368494;0.778637505;-2.091525104;-0.955572806;0.294755174;5.557877796
17:59:22.208000;0.577473214;2.08756104;0.812931433;-2.047610186;-0.971490038;0.237080378;5.553656469
17:59:22.218417;0.594526701;2.000471311;0.839841904;-2.012166359;-0.983929589;0.178556895;5.55006303
17:59:22.228301;0.610126598;1.90232162;0.864689597;-1.978509227;-0.992846926;0.119394225;5.546613732
17:59:22.239159;0.622025813;1.739835143;0.88843384;-1.945191573;-0.99821013;0.059804154;5.542782368
17:59:22.249928;0.628317451;1.510189566;0.908840227;-1.915225648;-1;1.22E-16;5.538941338
17:59:22.260592;0.6337882;1.309553219;0.927053686;-1.887104794;-1;-1.22E-16;5.535100003
17:59:22.271253;0.636071468;1.090331753;0.942704365;-1.861451417;-0.998398349;-0.056575049;5.531224709
17:59:22.281876;0.6346884;0.845849819;0.95577904;-1.838434939;-0.993598528;-0.112968871;5.527330876
17:59:22.292383;0.631024955;0.608667114;0.967100603;-1.816754365;-0.98561591;-0.16900082;5.523450228
17:59:22.304452;0.623177474;0.331635019;0.975825904;-1.798210069;-0.974476068;-0.224491409;5.518959793
17:59:22.313811;0.614955404;0.102353626;0.982953295;-1.781198513;-0.960214685;-0.279262883;5.515455662
17:59:22.322758;0.603545427;-0.144764257;0.988584608;-1.765641275;-0.942877445;-0.333139795;5.512089546
17:59:22.333523;0.589854187;-0.374519308;0.993078611;-1.750659341;-0.922519885;-0.385949559;5.508020533
17:59:22.343802;0.572962073;-0.626308713;0.996174693;-1.737277109;-0.899207215;-0.43752301;5.504118178
17:59:22.354550;0.551923626;-0.889183489;0.998139616;-1.724501912;-0.873014113;-0.487694944;5.500022444
17:59:22.365276;0.526322302;-1.189903223;0.998882461;-1.71307542;-0.844024484;-0.536304643;5.495921998
17:59:22.376195;0.500157229;-1.438815822;0.998630976;-1.702592439;-0.81233119;-0.583196397;5.491736973
17:59:22.386006;0.479731105;-1.556332407;0.997788547;-1.693372918;-0.778035754;-0.628219997;5.487969538
17:59:22.396891;0.466812445;-1.48980944;0.996591862;-1.684042432;-0.741248036;-0.671231219;5.483784299
17:59:22.406754;0.473604207;-1.05725027;0.995676129;-1.67490525;-0.702085876;-0.712092285;5.479989278
17:59:22.417576;0.475607691;-0.808918241;0.994798827;-1.664970048;-0.660674723;-0.750672305;5.475824704
17:59:22.428553;0.498624496;-0.201567789;0.994477395;-1.655015401;-0.617147231;-0.786847695;5.471602505
17:59:22.438795;0.509324232;0.035918275;0.994336653;-1.644363649;-0.571642829;-0.820502575;5.467667255
17:59:22.448991;0.51615555;0.163715294;0.994289114;-1.634346809;-0.524307284;-0.851529138;5.463756003
17:59:22.459013;0.519388042;0.194935119;0.994259451;-1.624326922;-0.475292224;-0.879827996;5.459919776
17:59:22.469670;0.522000566;0.204742289;0.994235876;-1.613703735;-0.424754659;-0.9053085;5.455851836
17:59:22.480438;0.514220188;0.01843725;0.994130404;-1.60316626;-0.372856478;-0.927889027;5.451755913
17:59:22.491479;0.504288413;-0.170851548;0.993981831;-1.592676224;-0.319763925;-0.947497247;5.44757386
17:59:22.502231;0.489085136;-0.411845279;0.993825096;-1.581850084;-0.265647071;-0.964070347;5.443521143
17:59:22.512277;0.491320996;-0.285098809;0.993774841;-1.571886315;-0.21067927;-0.977555239;5.43975455
17:59:22.522592;0.492371337;-0.207217163;0.993806779;-1.561847494;-0.1550366;-0.987908727;5.435909472
17:59:22.532512;0.485950843;-0.290666828;0.993944807;-1.551490935;-0.0988973;-0.995097645;5.432235117
17:59:22.544414;0.478090754;-0.386211859;0.994225125;-1.541041954;-0.042441203;-0.999098966;5.427859892
17:59:22.553643;0.463512174;-0.57899027;0.994767249;-1.529761291;0.014150846;-0.999899872;5.424494338
17:59:22.563894;0.436937426;-0.978114757;0.995712558;-1.518543447;0.070697566;-0.997497797;5.420785963
17:59:22.574830;0.415766723;-1.173547228;0.997209793;-1.506257302;0.12701782;-0.991900435;5.416866881
17:59:22.584882;0.396578635;-1.318357616;0.999146279;-1.494227697;0.182931197;-0.983125718;5.413300645
17:59:22.596485;0.378877902;-1.379122202;1.001887492;-1.480569474;0.238258591;-0.971201752;5.40922991
17:59:22.606245;0.364131771;-1.386040233;1.005161376;-1.466828344;0.292822771;-0.956166735;5.405845997
17:59:22.617155;0.352808968;-1.319022138;1.009203632;-1.451935179;0.346448952;-0.938068827;5.402109393
17:59:22.628843;0.342064753;-1.253017485;1.013995592;-1.436153849;0.398965351;-0.916966002;5.398163187
17:59:22.638790;0.329723801;-1.23044483;1.019597535;-1.419546556;0.450203745;-0.892925858;5.394853537
17:59:22.649953;0.315144938;-1.256458001;1.026118675;-1.402065146;0.5;-0.866025404;5.391195332
17:59:22.660650;0.299354419;-1.292759491;1.033954926;-1.382918366;0.548194604;-0.836350809;5.387748015
17:59:22.671553;0.281701454;-1.360132833;1.043030533;-1.362593745;0.594633176;-0.80399713;5.384295567
17:59:22.681390;0.265061035;-1.412737225;1.052953805;-1.341927003;0.639166959;-0.769068007;5.381235947
17:59:22.692064;0.248529598;-1.440192755;1.064784007;-1.318804132;0.681653297;-0.731675326;5.377977687
17:59:22.702865;0.234034364;-1.422026207;1.078231637;-1.293846599;0.721956094;-0.691938869;5.374748527
17:59:22.713609;0.213514343;-1.521930742;1.093677738;-1.266804301;0.759946248;-0.649985923;5.371606712
17:59:22.724218;0.195982943;-1.542687236;1.111336708;-1.237256736;0.795502065;-0.605950876;5.368575689
17:59:22.735253;0.162839772;-1.890772067;1.131244199;-1.206030412;0.828509649;-0.559974786;5.365500814
17:59:22.744834;0.144171008;-1.868200328;1.154491797;-1.170783018;0.858863267;-0.512204928;5.36289761
17:59:22.755876;0.124462998;-1.864747154;1.180959937;-1.13188219;0.886465687;-0.462794323;5.359976619
17:59:22.766373;0.103731932;-1.883249189;1.210485436;-1.08969249;0.91122849;-0.411901248;5.357280837
17:59:22.776851;0.080970635;-1.927301741;1.244384838;-1.042512273;0.933072354;-0.35968873;5.354671135
17:59:22.787533;0.063318406;-1.883262145;1.279848642;-0.993998182;0.951927306;-0.30632402;5.352096604
17:59:22.797486;0.04570669;-1.85437675;1.317609377;-0.943083717;0.967732947;-0.251978061;5.349778104
17:59:22.808170;0.031282717;-1.75002281;1.36065764;-0.885541024;0.980438648;-0.196824941;5.347377943
17:59:22.819210;0.017829477;-1.646428672;1.406462686;-0.824628162;0.990003708;-0.141041332;5.344996826
17:59:22.829753;0.005253678;-1.552584216;1.453162813;-0.762653086;0.996397489;-0.084805924;5.342819384
17:59:22.840398;-0.007183893;-1.47638222;1.501084783;-0.699048725;0.999599507;-0.028298858;5.340719016
17:59:22.851244;-0.031153749;-1.637984314;1.55198332;-0.632130964;0.999599507;0.028298858;5.338682982
17:59:22.861750;-0.042708039;-1.523756739;1.605020483;-0.561995892;0.996397489;0.084805924;5.33681218
17:59:22.871981;-0.054262353;-1.447604356;1.654570645;-0.49596817;0.990003708;0.141041332;5.335085104
17:59:22.882691;-0.051050151;-1.098122579;1.703143225;-0.429404693;0.980438648;0.196824941;5.333375778
17:59:22.894191;-0.061599574;-1.061693424;1.754092243;-0.358542638;0.967732947;0.251978061;5.331650836
17:59:22.905090;-0.07336468;-1.069210224;1.800234153;-0.293376692;0.951927306;0.30632402;5.330119841
17:59:22.915534;-0.083910705;-1.064867698;1.842226638;-0.233045012;0.933072354;0.35968873;5.328745919
17:59:22.926100;-0.093440784;-1.036639144;1.883462046;-0.172586875;0.91122849;0.411901248;5.327447159
17:59:22.935921;-0.103215515;-1.01077404;1.92445875;-0.111073961;0.886465687;0.462794323;5.326320874
17:59:22.946723;-0.111524051;-0.973566702;1.96053706;-0.05542309;0.858863267;0.512204928;5.325170564
17:59:22.956538;-0.118037267;-0.904990092;1.994911585;-0.000620458;0.828509649;0.559974786;5.324204367
17:59:22.967269;-0.126267061;-0.876423279;2.028562601;0.054757468;0.795502065;0.605950876;5.323232555
17:59:22.978389;-0.139999991;-0.961727162;2.060633706;0.108382301;0.759946248;0.649985923;5.322316999
17:59:22.988578;-0.138784736;-0.747028652;2.089130898;0.159443917;0.721956094;0.691938869;5.321558306
17:59:22.998670;-0.139805026;-0.617808299;2.112431906;0.203984773;0.681653297;0.731675326;5.320881028
17:59:23.009114;-0.142047968;-0.53707597;2.13400869;0.247802503;0.639166959;0.769068007;5.320256416
17:59:23.020022;-0.144010718;-0.466171238;2.153699665;0.290546107;0.594633176;0.80399713;5.31968528
17:59:23.030918;-0.147263169;-0.437511315;2.170482939;0.329111106;0.548194604;0.836350809;5.319195932
17:59:23.040994;-0.149221537;-0.386971966;2.186350276;0.368063734;0.5;0.866025404;5.318814111
17:59:23.050893;-0.150199798;-0.328794154;2.199904869;0.403948959;0.450203745;0.892925858;5.318503803
17:59:23.061612;-0.148906928;-0.239038826;2.212208534;0.440025413;0.398965351;0.916966002;5.318238724
17:59:23.071822;-0.120294029;0.376865505;2.216441281;0.466564006;0.346448952;0.938068827;5.318053362
17:59:23.083191;-0.107328865;0.525491725;2.217774244;0.493562438;0.292822771;0.956166735;5.317922277
17:59:23.094155;-0.093145654;0.681071883;2.215918833;0.515829879;0.238258591;0.971201752;5.317869275
17:59:23.105249;-0.073980625;0.897901384;2.210341282;0.534279538;0.182931197;0.983125718;5.317887204
17:59:23.115760;-0.050607449;1.179995184;2.201241776;0.547513535;0.12701782;0.991900435;5.317968964
17:59:23.126413;-0.024469655;1.412429249;2.186853558;0.557608322;0.070697566;0.997497797;5.318114528
17:59:23.136931;0.00269025;1.668140626;2.170090923;0.562831158;0.014150846;0.999899872;5.318318615
17:59:23.147233;0.029680959;1.87048882;2.149911341;0.564404329;-0.042441203;0.999098966;5.318575164
17:59:23.156968;0.057532376;2.049661641;2.126386445;0.562403988;-0.0988973;0.995097645;5.3188678
17:59:23.168115;0.083245161;2.111954889;2.098145193;0.557162467;-0.1550366;0.987908727;5.319261187
17:59:23.177911;0.110908565;2.218900639;2.068142872;0.548930605;-0.21067927;0.977555239;5.319656896
17:59:23.188771;0.137755747;2.276622452;2.034737634;0.537486414;-0.265647071;0.964070347;5.320148679
17:59:23.198724;0.161371434;2.289705135;2.001454452;0.524549816;-0.319763925;0.947497247;5.320647016
17:59:23.210054;0.188066491;2.325146427;1.963142768;0.507685635;-0.372856478;0.927889027;5.321268027
17:59:23.220686;0.212824853;2.30832298;1.922038093;0.488038515;-0.424754659;0.9053085;5.321901158
17:59:23.231286;0.239672663;2.380083486;1.88218539;0.467329947;-0.475292224;0.879827996;5.322579322
17:59:23.241786;0.267649783;2.44190778;1.838187969;0.442681656;-0.524307284;0.851529138;5.32329574
17:59:23.251806;0.301855912;2.597221829;1.789068676;0.412833964;-0.571642829;0.820502575;5.324019434
17:59:23.262360;0.32793616;2.55507892;1.73647713;0.379502212;-0.617147231;0.786847695;5.324822473
17:59:23.273252;0.354765326;2.543754959;1.682641356;0.344020092;-0.660674723;0.750672305;5.325693474
17:59:23.284096;0.377777718;2.472706533;1.628731442;0.307515926;-0.702085876;0.712092285;5.326601579
17:59:23.293947;0.400799205;2.432561897;1.575582122;0.270597265;-0.741248036;0.671231219;5.327460517
17:59:23.305115;0.423054942;2.386290076;1.521555907;0.232224471;-0.778035754;0.628219997;5.328471772
17:59:23.314521;0.470376436;2.819124864;1.459193312;0.185356055;-0.81233119;0.583196397;5.329353079
17:59:23.325283;0.468152962;2.21125363;1.404115403;0.144728319;-0.844024484;0.536304643;5.330393133
17:59:23.334906;0.515457469;2.671793401;1.340428155;0.095416911;-0.873014113;0.487694944;5.331350467
17:59:23.345050;0.535380944;2.533128036;1.279937126;0.048115094;-0.899207215;0.43752301;5.33238624
17:59:23.355688;0.531163098;1.946852578;1.222915159;0.004342191;-0.922519885;0.385949559;5.333500304
17:59:23.366060;0.573257682;2.393044123;1.164027551;-0.04252489;-0.942877445;0.333139795;5.334612463
17:59:23.376816;0.588585405;2.217767902;1.106821688;-0.088260456;-0.960214685;0.279262883;5.335791264
17:59:23.386059;0.603234357;2.065113099;1.05174898;-0.132467518;-0.974476068;0.224491409;5.336823724
17:59:23.396246;0.617011425;1.924401598;0.998466764;-0.175381362;-0.98561591;0.16900082;5.337981162
17:59:23.407275;0.624880714;1.690274336;0.946856027;-0.216841961;-0.993598528;0.112968871;5.339255784
17:59:23.417585;0.632180283;1.490144438;0.897855396;-0.25608388;-0.998398349;0.056575049;5.340466007
17:59:23.427263;0.637173128;1.289222078;0.853608923;-0.29132859;-1;1.22E-16;5.341617156
17:59:23.437418;0.639457252;1.076728023;0.813656369;-0.322886821;-1;-1.22E-16;5.342839435
17:59:23.448194;0.636689968;0.809487773;0.775660133;-0.352411177;-0.998369104;-0.057088811;5.344151052
17:59:23.458024;0.633125036;0.576941889;0.743473279;-0.376934761;-0.993481735;-0.11399141;5.345359253
17:59:23.468784;0.624898172;0.304163336;0.714468281;-0.398321158;-0.985353836;-0.170522193;5.34669305
17:59:23.479750;0.615767005;0.076006149;0.688473451;-0.416661882;-0.974011917;-0.226496767;5.348062864
17:59:23.489935;0.606112849;-0.130495705;0.668028278;-0.430262594;-0.959492974;-0.281732557;5.349343076
17:59:23.499849;0.591507832;-0.391213805;0.651493611;-0.440079058;-0.941844364;-0.336049393;5.350595216
17:59:23.510775;0.572337741;-0.663177653;0.638611791;-0.445899628;-0.921123653;-0.389270106;5.351980457
17:59:23.521697;0.550364241;-0.964992913;0.631317213;-0.446771423;-0.897398429;-0.441221101;5.353369055
17:59:23.531390;0.531205525;-1.132710468;0.627535557;-0.443866893;-0.870746077;-0.491732925;5.354603243
17:59:23.541465;0.512499388;-1.27752064;0.627266587;-0.437814795;-0.841253533;-0.540640817;5.355886555
17:59:23.552691;0.500905931;-1.246811857;0.628829504;-0.429773372;-0.809016994;-0.587785252;5.357315421
17:59:23.562445;0.499856551;-1.017035286;0.630180336;-0.4216765;-0.774141611;-0.633012454;5.358554621
17:59:23.573364;0.506392957;-0.683837622;0.629825347;-0.415685678;-0.736741138;-0.6761749;5.35993769
17:59:23.582964;0.514805032;-0.38028386;0.627615952;-0.411552843;-0.696937569;-0.717131805;5.361148757
17:59:23.592859;0.539120055;0.178722558;0.620796237;-0.412087328;-0.654860734;-0.755749574;5.362390916
17:59:23.603641;0.54761466;0.301012751;0.612051254;-0.414205854;-0.61064788;-0.791902246;5.363735855
17:59:23.614628;0.556387845;0.403577079;0.601896975;-0.417817315;-0.564443219;-0.825471897;5.365095498
17:59:23.624727;0.557044488;0.335632312;0.59248701;-0.421086298;-0.516397462;-0.85634903;5.366334076
17:59:23.636265;0.551541765;0.166923594;0.584023149;-0.42317725;-0.466667323;-0.884432931;5.367734236
17:59:23.646441;0.542811897;-0.029677935;0.577588388;-0.423399075;-0.415415013;-0.909631995;5.368954372
17:59:23.656492;0.539613811;-0.087252015;0.572195797;-0.423001858;-0.362807705;-0.931864029;5.370144527
17:59:23.667001;0.53374694;-0.186358168;0.567888605;-0.421570398;-0.309016994;-0.951056516;5.371371514
17:59:23.676321;0.532431553;-0.175199623;0.563763128;-0.419995376;-0.254218334;-0.967146855;5.372443573
17:59:23.686275;0.534462653;-0.09981847;0.559210794;-0.418893728;-0.198590467;-0.980082561;5.373570579
17:59:23.697543;0.532476724;-0.11663128;0.554665716;-0.417423813;-0.142314838;-0.989821442;5.374822331
17:59:23.708981;0.530576445;-0.131057755;0.55070122;-0.415824383;-0.085575008;-0.996331731;5.376064998
17:59:23.717971;0.525790412;-0.193809721;0.547274719;-0.413343867;-0.028556051;-0.999592193;5.377020641
17:59:23.730545;0.504142081;-0.505563538;0.547823005;-0.406031424;0.028556051;-0.999592193;5.378324186
17:59:23.740513;0.480833422;-0.867473205;0.551967857;-0.396349591;0.085575008;-0.996331731;5.379328589
17:59:23.751137;0.460714301;-1.074849249;0.559360946;-0.383085104;0.142314838;-0.989821442;5.380369275
17:59:23.761726;0.441831725;-1.212118563;0.569477067;-0.366916444;0.198590467;-0.980082561;5.381374369
17:59:23.771802;0.41991312;-1.402816854;0.581918153;-0.348647445;0.254218334;-0.967146855;5.382299515
17:59:23.782698;0.393704725;-1.614342307;0.598698459;-0.325577627;0.309016994;-0.951056516;5.383264056
17:59:23.792623;0.381966686;-1.524587873;0.615126151;-0.3030365;0.362807705;-0.931864029;5.384108769
17:59:23.803460;0.369453288;-1.454474882;0.633184187;-0.278324058;0.415415013;-0.909631995;5.384992649
17:59:23.814516;0.360867978;-1.3299659;0.650445763;-0.254437423;0.466667323;-0.884432931;5.38585132
17:59:23.825192;0.345123388;-1.350769485;0.670008385;-0.227623573;0.516397462;-0.85634903;5.386637524
17:59:23.835067;0.327511292;-1.423234002;0.689709109;-0.200931351;0.564443219;-0.825471897;5.38732575
17:59:23.845863;0.309870275;-1.463701591;0.711822348;-0.171210797;0.61064788;-0.791902246;5.388033742
17:59:23.855910;0.291187589;-1.540645915;0.733737565;-0.141988024;0.654860734;-0.755749574;5.388649509
17:59:23.866390;0.272637374;-1.583058241;0.757899751;-0.109929627;0.696937569;-0.717131805;5.389246043
17:59:23.877991;0.251960957;-1.648646363;0.78403093;-0.075453784;0.736741138;-0.6761749;5.389850063
17:59:23.888204;0.231251033;-1.729380586;0.809631895;-0.04180934;0.774141611;-0.633012454;5.390331241
17:59:23.898734;0.210574651;-1.79331825;0.836372444;-0.006761347;0.809016994;-0.587785252;5.390776209
17:59:23.908681;0.188820776;-1.823128145;0.867136911;0.033546618;0.841253533;-0.540640817;5.391147464
17:59:23.919319;0.167272081;-1.885460905;0.895612842;0.070922383;0.870746077;-0.491732925;5.391490242
17:59:23.929347;0.1454897;-1.917647107;0.92636639;0.111376707;0.897398429;-0.441221101;5.391760605
17:59:23.940133;0.121652741;-1.976754708;0.95831946;0.15348352;0.921123653;-0.389270106;5.391992689
17:59:23.950215;0.098867071;-2.032735361;0.988732275;0.193729811;0.941844364;-0.336049393;5.392153163
17:59:23.960291;0.061530453;-2.367664912;1.022412953;0.237541583;0.959492974;-0.281732557;5.392257644
17:59:23.970850;0.044957089;-2.207850606;1.056205084;0.282319498;0.974011917;-0.226496767;5.39230569
17:59:23.981282;0.030490784;-2.041041971;1.087801972;0.325209229;0.985353836;-0.170522193;5.392289904
17:59:23.993338;0.01706603;-1.885076549;1.117491887;0.366640615;0.993481735;-0.11399141;5.392191364
17:59:24.003418;0.003499307;-1.76577846;1.144793338;0.405855427;0.998369104;-0.057088811;5.392041285
17:59:24.013054;-0.008053587;-1.641307989;1.168867503;0.44162152;1;0;5.391838848
17:59:24.022947;-0.019609863;-1.53675691;1.191518814;0.476469618;0.998369104;0.057088811;5.391569789
17:59:24.032986;-0.031166435;-1.458184527;1.211903865;0.508998625;0.993481735;0.11399141;5.391232847
17:59:24.043865;-0.042720217;-1.381579363;1.23178774;0.542016344;0.985353836;0.170522193;5.390796041
17:59:24.054320;-0.054487146;-1.329680653;1.249569391;0.572811868;0.974011917;0.226496767;5.390307179
17:59:24.065344;-0.065039834;-1.260021078;1.266072196;0.602843215;0.959492974;0.281732557;5.389719658
17:59:24.076092;-0.074817939;-1.201828323;1.280033077;0.629652212;0.941844364;0.336049393;5.389076896
17:59:24.085742;-0.084356904;-1.141494894;1.293245261;0.656501676;0.921123653;0.389270106;5.388441991
17:59:24.096440;-0.092885822;-1.07126233;1.305112325;0.68239168;0.897398429;0.441221101;5.387675338
17:59:24.107447;-0.098185851;-0.957153281;1.314843008;0.70599069;0.870746077;0.491732925;5.386818873
17:59:24.117229;-0.104437942;-0.889582349;1.322758532;0.727221981;0.841253533;0.540640817;5.386001195
17:59:24.127746;-0.111954513;-0.858301661;1.329812107;0.747874526;0.809016994;0.587785252;5.385063849
17:59:24.138206;-0.118189512;-0.803766467;1.33597965;0.768234969;0.774141611;0.633012454;5.384072863
17:59:24.148798;-0.12248595;-0.723728128;1.340798955;0.787304439;0.736741138;0.6761749;5.383010873
17:59:24.159399;-0.12772171;-0.676528046;1.344615427;0.805536514;0.696937569;0.717131805;5.381890227
17:59:24.171283;-0.131967617;-0.620583755;1.347365661;0.822690574;0.654860734;0.755749574;5.380566739
17:59:24.180569;-0.134232987;-0.540482033;1.348880557;0.838083709;0.61064788;0.791902246;5.379484179
17:59:24.191767;-0.136943706;-0.482482402;1.349498242;0.853303456;0.564443219;0.825471897;5.378123478
17:59:24.201733;-0.138224838;-0.410963149;1.349086573;0.866734294;0.516397462;0.85634903;5.376862759
17:59:24.212283;-0.140186653;-0.365395108;1.347853166;0.879948125;0.466667323;0.884432931;5.375478284
17:59:24.223567;-0.137687114;-0.244657789;1.345340999;0.891561723;0.415415013;0.909631995;5.37394202
17:59:24.235206;-0.129885373;-0.06425158;1.340346886;0.902505376;0.362807705;0.931864029;5.372298851
17:59:24.245550;-0.11860755;0.167998381;1.333904896;0.909810232;0.309016994;0.951056516;5.370789849
17:59:24.256602;-0.103636329;0.401179451;1.324280575;0.915103383;0.254218334;0.967146855;5.369128266
17:59:24.266348;-0.083933793;0.710927872;1.312855179;0.917001172;0.198590467;0.980082561;5.367621829
17:59:24.276278;-0.060517118;1.031855773;1.298352574;0.915701637;0.142314838;0.989821442;5.366048239
17:59:24.286787;-0.03490593;1.321006946;1.280240185;0.910916487;0.085575008;0.996331731;5.36434142
17:59:24.297439;-0.007723876;1.558353474;1.257688674;0.902119168;0.028556051;0.999592193;5.362569021
17:59:24.308757;0.022468769;1.798523431;1.230946421;0.888992306;-0.028556051;0.999592193;5.360640432
17:59:24.319542;0.078305325;2.476140299;1.196834845;0.867948231;-0.085575008;0.996331731;5.358760472
17:59:24.332238;0.101150291;2.399508229;1.159407094;0.843378933;-0.142314838;0.989821442;5.356496364
17:59:24.340566;0.100146281;1.899664941;1.125851514;0.821328331;-0.198590467;0.980082561;5.354982168
17:59:24.351025;0.122738654;1.965084173;1.089323927;0.796037346;-0.254218334;0.967146855;5.353048953
17:59:24.361211;0.168903678;2.41879788;1.04296925;0.761307092;-0.309016994;0.951056516;5.351133438
17:59:24.371984;0.193623419;2.394436837;0.994025736;0.723323096;-0.362807705;0.931864029;5.349073545
17:59:24.382899;0.219353505;2.40563384;0.942984658;0.682450092;-0.415415013;0.909631995;5.346952125
17:59:24.392724;0.246258823;2.456984348;0.890501175;0.639229354;-0.466667323;0.884432931;5.345014037
17:59:24.403535;0.273894472;2.479916825;0.831130585;0.589107012;-0.516397462;0.85634903;5.342851402
17:59:24.414506;0.300835195;2.489446443;0.769132392;0.535634491;-0.564443219;0.825471897;5.340625838
17:59:24.424495;0.3266847;2.483880536;0.705485948;0.479727421;-0.61064788;0.791902246;5.338573498
17:59:24.436738;0.326450754;1.982457445;0.648047037;0.429099661;-0.654860734;0.755749574;5.336025784
17:59:24.445089;0.375556676;2.548392843;0.582215001;0.369540962;-0.696937569;0.717131805;5.334268467
17:59:24.454836;0.399788573;2.51915666;0.515961177;0.308821779;-0.736741138;0.6761749;5.332198269
17:59:24.464964;0.424023467;2.495407644;0.448844306;0.246570638;-0.774141611;0.633012454;5.330026283
17:59:24.476528;0.449528852;2.450697443;0.373786817;0.176123785;-0.809016994;0.587785252;5.327521654
17:59:24.487004;0.470764874;2.355915505;0.303322344;0.109289716;-0.841253533;0.540640817;5.325231191
17:59:24.497526;0.494851365;2.339943327;0.234564397;0.04337123;-0.870746077;0.491732925;5.322911316
17:59:24.508271;0.518597617;2.312188202;0.165554069;-0.023488176;-0.897398429;0.441221101;5.320523468
17:59:24.519220;0.539533694;2.247960281;0.100283104;-0.087368367;-0.921123653;0.389270106;5.318072014
17:59:24.529893;0.560350128;2.182520362;0.035197909;-0.151726967;-0.941844364;0.336049393;5.315665851
17:59:24.539827;0.596697151;2.467876146;0.001;-0.214191375;-0.959492974;0.281732557;5.313412731
17:59:24.552056;0.610640685;2.236406811;0.001;-0.276290483;-0.974011917;0.226496767;5.310622616
17:59:24.560777;0.62392942;2.053018387;0.001;-0.331233691;-0.985353836;0.170522193;5.308622713
17:59:24.571309;0.62392942;1.64241471;0.001;-0.380384641;-0.993481735;0.11399141;5.306197301
17:59:24.581610;0.641199614;1.636894874;0.001;-0.430064983;-0.998369104;0.057088811;5.303815341
17:59:24.592255;0.644385552;1.368552874;0.001;-0.474901649;-1;1.22E-16;5.301344883
17:59:24.602772;0.645382879;1.113806456;0.001;-0.513670545;-1;-1.22E-16;5.298896364
17:59:24.613667;0.646379757;0.909719614;0.001;-0.54875933;-0.998481516;-0.05508776;5.296352949
17:59:24.623532;0.638156837;0.564428546;0.001;-0.576431819;-0.993930677;-0.110008221;5.294045004
17:59:24.634000;0.640378045;0.493710895;0.001;-0.602864347;-0.986361303;-0.16459459;5.29159192
17:59:24.645174;0.624033117;0.091765684;0.001;-0.62338715;-0.975796383;-0.218681091;5.288970043
17:59:24.655299;0.61170986;-0.169885855;0.001;-0.63817487;-0.962268;-0.272103465;5.286592463
17:59:24.666046;0.599379928;-0.359302404;0.001;-0.649968408;-0.945817242;-0.324699469;5.284068109
17:59:24.676720;0.585939959;-0.539403118;0.001;-0.657367063;-0.926494067;-0.376309372;5.281561378
17:59:24.686735;0.565896734;-0.829769113;0.001;-0.659630591;-0.904357161;-0.426776435;5.279210929
17:59:24.698077;0.542584265;-1.101667224;0.003829359;-0.656775303;-0.879473751;-0.475947393;5.276552115
17:59:24.707596;0.519655742;-1.32425477;0.011193842;-0.649332541;-0.851919409;-0.523672914;5.274324194
17:59:24.717617;0.505450526;-1.34154584;0.020748891;-0.639616049;-0.821777815;-0.569808058;5.271983284
17:59:24.728450;0.499332245;-1.190583661;0.031207274;-0.628886037;-0.789140509;-0.614212713;5.269459031
17:59:24.738405;0.500328263;-0.933186471;0.04053704;-0.619184974;-0.75410661;-0.656752024;5.267146239
17:59:24.749411;0.514235857;-0.491160622;0.046377838;-0.612870362;-0.716782513;-0.697296801;5.264598161
17:59:24.760078;0.52395272;-0.209478772;0.04937788;-0.609362854;-0.677281572;-0.735723911;5.262138696
17:59:24.771216;0.531759152;-0.021841036;0.050351097;-0.607855336;-0.635723748;-0.771916651;5.259582602
17:59:24.781016;0.539488576;0.135536076;0.049504568;-0.608197461;-0.592235253;-0.805765106;5.257344767
17:59:24.791141;0.541476312;0.146901071;0.048240446;-0.608956628;-0.546948158;-0.837166478;5.255044773
17:59:24.801872;0.547681736;0.237176261;0.045689333;-0.61102078;-0.5;-0.866025404;5.252621639
17:59:24.811905;0.544411431;0.125374747;0.044067056;-0.612187116;-0.451533358;-0.892254239;5.250370707
17:59:24.822686;0.542243402;0.06059266;0.042933597;-0.612845607;-0.401695425;-0.915773327;5.247968856
17:59:24.833318;0.542875372;0.060283068;0.041743105;-0.613583006;-0.350637555;-0.936511241;5.245618539
17:59:24.844222;0.545147083;0.090831058;0.040119403;-0.614770312;-0.298514811;-0.954405002;5.243228277
17:59:24.854302;0.545147083;0.072664847;0.038683605;-0.615808479;-0.245485487;-0.969400266;5.24103794
17:59:24.864431;0.549329439;0.140879714;0.036452085;-0.617660378;-0.191710632;-0.981451493;5.238856694
17:59:24.874957;0.54610912;0.053035744;0.034970497;-0.61875659;-0.137353558;-0.990522085;5.236612035
17:59:24.887057;0.526748997;-0.339808606;0.037774964;-0.615583445;-0.082579345;-0.996584493;5.234061024
17:59:24.895471;0.507333921;-0.657568594;0.044416683;-0.608527536;-0.027554342;-0.999620307;5.232306492
17:59:24.905682;0.482719807;-1.01352865;0.055785962;-0.596651509;0.027554342;-0.999620307;5.230199556
17:59:24.915467;0.461322026;-1.232853205;0.070923991;-0.580869987;0.082579345;-0.996584493;5.228204408
17:59:24.925350;0.439484778;-1.41994082;0.089527861;-0.561456886;0.137353558;-0.990522085;5.22621398
17:59:24.935909;0.404938271;-1.801386179;0.115051812;-0.534869041;0.191710632;-0.981451493;5.224115926
17:59:24.946688;0.389220993;-1.737162536;0.142748714;-0.50580137;0.245485487;-0.969400266;5.222005746
17:59:24.957354;0.378718285;-1.583246323;0.17119046;-0.475653377;0.298514811;-0.954405002;5.219950326
17:59:24.968178;0.366203392;-1.504263198;0.199314827;-0.445575675;0.350637555;-0.936511241;5.217898901
17:59:24.977969;0.350440243;-1.515398451;0.227550699;-0.415180812;0.401695425;-0.915773327;5.216074199
17:59:24.989150;0.336670521;-1.46667062;0.25840109;-0.381696679;0.451533358;-0.892254239;5.214027641
17:59:24.998973;0.320917609;-1.479802599;0.288590635;-0.348692762;0.5;-0.866025404;5.212263435
17:59:25.010025;0.287697899;-1.793413946;0.325952558;-0.307977894;0.546948158;-0.837166478;5.210317517
17:59:25.020893;0.270054459;-1.764507473;0.363184021;-0.267055536;0.592235253;-0.805765106;5.208445545
17:59:25.031200;0.251484598;-1.77013622;0.399892554;-0.226390883;0.635723748;-0.771916651;5.206709442
17:59:25.044149;0.235026407;-1.671815276;0.444769146;-0.176070132;0.677281572;-0.735723911;5.204584181
17:59:25.054205;0.215368328;-1.727087868;0.480140667;-0.136028349;0.716782513;-0.697296801;5.202977933
17:59:25.064223;0.196779325;-1.749831698;0.515831648;-0.095304503;0.75410661;-0.656752024;5.201417285
17:59:25.075212;0.178163099;-1.742250048;0.554177437;-0.051135582;0.789140509;-0.614212713;5.199751945
17:59:25.085864;0.158497319;-1.755254543;0.592377069;-0.006692415;0.821777815;-0.569808058;5.198185404
17:59:25.096257;0.144663298;-1.678847307;0.626151342;0.033223963;0.851919409;-0.523672914;5.196703408
17:59:25.105945;0.122922812;-1.772707654;0.660703797;0.074292796;0.879473751;-0.475947393;5.19536426
17:59:25.116727;0.103185871;-1.810225366;0.694969017;0.115387262;0.904357161;-0.426776435;5.193923039
17:59:25.127399;0.085640055;-1.780304871;0.729976325;0.157927673;0.926494067;-0.376309372;5.192548696
17:59:25.137690;0.07109664;-1.703217805;0.762712276;0.198450194;0.945817242;-0.324699469;5.191273724
17:59:25.147452;0.056597967;-1.649475937;0.792911458;0.236515128;0.962268;-0.272103465;5.190110942
17:59:25.158792;0.04314018;-1.568998612;0.823263568;0.275592698;0.975796383;-0.218681091;5.188818482
17:59:25.168770;0.032974424;-1.44645449;0.850527454;0.311757796;0.986361303;-0.16459459;5.187734166
17:59:25.179429;0.019397077;-1.40697239;0.876859224;0.347482755;0.993930677;-0.110008221;5.186631737
17:59:25.190709;0.006837144;-1.361589088;0.901029005;0.381118201;0.998481516;-0.05508776;5.185529279
17:59:25.200498;-0.005724182;-1.333550054;0.923109899;0.412582811;1;0;5.184627141
17:59:25.211350;-0.017268191;-1.27915005;0.944959944;0.44459423;0.998481516;0.05508776;5.183687525
17:59:25.222158;-0.029012521;-1.23992728;0.965373206;0.475369025;0.993930677;0.110008221;5.182815588
17:59:25.232308;-0.040562424;-1.219981439;0.983396328;0.503265363;0.986361303;0.16459459;5.18205436
17:59:25.242474;-0.062867365;-1.416259575;1.002883307;0.532818235;0.975796383;0.218681091;5.181347367
17:59:25.253574;-0.072401308;-1.311758727;1.021784682;0.562521846;0.962268;0.272103465;5.180638189
17:59:25.263434;-0.082183267;-1.239363123;1.038705388;0.590056073;0.945817242;0.324699469;5.180062675
17:59:25.274250;-0.091706856;-1.16747596;1.055193852;0.617878922;0.926494067;0.376309372;5.179489706
17:59:25.284956;-0.10121687;-1.11307349;1.070227042;0.644201051;0.904357161;0.426776435;5.178982103
17:59:25.295743;-0.107497337;-1.006123492;1.083924967;0.669598442;0.879473751;0.475947393;5.17852997
17:59:25.306679;-0.114718908;-0.942510889;1.095970283;0.693085566;0.851919409;0.523672914;5.178131752
17:59:25.317115;-0.114718908;-0.754008712;1.105341254;0.713579404;0.821777815;0.569808058;5.177807652
17:59:25.326777;-0.115026154;-0.609042537;1.113155852;0.733076223;0.789140509;0.614212713;5.177555786
17:59:25.336946;-0.121239748;-0.610385318;1.120058366;0.751247802;0.75410661;0.656752024;5.177340272
17:59:25.347966;-0.127222479;-0.598152675;1.126891639;0.770320838;0.716782513;0.697296801;5.177163541
17:59:25.358695;-0.131456129;-0.556347472;1.132809921;0.788533249;0.677281572;0.735723911;5.177047664
17:59:25.370160;-0.133732475;-0.488638745;1.137438473;0.805026582;0.635723748;0.771916651;5.176984435
17:59:25.380498;-0.135687269;-0.426505057;1.141276858;0.821380702;0.592235253;0.805765106;5.176980516
17:59:25.391164;-0.137964321;-0.386258766;1.144057673;0.835712399;0.546948158;0.837166478;5.177028663
17:59:25.401157;-0.136663721;-0.284872182;1.145731701;0.849726767;0.5;0.866025404;5.177121357
17:59:25.411921;-0.131137712;-0.126361515;1.145525614;0.861991367;0.451533358;0.892254239;5.177272142
17:59:25.423564;-0.122366479;0.073088876;1.143286598;0.87127875;0.401695425;0.915773327;5.177494048
17:59:25.432558;-0.110356782;0.286817487;1.138499976;0.878493321;0.350637555;0.936511241;5.17770684
17:59:25.443263;-0.09265139;0.558541807;1.130352682;0.882552911;0.298514811;0.954405002;5.178006593
17:59:25.455122;-0.071222875;0.842724179;1.118473828;0.882846307;0.245485487;0.969400266;5.178396967
17:59:25.464126;-0.044595469;1.20213945;1.103308954;0.878886713;0.191710632;0.981451493;5.178733819
17:59:25.475096;0.010080039;1.997409765;1.078572209;0.865667972;0.137353558;0.990522085;5.179190861
17:59:25.485505;0.007086516;1.542763324;1.054094499;0.852762878;0.082579345;0.996584493;5.179671356
17:59:25.495559;0.003849984;1.169911152;1.032309458;0.841479501;0.027554342;0.999620307;5.180178241
17:59:25.506252;0.063814503;2.069010828;0.999053126;0.818973065;-0.027554342;0.999620307;5.180762918
17:59:25.517064;0.113140948;2.582480705;0.956842957;0.787166969;-0.082579345;0.996584493;5.181401285
17:59:25.527242;0.135656142;2.51062045;0.912899386;0.752690903;-0.137353558;0.990522085;5.182045031
17:59:25.537759;0.157023066;2.404617338;0.862253961;0.711620107;-0.191710632;0.981451493;5.18275329
17:59:25.548660;0.184676455;2.4335431;0.806132722;0.66454705;-0.245485487;0.969400266;5.183533024
17:59:25.559405;0.215593082;2.518351975;0.744277376;0.611077512;-0.298514811;0.954405002;5.184346444
17:59:25.570848;0.243398082;2.535840435;0.678358569;0.552747059;-0.350637555;0.936511241;5.18526099
17:59:25.581151;0.297077124;3.046162215;0.602359082;0.48350179;-0.401695425;0.915773327;5.186126453
17:59:25.591132;0.307275895;2.636421226;0.529258907;0.416183897;-0.451533358;0.892254239;5.187002333
17:59:25.600888;0.336370126;2.684647658;0.453526067;0.34541566;-0.5;0.866025404;5.187893641
17:59:25.611759;0.390321079;3.158385452;0.364221561;0.260470539;-0.546948158;0.837166478;5.188927229
17:59:25.622475;0.418711718;3.051310162;0.272980963;0.172670907;-0.592235253;0.805765106;5.189987193
17:59:25.632963;0.446818161;2.971399657;0.184200442;0.086305139;-0.635723748;0.771916651;5.191063561
17:59:25.643961;0.473176912;2.900263962;0.101462552;0.004998885;-0.677281572;0.735723911;5.192233057
17:59:25.654956;0.475151763;2.353875159;0.015869063;-0.079918027;-0.716782513;0.697296801;5.193443347
17:59:25.665928;0.476138404;1.90181051;0.001;-0.147461041;-0.75410661;0.656752024;5.194691451
17:59:25.677514;0.476138404;1.521448408;0.001;-0.208804244;-0.789140509;0.614212713;5.196052449
17:59:25.687213;0.567971078;3.040864999;0.001;-0.280762268;-0.821777815;0.569808058;5.197225258
17:59:25.697755;0.567971078;2.432691999;0.001;-0.343375411;-0.851919409;0.523672914;5.198534062
17:59:25.706603;0.567971078;1.946153599;0.001;-0.398069941;-0.879473751;0.475947393;5.199659539
17:59:25.718020;0.607934792;2.316184803;0.001;-0.457108532;-0.904357161;0.426776435;5.201147622
17:59:25.729518;0.627202823;2.216667548;0.001;-0.512892164;-0.926494067;0.376309372;5.202686392
17:59:25.738363;0.645112173;2.109835147;0.001;-0.565313251;-0.945817242;0.324699469;5.203897064
17:59:25.748421;0.660708974;1.99762857;0.001;-0.611544777;-0.962268;0.272103465;5.205301783
17:59:25.758679;0.675886002;1.892844524;0.001;-0.655827958;-0.975796383;0.218681091;5.206764661
17:59:25.769384;0.686846227;1.724627985;0.001;-0.697053829;-0.986361303;0.16459459;5.208323276
17:59:25.784562;0.700551697;1.5672545;0.001;-0.749918451;-0.993930677;0.110008221;5.210588023
17:59:25.793902;0.703729933;1.316773877;0.001;-0.781679627;-0.998481516;0.05508776;5.212013011
17:59:25.804732;0.712149302;1.209876515;0.001;-0.813051423;-1;1.22E-16;5.213694612
17:59:25.814829;0.708624418;0.898137034;0.001;-0.838597127;-1;-1.22E-16;5.215290215
17:59:25.825419;0.704106709;0.634684126;0.001;-0.86216664;-0.998398349;-0.056575049;5.216992016
17:59:25.835580;0.688611606;0.20142783;0.001;-0.879711388;-0.993598528;-0.112968871;5.218651589
17:59:25.846589;0.679454165;-0.007930528;0.001;-0.895268574;-0.98561591;-0.16900082;5.220478598
17:59:25.856969;0.664849004;-0.283396314;0.001;-0.906842445;-0.974476068;-0.224491409;5.222228227
17:59:25.868189;0.647030037;-0.556877752;0.001;-0.915018145;-0.960214685;-0.279262883;5.224148293
17:59:25.877950;0.609106524;-1.196671325;0.001;-0.916845744;-0.942877445;-0.333139795;5.225842549
17:59:25.889471;0.600420905;-1.128900245;0.001;-0.917353996;-0.922519885;-0.385949559;5.227870235
17:59:25.898730;0.600420905;-0.903120196;0.001;-0.917842305;-0.899207215;-0.43752301;5.229521266
17:59:25.909825;0.601369981;-0.704901535;0.001;-0.91844816;-0.873014113;-0.487694944;5.231524297
17:59:25.919744;0.606832369;-0.457944513;0.001;-0.919747933;-0.844024484;-0.536304643;5.233337232
17:59:25.930212;0.615933725;-0.195453413;0.001;-0.922300589;-0.81233119;-0.583196397;5.235272717
17:59:25.940809;0.625586558;0.025265671;0.001;-0.926031421;-0.778035754;-0.628219997;5.23725473
17:59:25.952424;0.632782277;0.156919795;0.001;-0.930452162;-0.741248036;-0.671231219;5.239452682
17:59:25.962275;0.638277071;0.226684888;0.001;-0.935446684;-0.702085876;-0.712092285;5.241337218
17:59:25.973416;0.641201965;0.235619696;0.001;-0.940421442;-0.660674723;-0.750672305;5.24349048
17:59:25.983245;0.638922527;0.143311461;0.001;-0.944423937;-0.617147231;-0.786847695;5.245409001
17:59:25.993392;0.630214884;-0.057152992;0.001;-0.947014581;-0.571642829;-0.820502575;5.247407611
17:59:26.003959;0.630214884;-0.045722393;0.001;-0.949553868;-0.524307284;-0.851529138;5.249507873
17:59:26.014084;0.629235208;-0.055936822;0.001;-0.951655004;-0.475292224;-0.879827996;5.251537885
17:59:26.024398;0.62439146;-0.139802627;0.001;-0.952993727;-0.424754659;-0.9053085;5.253622978
17:59:26.035597;0.62243218;-0.14764551;0.001;-0.95405747;-0.372856478;-0.927889027;5.255906022
17:59:26.045307;0.612415854;-0.316726188;0.001364874;-0.953680649;-0.319763925;-0.947497247;5.257901053
17:59:26.057962;0.605973785;-0.371608306;0.002622868;-0.952400845;-0.265647071;-0.964070347;5.260522071
17:59:26.066906;0.597217369;-0.470786753;0.004839305;-0.950146628;-0.21067927;-0.977555239;5.262388277
17:59:26.076906;0.58205568;-0.672931042;0.008939172;-0.945976041;-0.1550366;-0.987908727;5.264487864
17:59:26.087859;0.562613705;-0.892225944;0.0158357;-0.938943008;-0.0988973;-0.995097645;5.266802794
17:59:26.097785;0.541012654;-1.136784274;0.024779583;-0.929791306;-0.042441203;-0.999098966;5.26891393
17:59:26.109291;0.520987335;-1.261589118;0.037231939;-0.916985647;0.014150846;-0.999899872;5.271376258
17:59:26.119180;0.496704522;-1.490250793;0.051072583;-0.902698627;0.070697566;-0.997497797;5.273505009
17:59:26.129816;0.478844588;-1.531105085;0.067470543;-0.885675245;0.12701782;-0.991900435;5.275806868
17:59:26.140743;0.464927228;-1.485222412;0.085435736;-0.866891824;0.182931197;-0.983125718;5.278184398
17:59:26.151102;0.451266335;-1.459497233;0.103576202;-0.847798944;0.238258591;-0.971201752;5.280449658
17:59:26.160855;0.439580932;-1.395930884;0.122940859;-0.827274195;0.292822771;-0.956166735;5.282591982
17:59:26.171430;0.425907233;-1.384027816;0.143514166;-0.80533683;0.346448952;-0.938068827;5.284924841
17:59:26.182063;0.425907233;-1.107222253;0.163437428;-0.78380411;0.398965351;-0.916966002;5.287280402
17:59:26.192165;0.382906481;-1.694136611;0.19014318;-0.75521618;0.450203745;-0.892925858;5.289527011
17:59:26.202907;0.348512674;-2.038225896;0.220107687;-0.723184247;0.5;-0.866025404;5.291924669
17:59:26.212729;0.34430476;-1.71078175;0.250436542;-0.690384997;0.548194604;-0.836350809;5.29412435
17:59:26.223446;0.342322738;-1.405209292;0.2801846;-0.657760292;0.594633176;-0.80399713;5.296531954
17:59:26.234677;0.341088202;-1.147740139;0.307169728;-0.627697328;0.639166959;-0.769068007;5.299062786
17:59:26.244577;0.286510078;-1.947359565;0.343925274;-0.587486637;0.681653297;-0.731675326;5.301299739
17:59:26.255663;0.250401517;-2.238495887;0.385939033;-0.541597998;0.721956094;-0.691938869;5.303810808
17:59:26.265167;0.231902298;-2.158048002;0.426902538;-0.496537437;0.759946248;-0.649985923;5.305968225
17:59:26.275691;0.213408562;-2.085685692;0.469690905;-0.449130397;0.795502065;-0.605950876;5.308361705
17:59:26.287867;0.194902937;-1.986449901;0.51853575;-0.394527975;0.828509649;-0.559974786;5.311136122
17:59:26.297995;0.177416562;-1.918911522;0.562903638;-0.344421288;0.858863267;-0.512204928;5.313447559
17:59:26.309403;0.160956307;-1.837229072;0.608009749;-0.29293065;0.886465687;-0.462794323;5.31605446
17:59:26.319301;0.139265241;-1.882526805;0.652239832;-0.242073019;0.91122849;-0.411901248;5.31831864
17:59:26.329348;0.118787676;-1.911707717;0.695071429;-0.192436443;0.933072354;-0.35968873;5.320618625
17:59:26.340101;0.099237178;-1.892890104;0.740542827;-0.13923887;0.951927306;-0.30632402;5.323081603
17:59:26.350721;0.076510542;-1.943977194;0.785670982;-0.086032613;0.967732947;-0.251978061;5.325514942
17:59:26.361272;0.05903683;-1.900758238;0.827815829;-0.03572456;0.980438648;-0.196824941;5.327932716
17:59:26.371887;0.043504829;-1.827894556;0.868517991;0.013556578;0.990003708;-0.141041332;5.330364833
17:59:26.381188;0.043504829;-1.462315645;0.903654523;0.057620403;0.996397489;-0.084805924;5.332495168
17:59:26.391438;0.018820437;-1.6586545;0.940359852;0.103642546;0.999599507;-0.028298858;5.33484161
17:59:26.402183;0.005348908;-1.584103135;0.976578283;0.149907229;0.999599507;0.028298858;5.337299409
17:59:26.412001;-0.008140741;-1.525497204;1.010905165;0.194621915;0.996397489;0.084805924;5.339542909
17:59:26.423623;-0.032277498;-1.637539643;1.049882328;0.245529941;0.990003708;0.141041332;5.342195128
17:59:26.434221;-0.043958816;-1.529297617;1.083119732;0.290135766;0.980438648;0.196824941;5.344609635
17:59:26.444807;-0.054432178;-1.421734128;1.113664703;0.332287962;0.967732947;0.251978061;5.347016884
17:59:26.455277;-0.064901387;-1.335953167;1.14205384;0.3725744;0.951927306;0.30632402;5.34939265
17:59:26.466051;-0.075605638;-1.271749243;1.168657366;0.411367159;0.933072354;0.35968873;5.351831414
17:59:26.477038;-0.08086116;-1.119310668;1.191854505;0.446740742;0.91122849;0.411901248;5.35431142
17:59:26.487182;-0.08086116;-0.895448535;1.212456737;0.480499263;0.886465687;0.462794323;5.356594248
17:59:26.499507;-0.09555427;-0.952747977;1.235684971;0.518949283;0.858863267;0.512204928;5.359358119
17:59:26.510579;-0.101767792;-0.885607997;1.252608219;0.548403199;0.828509649;0.559974786;5.361831045
17:59:26.520639;-0.11219948;-0.902782096;1.270152017;0.579494451;0.795502065;0.605950876;5.364069101
17:59:26.531076;-0.101786485;-0.520872396;1.281952348;0.604494953;0.759946248;0.649985923;5.366381498
17:59:26.540872;-0.106995943;-0.520063646;1.292533298;0.628052549;0.721956094;0.691938869;5.368542483
17:59:26.551535;-0.108963401;-0.452887838;1.302154507;0.651533749;0.681653297;0.731675326;5.370883754
17:59:26.562092;-0.108963401;-0.36231027;1.309871365;0.67311858;0.639166959;0.769068007;5.373189833
17:59:26.573950;-0.103512705;-0.195290899;1.315178707;0.6935594;0.594633176;0.80399713;5.375765136
17:59:26.584073;-0.102529258;-0.137240656;1.318462256;0.710481422;0.548194604;0.836350809;5.377950425
17:59:26.594056;-0.090599159;0.125894094;1.318280267;0.723646836;0.5;0.866025404;5.380092973
17:59:26.605125;-0.085113821;0.2057033;1.316257883;0.735389703;0.450203745;0.892925858;5.382453385
17:59:26.615168;-0.072459876;0.406662117;1.311115268;0.743979998;0.398965351;0.916966002;5.384580545
17:59:26.625879;-0.056298645;0.621740487;1.302026383;0.749138819;0.346448952;0.938068827;5.386833364
17:59:26.636532;-0.037180648;0.862371549;1.289366683;0.750052942;0.292822771;0.956166735;5.38905711
17:59:26.646698;-0.01308818;1.168215319;1.272639281;0.746229804;0.238258591;0.971201752;5.391162879
17:59:26.656708;0.013009246;1.450642739;1.251040154;0.737392298;0.182931197;0.983125718;5.393220179
17:59:26.667404;0.041962369;1.699453236;1.22251327;0.722153189;0.12701782;0.991900435;5.395400109
17:59:26.678109;0.065974237;1.807848456;1.189660834;0.702220395;0.070697566;0.997497797;5.397562207
17:59:26.689966;0.093797297;1.966294222;1.151592772;0.676678063;0.014150846;0.999899872;5.399933176
17:59:26.698731;0.122690623;2.147054247;1.110548421;0.64701931;-0.042441203;0.999098966;5.401669246
17:59:26.708859;0.146269831;2.182779701;1.065076535;0.612575274;-0.0988973;0.995097645;5.403657145
17:59:26.720590;0.168803945;2.154877318;1.011466222;0.570413906;-0.1550366;0.987908727;5.405934632
17:59:26.731597;0.200844101;2.30770793;0.951654519;0.521374224;-0.21067927;0.977555239;5.408046345
17:59:26.741200;0.252397725;2.840678482;0.884120216;0.463354273;-0.265647071;0.964070347;5.409868156
17:59:26.752712;0.282162702;2.819123452;0.807671545;0.396115671;-0.319763925;0.947497247;5.412026169
17:59:26.762295;0.309208164;2.789496289;0.732544852;0.328783932;-0.372856478;0.927889027;5.413800403
17:59:26.774372;0.337066544;2.726277226;0.644936997;0.248928587;-0.424754659;0.9053085;5.41600688
17:59:26.784320;0.383395525;3.037656639;0.552351712;0.162812998;-0.475292224;0.879827996;5.417799024
17:59:26.794581;0.406380006;2.88399148;0.465050257;0.080658494;-0.524307284;0.851529138;5.419622921
17:59:26.805402;0.426594781;2.707031484;0.378659926;-0.001472196;-0.571642829;0.820502575;5.421518593
17:59:26.815373;0.444563549;2.522471777;0.294639009;-0.082109084;-0.617147231;0.786847695;5.423239523
17:59:26.825543;0.464518114;2.403017956;0.210275611;-0.163863077;-0.660674723;0.750672305;5.424968678
17:59:26.838402;0.461287624;1.858476806;0.136856813;-0.235534301;-0.702085876;0.712092285;5.427116348
17:59:26.846101;0.481795276;1.859897699;0.059268131;-0.312053343;-0.741248036;0.671231219;5.42838108
17:59:26.856574;0.507514857;1.986530056;0.001;-0.383577077;-0.778035754;0.628219997;5.43007554
17:59:26.868269;0.526131614;1.934772542;0.001;-0.455540097;-0.81233119;0.583196397;5.431931618
17:59:26.879108;0.549263489;1.972548856;0.001;-0.525849891;-0.844024484;0.536304643;5.43361708
17:59:26.889798;0.571444525;1.997099444;0.001;-0.591524822;-0.873014113;0.487694944;5.435245901
17:59:26.899851;0.589494891;1.954491907;0.001;-0.651060779;-0.899207215;0.43752301;5.436746716
17:59:26.910466;0.608430952;1.915716203;0.001;-0.711236224;-0.922519885;0.385949559;5.438298228
17:59:26.920402;0.623676668;1.820604648;0.001;-0.766561106;-0.942877445;0.333139795;5.439719005
17:59:26.930736;0.638878929;1.757014065;0.001;-0.816174739;-0.960214685;0.279262883;5.441163781
17:59:26.940911;0.634665863;1.321787145;0.001;-0.859147231;-0.974476068;0.224491409;5.442552944
17:59:26.950587;0.660808023;1.574810103;0.001;-0.902126314;-0.98561591;0.16900082;5.443842708
17:59:26.961192;0.666437613;1.365244738;0.001;-0.943356849;-0.993598528;0.112968871;5.44522067
17:59:26.971332;0.668248114;1.12807659;0.001;-0.978229086;-0.998398349;0.056575049;5.446502764
17:59:26.981222;0.670000355;0.937261469;0.001;-1.009616466;-1;1.22E-16;5.447719293
17:59:26.991989;0.670990504;0.768403613;0.001;-1.039478115;-1;-1.22E-16;5.449004935
17:59:27.002837;0.655901615;0.322173713;0.001;-1.06340097;-0.998369104;-0.057088811;5.450258687
17:59:27.012346;0.646760979;0.077468615;0.001;-1.083548528;-0.993481735;-0.11399141;5.451322809
17:59:27.023213;0.654194557;0.203741506;0.001;-1.103440663;-0.985353836;-0.170522193;5.452498358
17:59:27.033040;0.645054227;-0.01820454;0.001;-1.119805163;-0.974011917;-0.226496767;5.453523592
17:59:27.043893;0.63363157;-0.229660663;0.001;-1.134222435;-0.959492974;-0.281732557;5.454613471
17:59:27.054540;0.601157917;-0.778347684;0.001;-1.143978445;-0.941844364;-0.336049393;5.45563875
17:59:27.065114;0.614061626;-0.366342616;0.001;-1.153708676;-0.921123653;-0.389270106;5.456613278
17:59:27.075115;0.604012534;-0.492601324;0.001;-1.161704753;-0.897398429;-0.441221101;5.4574943
17:59:27.084831;0.592054008;-0.631622836;0.001;-1.167931138;-0.870746077;-0.491732925;5.458311783
17:59:27.095916;0.587498307;-0.589155624;0.001;-1.173716693;-0.841253533;-0.540640817;5.459197524
17:59:27.105613;0.589775712;-0.42608966;0.001;-1.178967117;-0.809016994;-0.587785252;5.45993077
17:59:27.116610;0.613786114;0.135847723;0.001;-1.186274045;-0.774141611;-0.633012454;5.460714672
17:59:27.126418;0.628045865;0.382037511;0.001;-1.194762248;-0.736741138;-0.6761749;5.461370513
17:59:27.136241;0.632218061;0.388293417;0.001;-1.202800003;-0.696937569;-0.717131805;5.46198588
17:59:27.147268;0.635840854;0.379354842;0.001;-1.21096496;-0.654860734;-0.755749574;5.462626558
17:59:27.156994;0.640410478;0.393938198;0.001;-1.218660638;-0.61064788;-0.791902246;5.463147071
17:59:27.167692;0.643636497;0.375431145;0.001;-1.226551405;-0.564443219;-0.825471897;5.463670706
17:59:27.179284;0.642732032;0.284822146;0.001;-1.234424288;-0.516397462;-0.85634903;5.464179497
17:59:27.190003;0.634595433;0.066324854;0.001;-1.240063885;-0.466667323;-0.884432931;5.464594991
17:59:27.200953;0.621902655;-0.168394059;0.001;-1.244870245;-0.415415013;-0.909631995;5.464964149
17:59:27.210944;0.603095098;-0.506377785;0.001;-1.247299656;-0.362807705;-0.931864029;5.465251603
17:59:27.221735;0.603680314;-0.394262398;0.001;-1.249801775;-0.309016994;-0.951056516;5.465508482
17:59:27.232088;0.609181674;-0.206126777;0.001;-1.252451761;-0.254218334;-0.967146855;5.465701984
17:59:27.242057;0.60209376;-0.305258831;0.001;-1.254398553;-0.198590467;-0.980082561;5.465838712
17:59:27.251966;0.601524353;-0.255515792;0.001;-1.256194697;-0.142314838;-0.989821442;5.465925838
17:59:27.261963;0.599628838;-0.24205168;0.001;-1.257749703;-0.085575008;-0.996331731;5.465963897
17:59:27.273092;0.589966381;-0.368344677;0.001;-1.258532084;-0.028556051;-0.999592193;5.465946697
17:59:27.283903;0.589966381;-0.294675742;0.001;-1.259240237;0.028556051;-0.999592193;5.46586918
17:59:27.294541;0.554325266;-0.943502893;0.003155832;-1.257063408;0.085575008;-0.996331731;5.465733711
17:59:27.306404;0.537463493;-1.047476459;0.007059144;-1.253101097;0.142314838;-0.989821442;5.46551256
17:59:27.316527;0.517597015;-1.227914549;0.012017268;-1.248045656;0.198590467;-0.980082561;5.465264731
17:59:27.325524;0.506109511;-1.209350506;0.017751562;-1.242160593;0.254218334;-0.967146855;5.464998277
17:59:27.336172;0.494349503;-1.193959216;0.024497991;-1.235194629;0.309016994;-0.951056516;5.464626174
17:59:27.346036;0.489051823;-1.05984936;0.031364076;-1.228045696;0.362807705;-0.931864029;5.464226013
17:59:27.358755;0.479542612;-1.009228821;0.040127372;-1.218860822;0.415415013;-0.909631995;5.46363041
17:59:27.368394;0.469024746;-1.006053592;0.048798724;-1.209718504;0.466667323;-0.884432931;5.463118646
17:59:27.378470;0.455241174;-1.078670226;0.058146505;-1.199832238;0.516397462;-0.85634903;5.462527409
17:59:27.388595;0.45650963;-0.837752426;0.067183634;-1.190163679;0.564443219;-0.825471897;5.461874785
17:59:27.399471;0.42915179;-1.180423074;0.079481937;-1.177078771;0.61064788;-0.791902246;5.461107747
17:59:27.409565;0.414349413;-1.237825236;0.092380249;-1.163313493;0.654860734;-0.755749574;5.460334072
17:59:27.420236;0.397875991;-1.292642833;0.108006352;-1.14659552;0.696937569;-0.717131805;5.459450832
17:59:27.430868;0.38118086;-1.35324666;0.124744858;-1.128639236;0.736741138;-0.6761749;5.458503365
17:59:27.441443;0.367842346;-1.347427653;0.14222979;-1.109809507;0.774141611;-0.633012454;5.457493516
17:59:27.451327;0.351224721;-1.398504164;0.162115271;-1.088346176;0.809016994;-0.587785252;5.456488233
17:59:27.461351;0.31374292;-1.861765536;0.186104461;-1.062600197;0.841253533;-0.540640817;5.455407528
17:59:27.471285;0.292951125;-1.902417225;0.212766972;-1.033929627;0.870746077;-0.491732925;5.454275184
17:59:27.482425;0.261734471;-2.11076937;0.245478895;-0.998788391;0.897398429;-0.441221101;5.452932051
17:59:27.492465;0.258506089;-1.751045106;0.277842244;-0.963718713;0.921123653;-0.389270106;5.45165451
17:59:27.502376;0.220914214;-2.147629059;0.315229485;-0.923346057;0.941844364;-0.336049393;5.450330474
17:59:27.512457;0.218945686;-1.757012829;0.352977697;-0.882216979;0.959492974;-0.281732557;5.448919039
17:59:27.523209;0.184346909;-2.056162053;0.398853395;-0.832342445;0.974011917;-0.226496767;5.447341114
17:59:27.534094;0.167736685;-1.951448237;0.448464413;-0.778139185;0.985353836;-0.170522193;5.445666695
17:59:27.544708;0.150894066;-1.877013932;0.50000724;-0.721537794;0.993481735;-0.11399141;5.443958692
17:59:27.555589;0.13635641;-1.770919662;0.554187267;-0.661665651;0.998369104;-0.057088811;5.442129863
17:59:27.565435;0.124827247;-1.645743235;0.605650677;-0.604361605;1;0;5.440406453
17:59:27.576116;0.114334423;-1.524951029;0.657535695;-0.546113257;0.998369104;0.057088811;5.43846269
17:59:27.586027;0.100610611;-1.492446576;0.710269871;-0.486487783;0.993481735;0.11399141;5.436590459
17:59:27.596002;0.087875653;-1.440553205;0.764566185;-0.424572068;0.985353836;0.170522193;5.434640619
17:59:27.606836;0.076269958;-1.373583971;0.81923403;-0.361588854;0.974011917;0.226496767;5.432449739
17:59:27.618202;0.065767882;-1.292216459;0.874510234;-0.297108611;0.959492974;0.281732557;5.430070995
17:59:27.628476;0.055127788;-1.234384067;0.926939638;-0.235120406;0.941844364;0.336049393;5.427851445
17:59:27.637983;0.045663613;-1.174334085;0.975162083;-0.177258584;0.921123653;0.389270106;5.425740067
17:59:27.649138;0.03604211;-1.118128411;1.024322435;-0.117325633;0.897398429;0.441221101;5.423193562
17:59:27.659762;0.027614617;-1.050194099;1.071028426;-0.059272821;0.870746077;0.491732925;5.420700273
17:59:27.670263;0.020222826;-0.978048887;1.114332346;-0.004249673;0.841253533;0.540640817;5.418172036
17:59:27.681049;0.013863011;-0.902325347;1.154120679;0.047576836;0.809016994;0.587785252;5.415510545
17:59:27.691854;0.002173641;-0.938057878;1.19324621;0.099398655;0.774141611;0.633012454;5.412780136
17:59:27.702488;0.003161975;-0.731564197;1.226245768;0.145066148;0.736741138;0.6761749;5.410031585
17:59:27.712507;-0.007290553;-0.79244993;1.256971673;0.188322414;0.696937569;0.717131805;5.407387563
17:59:27.723969;-0.010570962;-0.695238405;1.286418546;0.231388423;0.654860734;0.755749574;5.404299493
17:59:27.734941;-0.012569678;-0.593150861;1.312788571;0.271817769;0.61064788;0.791902246;5.401281756
17:59:27.744451;-0.014614909;-0.514750361;1.334828111;0.307320082;0.564443219;0.825471897;5.398618518
17:59:27.754238;-0.015669636;-0.432658151;1.354145909;0.34023762;0.516397462;0.85634903;5.395832647
17:59:27.765009;-0.015406831;-0.341204077;1.371671444;0.372318458;0.466667323;0.884432931;5.392715134
17:59:27.776019;-0.01232757;-0.215567349;1.385911458;0.401354836;0.415415013;0.909631995;5.389474081
17:59:27.785737;-0.00778635;-0.082837741;1.39623753;0.425780659;0.362807705;0.931864029;5.386568917
17:59:27.795915;-0.000197524;0.084061844;1.403078129;0.446753441;0.309016994;0.951056516;5.383482769
17:59:27.806525;0.014002736;0.349278558;1.405258365;0.463074457;0.254218334;0.967146855;5.380219582
17:59:27.816237;0.033540173;0.655930191;1.401891305;0.474274349;0.198590467;0.980082561;5.377192538
17:59:27.826329;0.052808806;0.906613053;1.393726425;0.480215721;0.142314838;0.989821442;5.374007676
17:59:27.837177;0.077202829;1.189318608;1.379295539;0.480362104;0.085575008;0.996331731;5.370540819
17:59:27.847415;0.104743325;1.496608666;1.35939317;0.474294389;0.028556051;0.999592193;5.36722895
17:59:27.857331;0.136222917;1.820814778;1.332878257;0.461370503;-0.028556051;0.999592193;5.363985447
17:59:27.867409;0.166459763;2.054594731;1.300335974;0.442142296;-0.085575008;0.996331731;5.360654035
17:59:27.878141;0.189351319;2.066551308;1.261457269;0.417129092;-0.142314838;0.989821442;5.357069057
17:59:27.888306;0.216373782;2.190004832;1.220688902;0.388854523;-0.198590467;0.980082561;5.353639201
17:59:27.898101;0.243414247;2.288973195;1.175461115;0.355690676;-0.254218334;0.967146855;5.350303794
17:59:27.908892;0.272589905;2.377653449;1.122593157;0.315088327;-0.309016994;0.951056516;5.346596008
17:59:27.920013;0.299685101;2.399806299;1.064793747;0.26919346;-0.362807705;0.931864029;5.342739884
17:59:27.931050;0.336454519;2.650130016;1.005315543;0.220134253;-0.415415013;0.909631995;5.338879365
17:59:27.940035;0.360687652;2.593087807;0.942659605;0.167454133;-0.466667323;0.884432931;5.335713016
17:59:27.951072;0.386930106;2.59439676;0.878673959;0.112656538;-0.516397462;0.85634903;5.331795896
17:59:27.961207;0.412106403;2.541920761;0.808838072;0.051923321;-0.564443219;0.825471897;5.328173314
17:59:27.970942;0.412106403;2.033536609;0.750049104;0.000979649;-0.61064788;0.791902246;5.324671791
17:59:27.981800;0.43625392;2.080525143;0.686899593;-0.054528166;-0.654860734;0.755749574;5.320742335
17:59:27.991712;0.460626093;2.146519749;0.626236977;-0.108558025;-0.696937569;0.717131805;5.31713434
17:59:28.002628;0.480994003;2.098824985;0.563066938;-0.165387151;-0.736741138;0.6761749;5.313139203
17:59:28.013434;0.500340413;2.037903786;0.500838594;-0.221886711;-0.774141611;0.633012454;5.30916337
17:59:28.023797;0.518047787;1.980713144;0.444306207;-0.273648453;-0.809016994;0.587785252;5.305332305
17:59:28.033997;0.534796767;1.912727111;0.38908739;-0.324619474;-0.841253533;0.540640817;5.301545342
17:59:28.043924;0.53156113;1.465937186;0.341754603;-0.368276215;-0.870746077;0.491732925;5.29784552
17:59:28.053993;0.52509576;1.045209162;0.301240051;-0.405535331;-0.897398429;0.441221101;5.294079622
17:59:28.064295;0.589583329;2.090313493;0.247697897;-0.456260757;-0.921123653;0.389270106;5.290214098
17:59:28.074817;0.601161406;1.886113497;0.195102694;-0.506465102;-0.941844364;0.336049393;5.286254298
17:59:28.085791;0.608441075;1.645863655;0.147970709;-0.551779185;-0.959492974;0.281732557;5.282113216
17:59:28.095550;0.632647012;1.795508426;0.102694987;-0.595792466;-0.974011917;0.226496767;5.27842225
17:59:28.105726;0.642209727;1.625968457;0.060570892;-0.6370973;-0.985353836;0.170522193;5.27456639
17:59:28.116179;0.641206601;1.28085933;0.023532233;-0.673716039;-0.993481735;0.11399141;5.2705992
17:59:28.125853;0.650722786;1.213646923;0.001;-0.708611161;-0.998369104;0.057088811;5.266923048
17:59:28.136353;0.658402857;1.116829023;0.001;-0.742877471;-1;1.22E-16;5.262929247
17:59:28.147056;0.663373684;0.986936355;0.001;-0.774641872;-1;-1.22E-16;5.258855548
17:59:28.157827;0.664528776;0.810870493;0.001;-0.803637322;-0.998558371;-0.05367663;5.254754658
17:59:28.169061;0.659844349;0.560238432;0.001;-0.828011614;-0.994237639;-0.107198496;5.250477648
17:59:28.179473;0.658839085;0.429629205;0.001;-0.850175459;-0.987050263;-0.160411281;5.246515145
17:59:28.190603;0.651372192;0.20499622;0.001;-0.868594952;-0.977016965;-0.213161559;5.242282563
17:59:28.200707;0.64112272;-0.027043551;0.001;-0.883334304;-0.964166675;-0.265297237;5.2384443
17:59:28.211427;0.630604934;-0.220961016;0.001;-0.894678557;-0.948536442;-0.316667994;5.234377724
17:59:28.222212;0.613877982;-0.484739484;0.001;-0.902369433;-0.930171333;-0.367125715;5.230293817
17:59:28.232660;0.600073046;-0.650955576;0.001;-0.906835223;-0.9091243;-0.416524918;5.226345895
17:59:28.243123;0.587734076;-0.756224958;0.001;-0.908857604;-0.885456026;-0.464723172;5.222401901
17:59:28.253951;0.576748172;-0.809517448;0.001;-0.908859655;-0.859234753;-0.511581509;5.218331846
17:59:28.264527;0.564817228;-0.883224165;0.002957309;-0.9068822;-0.830536083;-0.556964823;5.214369219
17:59:28.274341;0.564011022;-0.722363134;0.00494284;-0.904856207;-0.799442763;-0.600742264;5.210704537
17:59:28.284761;0.564011022;-0.577890508;0.006845832;-0.902891465;-0.766044443;-0.64278761;5.206827923
17:59:28.295054;0.564011022;-0.462312406;0.008590153;-0.901067991;-0.730437418;-0.682979632;5.203014331
17:59:28.306274;0.521265944;-1.166033886;0.017907362;-0.891608046;-0.692724354;-0.721202447;5.198876628
17:59:28.316226;0.521858324;-0.92142684;0.026319235;-0.882965945;-0.653013985;-0.757345849;5.195224701
17:59:28.327580;0.521858324;-0.737141472;0.034582035;-0.874372851;-0.611420808;-0.791305627;5.191080679
17:59:28.337324;0.519945406;-0.626538655;0.042383547;-0.866171133;-0.568064747;-0.822983866;5.187544524
17:59:28.348003;0.519945406;-0.501230924;0.049837458;-0.858230328;-0.523070808;-0.852289229;5.183691866
17:59:28.357919;0.521291805;-0.374253965;0.056289895;-0.851243009;-0.47656872;-0.879137222;5.180137033
17:59:28.367978;0.523596596;-0.253692145;0.061947169;-0.844989274;-0.428692561;-0.903450435;5.176554317
17:59:28.378993;0.524552709;-0.185294067;0.067448789;-0.838786747;-0.379580371;-0.925158766;5.172659503
17:59:28.389520;0.514101739;-0.354777439;0.074177321;-0.831341235;-0.329373752;-0.944199625;5.168966368
17:59:28.399072;0.514101739;-0.283821951;0.080506795;-0.82422698;-0.278217464;-0.960518112;5.165641073
17:59:28.409832;0.502743702;-0.446474292;0.088738823;-0.815118407;-0.226259002;-0.974067176;5.161925924
17:59:28.419475;0.485166294;-0.704072396;0.09965293;-0.803249156;-0.173648178;-0.984807753;5.158625205
17:59:28.430230;0.465254909;-0.939187138;0.114421211;-0.787346251;-0.12053668;-0.992708874;5.154977241
17:59:28.440782;0.45317144;-0.977075954;0.131005355;-0.769447429;-0.067077644;-0.997747759;5.151433688
17:59:28.451703;0.452187873;-0.800058714;0.146805781;-0.752160937;-0.013425206;-0.999909878;5.147804762
17:59:28.462116;0.459702694;-0.49788048;0.15986004;-0.737484905;0.04026594;-0.999188998;5.144382518
17:59:28.472838;0.467371611;-0.255012569;0.170522325;-0.725053748;0.093840989;-0.995587198;5.140898762
17:59:28.484110;0.474526971;-0.068769222;0.178754071;-0.714973499;0.147145471;-0.989114862;5.137281656
17:59:28.494420;0.465853588;-0.217643458;0.188389132;-0.703379728;0.200025694;-0.979790652;5.134015343
17:59:28.504989;0.437245914;-0.732662847;0.203239328;-0.686522853;0.252329191;-0.967641452;5.130710091
17:59:28.514893;0.435229805;-0.625992158;0.21739517;-0.670238746;0.303905158;-0.952702291;5.127653624
17:59:28.527654;0.435229805;-0.500793726;0.23141056;-0.65380935;0.354604887;-0.935016243;5.12377554
17:59:28.535484;0.402741714;-1.027673072;0.251495857;-0.631220854;0.404282199;-0.914634301;5.121430433
17:59:28.546099;0.390079715;-1.062733597;0.273583134;-0.60636886;0.45279386;-0.891615231;5.118294212
17:59:28.556169;0.379418055;-1.061524035;0.295850115;-0.581227895;0.5;-0.866025404;5.115365905
17:59:28.566287;0.372785994;-0.980908472;0.318171863;-0.555812521;0.54576451;-0.837938601;5.112470839
17:59:28.576922;0.363126363;-0.966055663;0.342582015;-0.527880777;0.58995544;-0.807435805;5.109480154
17:59:28.587446;0.352425478;-0.974171401;0.367896308;-0.498788385;0.632445376;-0.774604962;5.106574805
17:59:28.597524;0.338439546;-1.057038486;0.393605405;-0.469242459;0.673111807;-0.739540732;5.103844296
17:59:28.608394;0.322624044;-1.145109858;0.422744494;-0.4357901;0.711837484;-0.702344215;5.100957301
17:59:28.618693;0.322624044;-0.916087886;0.448383693;-0.405748942;0.748510748;-0.663122658;5.0982789
17:59:28.629476;0.272532019;-1.725090545;0.485313818;-0.364102546;0.783025862;-0.621989147;5.0955354
17:59:28.638754;0.254611417;-1.73170602;0.524511191;-0.319755862;0.81528331;-0.57906228;5.093225661
17:59:28.650582;0.234655459;-1.729746418;0.571349527;-0.266562672;0.845190086;-0.534465826;5.09035084
17:59:28.661081;0.230617732;-1.464018997;0.609312097;-0.222654561;0.872659959;-0.488328369;5.087865944
17:59:28.671051;0.210491676;-1.553984395;0.651129975;-0.174205469;0.897613728;-0.440782935;5.085565773
17:59:28.680996;0.190407486;-1.640981997;0.693057376;-0.125487771;0.919979444;-0.39196661;5.083330297
17:59:28.692023;0.169460049;-1.698271116;0.739936037;-0.070817248;0.939692621;-0.342020143;5.080921792
17:59:28.702571;0.151483937;-1.715650707;0.783844811;-0.019232353;0.956696421;-0.291087544;5.07868836
17:59:28.713280;0.13455361;-1.691850559;0.830081012;0.035565583;0.970941817;-0.239315664;5.076492729
17:59:28.723275;0.122925319;-1.572030943;0.874563626;0.089122978;0.982387737;-0.186853775;5.074510086
17:59:28.734387;0.12210252;-1.273883055;0.912151745;0.135757184;0.991001179;-0.133853139;5.072382794
17:59:28.743876;0.094449996;-1.566758824;0.953076719;0.186104532;0.996757308;-0.080466569;5.070631476
17:59:28.753452;0.086973207;-1.398745365;0.991913458;0.234951385;0.999639528;-0.026847993;5.068926118
17:59:28.763877;0.080548628;-1.24538222;1.027420046;0.280726727;0.999639528;0.026847993;5.067141579
17:59:28.775226;0.072134984;-1.150090367;1.06329966;0.328049341;0.996757308;0.080466569;5.06528546
17:59:28.784988;0.065697268;-1.04387595;1.094827601;0.370803026;0.991001179;0.133853139;5.063760331
17:59:28.795601;0.058185961;-0.97913312;1.124546205;0.41209911;0.982387737;0.186853775;5.062175286
17:59:28.806607;0.054071409;-0.859245986;1.15266601;0.45256076;0.970941817;0.239315664;5.060609806
17:59:28.817078;0.046550831;-0.836817566;1.177451824;0.489077028;0.956696421;0.291087544;5.059192355
17:59:28.826774;0.039022635;-0.814188777;1.201900158;0.52590399;0.939692621;0.342020143;5.057940639
17:59:28.837471;0.044661469;-0.544000404;1.222233339;0.558972732;0.919979444;0.39196661;5.056625655
17:59:28.848223;0.037120572;-0.584749394;1.241248671;0.5904119;0.897613728;0.440782935;5.055371613
17:59:28.857338;0.0295746;-0.617592822;1.259830932;0.621595421;0.872659959;0.488328369;5.054360101
17:59:28.869102;0.02308627;-0.610643462;1.279562725;0.655464027;0.845190086;0.534465826;5.053122421
17:59:28.879829;0.016593404;-0.603848746;1.298677322;0.689095432;0.81528331;0.57906228;5.052058287
17:59:28.891348;0.027713934;-0.279927299;1.312587621;0.717301284;0.783025862;0.621989147;5.050981574
17:59:28.901848;0.021213009;-0.349754798;1.325688955;0.744036169;0.748510748;0.663122658;5.050057513
17:59:28.911653;0.022021903;-0.264628318;1.337653596;0.770198239;0.711837484;0.702344215;5.049242259
17:59:28.922539;0.021820143;-0.215452976;1.348565863;0.795562814;0.673111807;0.739540732;5.048389043
17:59:28.933855;0.016369294;-0.27262866;1.359631241;0.821351988;0.632445376;0.774604962;5.047557769
17:59:28.944038;0.00540347;-0.424766104;1.371517237;0.847730883;0.58995544;0.807435805;5.046856212
17:59:28.955476;-5.48E-05;-0.441578281;1.383420945;0.874412109;0.54576451;0.837938601;5.046118407
17:59:28.965693;-5.48E-05;-0.353262625;1.394020247;0.89962639;0.5;0.866025404;5.045502301
17:59:28.975237;-0.02256177;-0.728658512;1.407029102;0.926769983;0.45279386;0.891615231;5.04496172
17:59:28.985639;-0.029064013;-0.708485595;1.420203937;0.954587181;0.404282199;0.914634301;5.044409216
17:59:28.996575;-0.039593657;-0.763477818;1.434229861;0.983895442;0.354604887;0.935016243;5.043867564
17:59:29.007538;-0.043777346;-0.685607897;1.44809675;1.013879521;0.303905158;0.952702291;5.043362733
17:59:29.018532;-0.044606177;-0.5638097;1.460322783;1.041838085;0.252329191;0.967641452;5.042892602
17:59:29.029210;-0.03665528;-0.303612837;1.470271814;1.067592083;0.200025694;0.979790652;5.042468488
17:59:29.039151;-0.029655242;-0.103906568;1.477929842;1.090099473;0.147145471;0.989114862;5.042100609
17:59:29.049255;-0.02741276;-0.038855282;1.484816367;1.111994104;0.093840989;0.995587198;5.041751584
17:59:29.059861;-0.018274435;0.143931187;1.490355476;1.133068169;0.04026594;0.999188998;5.041410309
17:59:29.070342;-0.006871016;0.331693185;1.494331979;1.152762133;-0.013425206;0.999909878;5.041096358
17:59:29.081279;0.006771562;0.535648508;1.496589184;1.170115401;-0.067077644;0.997747759;5.040791328
17:59:29.091538;0.052024477;1.280625808;1.494172764;1.183581552;-0.12053668;0.992708874;5.040524226
17:59:29.101209;0.052024477;1.024500646;1.492369337;1.196860456;-0.173648178;0.984807753;5.040287613
17:59:29.111671;0.036240386;0.519815343;1.492530586;1.212737344;-0.226259002;0.974067176;5.040046429
17:59:29.123697;0.094287883;1.397969639;1.486809778;1.224624809;-0.278217464;0.960518112;5.039785718
17:59:29.134964;0.151637053;2.138952781;1.476448987;1.230914316;-0.329373752;0.944199625;5.039555
17:59:29.145075;0.177593514;2.223628768;1.46574325;1.235109953;-0.379580371;0.925158766;5.039357068
17:59:29.156178;0.202479573;2.264662327;1.453642462;1.237964643;-0.428692561;0.903450435;5.039147491
17:59:29.165952;0.187904652;1.541171827;1.443418714;1.243346367;-0.47656872;0.879137222;5.038967951
17:59:29.176714;0.226199814;1.944109006;1.430632952;1.246035781;-0.523070808;0.852289229;5.038773653
17:59:29.187142;0.250118594;2.016470442;1.417199062;1.247370959;-0.568064747;0.822983866;5.038586845
17:59:29.197640;0.273122662;2.058440669;1.402767388;1.247507422;-0.611420808;0.791305627;5.03839827
17:59:29.207523;0.298157126;2.140930901;1.387382344;1.246256096;-0.653013985;0.757345849;5.038218522
17:59:29.217594;0.311613154;1.97937932;1.371823993;1.244621597;-0.692724354;0.721202447;5.038031414
17:59:29.227628;0.332540569;1.998932475;1.355361551;1.241896685;-0.730437418;0.682979632;5.03783933
17:59:29.238622;0.354908872;2.012397114;1.336524533;1.237629261;-0.766044443;0.64278761;5.037620352
17:59:29.248750;0.373825994;1.983824062;1.31811159;1.232646225;-0.799442763;0.600742264;5.03740886
17:59:29.258814;0.390199311;1.909935594;1.299004459;1.226809969;-0.830536083;0.556964823;5.037187645
17:59:29.269426;0.40658848;1.840095858;1.278510429;1.21984829;-0.859234753;0.511581509;5.036940535
17:59:29.279834;0.441421394;2.13664907;1.255441955;1.210060566;-0.885456026;0.464723172;5.036682448
17:59:29.290972;0.456800983;1.985328787;1.230132529;1.198600241;-0.9091243;0.416524918;5.036386832
17:59:29.302497;0.473494086;1.899413765;1.204801497;1.186331824;-0.930171333;0.367125715;5.036057363
17:59:29.312519;0.495310316;1.950822574;1.179356777;1.172946463;-0.948536442;0.316667994;5.035749374
17:59:29.322197;0.51292624;1.896080846;1.151657897;1.157489167;-0.964166675;0.265297237;5.035431305
17:59:29.332982;0.529551973;1.828604006;1.122260239;1.140218244;-0.977016965;0.213161559;5.035051054
17:59:29.344979;0.527520667;1.42543213;1.093279763;1.123253987;-0.987050263;0.160411281;5.034593614
17:59:29.353884;0.556351881;1.711214094;1.063534069;1.104400653;-0.994237639;0.107198496;5.034228942
17:59:29.364644;0.56616397;1.55560306;1.031902585;1.083785342;-0.998558371;0.05367663;5.033757849
17:59:29.375481;0.572783293;1.366592168;0.999013967;1.06190535;-1;1.22E-16;5.033247683
17:59:29.387174;0.578241212;1.189368078;0.964453754;1.038496467;-1;-1.22E-16;5.032654561
17:59:29.397529;0.57734498;0.933887778;0.934230813;1.017937863;-0.998695557;-0.051060594;5.03209022
17:59:29.407552;0.576329222;0.728224253;0.903134884;0.996723321;-0.994785631;-0.101987977;5.031507157
17:59:29.417697;0.570624486;0.469815027;0.875364957;0.977950232;-0.988280424;-0.152649284;5.030878355
17:59:29.427700;0.56162274;0.197514471;0.849626013;0.960917753;-0.979196905;-0.202912347;5.030218576
17:59:29.438607;0.540848464;-0.229777605;0.826265351;0.946534342;-0.967558774;-0.252646035;5.029452159
17:59:29.449366;0.525907703;-0.462695091;0.805979903;0.9349931;-0.953396392;-0.301720599;5.028646008
17:59:29.460112;0.510180951;-0.65961274;0.78861828;0.926294665;-0.936746708;-0.350008007;5.027789019
17:59:29.470914;0.49353375;-0.837670212;0.774700404;0.920771996;-0.917653159;-0.397382285;5.026873256
17:59:29.480775;0.476880074;-0.999872233;0.764543467;0.918388895;-0.896165557;-0.443719838;5.025987922
17:59:29.491966;0.459620127;-1.133916643;0.757107668;0.918815831;-0.872339962;-0.488899776;5.024924006
17:59:29.502141;0.44437751;-1.188180294;0.751932492;0.92182488;-0.846238531;-0.532804231;5.023900162
17:59:29.512391;0.430139968;-1.231959961;0.749263441;0.926750811;-0.817929361;-0.57531866;5.022812477
17:59:29.522294;0.415248356;-1.279702487;0.748702978;0.933774499;-0.787486306;-0.616332149;5.021706243
17:59:29.533120;0.402305806;-1.268325741;0.749860764;0.942863124;-0.75498879;-0.655737697;5.02043268
17:59:29.543839;0.390664127;-1.245467907;0.752306263;0.952885734;-0.720521594;-0.693432501;5.019103563
17:59:29.553886;0.381277797;-1.173037116;0.755832442;0.964425324;-0.684174639;-0.729318218;5.017794354
17:59:29.563715;0.378189334;-0.999488792;0.759136101;0.975392336;-0.646042751;-0.763301228;5.016452482
17:59:29.575637;0.378189334;-0.799591033;0.76208246;0.986372471;-0.606225411;-0.795292871;5.014741484
17:59:29.584756;0.379498726;-0.613987314;0.764289358;0.996360845;-0.564826498;-0.825209687;5.013369391
17:59:29.594863;0.37823954;-0.515679045;0.766260718;1.006202355;-0.521954018;-0.852973624;5.011782752
17:59:29.605185;0.375085593;-0.474587455;0.768212463;1.015954777;-0.477719819;-0.878512251;5.010089108
17:59:29.615657;0.373138495;-0.415714391;0.770099683;1.02615229;-0.432239303;-0.901758939;5.008293306
17:59:29.625945;0.374032464;-0.314873299;0.771337202;1.035176209;-0.385631124;-0.922653042;5.006451128
17:59:29.636781;0.37175479;-0.293701524;0.772558623;1.044810109;-0.338016878;-0.941140048;5.004425264
17:59:29.649008;0.35451521;-0.527717126;0.775818162;1.057188289;-0.289520785;-0.957171727;5.002031284
17:59:29.658623;0.337566999;-0.754240997;0.780126059;1.069438043;-0.240269365;-0.970706254;5.000066308
17:59:29.669231;0.318332954;-0.97165763;0.786178297;1.083671637;-0.190391109;-0.98170832;4.99781225
17:59:29.680035;0.299099643;-1.15768811;0.793428855;1.098910389;-0.140016145;-0.990149221;4.995421622
17:59:29.689294;0.310306368;-0.703477657;0.798539001;1.112033243;-0.089275895;-0.996006935;4.993295031
17:59:29.700758;0.294329319;-0.861189062;0.804995188;1.127075782;-0.038302734;-0.999266181;4.990560353
17:59:29.711511;0.276575576;-1.000834781;0.812912236;1.144203798;0.012770355;-0.999918456;4.987890941
17:59:29.722356;0.270547616;-0.911099182;0.820063574;1.160269814;0.063810127;-0.997962057;4.985094208
17:59:29.733529;0.2542822;-1.040709405;0.827534944;1.176336185;0.114683425;-0.99340209;4.982100879
17:59:29.744315;0.245468485;-0.996119207;0.835038667;1.192800458;0.165257528;-0.98625045;4.979101198
17:59:29.754789;0.242869319;-0.845998208;0.841589966;1.208227576;0.215400493;-0.976525795;4.976082801
17:59:29.765634;0.229838083;-0.920685249;0.848382554;1.224050909;0.264981502;-0.964253495;4.972845871
17:59:29.776355;0.228730544;-0.757629178;0.854153036;1.238766896;0.313871205;-0.949465569;4.96953224
17:59:29.786322;0.179308382;-1.517946138;0.863265992;1.257189643;0.361942054;-0.932200595;4.966348411
17:59:29.796434;0.166791282;-1.460266802;0.871486176;1.274241003;0.409068637;-0.912503616;4.963014837
17:59:29.807009;0.166791282;-1.168213442;0.878826854;1.290943637;0.455128007;-0.89042602;4.9594153
17:59:29.817553;0.155147796;-1.158231248;0.885630838;1.30693417;0.5;-0.866025404;4.955708996
17:59:29.828475;0.14571313;-1.100774657;0.89218172;1.323115329;0.54356755;-0.839365426;4.951744184
17:59:29.839093;0.130174129;-1.166903247;0.898590297;1.339245009;0.585716994;-0.81051564;4.947765094
17:59:29.849768;0.121970385;-1.088343923;0.904231988;1.354440521;0.62633837;-0.779551311;4.943638712
17:59:29.860518;0.112692;-1.043657005;0.909428667;1.369366213;0.6653257;-0.746553222;4.939353656
17:59:29.872290;0.102331456;-1.028592886;0.914176578;1.383870655;0.702577272;-0.71160746;4.934509455
17:59:29.881409;0.11262376;-0.618536403;0.917379542;1.396299547;0.737995899;-0.674805196;4.930646218
17:59:29.892427;0.101071136;-0.708412335;0.920639085;1.409501521;0.77148918;-0.636242442;4.925847495
17:59:29.902208;0.090554351;-0.774464383;0.923467076;1.421666018;0.802969733;-0.596019805;4.921465713
17:59:29.912974;0.078973298;-0.840990297;0.926205593;1.434079585;0.83235543;-0.554242219;4.916508235
17:59:29.923415;0.065248148;-0.941839752;0.928753467;1.44609082;0.859569607;-0.511018679;4.91156392
17:59:29.933311;0.051553871;-1.017143228;0.931196164;1.45819403;0.884541265;-0.46646195;4.906751862
17:59:29.945766;0.051553871;-0.813714582;0.933155173;1.47016484;0.907205255;-0.420688275;4.900518836
17:59:29.955109;0.062874983;-0.442896384;0.934377287;1.481548304;0.927502451;-0.373817072;4.895712157
17:59:29.965105;0.029110886;-1.023493804;0.935885866;1.492493863;0.945379899;-0.325970623;4.89044342
17:59:29.975085;0.017468384;-1.049950109;0.937221517;1.50326405;0.960790958;-0.277273754;4.885051411
17:59:29.985830;0.004754862;-1.076750819;0.938462483;1.514576111;0.973695424;-0.227853509;4.879097041
17:59:29.996326;-0.006852074;-1.083980584;0.939460478;1.525367269;0.984059629;-0.17783882;4.873129473
17:59:30.007647;-0.017463704;-1.064629733;0.940265794;1.536275413;0.991856535;-0.127360171;4.866523092
17:59:30.017706;-0.026944652;-1.035281175;0.940824876;1.54654972;0.997065801;-0.076549253;4.860503409
17:59:30.027808;-0.015774723;-0.613044467;0.941090512;1.556584458;0.999673836;-0.025538627;4.854314374
17:59:30.038169;-0.024287587;-0.659487063;0.941216898;1.566189635;0.999673836;0.025538627;4.847815345
17:59:30.048331;-0.032804367;-0.695823672;0.941216323;1.575718909;0.997065801;0.076549253;4.841291549
17:59:30.058066;-0.04132383;-0.724000823;0.941088283;1.58517387;0.991856535;0.127360171;4.83490383
17:59:30.068952;-0.04578328;-0.661493187;0.940834304;1.59511815;0.984059629;0.17783882;4.827602105
17:59:30.079444;-0.052275413;-0.65093063;0.940470959;1.604787778;0.973695424;0.227853509;4.820407253
17:59:30.090163;-0.058619604;-0.640071317;0.940005886;1.614320578;0.960790958;0.277273754;4.81289848
17:59:30.100665;-0.064126259;-0.615932153;0.939456229;1.623734387;0.945379899;0.325970623;4.805387842
17:59:30.111377;-0.071823105;-0.645583158;0.938830163;1.632567311;0.927502451;0.373817072;4.797571404
17:59:30.121104;-0.081379686;-0.703998014;0.938060768;1.641362516;0.907205255;0.420688275;4.790338656
17:59:30.131381;-0.078185359;-0.499950396;0.937378897;1.650152481;0.884541265;0.46646195;4.782558406
17:59:30.142442;-0.096228096;-0.757031001;0.936388381;1.658630052;0.859569607;0.511018679;4.774026874
17:59:30.151676;-0.105956367;-0.795421192;0.93522305;1.667057872;0.83235543;0.554242219;4.766780296
17:59:30.161598;-0.108368958;-0.684249775;0.934082466;1.67532989;0.802969733;0.596019805;4.758868804
17:59:30.172074;-0.115850039;-0.688648428;0.932762009;1.683896901;0.77148918;0.636242442;4.750376166
17:59:30.182817;-0.121125569;-0.650141832;0.931375746;1.692421871;0.737995899;0.674805196;4.741519624
17:59:30.194069;-0.129822436;-0.692783373;0.929903217;1.700323968;0.702577272;0.71160746;4.732084796
17:59:30.203160;-0.137254355;-0.701164501;0.928294684;1.708113865;0.6653257;0.746553222;4.724344424
17:59:30.213058;-0.155443736;-0.920387357;0.926204185;1.715407504;0.62633837;0.779551311;4.715798489
17:59:30.223398;-0.163825157;-0.902192939;0.923955164;1.722506504;0.585716994;0.81051564;4.706740132
17:59:30.234064;-0.172296598;-0.889800322;0.921542044;1.729396688;0.54356755;0.839365426;4.697257365
17:59:30.244263;-0.180935639;-0.876174758;0.918841277;1.736370653;0.5;0.866025404;4.688059118
17:59:30.253887;-0.190569037;-0.891300641;0.916021667;1.742836417;0.455128007;0.89042602;4.679263333
17:59:30.264819;-0.197875474;-0.858097263;0.913080382;1.749108095;0.409068637;0.912503616;4.669136558
17:59:30.274949;-0.204170064;-0.805379434;0.909889329;1.755567594;0.361942054;0.932200595;4.659625168
17:59:30.284954;-0.209771902;-0.755521066;0.906781322;1.761609713;0.313871205;0.949465569;4.650111829
17:59:30.294933;-0.213735783;-0.682864568;0.903651677;1.767627861;0.264981502;0.964253495;4.640506162
17:59:30.306545;-0.215058738;-0.571063463;0.900451233;1.774062201;0.215400493;0.976525795;4.629182836
17:59:30.315617;-0.208510854;-0.327241652;0.897870869;1.780566894;0.165257528;0.98625045;4.620228295
17:59:30.325583;-0.2038904;-0.17045253;0.895629134;1.787397443;0.114683425;0.99340209;4.610283087
17:59:30.337390;-0.180260382;0.320518672;0.894614691;1.795642129;0.063810127;0.997962057;4.598355463
17:59:30.346479;-0.164523967;0.561034604;0.89448542;1.804755156;0.012770355;0.999918456;4.589067331
17:59:30.357957;-0.143836995;0.836286393;0.89555806;1.815385046;-0.038302734;0.999266181;4.577207113
17:59:30.368551;-0.145853045;0.631467657;0.896569181;1.826015076;-0.089275895;0.996006935;4.566132117
17:59:30.378470;-0.121944628;0.951478473;0.899074573;1.83813965;-0.140016145;0.990149221;4.555652354
17:59:30.389414;-0.097059764;1.220623656;0.903258507;1.85208558;-0.190391109;0.98170832;4.543967012
17:59:30.399712;-0.070098863;1.510214081;0.90893126;1.866912644;-0.240269365;0.970706254;4.532855148
17:59:30.409630;-0.045815335;1.68722238;0.916348264;1.883582061;-0.289520785;0.957171727;4.522047841
17:59:30.419563;-0.017708934;1.90807368;0.925846929;1.902354788;-0.338016878;0.941140048;4.511121513
17:59:30.429958;0.010262635;2.063655789;0.93808033;1.924293336;-0.385631124;0.922653042;4.499578082
17:59:30.440800;0.036118434;2.128682765;0.953381424;1.949830496;-0.432239303;0.901758939;4.487420875
17:59:30.450984;0.09486118;2.867465659;0.973336969;1.979504565;-0.477719819;0.878512251;4.475893506
17:59:30.461405;0.122685753;2.843563934;0.996807026;2.012948314;-0.521954018;0.852973624;4.463990788
17:59:30.472006;0.151565265;2.846619228;1.024180185;2.050528461;-0.564826498;0.825209687;4.451772568
17:59:30.481830;0.151565265;2.277295383;1.054261816;2.091766113;-0.606225411;0.795292871;4.440352016
17:59:30.493539;0.204198034;2.799357638;1.092708268;2.141771244;-0.646042751;0.763301228;4.426618587
17:59:30.503027;0.231822342;2.788052391;1.133844867;2.194119061;-0.684174639;0.729318218;4.415394317
17:59:30.513095;0.257738106;2.743722626;1.180392746;2.252350544;-0.720521594;0.693432501;4.403391171
17:59:30.523010;0.280430704;2.644128392;1.232010585;2.31615576;-0.75498879;0.655737697;4.391478145
17:59:30.533631;0.310905428;2.686119716;1.293588666;2.391216687;-0.787486306;0.616332149;4.378616436
17:59:30.545266;0.336117819;2.619760654;1.361382049;2.473225899;-0.817929361;0.57531866;4.364409065
17:59:30.555383;0.361558435;2.563574939;1.436064739;2.563123955;-0.846238531;0.532804231;4.35195651
17:59:30.566373;0.413289702;3.009827456;1.522225651;2.665245001;-0.872339962;0.488899776;4.338326624
17:59:30.578320;0.428990256;2.684680819;1.614301122;2.775114222;-0.896165557;0.443719838;4.323390027
17:59:30.588207;0.453091707;2.595384685;1.703919989;2.882603974;-0.917653159;0.397382285;4.310935775
17:59:30.598426;0.449910607;2.013416641;1.781260456;2.977578153;-0.936746708;0.350008007;4.297975828
17:59:30.609183;0.474384274;2.063121408;1.864264315;3.080311505;-0.953396392;0.301720599;4.284238731
17:59:30.619238;0.497503839;2.107768131;1.940798115;-3.107094674;-0.967558774;0.252646035;4.271311302
17:59:30.629798;0.516763641;2.045073389;2.018950875;-3.007681243;-0.979196905;0.202912347;4.257645507
17:59:30.640022;0.549808312;2.290424632;2.093132172;-2.912726409;-0.988280424;0.152649284;4.244328719
17:59:30.651036;0.563574938;2.087549269;2.166341167;-2.816531207;-0.994785631;0.101987977;4.229889807
17:59:30.661145;0.573655541;1.866917787;2.229258651;-2.731099611;-0.998695557;0.051060594;4.216553469
17:59:30.672257;0.580043365;1.610762654;2.288743934;-2.646987181;-1;1.22E-16;4.201802674
17:59:30.682715;0.580944123;1.305538677;2.338804728;-2.572296757;-1;-1.22E-16;0
17:59:30.693147;0.57955701;1.017432231;2.380140167;-2.506711672;-0.999799804;-0.020008809;0
17:59:30.703060;0.57450065;0.714093122;2.414315464;-2.448254077;-0.999199295;-0.040009607;0
17:59:30.713140;0.566736126;0.417408306;2.442301641;-2.395756847;-0.998198715;-0.059994385;0
17:59:30.723888;0.557119016;0.155765534;2.466264975;-2.345294134;-0.996798463;-0.079955141;0
17:59:30.734717;0.545688057;-0.088614375;2.484643866;-2.300371548;-0.9949991;-0.099883885;0
17:59:30.744619;0.531972115;-0.342481529;2.497331028;-2.262522972;-0.992801348;-0.119772635;0
17:59:30.755225;0.518262364;-0.537171507;2.506435718;-2.227352052;-0.990206085;-0.13961343;0
17:59:30.765736;0.50363079;-0.704215302;2.512124247;-2.194910629;-0.987214351;-0.159398324;0
17:59:30.775883;0.49467479;-0.740772574;2.515551841;-2.166100755;-0.983827344;-0.179119396;0
17:59:30.786777;0.47909544;-0.885686669;2.516318801;-2.13858474;-0.980046419;-0.198768751;0
17:59:30.797564;0.462571606;-1.020185065;2.514522382;-2.113706505;-0.975873092;-0.218338519;0
17:59:30.807967;0.445093591;-1.158687807;2.510540294;-2.092048817;-0.971309032;-0.237820867;0
17:59:30.817764;0.438987376;-1.043176594;2.506135822;-2.070097641;-0.966356067;-0.257207993;0
17:59:30.828873;0.425086966;-1.08998989;2.500224261;-2.048767557;-0.961016181;-0.276492135;0
17:59:30.839011;0.421346852;-0.946265669;2.495030249;-2.028808204;-0.95529151;-0.295665571;0
17:59:30.848839;0.412930604;-0.923183227;2.48948047;-2.009113019;-0.949184349;-0.314720626;0
17:59:30.859307;0.410673526;-0.782128269;2.484344417;-1.988490555;-0.942697141;-0.333649668;0
17:59:30.870053;0.42756843;-0.311647921;2.481937307;-1.964181577;-0.935832484;-0.35244512;0
17:59:30.881335;0.435983233;-0.09036476;2.481094959;-1.938750627;-0.928593127;-0.371099455;0
17:59:30.891565;0.439217832;-0.010829391;2.480988414;-1.912743361;-0.920981968;-0.389605204;0
17:59:30.901644;0.436292225;-0.065717743;2.480881713;-1.887407002;-0.913002054;-0.407954959;0
17:59:30.911530;0.43177246;-0.142135464;2.480633437;-1.862616919;-0.904656582;-0.426141372;0
17:59:30.922365;0.448392584;0.215354311;2.481971377;-1.836214139;-0.895948892;-0.444157161;0
17:59:30.932079;0.44740867;0.153619794;2.483299549;-1.808709956;-0.88688247;-0.461995112;0
17:59:30.942477;0.441917362;0.013804566;2.484190843;-1.782813914;-0.877460948;-0.479648084;0
17:59:30.953139;0.433485426;-0.153586153;2.484608066;-1.756947784;-0.867688097;-0.497109009;0
17:59:30.962930;0.431949402;-0.152266695;2.48500928;-1.730580523;-0.857567829;-0.514370895;0
17:59:30.973677;0.422264151;-0.303527449;2.485011379;-1.704088613;-0.847104199;-0.531426831;0
17:59:30.984385;0.419044852;-0.306299773;2.484979171;-1.67891542;-0.836301394;-0.548269987;0
17:59:30.996832;0.419044852;-0.245039818;2.485023909;-1.648188399;-0.82516374;-0.564893621;0
17:59:31.008223;0.418056003;-0.214618345;2.48506995;-1.621700208;-0.813695697;-0.581291075;0
17:59:31.017776;0.414108579;-0.242898422;2.485068741;-1.59414776;-0.801901856;-0.597455784;0
17:59:31.028511;0.407915454;-0.313661547;2.485052723;-1.568372079;-0.789786939;-0.613381277;0
17:59:31.039040;0.40670071;-0.275056177;2.485072271;-1.543328958;-0.777355798;-0.629061176;0
17:59:31.049319;0.393042575;-0.476802532;2.485287164;-1.516674508;-0.764613409;-0.644489204;0
17:59:31.059107;0.380610456;-0.626996048;2.485837734;-1.490955848;-0.751564875;-0.659659183;0
17:59:31.069058;0.371162368;-0.68923999;2.486804256;-1.464951577;-0.73821542;-0.67456504;0
17:59:31.079655;0.362928075;-0.713878683;2.488273948;-1.438270033;-0.724570389;-0.689200806;0
17:59:31.089319;0.362928075;-0.571102946;2.489986169;-1.411415191;-0.710635246;-0.703560621;0
17:59:31.099827;0.338186865;-0.94276218;2.493218035;-1.382808968;-0.696415569;-0.717638736;0
17:59:31.109629;0.341176992;-0.694947438;2.496625432;-1.354225217;-0.681917053;-0.731429513;0
17:59:31.119858;0.321427271;-0.946877624;2.501725658;-1.323873134;-0.667145502;-0.744927432;0
17:59:31.129748;0.314146845;-0.901820145;2.507843588;-1.292483815;-0.652106832;-0.758127087;0
17:59:31.140259;0.294444017;-1.1110456;2.516172491;-1.258747336;-0.636807062;-0.771023194;0
17:59:31.149882;0.293225869;-0.912909905;2.525252781;-1.224157288;-0.62125232;-0.783610589;0
17:59:31.161410;0.272596826;-1.092876952;2.538657305;-1.18194002;-0.605448833;-0.795884232;0
17:59:31.172197;0.271600994;-0.892712171;2.552402;-1.14065849;-0.589402929;-0.807839209;0
17:59:31.184291;0.270604722;-0.732683039;2.567048828;-1.098462683;-0.573121032;-0.819470733;0
17:59:31.193639;0.270604722;-0.586146431;2.581606477;-1.057798598;-0.556609662;-0.830774147;0
17:59:31.204427;0.269608012;-0.48775094;2.597725898;-1.014270153;-0.53987543;-0.841744926;0
17:59:31.214111;0.268610867;-0.409317692;2.614541368;-0.970267985;-0.522925036;-0.852378676;0
17:59:31.224908;0.267613286;-0.346227539;2.632621062;-0.924306604;-0.505765266;-0.86267114;0
17:59:31.235491;0.266399571;-0.299640249;2.65185296;-0.876768453;-0.488402992;-0.872618197;0
17:59:31.246244;0.265402076;-0.258624887;2.671730227;-0.828814142;-0.470845164;-0.882215864;0
17:59:31.256415;0.22316947;-1.022235352;2.70059304;-0.772124395;-0.453098814;-0.891460299;0
17:59:31.268682;0.195501269;-1.329096856;2.737615274;-0.705675094;-0.435171047;-0.9003478;0
17:59:31.277976;0.194291022;-1.087318649;2.772675994;-0.642875422;-0.41706904;-0.908874808;0
17:59:31.288439;0.191295033;-0.924547017;2.811745225;-0.573215216;-0.398800042;-0.917037909;0
17:59:31.298622;0.170679091;-1.148563383;2.852671309;-0.503731782;-0.380371367;-0.924833835;0
17:59:31.309544;0.164504008;-1.036508808;2.896450631;-0.429778616;-0.361790395;-0.932259465;0
17:59:31.319671;0.162504596;-0.866516756;2.940929541;-0.354016611;-0.343064564;-0.939311825;0
17:59:31.331254;0.162504596;-0.693213405;2.987926944;-0.272631204;-0.324201373;-0.945988092;0
17:59:31.341971;0.139851417;-0.971567691;3.037350516;-0.190473929;-0.305208374;-0.952285592;0
17:59:31.352015;0.140851331;-0.757396209;3.081214407;-0.115799681;-0.286093172;-0.958201804;0
17:59:31.362561;0.136731889;-0.684373315;3.126398028;-0.038020597;-0.266863421;-0.963734359;0
17:59:31.373413;0.132582299;-0.624223677;3.17217195;0.04182041;-0.247526819;-0.968881042;0
17:59:31.384874;0.134580045;-0.464367863;3.217534975;0.123645484;-0.228091109;-0.973639793;0
17:59:31.394775;0.124442656;-0.572472833;3.258565941;0.19734372;-0.208564074;-0.978008705;0
17:59:31.405511;0.120321071;-0.537627622;3.299723704;0.272440316;-0.188953531;-0.98198603;0
17:59:31.415338;0.119195371;-0.452319099;3.338247206;0.34459907;-0.169267332;-0.985570175;0
17:59:31.426032;0.114045834;-0.45844038;3.378034876;0.420197391;-0.14951336;-0.988759705;0
17:59:31.438181;0.113063671;-0.385178476;3.415794408;0.494171816;-0.129699524;-0.991553344;0
17:59:31.447024;0.109905703;-0.370857481;3.450206015;0.563158526;-0.109833757;-0.993949971;0
17:59:31.456838;0.106971087;-0.354873714;3.483364164;0.631286867;-0.089924014;-0.995948629;0
17:59:31.467461;0.102798809;-0.365327431;3.515924129;0.699712044;-0.069978265;-0.997548516;0
17:59:31.477305;0.098679403;-0.372841263;3.547138119;0.76703599;-0.050004498;-0.998748993;0
17:59:31.488123;0.09456196;-0.375250775;3.578283068;0.836296168;-0.03001071;-0.999549577;0
17:59:31.498382;0.087204145;-0.445029026;3.60688917;0.90140766;-0.010004905;-0.99994995;0
17:59:31.508294;0.083091621;-0.437440134;3.633618247;0.964712009;0.010004905;-0.99994995;0
17:59:31.518175;0.07790769;-0.452925987;3.658611937;1.026418521;0.03001071;-0.999549577;0
17:59:31.529034;0.07382691;-0.440255103;3.682537315;1.088795774;0.050004498;-0.998748993;0
17:59:31.538937;0.070774544;-0.412662755;3.703373431;1.146923186;0.069978265;-0.997548516;0
17:59:31.549797;0.067722425;-0.387682125;3.722857114;1.205792512;0.089924014;-0.995948629;0
17:59:31.559821;0.063428215;-0.394907022;3.739249228;1.259991642;0.109833757;-0.993949971;0
17:59:31.570549;0.061375453;-0.356692717;3.753155057;1.3116264;0.129699524;-0.991553344;0
17:59:31.580858;0.058325937;-0.342426434;3.765403258;1.364050669;0.14951336;-0.988759705;0
17:59:31.590576;0.054251408;-0.354853708;3.774644933;1.411263965;0.169267332;-0.985570175;0
17:59:31.600679;0.053253059;-0.303612075;3.781567245;1.456424846;0.188953531;-0.98198603;0
17:59:31.611664;0.047003419;-0.36658648;3.786363086;1.499458724;0.208564074;-0.978008705;0
17:59:31.621458;0.047003419;-0.293269184;3.789037079;1.542813876;0.228091109;-0.973639793;0
17:59:31.632314;0.045793172;-0.258655407;3.789465865;1.58139669;0.247526819;-0.968881042;0
17:59:31.641767;0.044794928;-0.226401912;3.78801292;1.618780538;0.266863421;-0.963734359;0
17:59:31.652263;0.032395266;-0.421537421;3.784601955;1.654427473;0.286093172;-0.958201804;0
17:59:31.662922;0.031396602;-0.355569421;3.779263435;1.690278905;0.305208374;-0.952285592;0
17:59:31.673047;0.029350173;-0.324724477;3.7728857;1.722281436;0.324201373;-0.945988092;0
17:59:31.684395;0.029350173;-0.259779582;3.765038874;1.754973425;0.343064564;-0.939311825;0
17:59:31.694491;0.029350173;-0.207823665;3.756934084;1.784754997;0.361790395;-0.932259465;0
17:59:31.704319;0.028374689;-0.185156419;3.748061509;1.814623372;0.380371367;-0.924833835;0
17:59:31.715244;0.028374689;-0.148125135;3.73909907;1.843566792;0.398800042;-0.917037909;0
17:59:31.725152;0.027168492;-0.141025552;3.729463323;1.873923789;0.41706904;-0.908874808;0
17:59:31.736294;0.027168492;-0.112820442;3.71996172;1.904418221;0.435171047;-0.9003478;0
17:59:31.746216;0.026169124;-0.110056847;3.711235624;1.933198494;0.453098814;-0.891460299;0
17:59:31.756908;0.021958352;-0.167453846;3.702037145;1.963309764;0.470845164;-0.882215864;0
17:59:31.766557;0.019958386;-0.173636879;3.693583526;1.992137186;0.488402992;-0.872618197;0
17:59:31.776826;0.017912312;-0.179362729;3.685421529;2.021296778;0.505765266;-0.86267114;0
17:59:31.787713;0.016709676;-0.165684028;3.677183286;2.052954236;0.522925036;-0.852378676;0
17:59:31.798418;0.014686974;-0.169987949;3.669363675;2.084823066;0.53987543;-0.841744926;0
17:59:31.809055;0.012664122;-0.176157113;3.662376358;2.114758909;0.556609662;-0.830774147;0
17:59:31.819002;0.010662043;-0.180682582;3.655609574;2.14484363;0.573121032;-0.819470733;0
17:59:31.828815;0.009660408;-0.164404319;3.649132728;2.175210984;0.589402929;-0.807839209;0
17:59:31.839849;0.007440351;-0.172499575;3.64217615;2.207757864;0.605448833;-0.795884232;0
17:59:31.850167;0.007565327;-0.135518009;3.636000126;2.23823449;0.62125232;-0.783610589;0
17:59:31.861556;0.008586457;-0.088925933;3.629896811;2.270201983;0.636807062;-0.771023194;0
17:59:31.870371;0.007585;-0.090181147;3.623523841;2.301979524;0.652106832;-0.758127087;0
17:59:31.881160;0.005562023;-0.110321072;3.616463834;2.333284899;0.667145502;-0.744927432;0
17:59:31.891256;0.005562023;-0.088256857;3.609398752;2.362652141;0.681917053;-0.731429513;0
17:59:31.901416;0.004559787;-0.090498137;3.601631349;2.391215961;0.696415569;-0.717638736;0
17:59:31.912039;0.003538912;-0.092668207;3.593016156;2.418836898;0.710635246;-0.703560621;0
17:59:31.921973;0.003538912;-0.074134566;3.58325242;2.446684125;0.724570389;-0.689200806;0
17:59:31.931903;0.00253629;-0.079210464;3.572751146;2.472232625;0.73821542;-0.67456504;0
17:59:31.944475;0.00253629;-0.063368371;3.559981754;2.499308371;0.751564875;-0.659659183;0
17:59:31.953362;0.00253629;-0.050694697;3.547021808;2.523081862;0.764613409;-0.644489204;0
17:59:31.963871;-0.000662582;-0.104070873;3.532519909;2.544236223;0.777355798;-0.629061176;0
17:59:31.973509;-0.00166576;-0.103080584;3.516622198;2.564011259;0.789786939;-0.613381277;0
17:59:31.985106;-0.000644885;-0.06322497;3.499037506;2.583653752;0.801901856;-0.597455784;0
17:59:31.994944;-0.000644885;-0.050579976;3.480158658;2.601922221;0.813695697;-0.581291075;0
17:59:32.005647;-0.000627309;-0.04011504;3.461160716;2.617888025;0.82516374;-0.564893621;0
17:59:32.016377;0.000394074;-0.014213982;3.438581453;2.634728723;0.836301394;-0.548269987;0
17:59:32.027052;0.001415708;0.007847229;3.416591093;2.649180922;0.847104199;-0.531426831;0
17:59:32.037906;0.001415708;0.006277783;3.393374518;2.662236728;0.857567829;-0.514370895;0
17:59:32.048529;0.002558202;0.025878645;3.368628064;2.674532946;0.867688097;-0.497109009;0
17:59:32.063056;0.003579302;0.034800565;3.334501033;2.688959437;0.877460948;-0.479648084;0
17:59:32.074202;0.004600647;0.047129146;3.308611783;2.698246626;0.88688247;-0.461995112;0
17:59:32.083682;0.004600647;0.037703317;3.283104477;2.705925813;0.895948892;-0.444157161;0
17:59:32.094046;0.004600647;0.030162654;3.256445865;2.712629599;0.904656582;-0.426141372;0
17:59:32.104850;0.004600647;0.024130123;3.227574757;2.718592565;0.913002054;-0.407954959;0
17:59:32.115519;0.005604201;0.03800421;3.198273347;2.723776544;0.920981968;-0.389605204;0
17:59:32.126721;0.009691977;0.1074125;3.169713496;2.729019687;0.928593127;-0.371099455;0
17:59:32.138058;0.011849402;0.127579994;3.141756506;2.733755997;0.935832484;-0.35244512;0
17:59:32.146891;0.012871364;0.121540633;3.113102698;2.737922666;0.942697141;-0.333649668;0
17:59:32.158833;0.013874542;0.116144155;3.083869173;2.741561735;0.949184349;-0.314720626;0
17:59:32.167839;0.013874542;0.092915324;3.055712708;2.744313622;0.95529151;-0.295665571;0
17:59:32.178442;0.014896731;0.093167043;3.025299947;2.746903609;0.961016181;-0.276492135;0
17:59:32.188428;0.014896731;0.074533634;2.99672555;2.748788518;0.966356067;-0.257207993;0
17:59:32.199144;0.014896731;0.059626907;2.966898802;2.75031589;0.971309032;-0.237820867;0
17:59:32.209154;0.014896731;0.047701526;2.938162037;2.751471538;0.975873092;-0.218338519;0
17:59:32.220772;0.014896731;0.038161221;2.906180064;2.752515578;0.980046419;-0.198768751;0
17:59:32.230528;0.013893553;0.010672282;2.877523631;2.753078724;0.983827344;-0.179119396;0
17:59:32.244067;0.013893553;0.008537826;2.844086226;2.753752766;0.987214351;-0.159398324;0
17:59:32.253584;0.014915966;0.026664992;2.815861393;2.754702701;1;0;0
17:59:32.262933;0.014915966;0.021331994;2.78872386;2.755782815;1;0;0
17:59:32.273698;0.014935048;0.017419888;2.760243986;2.757188549;1;0;0
17:59:32.284506;0.014748662;0.010247823;2.734045064;2.758755778;1;0;0
17:59:32.294070;0.013745706;-0.011715659;2.708288394;2.760408659;1;0;0
17:59:32.304067;0.013745706;-0.009372528;2.683120058;2.762474385;1;0;0
17:59:32.314310;0.018862155;0.093992051;2.659964248;2.766254354;1;0;0
17:59:32.324120;0.019865112;0.095068937;2.637609802;2.770632307;1;0;0
17:59:32.335302;0.023037004;0.137997027;2.616304261;2.776230349;1;0;0
17:59:32.344529;0.025250453;0.153878418;2.596182191;2.782642772;1;0;0
17:59:32.354574;0.027277341;0.163234074;2.577166273;2.789755229;1;0;0
17:59:32.365592;0.030328156;0.188812682;2.55863913;2.798137686;1;0;0
17:59:32.375418;0.031330576;0.170947739;2.541383815;2.806575522;1;0;0
17:59:32.386028;0.03354853;0.17794976;2.523831582;2.816296657;1;0;0
17:59:32.396680;0.034551152;0.161137862;2.506917541;2.82624327;1;0;0
17:59:32.407514;0.034551152;0.12891029;2.490337852;2.836094493;1;0;0
17:59:32.418256;0.035575646;0.122016037;2.473772278;2.846454669;1;0;0
17:59:32.430694;0.036577881;0.114143543;2.455677313;2.858246241;1;0;0
17:59:32.441273;0.037602567;0.111447872;2.440786855;2.868276694;1;0;0
17:59:32.451086;0.039742428;0.128932986;2.425600036;2.879270924;1;0;0
17:59:32.461602;0.039742428;0.103146389;2.410595515;2.88976977;1;0;0
17:59:32.472165;0.040766631;0.102206473;2.395922487;2.900099495;1;0;0
17:59:32.482903;0.041791016;0.100968483;2.38094621;2.910605272;1;0;0
17:59:32.493498;0.042815581;0.099841111;2.365868835;2.921036085;1;0;0
17:59:32.504418;0.043840323;0.099302102;2.351026146;2.931071727;1;0;0
17:59:32.514175;0.045843628;0.119233742;2.337028358;2.940675966;1;0;0
17:59:32.524531;0.045843628;0.095386994;2.322554481;2.949776287;1;0;0
17:59:32.535397;0.05104568;0.171907842;2.307951301;2.960370961;1;0;0
17:59:32.546335;0.05104568;0.137526274;2.292075208;2.970512823;1;0;0
17:59:32.556672;0.05104568;0.110021019;2.277071423;2.978939127;1;0;0
17:59:32.567189;0.052045718;0.107211935;2.2615024;2.987015962;1;0;0
17:59:32.578067;0.053272678;0.108245908;2.244865999;2.994979988;1;0;0
17:59:32.588830;0.053272678;0.086596727;2.22783101;3.001938034;1;0;0
17:59:32.599407;0.053272678;0.069277381;2.210279344;3.007996679;1;0;0
17:59:32.610094;0.055273459;0.092665537;2.192450665;3.013820725;1;0;0
17:59:32.620779;0.055273459;0.074132429;2.17446375;3.018628834;1;0;0
17:59:32.631290;0.055273459;0.059305944;2.155520919;3.022677521;1;0;0
17:59:32.642711;0.056298551;0.067683127;2.13713098;3.026030741;1;0;0
17:59:32.652355;0.05729833;0.072924518;2.117453732;3.029006319;1;0;0
17:59:32.662451;0.058323593;0.078678037;2.098506005;3.031311793;1;0;0
17:59:32.672357;0.058323593;0.062942429;2.078779844;3.032879376;1;0;0
17:59:32.682318;0.059349025;0.070587204;2.058900255;3.033970221;1;0;0
17:59:32.692971;0.059349025;0.056469763;2.037712038;3.03433841;1;0;0
17:59:32.703763;0.059349025;0.045175811;2.016078519;3.033967584;1;0;0
17:59:32.714221;0.060348394;0.054388118;1.993263488;3.033111202;1;0;0
17:59:32.724717;0.061554591;0.066851025;1.971595737;3.031933518;1;0;0
17:59:32.736004;0.061554591;0.05348082;1.948539785;3.030008883;1;0;0
17:59:32.746860;0.061554591;0.042784656;1.925244086;3.027441405;1;0;0
17:59:32.758269;0.06258019;0.052081025;1.900130795;3.024303734;1;0;0
17:59:32.767850;0.06258019;0.04166482;1.87779087;3.020993876;1;0;0
17:59:32.779657;0.063579688;0.05247918;1.854631945;3.017318598;1;0;0
17:59:32.788409;0.063579688;0.041983344;1.831751512;3.01324388;1;0;0
17:59:32.798983;0.063579688;0.033586675;1.807529299;3.008499931;1;0;0
17:59:32.809493;0.06457877;0.046199945;1.784229116;3.003763518;1;0;0
17:59:32.820194;0.06457877;0.036959956;1.759985687;2.998455718;1;0;0
17:59:32.830890;0.065577434;0.04861598;1.736342738;2.993143687;1;0;0
17:59:32.841228;0.066682517;0.060712936;1.713688465;2.987962205;1;0;0
17:59:32.851454;0.06768076;0.068096512;1.690988326;2.982668009;1;0;0
17:59:32.862148;0.066656041;0.03450972;1.667864118;2.976781255;1;0;0
17:59:32.874051;0.066656041;0.027607776;1.639850193;2.969323891;1;0;0
17:59:32.884592;0.066867514;0.026274017;1.617169805;2.963090629;1;0;0
17:59:32.894631;0.066867514;0.021019214;1.594596802;2.956696331;1;0;0
17:59:32.904760;0.066867514;0.016815371;1.570841688;2.949782208;1;0;0
17:59:32.915350;0.066867514;0.013452297;1.548371371;2.943084891;1;0;0
17:59:32.925095;0.066867514;0.010761837;1.525237847;2.936046661;1;0;0
17:59:32.936192;0.066867514;0.00860947;1.501330701;2.928636477;1;0;0
17:59:32.946940;0.066656041;0.002982464;1.47772022;2.921158256;1;0;0
17:59:32.957714;0.066656041;0.002385971;1.454299963;2.913639091;1;0;0
17:59:32.968392;0.066656041;0.001908777;1.43176211;2.906319754;1;0;0
17:59:32.978772;0.065657797;-0.018189833;1.410104739;2.899050236;1;0;0
17:59:32.988923;0.065657797;-0.014551866;1.388775493;2.891849218;1;0;0
17:59:32.999418;0.065657797;-0.011641493;1.367054653;2.884480755;1;0;0
17:59:33.009162;0.065657797;-0.009313194;1.345852117;2.877260653;1;0;0
17:59:33.021092;0.065657797;-0.007450556;1.324077141;2.869824323;1;0;0
17:59:33.030342;0.064659133;-0.025760115;1.30367943;2.862680324;1;0;0
17:59:33.040128;0.063660052;-0.04036839;1.283306459;2.855386874;1;0;0
17:59:33.051192;0.063660052;-0.032294712;1.262313619;2.847893671;1;0;0
17:59:33.061656;0.064659133;-0.006345173;1.242638842;2.841058919;1;0;0
17:59:33.072265;0.064659133;-0.005076138;1.222369454;2.834034503;1;0;0
17:59:33.082683;0.064659133;-0.004060911;1.203381079;2.827474013;1;0;0
17:59:33.092487;0.064659133;-0.003248729;1.184172976;2.820861685;1;0;0
17:59:33.103196;0.064659133;-0.002598983;1.165052784;2.814308083;1;0;0
17:59:33.113457;0.064659133;-0.002079186;1.146787395;2.808078152;1;0;0
17:59:33.123894;0.064659133;-0.001663349;1.129436446;2.80219162;1;0;0
17:59:33.133757;0.065683853;0.018966805;1.112612107;2.796686035;1;0;0
17:59:33.144286;0.065683853;0.015173444;1.095299997;2.791046747;1;0;0
17:59:33.155091;0.066682517;0.030778897;1.078337355;2.785729315;1;0;0
17:59:33.166320;0.065657797;0.005830094;1.061102325;2.780159618;1;0;0
17:59:33.177047;0.065657797;0.004664075;1.043997162;2.774672484;1;0;0
17:59:33.187252;0.066867514;0.02721502;1.028642857;2.769994728;1;0;0
17:59:33.198016;0.066867514;0.021772016;1.012820658;2.765202076;1;0;0
17:59:33.208111;0.066787151;0.015827995;0.998257455;2.760805676;1;0;0
17:59:33.218745;0.066787151;0.012662396;0.983384613;2.756349362;1;0;0
17:59:33.228842;0.066787151;0.010129917;0.969369697;2.752184753;1;0;0
17:59:33.241016;0.066787151;0.008103933;0.953647033;2.747557065;1;0;0
17:59:33.251420;0.066787151;0.006483147;0.939734359;2.743505129;1;0;0
17:59:33.261348;0.068811689;0.0439352;0.926557059;2.740078632;1;0;0
17:59:33.272604;0.068811689;0.03514816;0.912623882;2.736476709;1;0;0
17:59:33.282447;0.069837616;0.04845571;0.900573212;2.733572729;1;0;0
17:59:33.292998;0.070835965;0.05858795;0.88896204;2.730973922;1;0;0
17:59:33.303135;0.070835965;0.04687036;0.877466464;2.728403335;1;0;0
17:59:33.314386;0.070835965;0.037496288;0.864570785;2.725528672;1;0;0
17:59:33.325461;0.072859976;0.06740921;0.853167775;2.723418564;1;0;0
17:59:33.335267;0.072859976;0.053927368;0.842612318;2.721452958;1;0;0
17:59:33.346638;0.072859976;0.043141894;0.831467779;2.719371578;1;0;0
17:59:33.357253;0.073857471;0.052386047;0.820404923;2.717527965;1;0;0
17:59:33.367735;0.074073173;0.046192673;0.810592637;2.715928095;1;0;0
17:59:33.377565;0.072021158;-0.002707876;0.800105504;2.713774171;1;0;0
17:59:33.388448;0.071993406;-0.002674898;0.789224934;2.711565538;1;0;0
17:59:33.400135;0.071993406;-0.002139919;0.778691713;2.70946293;1;0;0
17:59:33.409264;0.070967807;-0.02208281;0.768745945;2.707307788;1;0;0
17:59:33.419963;0.070967807;-0.017666248;0.758809526;2.705204135;1;0;0
17:59:33.430422;0.069942374;-0.032997553;0.748213495;2.702799702;1;0;0
17:59:33.441843;0.06789202;-0.064999719;0.737558243;2.700035979;1;0;0
17:59:33.451970;0.0688896;-0.032287335;0.727911724;2.697805523;1;0;0
17:59:33.462067;0.067864682;-0.045198622;0.717793029;2.695336697;1;0;0
17:59:33.472281;0.067864682;-0.036158898;0.708404048;2.693128911;1;0;0
17:59:33.481871;0.066839939;-0.049094855;0.698902478;2.690777791;1;0;0
17:59:33.492758;0.065815374;-0.058307351;0.688833124;2.688179087;1;0;0
17:59:33.504740;0.065727533;-0.048273173;0.679006064;2.685735407;1;0;0
17:59:33.514783;0.065727533;-0.038618538;0.669347549;2.683442943;1;0;0
17:59:33.524617;0.065727533;-0.030894831;0.660686343;2.681481598;1;0;0
17:59:33.535389;0.065727533;-0.024715864;0.652249487;2.679658929;1;0;0
17:59:33.545497;0.062651799;-0.076274185;0.642554891;2.677012471;1;0;0
17:59:33.555574;0.063648945;-0.041324466;0.634077053;2.674997972;1;0;0
17:59:33.566135;0.062624071;-0.052445266;0.62521694;2.672795186;1;0;0
17:59:33.577282;0.062624071;-0.041956213;0.616424058;2.67072947;1;0;0
17:59:33.587988;0.061626925;-0.052570944;0.607915821;2.668644473;1;0;0
17:59:33.597699;0.061626925;-0.042056756;0.59987516;2.666786164;1;0;0
17:59:33.609123;0.06060224;-0.052110228;0.591155118;2.664675329;1;0;0
17:59:33.619853;0.06060224;-0.041688182;0.582879238;2.662800489;1;0;0
17:59:33.630428;0.06060224;-0.033350546;0.574987512;2.661132488;1;0;0
17:59:33.641070;0.06060224;-0.026680437;0.567664048;2.659692002;1;0;0
17:59:33.651474;0.06060224;-0.021344349;0.560685544;2.658417985;1;0;0
17:59:33.661676;0.061599386;0.001605747;0.553796928;2.657477959;1;0;0
17:59:33.671841;0.062624071;0.021555523;0.547701423;2.656950356;1;0;0
17:59:33.683262;0.062624071;0.017244418;0.541370511;2.656473597;1;0;0
17:59:33.695004;0.062624071;0.013795535;0.534709474;2.656052314;1;0;0
17:59:33.704731;0.06355779;0.029478357;0.529265058;2.655994739;1;0;0
17:59:33.714590;0.06355779;0.023582686;0.523808061;2.65598609;1;0;0
17:59:33.725374;0.06355779;0.018866149;0.518226237;2.65602983;1;0;0
17:59:33.735902;0.06355779;0.015092919;0.512959025;2.656121594;1;0;0
17:59:33.745862;0.06355779;0.012074335;0.507938323;2.656256294;1;0;0
17:59:33.757422;0.064583894;0.029203158;0.503084924;2.656711015;1;0;0
17:59:33.767160;0.064583894;0.023362526;0.498173224;2.657203807;1;0;0
17:59:33.777566;0.064583894;0.018690021;0.493650214;2.657688701;1;0;0
17:59:33.788498;0.064583894;0.014952017;0.488857879;2.658237229;1;0;0
17:59:33.799230;0.06580053;0.035811992;0.484742172;2.659087934;1;0;0
17:59:33.809428;0.06580053;0.028649594;0.480398856;2.659995882;1;0;0
17:59:33.819562;0.06580053;0.022919675;0.476301013;2.660865348;1;0;0
17:59:33.830451;0.064774426;-0.000738591;0.47183054;2.661495281;1;0;0
17:59:33.841039;0.064774426;-0.000590873;0.467472719;2.66215057;1;0;0
17:59:33.851069;0.065771643;0.0193345;0.463683042;2.66304887;1;0;0
17:59:33.861241;0.065771643;0.0154676;0.459866569;2.663971769;1;0;0
17:59:33.871900;0.065771643;0.01237408;0.455992624;2.664929891;1;0;0
17:59:33.882501;0.065771643;0.009899264;0.452162102;2.665900967;1;0;0
17:59:33.893256;0.065771643;0.007919411;0.448281415;2.666911409;1;0;0
17:59:33.905188;0.065771643;0.006335529;0.444661226;2.667880543;1;0;0
17:59:33.916392;0.066768418;0.021515718;0.440758804;2.669344104;1;0;0
17:59:33.926733;0.067794523;0.037594303;0.437807164;2.670815541;1;0;0
17:59:33.936975;0.067794523;0.030075443;0.434747105;2.67231968;1;0;0
17:59:33.946265;0.067794523;0.024060354;0.431793397;2.67375636;1;0;0
17:59:33.956707;0.068820812;0.039627243;0.429132088;2.6754307;1;0;0
17:59:33.967105;0.068820812;0.031701795;0.426290872;2.677176737;1;0;0
17:59:33.978007;0.068820812;0.025361436;0.423425822;2.678902701;1;0;0
17:59:33.989510;0.068820812;0.020289149;0.420384829;2.680705239;1;0;0
17:59:34.000150;0.068820812;0.016231319;0.41754262;2.682369763;1;0;0
17:59:34.010543;0.067824036;-0.006677024;0.414616669;2.683662443;1;0;0
17:59:34.021201;0.067824036;-0.005341619;0.411574037;2.685029831;1;0;0
17:59:34.031724;0.06682682;-0.024080019;0.408485007;2.686069534;1;0;0
17:59:34.041979;0.06682682;-0.019264015;0.405251633;2.687210398;1;0;0
17:59:34.052777;0.06673757;-0.017048058;0.402013923;2.68837428;1;0;0
17:59:34.062925;0.06673757;-0.013638447;0.399078814;2.689480538;1;0;0
17:59:34.073514;0.06673757;-0.010910757;0.396054477;2.690672991;1;0;0
17:59:34.084041;0.066548453;-0.012288665;0.393035068;2.691845302;1;0;0
17:59:34.094423;0.065520934;-0.029562791;0.389864249;2.692751288;1;0;0
17:59:34.104733;0.065520934;-0.023650233;0.386878535;2.693677607;1;0;0
17:59:34.117258;0.062528195;-0.076596148;0.383086935;2.693881134;1;0;0
17:59:34.125352;0.062528195;-0.061276919;0.379435694;2.694196887;1;0;0
17:59:34.136341;0.062528195;-0.049021535;0.375787078;2.69463535;1;0;0
17:59:34.147084;0.061529751;-0.057810985;0.372033384;2.694897142;1;0;0
17:59:34.157688;0.060287662;-0.069458311;0.368108449;2.694933011;1;0;0
17:59:34.168459;0.060287662;-0.055566648;0.36434922;2.695106602;1;0;0
17:59:34.179407;0.06019718;-0.04611659;0.360685289;2.695386703;1;0;0
17:59:34.189250;0.057202135;-0.096355179;0.356660976;2.694975429;1;0;0
17:59:34.200275;0.057202135;-0.077084143;0.352643832;2.694714231;1;0;0
17:59:34.210398;0.057202135;-0.061667315;0.348882347;2.694614973;1;0;0
17:59:34.220655;0.057202135;-0.049333852;0.345420756;2.69465665;1;0;0
17:59:34.231370;0.053994673;-0.098859203;0.341002864;2.693945541;1;0;0
17:59:34.241572;0.051995261;-0.118112422;0.3365193;2.692932966;1;0;0
17:59:34.251807;0.051995261;-0.094489938;0.332308467;2.692137042;1;0;0
17:59:34.261838;0.050698941;-0.10128297;0.328043998;2.691204373;1;0;0
17:59:34.272652;0.049699162;-0.099571982;0.323481095;2.690153525;1;0;0
17:59:34.284072;0.048669914;-0.098854122;0.318940511;2.689057104;1;0;0
17:59:34.293834;0.046669133;-0.117219743;0.314233614;2.687671803;1;0;0
17:59:34.304390;0.046669133;-0.093775795;0.309997734;2.686579824;1;0;0
17:59:34.314209;0.044639076;-0.115280345;0.305486405;2.685171767;1;0;0
17:59:34.324675;0.044546117;-0.093975148;0.301016585;2.683921768;1;0;0
17:59:34.334614;0.043544716;-0.095080211;0.29678939;2.68270259;1;0;0
17:59:34.344785;0.042514797;-0.096392416;0.292531466;2.681430188;1;0;0
17:59:34.355680;0.041313837;-0.099429223;0.287972872;2.67999545;1;0;0
17:59:34.366687;0.040284112;-0.098864087;0.283483623;2.678551577;1;0;0
17:59:34.376482;0.040188856;-0.080950124;0.279430705;2.677383042;1;0;0
17:59:34.387352;0.040188856;-0.064760099;0.275483722;2.67640051;1;0;0
17:59:34.397400;0.040188856;-0.05180808;0.271993626;2.675674458;1;0;0
17:59:34.408109;0.040218395;-0.040863046;0.268716776;2.675135084;1;0;0
17:59:34.417882;0.040218395;-0.032690437;0.265513296;2.674749212;1;0;0
17:59:34.429213;0.039187618;-0.044405673;0.262004719;2.674219332;1;0;0
17:59:34.439249;0.039092165;-0.03742051;0.259051708;2.673889415;1;0;0
17:59:34.449847;0.039092165;-0.029936408;0.256111114;2.67369901;1;0;0
17:59:34.460577;0.039092165;-0.023949127;0.253369085;2.673658605;1;0;0
17:59:34.471356;0.038060531;-0.038326606;0.250469319;2.67347046;1;0;0
17:59:34.482026;0.037963825;-0.032449264;0.247711554;2.673407022;1;0;0
17:59:34.492793;0.036931334;-0.045162807;0.244855263;2.673198898;1;0;0
17:59:34.504125;0.036931334;-0.036130246;0.242159547;2.673142775;1;0;0
17:59:34.513857;0.037129528;-0.024978977;0.239852086;2.673268986;1;0;0
