Time;Hip_x;Hip_vel;Omega;GP_AO;GP_Model;target_cos;target_sin;target_omega
17:20:51.795478;-0.012810662;0.028975689;0.087651027;-0.355651934;0.016809093;1;0;0
17:20:51.805603;-0.012810662;0.023180552;0.087711797;-0.354670378;0.019527091;1;0;0
17:20:51.816430;-0.012810662;0.018544441;0.087793574;-0.353697187;0.02279908;1;0;0
17:20:51.825630;-0.011812705;0.034657032;0.087783584;-0.352823218;0.026771387;1;0;0
17:20:51.836155;-0.010814189;0.046628133;0.087686036;-0.351993893;0.030500326;1;0;0
17:20:51.846749;-0.009537858;0.061288761;0.087475533;-0.351272388;0.037055571;1;0;0
17:20:51.857582;-0.008539153;0.068089196;0.087199068;-0.350633555;0.043356106;1;0;0
17:20:51.868465;-0.007539897;0.07342796;0.08685699;-0.350058189;0.04759828;1;0;0
17:20:51.879545;-0.007539897;0.058742368;0.086578409;-0.349439908;0.052546885;1;0;0
17:20:51.889760;-0.007539897;0.046993895;0.086347847;-0.348758878;0.057309028;1;0;0
17:20:51.899332;-0.005266719;0.081178178;0.085904775;-0.348303586;0.061440907;1;0;0
17:20:51.909878;-0.005539736;0.059537606;0.085569704;-0.347772546;0.06276305;1;0;0
17:20:51.920321;-0.005539736;0.047630084;0.085289539;-0.347189864;0.058399301;1;0;0
17:20:51.930565;-0.005539736;0.038104068;0.085052528;-0.346535658;0.045082521;1;0;0
17:20:51.940399;-0.005539736;0.030483254;0.08487068;-0.345857189;0.033335894;1;0;0
17:20:51.950867;-0.005539736;0.024386603;0.084727303;-0.345108528;0.024162555;1;0;0
17:20:51.961273;-0.003252019;0.064279548;0.084368285;-0.344603536;0.016988866;1;0;0
17:20:51.972953;-0.0022515;0.068637601;0.083901505;-0.344092372;0.016812503;1;0;0
17:20:51.983416;-0.001250439;0.074460334;0.083442771;-0.343694286;0.018323125;1;0;0
17:20:51.994132;-0.000248837;0.079414931;0.082943016;-0.343354403;0.020617295;1;0;0
17:20:52.003357;-0.000248837;0.063531945;0.082511139;-0.342949873;0.023885496;1;0;0
17:20:52.014433;-0.000248837;0.050825556;0.082120129;-0.342453203;0.028261514;1;0;0
17:20:52.024466;-0.000248837;0.040660445;0.081813679;-0.34193148;0.027671827;1;0;0
17:20:52.034394;-0.000248837;0.032528356;0.081545687;-0.341320383;0.022889512;1;0;0
17:20:52.044706;0.000765645;0.046057124;0.081229356;-0.34081252;0.014760645;1;0;0
17:20:52.055721;0.000765645;0.0368457;0.080965465;-0.340248583;0.003925404;1;0;0
17:20:52.065469;0.001767785;0.049308362;0.080641045;-0.339756421;-0.004236888;1;0;0
17:20:52.076278;0.002035616;0.044453927;0.080325431;-0.339211102;-0.01041237;1;0;0
17:20:52.086831;0.003037361;0.054872392;0.079959717;-0.338745327;-0.007112548;1;0;0
17:20:52.097075;0.00403964;0.063624496;0.079546471;-0.3383482;-0.002987375;1;0;0
17:20:52.107077;0.005042453;0.069295436;0.079050778;-0.337979404;0.004090866;1;0;0
17:20:52.117279;0.005042453;0.055436348;0.078653178;-0.337565622;0.003310551;1;0;0
17:20:52.128706;0.005042453;0.044349079;0.07831286;-0.337084509;-0.002085934;1;0;0
17:20:52.138713;0.006056689;0.055152323;0.077918688;-0.336673292;-0.009436395;1;0;0
17:20:52.149384;0.006056689;0.044121858;0.077573731;-0.336181452;-0.016887991;1;0;0
17:20:52.159447;0.006056689;0.035297487;0.077296043;-0.335642288;-0.019660188;1;0;0
17:20:52.170140;0.006056689;0.028237989;0.077081199;-0.335076153;-0.025648311;1;0;0
17:20:52.181850;0.007060033;0.041295641;0.076783691;-0.334548389;-0.025947465;1;0;0
17:20:52.191917;0.007323592;0.037871752;0.076508647;-0.333987921;-0.026200995;1;0;0
17:20:52.201728;0.007323592;0.030297401;0.076296172;-0.333389712;-0.028576883;1;0;0
17:20:52.212580;0.008326528;0.044064452;0.076026413;-0.332888985;-0.029510869;1;0;0
17:20:52.222349;0.008326528;0.035251561;0.075807747;-0.332340273;-0.032488775;1;0;0
17:20:52.233452;0.009340516;0.046759277;0.07550005;-0.3318213;-0.030577632;1;0;0
17:20:52.244836;0.010343978;0.055854436;0.075132056;-0.331369963;-0.033612203;1;0;0
17:20:52.253836;0.010343978;0.044683549;0.074849233;-0.330895315;-0.030352596;1;0;0
17:20:52.265535;0.011347965;0.054500727;0.074485833;-0.330459312;-0.028839894;1;0;0
17:20:52.275267;0.011347965;0.043600581;0.074200913;-0.329991632;-0.026970774;1;0;0
17:20:52.285583;0.011347965;0.034880465;0.07396927;-0.32947678;-0.026035581;1;0;0
17:20:52.295587;0.010333976;0.008960174;0.073896767;-0.328757866;-0.028492583;1;0;0
17:20:52.306522;0.010333976;0.007168139;0.073863262;-0.328013908;-0.031273354;1;0;0
17:20:52.317792;0.011597764;0.028285218;0.073706999;-0.327343205;-0.037052032;1;0;0
17:20:52.328632;0.011597764;0.022628175;0.073605272;-0.326665552;-0.04133619;1;0;0
17:20:52.338322;0.011597764;0.01810254;0.0735463;-0.325983609;-0.045721192;1;0;0
17:20:52.349326;0.012601853;0.03316912;0.073399834;-0.325340552;-0.046412881;1;0;0
17:20:52.359749;0.012601853;0.026535296;0.07330178;-0.32467576;-0.045240458;1;0;0
17:20:52.370475;0.013615842;0.039958715;0.073118505;-0.324066423;-0.041149195;1;0;0
17:20:52.381409;0.012601853;0.013196943;0.073108037;-0.323286983;-0.039412137;1;0;0
17:20:52.392198;0.013615842;0.029359876;0.073009515;-0.322597549;-0.034387209;1;0;0
17:20:52.402680;0.013615842;0.0234879;0.072953005;-0.321860957;-0.035227463;1;0;0
17:20:52.413565;0.013615842;0.01879032;0.072935732;-0.321110556;-0.036500357;1;0;0
17:20:52.424052;0.013615842;0.015032256;0.072950924;-0.320359423;-0.039415251;1;0;0
17:20:52.433421;0.013615842;0.012025805;0.072996509;-0.319554794;-0.041149449;1;0;0
17:20:52.443471;0.013615842;0.009620644;0.073068567;-0.31873616;-0.037417043;1;0;0
17:20:52.453572;0.013615842;0.007696515;0.073163916;-0.317904413;-0.036990989;1;0;0
17:20:52.465996;0.013615842;0.006157212;0.073283352;-0.317037349;-0.034776669;1;0;0
17:20:52.475040;0.01462045;0.023100113;0.073311885;-0.316198526;-0.03336918;1;0;0
17:20:52.486166;0.01462045;0.01848009;0.073375162;-0.315315966;-0.032793686;1;0;0
17:20:52.496098;0.01462045;0.014784072;0.073459457;-0.314492056;-0.035354104;1;0;0
17:20:52.507123;0.01462045;0.011827258;0.07356807;-0.313639408;-0.035408217;1;0;0
17:20:52.517715;0.01462045;0.009461806;0.073706544;-0.31271511;-0.034152877;1;0;0
17:20:52.528065;0.01462045;0.007569445;0.073860631;-0.311806002;-0.033171117;1;0;0
17:20:52.537506;0.015634189;0.026021333;0.073916464;-0.310999872;-0.029536443;1;0;0
17:20:52.549434;0.015634189;0.020817066;0.074006018;-0.310108165;-0.027602194;1;0;0
17:20:52.559629;0.015634189;0.016653653;0.074122201;-0.309199498;-0.023477664;1;0;0
17:20:52.569688;0.015634189;0.013322923;0.074254951;-0.308318743;-0.022746831;1;0;0
17:20:52.582798;0.015634189;0.010658338;0.074419723;-0.307353373;-0.021069491;1;0;0
17:20:52.590631;0.015634189;0.00852667;0.074593649;-0.306429028;-0.016999906;1;0;0
17:20:52.600572;0.015634189;0.006821336;0.07479756;-0.305426796;-0.016663991;1;0;0
17:20:52.611218;0.015634189;0.005457069;0.075007604;-0.304458878;-0.018047666;1;0;0
17:20:52.621368;0.015634189;0.004365655;0.075234402;-0.303467328;-0.019970385;1;0;0
17:20:52.631570;0.014629581;-0.015288325;0.075609486;-0.302285368;-0.025956366;1;0;0
17:20:52.642215;0.014629581;-0.01223066;0.075966569;-0.301164732;-0.030264216;1;0;0
17:20:52.652221;0.014629581;-0.009784528;0.07632709;-0.300037528;-0.032674942;1;0;0
17:20:52.662909;0.014629581;-0.007827622;0.076710197;-0.298844033;-0.031631082;1;0;0
17:20:52.673287;0.01463898;-0.006081276;0.077088954;-0.297665867;-0.030665217;1;0;0
17:20:52.682857;0.01463898;-0.004865021;0.077459607;-0.29651684;-0.02989549;1;0;0
17:20:52.693665;0.01463898;-0.003892017;0.077856286;-0.295291157;-0.028399874;1;0;0
17:20:52.704306;0.01463898;-0.003113613;0.078262674;-0.294039531;-0.025077872;1;0;0
17:20:52.714775;0.01463898;-0.002490891;0.078646273;-0.292861625;-0.020478522;1;0;0
17:20:52.724999;0.01463898;-0.001992713;0.079033561;-0.291675686;-0.016504364;1;0;0
17:20:52.736211;0.01463898;-0.00159417;0.079458264;-0.290378779;-0.011144637;1;0;0
17:20:52.747984;0.01463898;-0.001275336;0.079871126;-0.289121452;-0.00789436;1;0;0
17:20:52.758823;0.013625492;-0.020856508;0.080390155;-0.287783599;-0.008756221;1;0;0
17:20:52.766337;0.013625492;-0.016685206;0.080896364;-0.286463759;-0.009306014;1;0;0
17:20:52.777668;0.013625492;-0.013348165;0.081411611;-0.285106049;-0.011543945;1;0;0
17:20:52.786769;0.013625492;-0.010678532;0.081906902;-0.283788227;-0.011197217;1;0;0
17:20:52.798066;0.013625492;-0.008542826;0.08243171;-0.28237929;-0.011558466;1;0;0
17:20:52.808204;0.013625492;-0.006834261;0.082941305;-0.280999792;-0.011312828;1;0;0
17:20:52.818626;0.013625492;-0.005467408;0.083426359;-0.279677181;-0.009644151;1;0;0
17:20:52.829468;0.013625492;-0.004373927;0.083931861;-0.278289793;-0.008640622;1;0;0
17:20:52.839657;0.013625492;-0.003499141;0.084415902;-0.276953491;-0.005081065;1;0;0
17:20:52.850481;0.012361704;-0.025988347;0.085092033;-0.275353538;-0.004495375;1;0;0
17:20:52.859859;0.012361704;-0.020790677;0.085705507;-0.273877309;-0.003629453;1;0;0
17:20:52.873244;0.010343978;-0.056603004;0.086539449;-0.272173841;-0.008954359;1;0;0
17:20:52.880815;0.010343978;-0.045282403;0.08740461;-0.270363459;-0.014172197;1;0;0
17:20:52.891104;0.009340516;-0.055859774;0.088307596;-0.268562399;-0.02280991;1;0;0
17:20:52.902270;0.008337581;-0.063447638;0.089338023;-0.266582205;-0.028560169;1;0;0
17:20:52.913254;0.006067866;-0.092830319;0.090611978;-0.264337392;-0.036700461;1;0;0
17:20:52.923324;0.005065586;-0.09365885;0.091889681;-0.262116495;-0.045375139;1;0;0
17:20:52.934381;0.005065586;-0.07492708;0.09316706;-0.259831455;-0.045315046;1;0;0
17:20:52.946340;0.005065586;-0.059941664;0.094380619;-0.257596896;-0.046229038;1;0;0
17:20:52.954732;0.005065586;-0.047953331;0.095458407;-0.255557526;-0.041452315;1;0;0
17:20:52.967503;0.00279387;-0.078040913;0.096918973;-0.252995453;-0.040156767;1;0;0
17:20:52.976709;0.00279387;-0.06243273;0.09814432;-0.25078287;-0.032088943;1;0;0
17:20:52.986633;0.001792269;-0.069440548;0.09944925;-0.248462668;-0.025248567;1;0;0
17:20:52.996805;-0.000209311;-0.094963629;0.100911284;-0.245982995;-0.019231116;1;0;0
17:20:53.008419;-0.001209286;-0.094399049;0.102515731;-0.2432746;-0.016429905;1;0;0
17:20:53.018909;-0.001209286;-0.075519239;0.10400119;-0.240692661;-0.014194911;1;0;0
17:20:53.028781;-0.003482464;-0.105394449;0.105608865;-0.238025572;-0.01631663;1;0;0
17:20:53.039754;-0.005480424;-0.12244091;0.107427607;-0.235090317;-0.022460209;1;0;0
17:20:53.049962;-0.005480424;-0.097952728;0.109236643;-0.23208294;-0.022128526;1;0;0
17:20:53.060613;-0.006478576;-0.096909044;0.111022163;-0.229111943;-0.020275962;1;0;0
17:20:53.071536;-0.006756756;-0.082915467;0.112675966;-0.22630317;-0.012687643;1;0;0
17:20:53.083093;-0.006478576;-0.061463851;0.114372259;-0.223309468;-0.006198503;1;0;0
17:20:53.092972;-0.005480424;-0.029349978;0.115677848;-0.220845345;0.007273351;1;0;0
17:20:53.102694;-0.00448172;-0.003746334;0.116820768;-0.218525734;0.024808221;1;0;0
17:20:53.113087;-0.00448172;-0.002997067;0.1179438;-0.216194779;0.041590512;1;0;0
17:20:53.123184;-0.003482464;0.017438492;0.118893365;-0.214052116;0.062439807;1;0;0
17:20:53.135044;-0.003482464;0.013950793;0.119880375;-0.211786559;0.08669509;1;0;0
17:20:53.144567;-0.00448172;-0.008095894;0.120936921;-0.209480344;0.110417552;1;0;0
17:20:53.156166;-0.00448172;-0.006476715;0.12203833;-0.207028927;0.118649989;1;0;0
17:20:53.167721;-0.005480424;-0.023511665;0.123217049;-0.20451393;0.122359179;1;0;0
17:20:53.177251;-0.006494413;-0.038775982;0.124403578;-0.202069848;0.116821349;1;0;0
17:20:53.187696;-0.007492565;-0.048699258;0.125809398;-0.199251239;0.100945108;1;0;0
17:20:53.199463;-0.006494413;-0.022114547;0.127093402;-0.196468606;0.087191798;1;0;0
17:20:53.211676;-0.006494413;-0.017691638;0.128250304;-0.193909293;0.078716747;1;0;0
17:20:53.221479;-0.006494413;-0.01415331;0.129310194;-0.191522296;0.073462285;1;0;0
17:20:53.232029;-0.005495709;0.007225554;0.130270723;-0.189164078;0.071579494;1;0;0
17:20:53.242194;-0.005495709;0.005780443;0.131230909;-0.186782246;0.072614819;1;0;0
17:20:53.253907;-0.005495709;0.004624354;0.132146457;-0.184490198;0.08031524;1;0;0
17:20:53.263530;-0.00750865;-0.033949014;0.133325277;-0.181891962;0.07985504;1;0;0
17:20:53.273687;-0.00750865;-0.027159211;0.134417973;-0.17944177;0.077871248;1;0;0
17:20:53.284140;-0.00750865;-0.021727369;0.135486309;-0.177008617;0.070983604;1;0;0
17:20:53.295691;-0.00750865;-0.017381895;0.136720588;-0.174153211;0.067109615;1;0;0
17:20:53.305928;-0.00750865;-0.013905516;0.137768667;-0.171693129;0.060481541;1;0;0
17:20:53.316935;-0.00750865;-0.011124413;0.138825454;-0.169181574;0.060617268;1;0;0
17:20:53.327176;-0.00750865;-0.00889953;0.139829726;-0.166767737;0.065311365;1;0;0
17:20:53.337917;-0.006509945;0.011713315;0.140749246;-0.164360317;0.072507106;1;0;0
17:20:53.347502;-0.006509945;0.009370652;0.141659206;-0.16197114;0.080634706;1;0;0
17:20:53.358262;-0.006509945;0.007496522;0.142536492;-0.159662345;0.084145054;1;0;0
17:20:53.368794;-0.00750865;-0.013323873;0.143559231;-0.157160774;0.082641773;1;0;0
17:20:53.379063;-0.00750865;-0.010659099;0.144554757;-0.154705562;0.071555354;1;0;0
17:20:53.391454;-0.00750865;-0.008527279;0.145678342;-0.151912754;0.060824528;1;0;0
17:20:53.400851;-0.00750865;-0.006821823;0.146715721;-0.149315735;0.052728884;1;0;0
17:20:53.410795;-0.008506801;-0.025274734;0.147809179;-0.146738811;0.042195056;1;0;0
17:20:53.421607;-0.008523132;-0.020544041;0.148892683;-0.144160995;0.035949305;1;0;0
17:20:53.431335;-0.008523132;-0.016435233;0.149965901;-0.141582871;0.034310695;1;0;0
17:20:53.441454;-0.009537858;-0.031732076;0.151248557;-0.138655492;0.031537462;1;0;0
17:20:53.452309;-0.009537858;-0.025385661;0.152418595;-0.135950052;0.028801443;1;0;0
17:20:53.462142;-0.009537858;-0.020308528;0.15357161;-0.133253179;0.025079587;1;0;0
17:20:53.474143;-0.008539153;0.000814436;0.154758902;-0.13026103;0.022520164;1;0;0
17:20:53.484702;-0.008539153;0.000651549;0.155824353;-0.127563699;0.021656791;1;0;0
17:20:53.494852;-0.00955412;-0.019026862;0.157000449;-0.12476336;0.021021998;1;0;0
17:20:53.505084;-0.00955412;-0.015221489;0.158134586;-0.122038994;0.021699697;1;0;0
17:20:53.514342;-0.010552825;-0.03195502;0.159379835;-0.119190405;0.021863373;1;0;0
17:20:53.525658;-0.011684905;-0.047173855;0.160793042;-0.116099874;0.022265639;1;0;0
17:20:53.536157;-0.011684905;-0.037739084;0.162225311;-0.112919085;0.019218154;1;0;0
17:20:53.546430;-0.010686201;-0.01162902;0.163499756;-0.109892132;0.018892935;1;0;0
17:20:53.557243;-0.011700629;-0.028558903;0.164862883;-0.106799107;0.013792804;1;0;0
17:20:53.567519;-0.011700629;-0.022847122;0.166207457;-0.103710767;0.009915339;1;0;0
17:20:53.578599;-0.011700629;-0.018277698;0.167497316;-0.100715459;0.010793228;1;0;0
17:20:53.588654;-0.011700629;-0.014622158;0.168768869;-0.097733603;0.017275287;1;0;0
17:20:53.599269;-0.011700629;-0.011697727;0.170095845;-0.094593395;0.023990614;1;0;0
17:20:53.610099;-0.011700629;-0.009358181;0.171423205;-0.091425754;0.026756307;1;0;0
17:20:53.620886;-0.012715291;-0.026281418;0.172873499;-0.088116719;0.026959065;1;0;0
17:20:53.630889;-0.012715291;-0.021025134;0.174210564;-0.085032464;0.023206109;1;0;0
17:20:53.640850;-0.013713996;-0.03565035;0.175729337;-0.081657684;0.018156189;1;0;0
17:20:53.652104;-0.013713996;-0.02852028;0.177163346;-0.078430511;0.013599681;1;0;0
17:20:53.661488;-0.013713996;-0.022816224;0.178616597;-0.075122121;0.014454371;1;0;0
17:20:53.672994;-0.013713996;-0.018252979;0.180111938;-0.071680783;0.016403265;1;0;0
17:20:53.682648;-0.014728892;-0.034662044;0.181613798;-0.068348794;0.017397542;1;0;0
17:20:53.693200;-0.013730187;-0.00913699;0.183061174;-0.064942557;0.020067325;1;0;0
17:20:53.703984;-0.013730187;-0.007309592;0.184429759;-0.0616974;0.024334593;1;0;0
17:20:53.715071;-0.013730187;-0.005847674;0.185879956;-0.058235397;0.028542759;1;0;0
17:20:53.725072;-0.013730187;-0.004678139;0.187227372;-0.054999414;0.030279296;1;0;0
17:20:53.734436;-0.013730187;-0.003742511;0.188573125;-0.051750805;0.032518342;1;0;0
17:20:53.746196;-0.015744018;-0.041248489;0.190218474;-0.048111362;0.0326401;1;0;0
17:20:53.756063;-0.015744018;-0.032998791;0.191800139;-0.044570572;0.029612249;1;0;0
17:20:53.765474;-0.015744018;-0.026399033;0.193336655;-0.041093778;0.027096398;1;0;0
17:20:53.775912;-0.015744018;-0.021119226;0.19492737;-0.037458572;0.025924321;1;0;0
17:20:53.786145;-0.015744018;-0.016895381;0.196444409;-0.033960427;0.022592392;1;0;0
17:20:53.796791;-0.014745313;0.005025456;0.197922987;-0.030357693;0.021648224;1;0;0
17:20:53.809032;-0.014745313;0.004020365;0.199351885;-0.026865471;0.025832295;1;0;0
17:20:53.817766;-0.014745313;0.003216292;0.200750619;-0.023438379;0.034266137;1;0;0
17:20:53.828405;-0.014745313;0.002573033;0.202206144;-0.019864479;0.040640775;1;0;0
17:20:53.838993;-0.014745313;0.002058427;0.203688816;-0.016217204;0.048709434;1;0;0
17:20:53.849062;-0.014745313;0.001646741;0.205164221;-0.01258228;0.052479796;1;0;0
17:20:53.860134;-0.013730187;0.020367568;0.206534494;-0.009018206;0.052857045;1;0;0
17:20:53.870637;-0.013730187;0.016294055;0.207864716;-0.005574699;0.050530259;1;0;0
17:20:53.881024;-0.013730187;0.013035244;0.209235721;-0.002040873;0.049421418;1;0;0
17:20:53.891364;-0.012715291;0.030457213;0.210473023;0.001323122;0.051951602;1;0;0
17:20:53.901179;-0.012715291;0.02436577;0.211730414;0.004707308;0.058860537;1;0;0
17:20:53.912009;-0.012715291;0.019492616;0.213096288;0.008349368;0.064258158;1;0;0
17:20:53.922870;-0.012715291;0.015594093;0.214522402;0.012119128;0.066883489;1;0;0
17:20:53.933562;-0.012715291;0.012475274;0.215954844;0.015876125;0.063548259;1;0;0
17:20:53.943769;-0.012715291;0.009980219;0.217372472;0.01956877;0.056289177;1;0;0
17:20:53.953947;-0.012715291;0.007984176;0.218754098;0.023146077;0.047222;1;0;0
17:20:53.964729;-0.012715291;0.00638734;0.220206434;0.026886074;0.037331302;1;0;0
17:20:53.976755;-0.013713996;-0.014582811;0.221758613;0.03067965;0.026580367;1;0;0
17:20:53.985636;-0.013713996;-0.011666249;0.223425185;0.034754971;0.021493027;1;0;0
17:20:54.003013;-0.012699333;0.002219004;0.22595457;0.041231361;0.016794469;1;0;0
17:20:54.013246;-0.013697485;-0.017957768;0.227557079;0.045127857;0.014126729;1;0;0
17:20:54.024087;-0.013697485;-0.014366214;0.229290122;0.049344541;0.011171046;1;0;0
17:20:54.035527;-0.013697485;-0.011492971;0.230974526;0.053444921;0.007709367;1;0;0
17:20:54.044069;-0.013697485;-0.009194377;0.23260666;0.057419366;0.005244942;1;0;0
17:20:54.055513;-0.014712148;-0.025120871;0.234598735;0.062079868;0.003651546;1;0;0
17:20:54.066615;-0.014712148;-0.020096696;0.236403799;0.066321106;0.002224443;1;0;0
17:20:54.076718;-0.014712148;-0.016077357;0.238176009;0.070500037;0.001551489;1;0;0
17:20:54.087436;-0.015727043;-0.031709139;0.240188263;0.075088216;0.000892366;1;0;0
17:20:54.097564;-0.015727043;-0.025367311;0.242170817;0.079638093;-0.001143821;1;0;0
17:20:54.108175;-0.015727043;-0.020293849;0.244042358;0.083957367;-0.002128138;1;0;0
17:20:54.117730;-0.01672464;-0.036039269;0.246029757;0.088413418;-0.001999631;1;0;0
17:20:54.128151;-0.01672464;-0.028831415;0.24801101;0.092888686;-0.004275884;1;0;0
17:20:54.138722;-0.01672464;-0.023065132;0.249988138;0.097384679;-0.003754052;1;0;0
17:20:54.149504;-0.018018865;-0.040584121;0.25244086;0.102775505;-0.004372409;1;0;0
17:20:54.160236;-0.019016823;-0.052200625;0.254660606;0.107559795;-0.006966161;1;0;0
17:20:54.170704;-0.019016823;-0.0417605;0.256949748;0.112546682;-0.011460492;1;0;0
17:20:54.181515;-0.019016823;-0.0334084;0.259278287;0.117670788;-0.013855699;1;0;0
17:20:54.191376;-0.019016823;-0.02672672;0.261432116;0.122453125;-0.013045941;1;0;0
17:20:54.202319;-0.019016823;-0.021381376;0.263611029;0.127329605;-0.009530608;1;0;0
17:20:54.211495;-0.019016823;-0.017105101;0.265761794;0.132177914;-0.005969342;1;0;0
17:20:54.222782;-0.019016823;-0.013684081;0.267971705;0.137192449;2.54E-05;1;0;0
17:20:54.232101;-0.019016823;-0.010947265;0.270084324;0.142014585;0.009241747;1;0;0
17:20:54.243137;-0.019016823;-0.008757812;0.272371817;0.147264149;0.016391059;1;0;0
17:20:54.254654;-0.019016823;-0.007006249;0.274620441;0.1524503;0.025149083;1;0;0
17:20:54.265306;-0.021029576;-0.042523504;0.277154886;0.157992981;0.025229186;1;0;0
17:20:54.276332;-0.021029576;-0.034018803;0.279614916;0.163423866;0.020898929;1;0;0
17:20:54.285930;-0.021029576;-0.027215042;0.281960697;0.168645646;0.016616642;1;0;0
17:20:54.295916;-0.021029576;-0.021772034;0.284255901;0.173792333;0.01591769;1;0;0
17:20:54.306527;-0.020014221;0.002682128;0.286432372;0.178851679;0.017316205;1;0;0
17:20:54.317335;-0.020014221;0.002145702;0.288606371;0.183921652;0.019616414;1;0;0
17:20:54.327293;-0.020014221;0.001716562;0.29089756;0.189280774;0.027632669;1;0;0
17:20:54.337308;-0.020014221;0.001373249;0.293255951;0.194812223;0.034815438;1;0;0
17:20:54.348938;-0.020014221;0.0010986;0.295784895;0.200758787;0.042203709;1;0;0
17:20:54.359691;-0.020014221;0.00087888;0.297990645;0.205956695;0.046719175;1;0;0
17:20:54.370387;-0.018999094;0.019617934;0.300227094;0.211403654;0.052250903;1;0;0
17:20:54.381563;-0.018999094;0.015694347;0.302425648;0.21674944;0.052277055;1;0;0
17:20:54.390727;-0.018999094;0.012555478;0.304653006;0.222157335;0.051255345;1;0;0
17:20:54.400844;-0.018999094;0.010044382;0.306815599;0.227401235;0.051418774;1;0;0
17:20:54.411678;-0.018999094;0.008035506;0.30901303;0.232723607;0.054236762;1;0;0
17:20:54.421666;-0.018999094;0.006428405;0.311216882;0.238056179;0.057580862;1;0;0
17:20:54.431682;-0.018999094;0.005142724;0.313581208;0.243771841;0.058050275;1;0;0
17:20:54.443053;-0.020014221;-0.015473943;0.316003716;0.249457076;0.05422296;1;0;0
17:20:54.453720;-0.020014221;-0.012379154;0.318535455;0.255412629;0.047341328;1;0;0
17:20:54.464247;-0.022026414;-0.047114059;0.321326072;0.261663347;0.030542683;1;0;0
17:20:54.474730;-0.022026414;-0.037691247;0.324025376;0.267752077;0.015217583;1;0;0
17:20:54.484767;-0.022026414;-0.030152998;0.326639234;0.273684797;0.003150717;1;0;0
17:20:54.494857;-0.023041996;-0.043740905;0.3294036;0.279845283;-0.004590247;1;0;0
17:20:54.505800;-0.023041996;-0.034992724;0.332104103;0.285907661;-0.007957464;1;0;0
17:20:54.515382;-0.023041996;-0.027994179;0.334882383;0.292186897;-0.010294809;1;0;0
17:20:54.525987;-0.023041996;-0.022395343;0.337617297;0.298406838;-0.006474815;1;0;0
17:20:54.537747;-0.023041996;-0.017916275;0.340374642;0.304713697;-0.003706661;1;0;0
17:20:54.547456;-0.023041996;-0.01433302;0.34319781;0.311205565;0.005138487;1;0;0
17:20:54.557036;-0.023041996;-0.011466416;0.345859745;0.317356146;0.01201067;1;0;0
17:20:54.568364;-0.023041996;-0.009173133;0.348592107;0.323696927;0.019579608;1;0;0
17:20:54.578526;-0.024038271;-0.026434585;0.351451145;0.330208218;0.023463678;1;0;0
17:20:54.588897;-0.024038271;-0.021147668;0.354292091;0.336716802;0.024205498;1;0;0
17:20:54.599023;-0.025054078;-0.036025633;0.357310844;0.343518644;0.023435658;1;0;0
17:20:54.609503;-0.025054078;-0.028820506;0.360280658;0.350258531;0.02152491;1;0;0
17:20:54.623248;-0.025337398;-0.028253233;0.363384733;0.35730789;0.019831249;1;0;0
17:20:54.631427;-0.025337398;-0.022602586;0.366426269;0.364262523;0.019312168;1;0;0
17:20:54.642089;-0.025337398;-0.018082069;0.369340232;0.370966401;0.017149188;1;0;0
17:20:54.652024;-0.025337398;-0.014465655;0.372323357;0.377868154;0.015930841;1;0;0
17:20:54.662599;-0.025337398;-0.011572524;0.375186179;0.384526089;0.016442632;1;0;0
17:20:54.672240;-0.024321591;0.010913048;0.377914565;0.391047051;0.020448066;1;0;0
17:20:54.682312;-0.024321591;0.008730438;0.380669848;0.397647384;0.027748046;1;0;0
17:20:54.693700;-0.024321591;0.006984351;0.38350016;0.404442723;0.031783573;1;0;0
17:20:54.703062;-0.024321591;0.005587481;0.386292584;0.411161847;0.036997389;1;0;0
17:20:54.713881;-0.023306009;0.024640778;0.388950652;0.417723182;0.043514702;1;0;0
17:20:54.723756;-0.022290654;0.038600109;0.39169541;0.424664514;0.051941559;1;0;0
17:20:54.734620;-0.022290654;0.030880087;0.394412727;0.431518223;0.058721285;1;0;0
17:20:54.744944;-0.023287277;0.004917355;0.397145568;0.438237996;0.065117814;1;0;0
17:20:54.755107;-0.023287277;0.003933884;0.399908419;0.445036772;0.065093882;1;0;0
17:20:54.765685;-0.023572076;-0.002167311;0.402880372;0.452310846;0.061239317;1;0;0
17:20:54.775897;-0.024569044;-0.020107082;0.406014654;0.459834351;0.054874223;1;0;0
17:20:54.786593;-0.025584399;-0.035109161;0.409211726;0.467382599;0.04105974;1;0;0
17:20:54.797363;-0.026580797;-0.047019407;0.412464859;0.474960241;0.022559173;1;0;0
17:20:54.808301;-0.027576623;-0.05674867;0.415772919;0.482579065;0.00337812;1;0;0
17:20:54.818164;-0.027576623;-0.045398936;0.419128814;0.490373413;-0.011607985;1;0;0
17:20:54.828891;-0.028860886;-0.060381689;0.422616392;0.498353574;-0.022245636;1;0;0
17:20:54.839959;-0.029856471;-0.06745891;0.426087992;0.506236697;-0.028569208;1;0;0
17:20:54.850067;-0.029856471;-0.053967128;0.429427042;0.513895899;-0.031268418;1;0;0
17:20:54.861005;-0.030851479;-0.061406979;0.433110657;0.522286504;-0.031085609;1;0;0
17:20:54.870833;-0.031845907;-0.067897943;0.436752096;0.530535909;-0.029137701;1;0;0
17:20:54.882527;-0.031845907;-0.054318354;0.440397623;0.538890341;-0.026377546;1;0;0
17:20:54.892335;-0.032138212;-0.049225494;0.443829386;0.546800956;-0.020243665;1;0;0
17:20:54.903293;-0.033132963;-0.057855831;0.447543748;0.555314674;-0.015706204;1;0;0
17:20:54.913406;-0.033132963;-0.046284665;0.450996712;0.563319056;-0.010113698;1;0;0
17:20:54.923001;-0.033132963;-0.037027732;0.454394519;0.571277655;-6.01E-05;1;0;0
17:20:54.934923;-0.035164352;-0.06776314;0.458160047;0.579903501;0.005778722;1;0;0
17:20:54.944088;-0.035164352;-0.054210512;0.461686589;0.588081283;0.010055979;1;0;0
17:20:54.955109;-0.037283049;-0.082619469;0.465621657;0.597021844;0.009377124;1;0;0
17:20:54.966032;-0.038276631;-0.08419457;0.469660587;0.606195267;0.008071175;1;0;0
17:20:54.976593;-0.042338852;-0.143165303;0.473944508;0.615535539;-0.003336291;1;0;0
17:20:54.987605;-0.047397459;-0.208236763;0.478670747;0.625404571;-0.026380805;1;0;0
17:20:54.998665;-0.048710871;-0.19193406;0.48320393;0.634922503;-0.047430437;1;0;0
17:20:55.008764;-0.050721295;-0.191105932;0.487950985;0.644868045;-0.06839738;1;0;0
17:20:55.019159;-0.050721295;-0.152884746;0.49263502;0.654892045;-0.076899201;1;0;0
17:20:55.029347;-0.051738614;-0.141824381;0.497089954;0.664506117;-0.085092388;1;0;0
17:20:55.040383;-0.051738614;-0.113459505;0.50141431;0.674022817;-0.075981669;1;0;0
17:20:55.050504;-0.051738614;-0.090767604;0.50573646;0.683717501;-0.060612135;1;0;0
17:20:55.061597;-0.051738614;-0.072614083;0.51006047;0.693600212;-0.03165843;1;0;0
17:20:55.072724;-0.052756131;-0.077160589;0.514273795;0.703279356;-0.002760316;1;0;0
17:20:55.082538;-0.052458739;-0.055842205;0.518146246;0.712367985;0.02602182;1;0;0
17:20:55.093275;-0.053476451;-0.063693385;0.522255149;0.72204401;0.049740974;1;0;0
17:20:55.102666;-0.053476451;-0.050954708;0.526038753;0.731106844;0.063876174;1;0;0
17:20:55.113691;-0.053476451;-0.040763767;0.530037467;0.74084512;0.080429703;1;0;0
17:20:55.125204;-0.054494357;-0.051142751;0.534089851;0.750742594;0.08821629;1;0;0
17:20:55.136031;-0.05350195;-0.022374435;0.537866585;0.76025742;0.105721757;1;0;0
17:20:55.145446;-0.054494357;-0.037604404;0.541439473;0.769266137;0.114973225;1;0;0
17:20:55.156173;-0.053206043;-0.005862311;0.545029413;0.778635001;0.133443192;1;0;0
17:20:55.166087;-0.052213946;0.0149065;0.548309604;0.787450439;0.144340664;1;0;0
17:20:55.176218;-0.052213946;0.0119252;0.551534098;0.796223646;0.153466076;1;0;0
17:20:55.188003;-0.052213946;0.00954016;0.554953519;0.805645718;0.156663001;1;0;0
17:20:55.197543;-0.051221264;0.027306997;0.558010746;0.81431836;0.155343339;1;0;0
17:20:55.208307;-0.050203358;0.041411916;0.561043742;0.823173081;0.164271459;1;0;0
17:20:55.218135;-0.049305089;0.050914022;0.563889464;0.831700698;0.172637135;1;0;0
17:20:55.228249;-0.048019517;0.065315542;0.566708179;0.840431589;0.188223749;1;0;0
17:20:55.239109;-0.047025991;0.071434459;0.569404914;0.849012784;0.195899799;1;0;0
17:20:55.249211;-0.046031889;0.076804561;0.571950406;0.857330397;0.214276373;1;0;0
17:20:55.260904;-0.04503721;0.078671137;0.574761594;0.86676246;0.223109394;1;0;0
17:20:55.270967;-0.044041957;0.082458674;0.577163775;0.875037354;0.23495093;1;0;0
17:20:55.281507;-0.043754428;0.071388742;0.579638321;0.883646654;0.238310739;1;0;0
17:20:55.291175;-0.041742823;0.097033275;0.581838606;0.891699386;0.236123636;1;0;0
17:20:55.301227;-0.041742823;0.07762662;0.584044042;0.89977973;0.225368246;1;0;0
17:20:55.312283;-0.041742823;0.062101296;0.58638674;0.908385041;0.20850344;1;0;0
17:20:55.322597;-0.039730844;0.089635427;0.588445569;0.916359956;0.192019537;1;0;0
17:20:55.333792;-0.039730844;0.071708342;0.590708266;0.925133068;0.171407282;1;0;0
17:20:55.343717;-0.038714549;0.077452962;0.592711159;0.933123639;0.161654368;1;0;0
17:20:55.353931;-0.036702397;0.099352447;0.594696197;0.941498714;0.144892186;1;0;0
17:20:55.364684;-0.035586384;0.101201914;0.59652347;0.949446689;0.140802309;1;0;0
17:20:55.374900;-0.03456967;0.099635951;0.598397178;0.957826033;0.132497802;1;0;0
17:20:55.386558;-0.033553162;0.098623295;0.600186539;0.966056829;0.125108153;1;0;0
17:20:55.396477;-0.031540239;0.11865684;0.601750414;0.97370599;0.125067398;1;0;0
17:20:55.406834;-0.02952696;0.134218077;0.603216799;0.981346378;0.12767759;1;0;0
17:20:55.417153;-0.028511082;0.127488737;0.604618192;0.988847963;0.127777487;1;0;0
17:20:55.427335;-0.026497665;0.139073627;0.606010304;0.996813202;0.125067815;1;0;0
17:20:55.437239;-0.024483902;0.151237684;0.607201207;1.004115122;0.12869674;1;0;0
17:20:55.448283;-0.023468672;0.139883346;0.608435996;1.011882134;0.128996968;1;0;0
17:20:55.458505;-0.023468672;0.111906677;0.609655886;1.019415705;0.120937772;1;0;0
17:20:55.468458;-0.022469796;0.109358495;0.610801398;1.026707903;0.107384704;1;0;0
17:20:55.479047;-0.020720214;0.122052099;0.611867189;1.03396242;0.096733145;1;0;0
17:20:55.489391;-0.01970565;0.116466297;0.612962565;1.041659065;0.080592938;1;0;0
17:20:55.499650;-0.01970565;0.093173038;0.614040627;1.049110092;0.055531416;1;0;0
17:20:55.511069;-0.020705445;0.056103424;0.615244539;1.056980845;0.025203157;1;0;0
17:20:55.521401;-0.018563407;0.086880478;0.61625877;1.064276185;0.00595397;1;0;0
17:20:55.532127;-0.018563407;0.069504382;0.617349107;1.072061822;-0.013009601;1;0;0
17:20:55.542176;-0.018830363;0.050615994;0.618445458;1.079772744;-0.028355021;1;0;0
17:20:55.553743;-0.0178157;0.059159763;0.61949839;1.087554649;-0.040420383;1;0;0
17:20:55.564745;-0.0178157;0.047327811;0.620542198;1.095284579;-0.054469649;1;0;0
17:20:55.574533;-0.018815287;0.018059421;0.621567434;1.102579622;-0.064837188;1;0;0
17:20:55.585322;-0.017800859;0.033720465;0.622568165;1.110128852;-0.076631099;1;0;0
17:20:55.594765;-0.017800859;0.026976372;0.623518476;1.117380802;-0.078914598;1;0;0
17:20:55.605970;-0.016786668;0.040460033;0.624458404;1.125024969;-0.079680733;1;0;0
17:20:55.616530;-0.01878414;-0.003628075;0.625523494;1.1330264;-0.08245077;1;0;0
17:20:55.627103;-0.019070077;-0.008523784;0.62648919;1.140360684;-0.087463371;1;0;0
17:20:55.638011;-0.020068873;-0.024495576;0.627584222;1.148541769;-0.090123966;1;0;0
17:20:55.648803;-0.019054921;0.000469782;0.628482054;1.155786558;-0.091865942;1;0;0
17:20:55.658820;-0.019054921;0.000375826;0.629407491;1.163484087;-0.096678227;1;0;0
17:20:55.669680;-0.019054921;0.000300661;0.630305269;1.171206861;-0.097874343;1;0;0
17:20:55.680709;-0.019054921;0.000240529;0.631109964;1.178373524;-0.095630325;1;0;0
17:20:55.690373;-0.023335428;-0.084211593;0.632077518;1.185747311;-0.101763532;1;0;0
17:20:55.701311;-0.025346202;-0.104661043;0.633146031;1.193637972;-0.109475404;1;0;0
17:20:55.711232;-0.026342441;-0.103365946;0.634137313;1.201058543;-0.120699562;1;0;0
17:20:55.722189;-0.027338096;-0.10114127;0.635173678;1.208945362;-0.124744982;1;0;0
17:20:55.733004;-0.028333166;-0.099508088;0.636178912;1.216753987;-0.133582175;1;0;0
17:20:55.742282;-0.029327648;-0.099352285;0.63710395;1.224091867;-0.141137153;1;0;0
17:20:55.752651;-0.029327648;-0.079481828;0.637969463;1.231381185;-0.140749514;1;0;0
17:20:55.763157;-0.030618627;-0.089179031;0.638828129;1.238680266;-0.134410679;1;0;0
17:20:55.773375;-0.031632818;-0.090234141;0.639717324;1.246433612;-0.120374493;1;0;0
17:20:55.784529;-0.031632818;-0.072187313;0.640513895;1.253884991;-0.105946235;1;0;0
17:20:55.794014;-0.031632818;-0.05774985;0.641228449;1.261054714;-0.084518872;1;0;0
17:20:55.804972;-0.032647246;-0.065426877;0.641956801;1.268553282;-0.073188417;1;0;0
17:20:55.816431;-0.035628077;-0.102190791;0.642830474;1.277109665;-0.068017803;1;0;0
17:20:55.826568;-0.036943112;-0.10771455;0.643548135;1.284343204;-0.06882295;1;0;0
17:20:55.837542;-0.036943112;-0.08617164;0.644218783;1.291682016;-0.06537094;1;0;0
17:20:55.848244;-0.036943112;-0.068937312;0.644854761;1.299279411;-0.054794416;1;0;0
17:20:55.858405;-0.037958007;-0.07388714;0.645465199;1.306878856;-0.04599927;1;0;0
17:20:55.869249;-0.037958007;-0.059109712;0.646018507;1.314467962;-0.032389823;1;0;0
17:20:55.880607;-0.037958007;-0.047287769;0.646501226;1.321781805;-0.01944666;1;0;0
17:20:55.890793;-0.037958007;-0.037830216;0.646946881;1.329271414;-0.006801787;1;0;0
17:20:55.901470;-0.038973134;-0.050415691;0.647343324;1.33618784;0.002630746;1;0;0
17:20:55.911536;-0.03996645;-0.059775495;0.647729569;1.343190489;0.013088709;1;0;0
17:20:55.922986;-0.03996645;-0.047820396;0.648086562;1.35043816;0.02083659;1;0;0
17:20:55.932733;-0.03996645;-0.038256317;0.648388552;1.357340808;0.024656549;1;0;0
17:20:55.942799;-0.03996645;-0.030605053;0.648671551;1.364679626;0.028425634;1;0;0
17:20:55.953145;-0.03996645;-0.024484043;0.648900641;1.371467161;0.03307496;1;0;0
17:20:55.963209;-0.03996645;-0.019587234;0.649104309;1.378394514;0.044470567;1;0;0
17:20:55.974793;-0.03996645;-0.015669787;0.649286152;1.385600681;0.056214884;1;0;0
17:20:55.985297;-0.03996645;-0.01253583;0.649435109;1.39257149;0.069074072;1;0;0
17:20:55.995922;-0.03996645;-0.010028664;0.649563566;1.399784411;0.086108714;1;0;0
17:20:56.006802;-0.041261928;-0.03195028;0.649693896;1.406949226;0.093078598;1;0;0
17:20:56.017134;-0.041261928;-0.025560224;0.649794031;1.413675559;0.090247057;1;0;0
17:20:56.027830;-0.041261928;-0.020448179;0.649878059;1.420732183;0.081868045;1;0;0
17:20:56.037858;-0.040268316;0.002637031;0.649923667;1.427576747;0.079917125;1;0;0
17:20:56.048659;-0.041283671;-0.017725313;0.649970783;1.434278068;0.076921076;1;0;0
17:20:56.059058;-0.042299253;-0.033799738;0.650019838;1.4410564;0.073325053;1;0;0
17:20:56.069635;-0.04331506;-0.045936361;0.650070809;1.448096173;0.06952478;1;0;0
17:20:56.080503;-0.044308672;-0.055265658;0.650120264;1.455122557;0.067915514;1;0;0
17:20:56.091380;-0.045433202;-0.064812221;0.650170209;1.46227076;0.059906702;1;0;0
17:20:56.101577;-0.047463881;-0.089259395;0.650230401;1.469389836;0.043204695;1;0;0
17:20:56.112036;-0.046470269;-0.051723287;0.650259591;1.475983593;0.031791355;1;0;0
17:20:56.123020;-0.048501811;-0.07967734;0.650300686;1.48292348;0.013717899;1;0;0
17:20:56.135105;-0.05155071;-0.119662028;0.650360789;1.490075112;0.002393551;1;0;0
17:20:56.145302;-0.05155071;-0.095729622;0.65040275;1.496966045;-0.007888112;1;0;0
17:20:56.154464;-0.053584341;-0.116909554;0.650447147;1.503570634;-0.012949886;1;0;0
17:20:56.165281;-0.053584341;-0.093527643;0.650480981;1.51069417;-0.010230088;1;0;0
17:20:56.175918;-0.05561878;-0.112907773;0.650516597;1.517679394;-0.015686963;1;0;0
17:20:56.186568;-0.055364913;-0.085553034;0.650538796;1.524621391;-0.012055855;1;0;0
17:20:56.197073;-0.055364913;-0.068442427;0.650551825;1.531376817;-0.009840177;1;0;0
17:20:56.206826;-0.05548228;-0.057077665;0.650558811;1.537955473;-0.000168823;1;0;0
17:20:56.217166;-0.05548228;-0.045662132;0.650561297;1.544553864;0.012308232;1;0;0
17:20:56.227365;-0.056200774;-0.050801808;0.650562778;1.551105539;0.029510397;1;0;0
17:20:56.236909;-0.056200774;-0.040641446;0.650562146;1.557813563;0.04794649;1;0;0
17:20:56.251158;-0.057241277;-0.047887362;0.650561876;1.566619103;0.055734746;1;0;0
17:20:56.262854;-0.056944192;-0.033178943;0.650561862;1.574152668;0.066602118;1;0;0
17:20:56.272724;-0.057937497;-0.045986723;0.650563061;1.580800862;0.066557147;1;0;0
17:20:56.283729;-0.057937497;-0.036789379;0.650566886;1.587784227;0.072522506;1;0;0
17:20:56.293883;-0.057912764;-0.028978191;0.65057484;1.594891342;0.071828209;1;0;0
17:20:56.304789;-0.056870554;-0.002496325;0.650590136;1.601462139;0.076549999;1;0;0
17:20:56.315644;-0.056845201;-0.00149681;0.650611554;1.608078194;0.084634908;1;0;0
17:20:56.324938;-0.056845201;-0.001197448;0.650641698;1.615127971;0.09091197;1;0;0
17:20:56.335403;-0.054714975;0.040015252;0.650690793;1.621942776;0.10412398;1;0;0
17:20:56.346033;-0.055828514;0.010007463;0.650740336;1.628578139;0.108987987;1;0;0
17:20:56.357476;-0.054537805;0.03190269;0.650812688;1.635680427;0.12533839;1;0;0
17:20:56.367347;-0.054537805;0.025522152;0.650894463;1.642679591;0.124148682;1;0;0
17:20:56.377736;-0.054537805;0.020417722;0.650982483;1.649360688;0.129959688;1;0;0
17:20:56.387450;-0.055554492;-0.00385845;0.651070352;1.656004307;0.122810967;1;0;0
17:20:56.398204;-0.055255901;0.002657185;0.651174818;1.662878287;0.115870193;1;0;0
17:20:56.408594;-0.054239214;0.021991694;0.651299902;1.669669085;0.112011105;1;0;0
17:20:56.419060;-0.054239214;0.017593355;0.651444298;1.676872286;0.107198782;1;0;0
17:20:56.429310;-0.054239214;0.014074684;0.651600131;1.684044306;0.10524869;1;0;0
17:20:56.439768;-0.053941215;0.017176974;0.651761162;1.690769232;0.093402736;1;0;0
17:20:56.449919;-0.052951773;0.032800861;0.651953211;1.697729366;0.097752929;1;0;0
17:20:56.462761;-0.053671939;0.014343997;0.652178636;1.705849336;0.091049142;1;0;0
17:20:56.473756;-0.05369968;0.010966516;0.652394788;1.713180116;0.08983054;1;0;0
17:20:56.483594;-0.053404636;0.014620852;0.652611194;1.719980966;0.08364597;1;0;0
17:20:56.493672;-0.053432876;0.011143913;0.652840877;1.726879946;0.075401835;1;0;0
17:20:56.503558;-0.054450135;-0.011238543;0.653059773;1.733690386;0.063227594;1;0;0
17:20:56.513570;-0.053196392;0.015847395;0.653313959;1.740538662;0.05035954;1;0;0
17:20:56.524376;-0.053196392;0.012677916;0.653591862;1.747736845;0.047970936;1;0;0
17:20:56.534597;-0.054796409;-0.019488194;0.653851001;1.755056023;0.042459365;1;0;0
17:20:56.545046;-0.054796409;-0.015590555;0.654113059;1.762142429;0.039390933;1;0;0
17:20:56.556710;-0.056831225;-0.052094676;0.654335024;1.769083974;0.025934478;1;0;0
17:20:56.566783;-0.056831225;-0.041675741;0.65457723;1.776290484;0.020316174;1;0;0
17:20:56.577029;-0.050069505;0.096888786;0.65499442;1.783507176;0.023392022;1;0;0
17:20:56.587598;-0.051087341;0.058611462;0.655407677;1.790977601;0.02582006;1;0;0
17:20:56.598386;-0.046570096;0.131814794;0.655947802;1.7984929;0.044894256;1;0;0
17:20:56.609208;-0.047669382;0.085006262;0.656467101;1.80606858;0.056646693;1;0;0
17:20:56.619083;-0.043186182;0.15247571;0.657115726;1.813688916;0.093653701;1;0;0
17:20:56.630244;-0.039942675;0.182038058;0.657876785;1.821551817;0.132200912;1;0;0
17:20:56.640286;-0.036724814;0.20773927;0.658703492;1.829199736;0.175564706;1;0;0
17:20:56.650923;-0.033506622;0.22978406;0.659605784;1.836773515;0.21023199;1;0;0
17:20:56.661380;-0.02279235;0.380796408;0.660931161;1.845282056;0.250121415;1;0;0
17:20:56.672164;-0.015322761;0.452124528;0.662394212;1.853447185;0.320080012;1;0;0
17:20:56.682676;-0.005857865;0.529818817;0.664351031;1.862873439;0.399949789;1;0;0
17:20:56.694125;-0.002571424;0.484955991;0.666312806;1.871992493;0.516031086;1;0;0
17:20:56.703914;-0.004606574;0.347702113;0.668055851;1.88048037;0.614261866;1;0;0
17:20:56.713657;-0.005624363;0.258037949;0.66973612;1.888926749;0.714495301;1;0;0
17:20:56.724495;-0.007660359;0.166003513;0.671306873;1.897251345;0.737443924;1;0;0
17:20:56.735315;-0.009696897;0.092619918;0.672783536;1.905540111;0.661217391;1;0;0
17:20:56.745284;0.060362835;1.39057181;0.677226593;1.917167664;0.752480984;1;0;0
17:20:56.754821;0.075895286;1.420209257;0.682012693;1.928813998;0.871903956;1;0;0
17:20:56.766199;0.075895286;1.136167405;0.686728873;1.940439249;1.071274519;1;0;0
17:20:56.775970;0.11201784;1.605427058;0.693125024;1.953991875;1.382558942;1;0;0
17:20:56.786102;0.11201784;1.284341646;0.699383686;1.96741571;1.729175091;1;0;0
17:20:56.796240;0.11201784;1.027473317;0.705419038;1.980526215;1.965447783;1;0;0
17:20:56.806814;0.166628319;1.834307213;0.714617686;1.997385406;2.094358444;1;0;0
17:20:56.817728;0.184092031;1.789441941;0.724702624;2.015276715;2.162683487;1;0;0
17:20:56.828247;0.200508331;1.749833955;0.735063856;2.033167244;2.205489635;1;0;0
17:20:56.837955;0.217938173;1.734085483;0.746404711;2.052234226;2.281943321;1;0;0
17:20:56.850019;0.217938173;1.387268387;0.757252303;2.070673129;2.377439499;1;0;0
17:20:56.858503;0.217938173;1.109814709;0.768507663;2.090034814;2.438724995;1;0;0
17:20:56.869201;0.215899579;0.84753951;0.778924384;2.108277056;2.484586477;1;0;0
17:20:56.880162;0.292777124;2.094637504;0.795146524;2.133041662;2.513205528;1;0;0
17:20:56.890897;0.312321013;2.041897003;0.812272031;2.158746359;2.557387352;1;0;0
17:20:56.900738;0.32982758;1.978611431;0.829558672;2.184362165;2.607179642;1;0;0
17:20:56.911477;0.343111717;1.837916712;0.848051608;2.211593836;2.686054468;1;0;0
17:20:56.920912;0.354507747;1.696258854;0.866538817;2.238729944;2.715008974;1;0;0
17:20:56.931919;0.377330847;1.792625162;0.887252238;2.268632213;2.689310074;1;0;0
17:20:56.943531;0.37529102;1.395606469;0.90764049;2.2985322;2.698831558;1;0;0
17:20:56.953019;0.39084709;1.425432699;0.927889795;2.328024099;2.726512432;1;0;0
17:20:56.962573;0.396199012;1.246029387;0.948252534;2.35788826;2.785838127;1;0;0
17:20:56.972322;0.394158028;0.956314379;0.967811258;2.387101201;2.871077061;1;0;0
17:20:56.983723;0.405555469;0.966058254;0.99031652;2.420710116;2.961641788;1;0;0
17:20:56.993845;0.405555469;0.772846604;1.009639375;2.450104136;3.043710947;1;0;0
17:20:57.003872;0.405555469;0.618277283;1.028467084;2.479291161;3.099758148;1;0;0
17:20:57.016387;0.395327392;0.305947159;1.046675357;2.508749532;-3.116902828;1;0;0
17:20:57.024820;0.404731209;0.431212395;1.063833652;2.536552777;-3.045269251;1;0;0
17:20:57.035705;0.413142837;0.506592828;1.0816454;2.565531348;-2.964086533;1;0;0
17:20:57.046403;0.415372694;0.447216873;1.09921245;2.594693616;-2.875827074;1;0;0
17:20:57.056790;0.411260259;0.276141672;1.114582779;2.62121724;-2.806871176;1;0;0
17:20:57.066166;0.410207448;0.200092678;1.129087067;2.647067482;-2.762242079;1;0;0
17:20:57.076225;0.411451702;0.184738728;1.14289118;2.672333723;-2.740298748;1;0;0
17:20:57.087994;0.413392526;0.180925229;1.15816166;2.701083581;-2.714233398;1;0;0
17:20:57.098240;0.41562618;0.188349393;1.170882307;2.725734251;-2.681611061;1;0;0
17:20:57.108529;0.415556813;0.149354519;1.183020502;2.75019643;-2.640740871;1;0;0
17:20:57.119954;0.414536482;0.100399563;1.194419024;2.774306734;-2.593468189;1;0;0
17:20:57.130368;0.415751567;0.103461164;1.204930614;2.797417237;-2.552104235;1;0;0
17:20:57.140305;0.416968658;0.106838784;1.214434705;2.819155465;-2.508556604;1;0;0
17:20:57.150982;0.422070304;0.183255476;1.22409667;2.841540524;-2.467408657;1;0;0
17:20:57.160992;0.427135744;0.24674111;1.233314316;2.863189689;-2.424125433;1;0;0
17:20:57.170963;0.432200144;0.292282761;1.242864749;2.885956589;-2.385561228;1;0;0
17:20:57.182717;0.437522059;0.330660798;1.25251253;2.909319517;-2.348033905;1;0;0
17:20:57.193464;0.439703398;0.304499127;1.261484644;2.93201226;-2.309978485;1;0;0
17:20:57.204595;0.441908606;0.281553838;1.270394439;2.955633547;-2.274023056;1;0;0
17:20:57.214565;0.439868557;0.184850112;1.27712021;2.975226126;-2.24095583;1;0;0
17:20:57.224988;0.438848475;0.128233535;1.283222547;2.994622775;-2.214086771;1;0;0
17:20:57.235232;0.450696083;0.336526968;1.290010182;3.014442823;-2.189781189;1;0;0
17:20:57.245209;0.454857906;0.351637758;1.296607965;3.034103008;-2.162480354;1;0;0
17:20:57.256285;0.456044536;0.303967358;1.302888598;3.053998683;-2.13244462;1;0;0
17:20:57.267402;0.45630168;0.247895979;1.308723811;3.074056213;-2.102835417;1;0;0
17:20:57.277993;0.453285121;0.142675766;1.31345091;3.092999902;-2.082441092;1;0;0
17:20:57.287866;0.45226479;0.094296587;1.317258273;3.110334156;-2.067604065;1;0;0
17:20:57.297794;0.450267897;0.035847621;1.320283681;3.126663618;-2.052325249;1;0;0
17:20:57.308816;0.447250025;-0.030478722;1.322563731;-3.140758912;-2.029358387;1;0;0
17:20:57.318797;0.446229638;-0.044536823;1.324368584;-3.125552419;-2.001007795;1;0;0
17:20:57.329071;0.443168436;-0.09345846;1.325557115;-3.110336171;-1.971910238;1;0;0
17:20:57.339185;0.443426342;-0.069856054;1.326532198;-3.095432353;-1.950268865;1;0;0
17:20:57.350706;0.443599939;-0.052635692;1.32733271;-3.080452493;-1.93634522;1;0;0
17:20:57.360759;0.443818221;-0.037792825;1.327943865;-3.066411316;-1.930632949;1;0;0
17:20:57.370979;0.445013991;-0.006631056;1.328555931;-3.052340937;-1.928579926;1;0;0
17:20:57.382587;0.44837977;0.05638221;1.329503721;-3.036890023;-1.926463366;1;0;0
17:20:57.392466;0.457710359;0.220019869;1.331455132;-3.020743786;-1.924301147;1;0;0
17:20:57.402109;0.461167183;0.242851313;1.333525058;-3.004889962;-1.916013598;1;0;0
17:20:57.413186;0.460146998;0.174853843;1.33523677;-2.989163526;-1.904335141;1;0;0
17:20:57.423425;0.46009334;0.138897801;1.336779911;-2.973068211;-1.894136071;1;0;0
17:20:57.434675;0.459406742;0.098213468;1.338015228;-2.957601522;-1.888713717;1;0;0
17:20:57.444174;0.455533607;0.001679022;1.338590089;-2.943544206;-1.881953835;1;0;0
17:20:57.455841;0.455533607;0.001343217;1.339145984;-2.928488065;-1.867290735;1;0;0
17:20:57.465995;0.439264066;-0.298460123;1.337583728;-2.91551157;-1.839374542;1;0;0
17:20:57.477115;0.439264066;-0.238768099;1.336266083;-2.902763558;-1.803498268;1;0;0
17:20:57.487632;0.422259486;-0.518267159;1.333079483;-2.892080161;-1.766230106;1;0;0
17:20:57.496993;0.411078089;-0.635846363;1.329038653;-2.882666711;-1.729074121;1;0;0
17:20:57.508104;0.397572577;-0.767240311;1.323729694;-2.874120081;-1.69065249;1;0;0
17:20:57.518355;0.384272054;-0.870894831;1.317515523;-2.86667115;-1.650980115;1;0;0
17:20:57.529928;0.371683528;-0.933892337;1.310375854;-2.859863687;-1.613343716;1;0;0
17:20:57.539700;0.351744608;-1.120248665;1.301620837;-2.854662193;-1.575704694;1;0;0
17:20:57.551645;0.351744608;-0.896198932;1.294158223;-2.848651527;-1.537567019;1;0;0
17:20:57.560325;0.344410236;-0.860803115;1.286868699;-2.842781619;-1.501059294;1;0;0
17:20:57.571066;0.336839215;-0.82887558;1.279192495;-2.836604922;-1.46455121;1;0;0
17:20:57.581329;0.319026971;-0.994694747;1.27035907;-2.831744005;-1.430366278;1;0;0
17:20:57.591338;0.310411253;-0.965929877;1.26207435;-2.82720821;-1.395988584;1;0;0
17:20:57.602301;0.299914347;-0.964237858;1.252928297;-2.822569232;-1.361712575;1;0;0
17:20:57.613533;0.292298556;-0.913995125;1.244250614;-2.817911831;-1.322056532;1;0;0
17:20:57.624355;0.277654697;-1.005004333;1.234893295;-2.814011285;-1.276644349;1;0;0
17:20:57.634876;0.261923976;-1.09861873;1.224821417;-2.810950933;-1.226660132;1;0;0
17:20:57.645127;0.264985191;-0.822642406;1.216250112;-2.806239241;-1.175353885;1;0;0
17:20:57.656109;0.232507668;-1.298244231;1.20549063;-2.804712949;-1.123617411;1;0;0
17:20:57.665743;0.215646463;-1.3654013;1.193832356;-2.803993405;-1.070860624;1;0;0
17:20:57.676549;0.196760673;-1.442396822;1.180746352;-2.804270581;-1.018286586;1;0;0
17:20:57.688719;0.178861412;-1.494572498;1.167326262;-2.805354453;-0.961847723;1;0;0
17:20:57.698355;0.160985026;-1.530542881;1.153047933;-2.807247986;-0.901376843;1;0;0
17:20:57.709071;0.146199716;-1.503110566;1.138639842;-2.809498905;-0.836930931;1;0;0
17:20:57.718317;0.129343426;-1.53633049;1.124429593;-2.812283813;-0.770209014;1;0;0
17:20:57.728961;0.112458635;-1.56284776;1.109673384;-2.815739905;-0.704387367;1;0;0
17:20:57.738752;0.096670964;-1.553031985;1.094103668;-2.819819071;-0.636733532;1;0;0
17:20:57.749840;0.081865015;-1.515590909;1.077729694;-2.82442303;-0.573512375;1;0;0
17:20:57.760444;0.050102188;-1.841495404;1.060231228;-2.831127204;-0.508604109;1;0;0
17:20:57.770689;0.050102188;-1.473196323;1.043607687;-2.836588271;-0.445072293;1;0;0
17:20:57.781198;0.032190095;-1.532638696;1.027124009;-2.842597974;-0.380915731;1;0;0
17:20:57.791826;-0.005035357;-1.930161262;1.006814271;-2.85215533;-0.320509493;1;0;0
17:20:57.802579;-0.024248815;-1.924280854;0.986806362;-2.862088682;-0.265837669;1;0;0
17:20:57.812682;-0.043453715;-1.896984818;0.96493193;-2.873481955;-0.215969026;1;0;0
17:20:57.822672;-0.062860642;-1.900473364;0.943682301;-2.885059119;-0.165521994;1;0;0
17:20:57.833515;-0.082270064;-1.883024457;0.920600864;-2.898164405;-0.117229164;1;0;0
17:20:57.844454;-0.101667364;-1.86500085;0.896682589;-2.912254037;-0.064672336;1;0;0
17:20:57.853997;-0.144300275;-2.317185518;0.870292864;-2.929516564;-0.025708608;1;0;0
17:20:57.864181;-0.144300275;-1.853748414;0.846366245;-2.944741524;0.018104935;1;0;0
17:20:57.874919;-0.144300275;-1.482998731;0.824098521;-2.958492709;0.061663058;1;0;0
17:20:57.885450;-0.183830959;-1.940375668;0.797783973;-2.976305579;0.110607602;1;0;0
17:20:57.896374;-0.1997054;-1.846384418;0.770602614;-2.995022822;0.15986748;1;0;0
17:20:57.907067;-0.215269707;-1.76358897;0.743202532;-3.01420046;0.196491644;1;0;0
17:20:57.917245;-0.226775095;-1.623535937;0.716395814;-3.033112453;0.253078103;1;0;0
17:20:57.928260;-0.239999441;-1.560991834;0.691504717;-3.05090313;0.302559406;1;0;0
17:20:57.938225;-0.246118035;-1.362332943;0.66595305;-3.069141235;0.370816946;1;0;0
17:20:57.949555;-0.251986289;-1.199446497;0.641588076;-3.086505644;0.439271033;1;0;0
17:20:57.959777;-0.258130036;-1.081336867;0.619429302;-3.102303906;0.525911152;1;0;0
17:20:57.970394;-0.254609033;-0.799851798;0.597814217;-3.117348693;0.620773256;1;0;0
17:20:57.980408;-0.255701432;-0.660479448;0.57790129;-3.131027546;0.71593082;1;0;0
17:20:57.991288;-0.260051581;-0.613999626;0.559530096;3.139564811;0.81190443;1;0;0
17:20:58.001890;-0.258787311;-0.467763688;0.541488007;3.127461094;0.890048623;1;0;0
17:20:58.012739;-0.254917428;-0.303118807;0.525041629;3.116819308;0.968102813;1;0;0.525041629
17:20:58.023577;-0.255766383;-0.258162246;0.509642391;3.107025743;1.032148004;0.998795456;0.049067674;0.509642391
17:20:58.034316;-0.253213492;-0.158677581;0.495809052;3.098555625;1.085306644;0.995184727;0.09801714;0.495809052
17:20:58.045915;-0.250438123;-0.075219378;0.483153464;3.091152283;1.126332045;0.98917651;0.146730474;0.483153464
17:20:58.055115;-0.244417324;0.059207665;0.472745316;3.08556446;1.170840979;0.98078528;0.195090322;0.472745316
17:20:58.065834;-0.232833139;0.261549339;0.463817837;3.081701938;1.223050714;0.970031253;0.24298018;0.463817837
17:20:58.076002;-0.218724283;0.474091599;0.457418985;3.080210279;1.270224094;0.956940336;0.290284677;0.457418985
17:20:58.087298;-0.197925493;0.777122288;0.454193562;3.081750507;1.312712312;0.941544065;0.336889853;0.454193562
17:20:58.097366;-0.175052391;1.073702643;0.454082779;3.086236036;1.352974057;0.923879533;0.382683432;0.454082779
17:20:58.107203;-0.150287406;1.349193695;0.457014711;3.09377083;1.402408838;0.903989293;0.427555093;0.457014711
17:20:58.117843;-0.131414504;1.432779223;0.462304644;3.103970416;1.452420473;0.881921264;0.471396737;0.462304644
17:20:58.127913;-0.100806218;1.753931863;0.470715663;3.117081353;1.508908391;0.85772861;0.514102744;0.470715663
17:20:58.137829;-0.051087171;2.386101147;0.48482326;3.136023121;1.567336798;0.831469612;0.555570233;0.48482326
17:20:58.150231;-0.023658093;2.450453502;0.501374462;-3.125615082;1.62254405;0.803207531;0.595699304;0.501374462
17:20:58.158419;-0.023658093;1.960362802;0.516569962;-3.105295321;1.679310203;0.773010453;0.634393284;0.516569962
17:20:58.168054;0.027517154;2.562296066;0.537546402;-3.078890446;1.744755745;0.740951125;0.671558955;0.537546402
17:20:58.180584;0.060677367;2.61499369;0.564348431;-3.045620721;1.824214697;0.707106781;0.707106781;0.564348431
17:20:58.191107;0.090564397;2.652613784;0.590630867;-3.013179034;1.901126385;0.671558955;0.740951125;0.590630867
17:20:58.201806;0.117375176;2.623802407;0.618396642;-2.978950264;1.968738914;0.634393284;0.773010453;0.618396642
17:20:58.212031;0.144119834;2.587782303;0.648068385;-2.942345815;2.021191359;0.595699304;0.803207531;0.648068385
17:20:58.223345;0.168803251;2.531175775;0.677879562;-2.905431962;2.078905106;0.555570233;0.831469612;0.677879562
17:20:58.234156;0.193491683;2.460498395;0.710055119;-2.865386369;2.144007444;0.514102744;0.85772861;0.710055119
17:20:58.244204;0.220256903;2.497007813;0.739553483;-2.828546001;2.213912964;0.471396737;0.881921264;0.739553483
17:20:58.255708;0.252106575;2.583238291;0.772589798;-2.787283036;2.269874096;0.427555093;0.903989293;0.772589798
17:20:58.268323;0.2768617;2.470375097;0.809737768;-2.740430028;2.318972826;0.382683432;0.923879533;0.809737768
17:20:58.278276;0.29969289;2.396470682;0.842241061;-2.698947329;2.373450994;0.336889853;0.941544065;0.842241061
17:20:58.288383;0.324581715;2.408794536;0.872573508;-2.659931009;2.427046537;0.290284677;0.956940336;0.872573508
17:20:58.299837;0.348448998;2.366343437;0.904926784;-2.617917709;2.475950718;0.24298018;0.970031253;0.904926784
17:20:58.310470;0.363143105;2.16850012;0.935288455;-2.577735633;2.529902935;0.195090322;0.98078528;0.935288455
17:20:58.320763;0.39885748;2.438044536;0.965198282;-2.538171646;2.581610203;0.146730474;0.98917651;0.965198282
17:20:58.331841;0.415586522;2.255626915;0.996143912;-2.496471861;2.640307665;0.09801714;0.995184727;0.996143912
17:20:58.341717;0.42930103;2.075889553;1.023179931;-2.459228939;2.707811594;0.049067674;0.998795456;1.023179931
17:20:58.351791;0.441749825;1.89337387;1.050204794;-2.421107625;2.782284498;6.12E-17;1;1.050204794
17:20:58.362135;0.452192913;1.718526849;1.074425566;-2.385999152;2.855553627;-0.049067674;0.998795456;1.074425566
17:20:58.374202;0.46036631;1.51756419;1.099434669;-2.348539748;2.921847105;-0.09801714;0.995184727;1.099434669
17:20:58.384308;0.466554832;1.33628021;1.11970686;-2.317030075;2.992105484;-0.146730474;0.98917651;1.11970686
17:20:58.394776;0.471753772;1.167639829;1.139064028;-2.285762922;3.065108061;-0.195090322;0.98078528;1.139064028
17:20:58.405601;0.474693044;0.989532402;1.15668227;-2.255967216;3.135375977;-0.24298018;0.970031253;1.15668227
17:20:58.416415;0.477925965;0.851433154;1.172916276;-2.227138659;-3.076961756;-0.290284677;0.956940336;1.172916276
17:20:58.426350;0.477925965;0.681146524;1.187343734;-2.199918025;-3.012211084;-0.336889853;0.941544065;1.187343734
17:20:58.437693;0.47694766;0.526614889;1.199863465;-2.174636719;-2.953004837;-0.382683432;0.923879533;1.199863465
17:20:58.447870;0.474989301;0.38428022;1.21067844;-2.151065926;-2.901748657;-0.427555093;0.903989293;1.21067844
17:20:58.458364;0.472047409;0.249431995;1.219650217;-2.129764374;-2.852613688;-0.471396737;0.881921264;1.219650217
17:20:58.469071;0.469100323;0.143613691;1.227666092;-2.108852519;-2.806614399;-0.514102744;0.85772861;1.227666092
17:20:58.480643;0.4648754;0.036410952;1.234546565;-2.088716014;-2.761738539;-0.555570233;0.831469612;1.234546565
17:20:58.491185;0.455991133;-0.137927064;1.239892054;-2.070210411;-2.71760416;-0.595699304;0.803207531;1.239892054
17:20:58.500550;0.455991133;-0.110341651;1.244541783;-2.052192896;-2.677051783;-0.634393284;0.773010453;1.244541783
17:20:58.511667;0.452028142;-0.165462528;1.248113941;-2.035822642;-2.639382601;-0.671558955;0.740951125;1.248113941
17:20:58.522348;0.448328545;-0.200757669;1.251080446;-2.019335643;-2.602482796;-0.707106781;0.707106781;1.251080446
17:20:58.533101;0.450866895;-0.113208862;1.253648423;-2.003353211;-2.564059258;-0.740951125;0.671558955;1.253648423
17:20:58.542737;0.453412569;-0.040255451;1.25577415;-1.988529936;-2.524702549;-0.773010453;0.634393284;1.25577415
17:20:58.553434;0.461516786;0.124221009;1.257955613;-1.973324764;-2.482644081;-0.803207531;0.595699304;1.257955613
17:20:58.563924;0.470352297;0.267272653;1.260191852;-1.957836404;-2.441150665;-0.831469612;0.555570233;1.260191852
17:20:58.574029;0.470352297;0.213818122;1.262037766;-1.942542158;-2.401700497;-0.85772861;0.514102744;1.262037766
17:20:58.584973;0.470352297;0.171054498;1.263531087;-1.927366372;-2.365125179;-0.881921264;0.471396737;1.263531087
17:20:58.596710;0.482788523;0.364363929;1.265251605;-1.911823213;-2.331344128;-0.903989293;0.427555093;1.265251605
17:20:58.606865;0.487064427;0.369804758;1.266789361;-1.896460245;-2.299627304;-0.923879533;0.382683432;1.266789361
17:20:58.617801;0.492326651;0.397131405;1.26814296;-1.88193657;-2.265219927;-0.941544065;0.336889853;1.26814296
17:20:58.628673;0.499553169;0.451147783;1.269524399;-1.866812227;-2.229326248;-0.956940336;0.290284677;1.269524399
17:20:58.639285;0.50774179;0.51480661;1.270878144;-1.851940358;-2.19449234;-0.970031253;0.24298018;1.270878144
17:20:58.648619;0.514926712;0.55447962;1.272122998;-1.837885408;-2.164162874;-0.98078528;0.195090322;1.272122998
17:20:58.660605;0.519170261;0.526008411;1.273264364;-1.823639156;-2.137482405;-0.98917651;0.146730474;1.273264364
17:20:58.670331;0.526326216;0.553757237;1.274415335;-1.808775247;-2.111208916;-0.995184727;0.09801714;1.274415335
17:20:58.680805;0.525354971;0.424853781;1.27527143;-1.794276528;-2.084395409;-0.998795456;0.049067674;1.27527143
17:20:58.691878;0.525354971;0.339883025;1.275907545;-1.780079272;-2.057128906;-1;-1.22E-16;1.275907545
17:20:58.701858;0.525333637;0.271492804;1.276351776;-1.766470884;-2.028599501;-0.998533414;-0.054138909;1.276351776
17:20:58.713595;0.538636737;0.468610114;1.276974314;-1.752337838;-2.002433777;-0.994137957;-0.108119018;1.276974314
17:20:58.722747;0.509445327;-0.165348632;1.276783491;-1.738729514;-1.971433401;-0.986826523;-0.161781997;1.276783491
17:20:58.733295;0.494774065;-0.411340477;1.276257697;-1.72583307;-1.940081358;-0.976620556;-0.21497044;1.276257697
17:20:58.743715;0.475747836;-0.705148403;1.275423684;-1.713757817;-1.917588234;-0.963549993;-0.267528339;1.275423684
17:20:58.754526;0.457933495;-0.901384114;1.27432078;-1.701393096;-1.901800394;-0.947653171;-0.31930153;1.27432078
17:20:58.765574;0.454367421;-0.787116223;1.273264282;-1.688686616;-1.885661125;-0.92897672;-0.370138155;1.273264282
17:20:58.775547;0.451374813;-0.688976062;1.272357879;-1.676742829;-1.863301396;-0.90757542;-0.419889102;1.272357879
17:20:58.785549;0.449658609;-0.583810748;1.271517959;-1.664203079;-1.84252739;-0.883512044;-0.468408441;1.271517959
17:20:58.795836;0.449658609;-0.467048599;1.270808252;-1.651619809;-1.830408216;-0.856857176;-0.515553857;1.270808252
17:20:58.806470;0.43482565;-0.667525388;1.27010123;-1.63950254;-1.827631354;-0.827688998;-0.561187065;1.27010123
17:20:58.817282;0.423209508;-0.748694017;1.269398836;-1.626463683;-1.834042192;-0.796093066;-0.605174215;1.269398836
17:20:58.828015;0.407452428;-0.89233693;1.268769691;-1.613460891;-1.834119201;-0.762162055;-0.647386285;1.268769691
17:20:58.838288;0.389577138;-1.043529263;1.268240458;-1.600233777;-1.821538687;-0.725995492;-0.687699459;1.268240458
17:20:58.849584;0.383714458;-0.945493869;1.26791047;-1.587128885;-1.791214943;-0.687699459;-0.725995492;1.26791047
17:20:58.860340;0.363676102;-1.130445686;1.267751117;-1.573704588;-1.749537945;-0.647386285;-0.762162055;1.267751117
17:20:58.869968;0.347636295;-1.222717447;1.267808312;-1.560872797;-1.69773221;-0.605174215;-0.796093066;1.267808312
17:20:58.879989;0.287381032;-2.168595959;1.26819082;-1.547654132;-1.644393444;-0.561187065;-0.827688998;1.26819082
17:20:58.890774;0.268396885;-2.111192651;1.268912745;-1.534133428;-1.590888381;-0.515553857;-0.856857176;1.268912745
17:20:58.900762;0.268396885;-1.688954121;1.269909097;-1.520312187;-1.534607887;-0.468408441;-0.883512044;1.269909097
17:20:58.910930;0.229185557;-2.128763537;1.271430267;-1.505976284;-1.466555119;-0.419889102;-0.90757542;1.271430267
17:20:58.920938;0.206945043;-2.11740859;1.273565511;-1.490182478;-1.387696266;-0.370138155;-0.92897672;1.273565511
17:20:58.932303;0.186818758;-2.077984722;1.276185078;-1.474201397;-1.305477142;-0.31930153;-0.947653171;1.276185078
17:20:58.941556;0.167666922;-2.040765837;1.279250424;-1.458201807;-1.225584984;-0.267528339;-0.963549993;1.279250424
17:20:58.951665;0.14743384;-2.02548908;1.282966157;-1.441290954;-1.148637414;-0.21497044;-0.976620556;1.282966157
17:20:58.963040;0.125042375;-2.038314713;1.287547001;-1.422938135;-1.068456054;-0.161781997;-0.986826523;1.287547001
17:20:58.973772;0.104802591;-2.009849196;1.292841462;-1.403871061;-0.991674185;-0.108119018;-0.994137957;1.292841462
17:20:58.984445;0.083418842;-2.011769364;1.29889245;-1.384098558;-0.910406232;-0.054138909;-0.998533414;1.29889245
17:20:58.994697;0.062047284;-2.001813268;1.306000725;-1.362803303;-0.824799418;6.12E-17;-1;1.306000725
17:20:59.005490;0.023598274;-2.362120351;1.313929113;-1.34163242;-0.739219129;0.054138909;-0.998533414;1.313929113
17:20:59.017247;0.005274838;-2.206328229;1.324005741;-1.31629051;-0.65572536;0.108119018;-0.994137957;1.324005741
17:20:59.026454;0.005274838;-1.765062583;1.333133502;-1.293727741;-0.577661633;0.161781997;-0.986826523;1.333133502
17:20:59.038017;-0.015077197;-1.784120056;1.344096613;-1.268120627;-0.496297628;0.21497044;-0.976620556;1.344096613
17:20:59.048662;-0.03233335;-1.751827928;1.355759322;-1.242102399;-0.416199833;0.267528339;-0.963549993;1.355759322
17:20:59.058670;-0.049811751;-1.730283893;1.368479381;-1.21490201;-0.337130725;0.31930153;-0.947653171;1.368479381
17:20:59.069350;-0.068051691;-1.746497622;1.381609861;-1.187925345;-0.26340127;0.370138155;-0.92897672;1.381609861
17:20:59.079228;-0.083479187;-1.703468227;1.395739182;-1.159806129;-0.197438642;0.419889102;-0.90757542;1.395739182
17:20:59.089792;-0.099624087;-1.671805395;1.411507454;-1.129372007;-0.13232331;0.468408441;-0.883512044;1.411507454
17:20:59.100165;-0.115031096;-1.642761061;1.427818047;-1.098733703;-0.067209795;0.515553857;-0.856857176;1.427818047
17:20:59.109694;-0.142802882;-1.847203995;1.446551833;-1.065023187;-0.008149563;0.561187065;-0.827688998;1.446551833
17:20:59.120660;-0.157174263;-1.762654433;1.465789829;-1.031094015;0.040010445;0.605174215;-0.796093066;1.465789829
17:20:59.130470;-0.171604231;-1.695941658;1.486173614;-0.995806942;0.08463902;0.647386285;-0.762162055;1.486173614
17:20:59.140533;-0.183933447;-1.590480715;1.508531896;-0.957651613;0.133499712;0.687699459;-0.725995492;1.508531896
17:20:59.151508;-0.183933447;-1.272384572;1.530957284;-0.919250741;0.187349334;0.725995492;-0.687699459;1.530957284
17:20:59.162002;-0.196643882;-1.268718062;1.553657485;-0.880918571;0.246889204;0.762162055;-0.647386285;1.553657485
17:20:59.172062;-0.208943093;-1.258267743;1.577354999;-0.841392888;0.316026062;0.796093066;-0.605174215;1.577354999
17:20:59.181919;-0.222658708;-1.278073872;1.602216647;-0.800466329;0.386286288;0.827688998;-0.561187065;1.602216647
17:20:59.192121;-0.234968972;-1.251707842;1.629766564;-0.755561185;0.451068074;0.856857176;-0.515553857;1.629766564
17:20:59.202336;-0.255758096;-1.407862159;1.657847004;-0.710667052;0.494599104;0.883512044;-0.468408441;1.657847004
17:20:59.212522;-0.263289445;-1.275357123;1.686174057;-0.665444841;0.53636086;0.90757542;-0.419889102;1.686174057
17:20:59.223333;-0.267437342;-1.102238707;1.714796376;-0.619609003;0.57671535;0.92897672;-0.370138155;1.714796376
17:20:59.233433;-0.270718442;-0.945352004;1.74413309;-0.572416683;0.621557236;0.947653171;-0.31930153;1.74413309
17:20:59.244269;-0.268044248;-0.703649344;1.772530547;-0.526151237;0.672010601;0.963549993;-0.267528339;1.772530547
17:20:59.253660;-0.265480372;-0.512221947;1.800343583;-0.480269321;0.734897494;0.976620556;-0.21497044;1.800343583
17:20:59.264129;-0.264078071;-0.383873164;1.829780217;-0.431181321;0.820316017;0.986826523;-0.161781997;1.829780217
17:20:59.276355;-0.263058858;-0.289394567;1.860793378;-0.378921483;0.904771924;0.994137957;-0.108119018;1.860793378
17:20:59.286179;-0.252800976;-0.02889439;1.886820925;-0.333921296;0.992355645;0.998533414;-0.054138909;1.886820925
17:20:59.297333;-0.222518398;0.535473523;1.911077852;-0.289075254;1.073115706;1;0;1.911077852
17:20:59.307970;-0.222518398;0.428378818;1.935413811;-0.244097128;1.137994647;0.998533414;0.054138909;1.935413811
17:20:59.318043;-0.203631238;0.691189316;1.958032028;-0.200377831;1.196071982;0.994137957;0.108119018;1.958032028
17:20:59.329340;-0.149950434;1.589022288;1.973885945;-0.16415286;1.26768887;0.986826523;0.161781997;1.973885945
17:20:59.338373;-0.123847404;1.78944773;1.987351531;-0.130735767;1.345627308;0.976620556;0.21497044;1.987351531
17:20:59.350057;-0.09944117;1.907110171;1.999510651;-0.098116643;1.411158562;0.963549993;0.267528339;1.999510651
17:20:59.359403;-0.069766568;2.084501239;2.010084211;-0.066252686;1.460703015;0.947653171;0.31930153;2.010084211
17:20:59.369994;-0.047052458;2.118054648;2.019234733;-0.036785929;1.507927299;0.92897672;0.370138155;2.019234733
17:20:59.380884;-0.020318517;2.194491948;2.027657627;-0.006729314;1.554004788;0.90757542;0.419889102;2.027657627
17:20:59.392421;-0.025418276;1.662109156;2.03916469;0.026961145;1.598815084;0.883512044;0.468408441;2.03916469
17:20:59.403549;0.033209344;2.407701154;2.045390214;0.055397957;1.65522027;0.856857176;0.515553857;2.045390214
17:20:59.412762;0.032189161;1.905959923;2.053634443;0.084341141;1.718323708;0.827688998;0.561187065;2.053634443
17:20:59.422172;0.066448663;2.199377077;2.060003408;0.111598887;1.786409736;0.796093066;0.605174215;2.060003408
17:20:59.433245;0.100608636;2.408854819;2.064904923;0.138197547;1.885701656;0.762162055;0.647386285;2.064904923
17:20:59.443680;0.132625174;2.56116234;2.068398625;0.162559309;1.973372221;0.725995492;0.687699459;2.068398625
17:20:59.453143;0.189339266;3.168809624;2.067956197;0.183062017;2.043439865;0.687699459;0.725995492;2.067956197
17:20:59.463310;0.192399362;2.594485991;2.070137704;0.206545451;2.106063604;0.647386285;0.762162055;2.070137704
17:20:59.474899;0.221237527;2.608503693;2.071847063;0.230665886;2.157787085;0.605174215;0.796093066;2.071847063
17:20:59.486612;0.280118648;3.086749565;2.06942186;0.2526221;2.219294786;0.561187065;0.827688998;2.06942186
17:20:59.496745;0.306067104;2.982114011;2.06757623;0.271711266;2.276158333;0.515553857;0.856857176;2.06757623
17:20:59.507360;0.329973471;2.858511906;2.065875297;0.290907106;2.339494467;0.468408441;0.883512044;2.065875297
17:20:59.516559;0.351826248;2.720867931;2.064455687;0.310279444;2.395588398;0.419889102;0.90757542;2.064455687
17:20:59.528020;0.370788827;2.513887785;2.06356814;0.332603451;2.435129881;0.370138155;0.92897672;2.06356814
17:20:59.538518;0.389727295;2.387316035;2.063233178;0.35304108;2.4888165;0.31930153;0.947653171;2.063233178
17:20:59.548173;0.426458921;2.606625513;2.06110964;0.3726574;2.544847965;0.267528339;0.963549993;2.06110964
17:20:59.558860;0.423400858;2.024583701;2.061735696;0.394046878;2.608090162;0.21497044;0.976620556;2.061735696
17:20:59.569266;0.438087138;1.903039238;2.062756664;0.416442032;2.677848577;0.161781997;0.986826523;2.062756664
17:20:59.578547;0.450796867;1.772990714;2.064194389;0.438812412;2.750654459;0.108119018;0.994137957;2.064194389
17:20:59.590111;0.462219444;1.627875319;2.066230889;0.463369455;2.831795454;0.054138909;0.998533414;2.066230889
17:20:59.601029;0.479787711;1.625841433;2.067928045;0.487513574;2.912240744;6.12E-17;1;2.067928045
17:20:59.610887;0.484976731;1.403685034;2.070308858;0.510738928;2.994261503;-0.054138909;0.998533414;2.070308858
17:20:59.620704;0.489186992;1.206198704;2.073360877;0.534745996;3.064669847;-0.108119018;0.994137957;2.073360877
17:20:59.630624;0.490112065;0.983335271;2.077201385;0.559479987;3.129042387;-0.161781997;0.986826523;2.077201385
17:20:59.641092;0.490112065;0.786668217;2.08175821;0.58507951;-3.091460466;-0.21497044;0.976620556;2.08175821
17:20:59.651923;0.487850427;0.58599577;2.087211734;0.612288463;-3.026277781;-0.267528339;0.963549993;2.087211734
17:20:59.661664;0.483644172;0.385245171;2.093181495;0.639303549;-2.967795134;-0.31930153;0.947653171;2.093181495
17:20:59.672484;0.477483875;0.192454948;2.100215986;0.668657318;-2.914989233;-0.370138155;0.92897672;2.100215986
17:20:59.683263;0.469054243;-0.002996067;2.108034083;0.699076302;-2.86136055;-0.419889102;0.90757542;2.108034083
17:20:59.694161;0.458615092;-0.198096475;2.116463802;0.730041072;-2.808513165;-0.468408441;0.883512044;2.116463802
17:20:59.704460;0.44622237;-0.394473896;2.125362225;0.761214879;-2.75822854;-0.515553857;0.856857176;2.125362225
17:20:59.714976;0.431783456;-0.585697977;2.134972593;0.793599231;-2.708760023;-0.561187065;0.827688998;2.134972593
17:20:59.724691;0.417326815;-0.755816745;2.144336058;0.824499686;-2.662180662;-0.605174215;0.796093066;2.144336058
17:20:59.736040;0.417326815;-0.604653396;2.152923077;0.85535698;-2.615024328;-0.647386285;0.762162055;2.152923077
17:20:59.745898;0.403063425;-0.7653571;2.161348529;0.885633082;-2.568660736;-0.687699459;0.725995492;2.161348529
17:20:59.755843;0.401023937;-0.652790963;2.168699608;0.914787463;-2.516265631;-0.725995492;0.687699459;2.168699608
17:20:59.766246;0.409796482;-0.351605413;2.174327757;0.942745641;-2.468168259;-0.762162055;0.647386285;2.174327757
17:20:59.776698;0.422836897;-0.03824717;2.177977079;0.969748779;-2.420282364;-0.796093066;0.605174215;2.177977079
17:20:59.786685;0.441442531;0.337283212;2.179079798;0.992888167;-2.376195669;-0.827688998;0.561187065;2.179079798
17:20:59.796863;0.462081226;0.661171769;2.177841131;1.014627725;-2.334304333;-0.856857176;0.515553857;2.177841131
17:20:59.807327;0.469930703;0.684769567;2.175352268;1.034067113;-2.29788661;-0.883512044;0.468408441;2.175352268
17:20:59.820190;0.477478813;0.667899824;2.170649319;1.056682871;-2.267544746;-0.90757542;0.419889102;2.170649319
17:20:59.830376;0.485023579;0.672975172;2.165259709;1.074887258;-2.242870569;-0.92897672;0.370138155;2.165259709
17:20:59.840503;0.500464006;0.841834052;2.158702098;1.090331398;-2.218681574;-0.947653171;0.31930153;2.158702098
17:20:59.850836;0.507995096;0.822187183;2.151251992;1.104707031;-2.184936285;-0.963549993;0.267528339;2.151251992
17:20:59.861499;0.522445913;0.937480805;2.142405923;1.118042189;-2.141435146;-0.976620556;0.21497044;2.142405923
17:20:59.871596;0.524187843;0.782516753;2.132756303;1.13128423;-2.091902971;-0.986826523;0.161781997;2.132756303
17:20:59.883159;0.523327683;0.610077009;2.122726471;1.144223483;-2.046560526;-0.994137957;0.108119018;2.122726471
17:20:59.892553;0.526383576;0.54865614;2.112923089;1.155781456;-2.003041267;-0.998533414;0.054138909;2.112923089
17:20:59.902842;0.516881592;0.252911926;2.103224794;1.16762045;-1.959591746;-1;-1.22E-16;2.103224794
17:20:59.913010;0.512296735;0.111571015;2.093627321;1.179224435;-1.912089705;-0.998369104;-0.057088811;2.093627321
17:20:59.923616;0.504252907;-0.060147855;2.083574404;1.19166144;-1.855324626;-0.993481735;-0.11399141;2.083574404
17:20:59.933940;0.49105498;-0.30661883;2.074442199;1.203758449;-1.800745726;-0.985353836;-0.170522193;2.074442199
17:20:59.944538;0.481541627;-0.433421793;2.065628973;1.215881239;-1.74855864;-0.974011917;-0.226496767;2.065628973
17:20:59.955259;0.477563101;-0.420192994;2.056196138;1.228773321;-1.713793635;-0.959492974;-0.281732557;2.056196138
17:20:59.966059;0.477848812;-0.330781075;2.046799856;1.241193604;-1.703124404;-0.941844364;-0.336049393;2.046799856
17:20:59.976362;0.470858149;-0.393941587;2.037465917;1.253938632;-1.717874169;-0.921123653;-0.389270106;2.037465917
17:20:59.987088;0.441756944;-0.880287641;2.029628782;1.267044807;-1.75166142;-0.897398429;-0.441221101;2.029628782
17:20:59.999164;0.424844667;-1.020047119;2.022031302;1.281144416;-1.789559841;-0.870746077;-0.491732925;2.022031302
17:21:00.007913;0.425864286;-0.796718324;2.014441;1.294857422;-1.821678996;-0.841253533;-0.540640817;2.014441
17:21:00.018451;0.39421288;-1.2634159;2.008181634;1.308935699;-1.833420873;-0.809016994;-0.587785252;2.008181634
17:21:00.029916;0.379450444;-1.287546913;2.002009237;1.324149605;-1.820155978;-0.774141611;-0.633012454;2.002009237
17:21:00.039907;0.379450444;-1.030037531;1.995870047;1.33916071;-1.796152472;-0.736741138;-0.6761749;1.995870047
17:21:00.049814;0.365473788;-1.10096577;1.990440416;1.353849535;-1.766471267;-0.696937569;-0.717131805;1.990440416
17:21:00.059802;0.326686988;-1.611603863;1.985824893;1.370336929;-1.731538534;-0.654860734;-0.755749574;1.985824893
17:21:00.070573;0.327705509;-1.270213208;1.981183766;1.386883505;-1.688333511;-0.61064788;-0.791902246;1.981183766
17:21:00.081208;0.308835132;-1.389313447;1.977294226;1.403012494;-1.642033219;-0.564443219;-0.825471897;1.977294226
17:21:00.091616;0.290971463;-1.46347597;1.973854013;1.419622465;-1.586096764;-0.516397462;-0.85634903;1.973854013
17:21:00.101994;0.272121823;-1.53197565;1.97079473;1.437148971;-1.524888992;-0.466667323;-0.884432931;1.97079473
17:21:00.112209;0.229045687;-2.061680275;1.968599431;1.455249499;-1.459763765;-0.415415013;-0.909631995;1.968599431
17:21:00.122876;0.20695161;-2.05726949;1.966721439;1.474685923;-1.394476056;-0.362807705;-0.931864029;1.966721439
17:21:00.133522;0.184835054;-2.072933798;1.96531286;1.493637653;-1.324345231;-0.309016994;-0.951056516;1.96531286
17:21:00.143529;0.16271875;-2.091497861;1.964277906;1.512666719;-1.248902559;-0.254218334;-0.967146855;1.964277906
17:21:00.153805;0.141596317;-2.06541948;1.963532803;1.533074014;-1.169260025;-0.198590467;-0.980082561;1.963532803
17:21:00.163729;0.120481874;-2.071511174;1.963141263;1.552461482;-1.083028436;-0.142314838;-0.989821442;1.963141263
17:21:00.174715;0.100339588;-2.028465922;1.963031073;1.573652198;-0.995658457;-0.085575008;-0.996331731;1.963031073
17:21:00.186072;0.058218174;-2.407972443;1.963188438;1.594871209;-0.905310571;-0.028556051;-0.999592193;1.963188438
17:21:00.196908;0.039194102;-2.279049677;1.963590258;1.616454842;-0.819250166;0.028556051;-0.999592193;1.963590258
17:21:00.208438;0.021258767;-2.13846972;1.964289959;1.639502213;-0.735377073;0.085575008;-0.996331731;1.964289959
17:21:00.219810;0.005197716;-1.974646469;1.965389702;1.664520203;-0.648329556;0.142314838;-0.989821442;1.965389702
17:21:00.230614;-0.011864244;-1.918670543;1.966556282;1.685478728;-0.56161201;0.198590467;-0.980082561;1.966556282
17:21:00.240484;-0.010844359;-1.514756924;1.968211302;1.707019883;-0.475274146;0.254218334;-0.967146855;1.968211302
17:21:00.250339;-0.028130409;-1.539316069;1.970174979;1.729769913;-0.396558017;0.309016994;-0.951056516;1.970174979
17:21:00.262042;-0.044660797;-1.536626429;1.972442555;1.75339296;-0.323300391;0.362807705;-0.931864029;1.972442555
17:21:00.272794;-0.063985497;-1.587030154;1.974864263;1.777137633;-0.254323453;0.415415013;-0.909631995;1.974864263
17:21:00.283375;-0.082566352;-1.617134058;1.977392415;1.800797352;-0.18600969;0.466667323;-0.884432931;1.977392415
17:21:00.293775;-0.098106695;-1.600411864;1.979939881;1.823395626;-0.113617003;0.516397462;-0.85634903;1.979939881
17:21:00.304629;-0.125600546;-1.799537278;1.9823148;1.846751481;-0.049083486;0.564443219;-0.825471897;1.9823148
17:21:00.314453;-0.138853138;-1.682843194;1.984941278;1.870994736;0.013614303;0.61064788;-0.791902246;1.984941278
17:21:00.327032;-0.137834039;-1.326982948;1.988192876;1.895234263;0.070311159;0.654860734;-0.755749574;1.988192876
17:21:00.336240;-0.164306324;-1.55568702;1.990997218;1.919357202;0.130913764;0.696937569;-0.717131805;1.990997218
17:21:00.346289;-0.178881501;-1.519609933;1.993739346;1.9432135;0.181364015;0.736741138;-0.6761749;1.993739346
17:21:00.356425;-0.201412948;-1.663229966;1.995866289;1.965425592;0.223937094;0.774141611;-0.633012454;1.995866289
17:21:00.367374;-0.209905419;-1.483211809;1.998386237;1.990169635;0.279971033;0.809016994;-0.587785252;1.998386237
17:21:00.378769;-0.205205875;-1.098055048;2.001631225;2.014651665;0.334504068;0.841253533;-0.540640817;2.001631225
17:21:00.388496;-0.211762002;-1.008660003;2.004818661;2.038010448;0.397095948;0.870746077;-0.491732925;2.004818661
17:21:00.399968;-0.216274273;-0.892580767;2.008324701;2.062657739;0.457063496;0.897398429;-0.441221101;2.008324701
17:21:00.409035;-0.216274273;-0.714064613;2.012167816;2.087372584;0.527042806;0.921123653;-0.389270106;2.012167816
17:21:00.419978;-0.215235388;-0.550873824;2.016316699;2.112058886;0.609432936;0.941844364;-0.336049393;2.016316699
17:21:00.429849;-0.217401139;-0.4835197;2.020518899;2.136678133;0.697392941;0.959492974;-0.281732557;2.020518899
17:21:00.440596;-0.217238175;-0.383731379;2.025091835;2.162625993;0.800858796;0.974011917;-0.226496767;2.025091835
17:21:00.451180;-0.217238175;-0.306985103;2.02981612;2.189054673;0.891499102;0.985353836;-0.170522193;2.02981612
17:21:00.463164;-0.214464735;-0.194029917;2.034785558;2.215888646;0.963346481;0.993481735;-0.11399141;2.034785558
17:21:00.471577;-0.20344328;0.062424678;2.040230101;2.241968704;1.026663423;0.998369104;-0.057088811;2.040230101
17:21:00.482379;-0.172507382;0.616757797;2.048553262;2.272608071;1.093304634;1;0;2.048553262
17:21:00.493528;-0.15203377;0.86741654;2.058297668;2.304834237;1.159724712;0.998369104;0.057088811;2.058297668
17:21:00.504090;-0.125391111;1.197474269;2.069537643;2.337915498;1.224636793;0.993481735;0.11399141;2.069537643
17:21:00.515522;-0.072321682;1.937750605;2.085381108;2.376265115;1.302506685;0.985353836;0.170522193;2.085381108
17:21:00.525670;-0.046697742;2.023616851;2.10266755;2.41622079;1.366921782;0.974011917;0.226496767;2.10266755
17:21:00.536343;-0.016303531;2.220016582;2.120597406;2.4555056;1.425013542;0.959492974;0.281732557;2.120597406
17:21:00.548249;0.004377354;2.130142459;2.14203028;2.501833853;1.465341091;0.941844364;0.336049393;2.14203028
17:21:00.558186;0.029890596;2.207263322;2.161707001;2.543334998;1.51654768;0.921123653;0.389270106;2.161707001
17:21:00.568993;0.059265915;2.312353227;2.18413103;2.58911871;1.581628442;0.897398429;0.441221101;2.18413103
17:21:00.579476;0.083522564;2.309434339;2.206977916;2.635145217;1.651171207;0.870746077;0.491732925;2.206977916
17:21:00.589714;0.119783118;2.523488227;2.232469757;2.684454473;1.728405476;0.841253533;0.540640817;2.232469757
17:21:00.600794;0.151887923;2.606708558;2.260085872;2.736605826;1.803820729;0.809016994;0.587785252;2.260085872
17:21:00.611481;0.182898347;2.679133425;2.287951821;2.7882269;1.881969094;0.774141611;0.633012454;2.287951821
17:21:00.623483;0.212879917;2.698938909;2.318095669;2.843227282;1.961501956;0.736741138;0.6761749;2.318095669
17:21:00.634028;0.243892727;2.744402284;2.349145507;2.89901163;2.030729532;0.696937569;0.717131805;2.349145507
17:21:00.642405;0.244842648;2.214318547;2.376299865;2.950048813;2.092920065;0.654860734;0.755749574;2.376299865
17:21:00.659563;0.306895599;2.49648518;2.430614572;3.045515196;2.153547525;0.61064788;0.791902246;2.430614572
17:21:00.670903;0.366222742;3.110224416;2.469130768;3.11015087;2.213936806;0.564443219;0.825471897;2.469130768
17:21:00.681084;0.394411751;3.011096277;2.509015044;-3.106311419;2.273015976;0.516397462;0.85634903;2.509015044
17:21:00.691681;0.419722775;2.911540115;2.546830275;-3.043035684;2.327048063;0.466667323;0.884432931;2.546830275
17:21:00.701698;0.417685562;2.288778017;2.581666276;-2.982371093;2.383500814;0.415415013;0.909631995;2.581666276
17:21:00.712231;0.439654219;2.246933193;2.618583881;-2.91798298;2.427175045;0.362807705;0.931864029;2.618583881
17:21:00.722448;0.481912839;2.633295715;2.656886122;-2.853003627;2.475479603;0.309016994;0.951056516;2.656886122
17:21:00.732153;0.492024645;2.306742455;2.693770534;-2.789078872;2.540309191;0.254218334;0.967146855;2.693770534
17:21:00.742966;0.507697905;2.147695549;2.730928072;-2.723793797;2.610161543;0.198590467;0.980082561;2.730928072
17:21:00.753528;0.519651769;1.95411226;2.766081873;-2.660789146;2.685243845;0.142314838;0.989821442;2.766081873
17:21:00.763295;0.517557803;1.523177825;2.799429153;-2.598386013;2.762070894;0.085575008;0.996331731;2.799429153
17:21:00.774174;0.527910604;1.419191436;2.831153214;-2.537607998;2.844595671;0.028556051;0.999592193;2.831153214
17:21:00.783847;0.537309768;1.322024672;2.86082379;-2.479275614;2.927944899;-0.028556051;0.999592193;2.86082379
17:21:00.794467;0.544760533;1.201380961;2.889801672;-2.42049168;3.004021645;-0.085575008;0.996331731;2.889801672
17:21:00.804005;0.550887398;1.079809536;2.916937691;-2.363382566;3.081618786;-0.142314838;0.989821442;2.916937691
17:21:00.815423;0.550887398;0.863847629;2.942591715;-2.306467937;-3.123687744;-0.198590467;0.980082561;2.942591715
17:21:00.825229;0.555683223;0.786187296;2.965119316;-2.254149306;-3.04821682;-0.254218334;0.967146855;2.965119316
17:21:00.836188;0.556583672;0.64556421;2.987148034;-2.199859023;-2.980062008;-0.309016994;0.951056516;2.987148034
17:21:00.846312;0.553059256;0.450825386;3.006490519;-2.148326077;-2.929196119;-0.362807705;0.931864029;3.006490519
17:21:00.857340;0.546942389;0.240272716;3.022487444;-2.101694595;-2.886502028;-0.415415013;0.909631995;3.022487444
17:21:00.867375;0.539168546;0.038740666;3.036279483;-2.057212785;-2.843190193;-0.466667323;0.884432931;3.036279483
17:21:00.878275;0.529795885;-0.15425363;3.048019484;-2.014687695;-2.793424606;-0.516397462;0.85634903;3.048019484
17:21:00.887498;0.51841125;-0.348879026;3.057815257;-1.974061638;-2.742052078;-0.564443219;0.825471897;3.057815257
17:21:00.898115;0.507270241;-0.48839448;3.066346205;-1.93292951;-2.692058802;-0.61064788;0.791902246;3.066346205
17:21:00.908366;0.50236922;-0.481713741;3.0736404;-1.892565356;-2.647093058;-0.654860734;0.755749574;3.0736404
17:21:00.918735;0.500709929;-0.418228615;3.07949095;-1.855641132;-2.602648258;-0.696937569;0.717131805;3.07949095
17:21:00.929646;0.497072398;-0.40194257;3.084692758;-1.817150931;-2.558804274;-0.736741138;0.6761749;3.084692758
17:21:00.939998;0.501629575;-0.236888298;3.089147154;-1.779464744;-2.51157403;-0.774141611;0.633012454;3.089147154
17:21:00.950872;0.50665044;-0.09293174;3.092763974;-1.743709213;-2.461176395;-0.809016994;0.587785252;3.092763974
17:21:00.961045;0.514212408;0.067632186;3.095820641;-1.707690348;-2.413425207;-0.841253533;0.540640817;3.095820641
17:21:00.971682;0.519484281;0.158257411;3.098063521;-1.674095102;-2.371461391;-0.870746077;0.491732925;3.098063521
17:21:00.981609;0.52679222;0.27121349;3.099695396;-1.641141429;-2.333579302;-0.897398429;0.441221101;3.099695396
17:21:00.993296;0.534137699;0.346165558;3.100801179;-1.604781409;-2.300673485;-0.921123653;0.389270106;3.100801179
17:21:01.004226;0.542226629;0.424998148;3.101146716;-1.570553556;-2.268657684;-0.941844364;0.336049393;3.101146716
17:21:01.014931;0.55156097;0.511816882;3.100803537;-1.537202929;-2.237439632;-0.959492974;0.281732557;3.100803537
17:21:01.025205;0.567375932;0.708800571;3.099775833;-1.5054715;-2.205689669;-0.974011917;0.226496767;3.099775833
17:21:01.035883;0.567375932;0.567040457;3.098216442;-1.474731713;-2.174375296;-0.985353836;0.170522193;3.098216442
17:21:01.046450;0.567375932;0.453632365;3.09623749;-1.44511432;-2.139752388;-0.993481735;0.11399141;3.09623749
17:21:01.056199;0.579655556;0.606151237;3.093686106;-1.416417131;-2.106161356;-0.998369104;0.057088811;3.093686106
17:21:01.066661;0.582964257;0.546754586;3.090537012;-1.386474277;-2.070845366;-1;-1.22E-16;3.090537012
17:21:01.076866;0.58194729;0.417807895;3.087202557;-1.357747718;-2.029821873;-0.998652088;-0.051903818;3.087202557
17:21:01.087720;0.580978507;0.315108191;3.083747948;-1.329964433;-1.981142998;-0.994611987;-0.103667713;3.083747948
17:21:01.097601;0.57771619;0.187604881;3.080230926;-1.302295966;-1.933947206;-0.987890588;-0.155152138;3.080230926
17:21:01.108443;0.56889985;-0.013701953;3.076704801;-1.272680189;-1.891808152;-0.978506011;-0.2062183;3.076704801
17:21:01.118471;0.529244345;-0.756292514;3.074807962;-1.241847806;-1.847584128;-0.966483554;-0.256728534;3.074807962
17:21:01.130092;0.521047869;-0.753360844;3.073317803;-1.209363833;-1.806013465;-0.951855628;-0.306546673;3.073317803
17:21:01.140155;0.521047869;-0.602688676;3.07213057;-1.179409326;-1.772946596;-0.934661668;-0.355538416;3.07213057
17:21:01.150217;0.505950625;-0.763223837;3.071962456;-1.146576051;-1.750210524;-0.914948026;-0.403571691;3.071962456
17:21:01.160693;0.495415724;-0.818633794;3.072754678;-1.114670267;-1.73062551;-0.892767845;-0.450517008;3.072754678
17:21:01.171797;0.47646004;-0.986189549;3.075474168;-1.076771844;-1.718677878;-0.86818092;-0.496247811;3.075474168
17:21:01.183149;0.462930816;-1.044603448;3.079560705;-1.040113197;-1.717610002;-0.841253533;-0.540640817;3.079560705
17:21:01.194693;0.454364911;-0.994357866;3.085149682;-1.001245487;-1.722494721;-0.812058275;-0.583576352;3.085149682
17:21:01.205557;0.44679726;-0.936808969;3.092182721;-0.961134478;-1.727146268;-0.780673851;-0.624938667;3.092182721
17:21:01.214797;0.44022928;-0.879494356;3.100235104;-0.921808327;-1.719109178;-0.747184869;-0.664616259;3.100235104
17:21:01.226510;0.426295689;-0.959702667;3.111178281;-0.877072808;-1.695211649;-0.711681608;-0.702502163;3.111178281
17:21:01.235282;0.411549132;-1.051292962;3.124007269;-0.831815295;-1.664145827;-0.67425978;-0.738494245;3.124007269
17:21:01.246806;0.423832243;-0.614961895;3.137386692;-0.784417126;-1.631805062;-0.635020266;-0.772495477;3.137386692
17:21:01.257775;0.392175406;-1.087093811;3.154693094;-0.733641788;-1.59873867;-0.59406885;-0.804414197;3.154693094
17:21:01.267726;0.375271316;-1.203518549;3.173759428;-0.682532197;-1.554919481;-0.55151593;-0.83416436;3.173759428
17:21:01.277686;0.355409174;-1.332633931;3.196995568;-0.625080872;-1.509492278;-0.50747622;-0.861665762;3.196995568
17:21:01.288425;0.334310728;-1.483733826;3.221715248;-0.567934328;-1.459489346;-0.462068444;-0.886844267;3.221715248
17:21:01.297923;0.309167911;-1.686349122;3.249468836;-0.507598533;-1.401079655;-0.415415013;-0.909631995;3.249468836
17:21:01.308574;0.263943166;-2.193548949;3.284505736;-0.437569263;-1.333630443;-0.367641697;-0.929967517;3.284505736
17:21:01.320081;0.235692284;-2.272108633;3.323298524;-0.36268681;-1.262100816;-0.318877283;-0.947796011;3.323298524
17:21:01.329890;0.213557151;-2.257313323;3.36072521;-0.291605029;-1.190534592;-0.269253233;-0.963069414;3.36072521
17:21:01.341974;0.189378297;-2.222519837;3.405432401;-0.207632125;-1.112679005;-0.218903324;-0.975746553;3.405432401
17:21:01.351815;0.189378297;-1.778015869;3.444100549;-0.132429114;-1.029712319;-0.16796329;-0.985793251;3.444100549
17:21:01.362857;0.148165173;-2.177892446;3.486665876;-0.052051783;-0.94177413;-0.116570457;-0.993182425;3.486665876
17:21:01.372816;0.129136277;-2.119111584;3.525415799;0.022113084;-0.856103718;-0.06486337;-0.997894154;3.525415799
17:21:01.383440;0.114150479;-1.980002197;3.564282327;0.098299444;-0.771702647;-0.012981423;-0.999915738;3.564282327
17:21:01.393916;0.100232374;-1.858991851;3.599861911;0.170142097;-0.693438828;0.038935519;-0.999241725;3.599861911
17:21:01.404028;0.084234047;-1.791671964;3.635104319;0.243403005;-0.618216693;0.090747498;-0.995873934;3.635104319
17:21:01.414717;0.066047935;-1.788689564;3.667962477;0.313639926;-0.542167068;0.142314838;-0.989821442;3.667962477
17:21:01.424845;0.035800132;-2.000757566;3.701968375;0.386772544;-0.467596591;0.193498523;-0.981100567;3.701968375
17:21:01.435809;0.017381083;-1.941096821;3.734648144;0.459685158;-0.396690428;0.244160569;-0.969734818;3.734648144
17:21:01.446651;0.019412602;-1.515614878;3.763057185;0.528974599;-0.32649231;0.294164402;-0.955754835;3.763057185
17:21:01.456976;0.020428071;-1.19290088;3.786424253;0.591475976;-0.255835921;0.343375219;-0.939198306;3.786424253
17:21:01.468072;-0.033950631;-2.018825341;3.81226505;0.656136715;-0.184600368;0.391660358;-0.920109865;3.81226505
17:21:01.478643;-0.049000407;-1.893621133;3.837442601;0.722646773;-0.116004176;0.43888965;-0.89854097;3.837442601
17:21:01.489521;-0.063314236;-1.78218588;3.860193974;0.7866237;-0.052059911;0.484935772;-0.874549768;3.860193974
17:21:01.500265;-0.076303626;-1.663712833;3.881079894;0.849769015;0.017535292;0.529674594;-0.848200934;3.881079894
17:21:01.510960;-0.089268461;-1.570963756;3.899544759;0.910269082;0.080912985;0.572985506;-0.819565501;3.899544759
17:21:01.521707;-0.101542581;-1.488711324;3.915536355;0.967620242;0.136889383;0.614751751;-0.788720663;3.915536355
17:21:01.531824;-0.113840428;-1.434505236;3.928954195;1.020652643;0.192044824;0.654860734;-0.755749574;3.928954195
17:21:01.543549;-0.12372668;-1.316610102;3.94208911;1.079833653;0.244649231;0.693204328;-0.720741118;3.94208911
17:21:01.553728;-0.122711402;-1.034468079;3.951347896;1.131677252;0.305936396;0.729679166;-0.683789672;3.951347896
17:21:01.564174;-0.141214693;-1.18079962;3.959093976;1.180863235;0.364942044;0.764186918;-0.644994849;3.959093976
17:21:01.574868;-0.146760777;-1.054140974;3.964845596;1.226750056;0.442046791;0.796634556;-0.604461234;3.964845596
17:21:01.585620;-0.151885688;-0.940174966;3.969240907;1.273125611;0.507107735;0.826934609;-0.562298099;3.969240907
17:21:01.595445;-0.157289816;-0.859071906;3.972146986;1.316167018;0.578672588;0.855005393;-0.518619107;3.972146986
17:21:01.606324;-0.154246126;-0.629525269;3.973825288;1.359738072;0.652896702;0.880771233;-0.47354201;3.973825288
17:21:01.615639;-0.16247571;-0.666331802;3.974757984;1.400873555;0.7134794;0.90416267;-0.427188327;3.974757984
17:21:01.625657;-0.163631112;-0.555943067;3.975082186;1.441347717;0.776648998;0.925116644;-0.37968302;3.975082186
17:21:01.635809;-0.159454737;-0.361970557;3.974973926;1.481346989;0.842557669;0.943576667;-0.331154155;3.974973926
17:21:01.646790;-0.159246259;-0.285718012;3.974731189;1.524057795;0.932578981;0.959492974;-0.281732557;3.974731189
17:21:01.658187;-0.155065947;-0.146188338;3.974576745;1.564238387;0.992496967;0.972822657;-0.231551457;3.974576745
17:21:01.667101;-0.15579112;-0.130988053;3.974687256;1.605414623;1.037858009;0.983529783;-0.180746136;3.974687256
17:21:01.678586;-0.15296849;-0.052649355;3.975227733;1.648991129;1.073968768;0.991585486;-0.129453555;3.975227733
17:21:01.689405;-0.135437779;0.282417927;3.976495204;1.693211321;1.126528502;0.996968051;-0.077811991;3.976495204
17:21:01.700233;-0.120718052;0.500079955;3.978606918;1.738035904;1.184346676;0.999662965;-0.025960659;3.978606918
17:21:01.710835;-0.103419753;0.717501522;3.981763805;1.784571159;1.241314054;0.999662965;0.025960659;3.981763805
17:21:01.720752;-0.084085164;0.957814631;3.985698375;1.828641465;1.295747399;0.996968051;0.077811991;3.985698375
17:21:01.731353;-0.060385993;1.224276743;3.990923969;1.87513953;1.355713129;0.991585486;0.129453555;3.990923969
17:21:01.740963;-0.035939304;1.46416697;3.997181498;1.921682619;1.422831178;0.983529783;0.180746136;3.997181498
17:21:01.751223;-0.041007851;1.070958524;4.003105902;1.968005569;1.478073239;0.972822657;0.231551457;4.003105902
17:21:01.762357;0.019186057;1.983393016;4.012354021;2.020079529;1.537887454;0.959492974;0.281732557;4.012354021
17:21:01.773165;0.040599686;1.979437971;4.022404088;2.073940806;1.595034361;0.943576667;0.331154155;4.022404088
17:21:01.783753;0.065771751;2.051458878;4.032868638;2.127741616;1.646815658;0.925116644;0.37968302;4.032868638
17:21:01.794419;0.095002715;2.193070329;4.043721683;2.181373166;1.711726069;0.90416267;0.427188327;4.043721683
17:21:01.805248;0.124088905;2.290094006;4.055049844;2.236681618;1.780462384;0.880771233;0.47354201;4.055049844
17:21:01.815772;0.123071585;1.81278281;4.063177371;2.287620521;1.867129207;0.855005393;0.518619107;4.063177371
17:21:01.826415;0.123071585;1.450226248;4.068068524;2.335733703;1.96144259;0.826934609;0.562298099;4.068068524
17:21:01.836100;0.201354437;2.707024841;4.076775298;2.385663114;2.037265778;0.796634556;0.604461234;4.076775298
17:21:01.846635;0.201354437;2.165619873;4.081602369;2.431778282;2.10094595;0.764186918;0.644994849;4.081602369
17:21:01.857002;0.20125739;1.730568843;4.082265202;2.473558089;2.147411108;0.729679166;0.683789672;4.082265202
17:21:01.866242;0.285876702;3.061506693;4.087757745;2.520278214;2.201952696;0.693204328;0.720741118;4.087757745
17:21:01.876821;0.312815361;2.966742748;4.091556899;2.566656537;2.248901129;0.654860734;0.755749574;4.091556899
17:21:01.887544;0.338816338;2.889622652;4.093272042;2.609600532;2.280424595;0.614751751;0.788720663;4.093272042
17:21:01.897395;0.359635752;2.722836328;4.092516528;2.650300815;2.337726593;0.572985506;0.819565501;4.092516528
17:21:01.907815;0.38375636;2.623990593;4.089439911;2.691506587;2.370282173;0.529674594;0.848200934;4.089439911
17:21:01.917778;0.400698878;2.434732387;4.083809932;2.727149907;2.411172152;0.484935772;0.874549768;4.083809932
17:21:01.929915;0.445929084;2.750795587;4.078626371;2.767947206;2.465392351;0.43888965;0.89854097;4.078626371
17:21:01.939318;0.455831744;2.394825448;4.070662183;2.801543772;2.523607731;0.391660358;0.920109865;4.070662183
17:21:01.950328;0.464401026;2.08197299;4.059838787;2.832666506;2.577785254;0.343375219;0.939198306;4.059838787
17:21:01.960047;0.479434937;1.964194703;4.047957502;2.861606677;2.629679918;0.294164402;0.955754835;4.047957502
17:21:01.970746;0.488856361;1.754527699;4.034240212;2.889462315;2.694380522;0.244160569;0.969734818;4.034240212
17:21:01.980501;0.498273465;1.590592546;4.019813279;2.915602748;2.764868259;0.193498523;0.981100567;4.019813279
17:21:01.990999;0.504714849;1.396536909;4.004081687;2.941532771;2.842876673;0.142314838;0.989821442;4.004081687
17:21:02.001781;0.51081535;1.231599141;3.987585918;2.967665549;2.929149389;0.090747498;0.995873934;3.987585918
17:21:02.011976;0.514685263;1.05727875;3.9709618;2.9938182;3.014881849;0.038935519;0.999241725;3.9709618
17:21:02.024347;0.516592331;0.878445632;3.953346165;3.022526263;3.09749198;-0.012981423;0.999915738;3.953346165
17:21:02.034346;0.515253238;0.676153274;3.938783283;3.047688091;-3.105553865;-0.06486337;0.997894154;3.938783283
17:21:02.045051;0.514234607;0.520743322;3.925356236;3.073957131;-3.033761501;-0.116570457;0.993182425;3.925356236
17:21:02.054793;0.507666041;0.292680755;3.912290747;3.102436222;-2.977795839;-0.16796329;0.985793251;3.912290747
17:21:02.064997;0.50562804;0.193683815;3.902011194;3.131514965;-2.926181078;-0.218903324;0.975746553;3.902011194
17:21:02.074813;0.502570295;0.094201712;3.894082034;-3.120358718;-2.871989727;-0.269253233;0.963069414;3.894082034
17:21:02.084927;0.500531329;0.036260582;3.888860613;-3.084997917;-2.817447662;-0.318877283;0.947796011;3.888860613
17:21:02.096294;0.476679238;-0.416603358;3.883812926;-3.048444914;-2.764689445;-0.367641697;0.929967517;3.883812926
17:21:02.107412;0.465416891;-0.555605002;3.881466915;-3.011457187;-2.716466427;-0.415415013;0.909631995;3.881466915
17:21:02.116915;0.446016114;-0.808216756;3.880602445;-2.970924571;-2.67140913;-0.462068444;0.886844267;3.880602445
17:21:02.127624;0.438024571;-0.796743463;3.883299486;-2.926914868;-2.624783754;-0.50747622;0.861665762;3.883299486
17:21:02.138361;0.438024571;-0.63739477;3.890349902;-2.879616689;-2.574261427;-0.55151593;0.83416436;3.890349902
17:21:02.148374;0.434029292;-0.588877858;3.900661884;-2.829887371;-2.520160675;-0.59406885;0.804414197;3.900661884
17:21:02.157667;0.431286509;-0.524837508;3.914377333;-2.776284973;-2.46562171;-0.635020266;0.772495477;3.914377333
17:21:02.168970;0.428277065;-0.477559901;3.93142835;-2.718308469;-2.414344072;-0.67425978;0.738494245;3.93142835
17:21:02.179203;0.434553778;-0.263185895;3.952557257;-2.655549204;-2.367519379;-0.711681608;0.702502163;3.952557257
17:21:02.189828;0.435609501;-0.190272175;3.975886999;-2.59094081;-2.323936462;-0.747184869;0.664616259;3.975886999
17:21:02.199724;0.463518944;0.399588915;4.003408831;-2.523061827;-2.277098417;-0.780673851;0.624938667;4.003408831
17:21:02.210495;0.474062696;0.519123648;4.034069502;-2.449912485;-2.235039473;-0.812058275;0.583576352;4.034069502
17:21:02.220445;0.475083768;0.434439929;4.065118563;-2.375658252;-2.192882061;-0.841253533;0.540640817;4.065118563
17:21:02.231224;0.488884047;0.620698267;4.095337837;-2.304208794;-2.15950799;-0.86818092;0.496247811;4.095337837
17:21:02.240821;0.496482381;0.646796564;4.125117058;-2.232853124;-2.129738569;-0.892767845;0.450517008;4.125117058
17:21:02.251293;0.504827957;0.682309346;4.153963477;-2.162097627;-2.104611158;-0.914948026;0.403571691;4.153963477
17:21:02.263151;0.51214364;0.67073997;4.18534257;-2.081867288;-2.072107553;-0.934661668;0.355538416;4.18534257
17:21:02.275778;0.520806937;0.686193907;4.213724792;-2.004843476;-2.036666155;-0.951855628;0.306546673;4.213724792
17:21:02.285605;0.529139354;0.713773491;4.235950009;-1.939898282;-1.993437052;-0.966483554;0.256728534;4.235950009
17:21:02.296393;0.537866527;0.736129701;4.256349345;-1.874608608;-1.94595921;-0.978506011;0.2062183;4.256349345
17:21:02.306406;0.542969858;0.683321424;4.27378152;-1.811067194;-1.899044514;-0.987890588;0.155152138;4.27378152
17:21:02.317429;0.551202307;0.710120811;4.286897484;-1.754834674;-1.854250312;-0.994611987;0.103667713;4.286897484
17:21:02.327839;0.554262308;0.619893682;4.298182502;-1.692827365;-1.822144508;-0.998652088;0.051903818;4.298182502
17:21:02.338395;0.540228572;0.218583921;4.30416412;-1.643312878;-1.790147543;-1;-1.22E-16;4.30416412
17:21:02.348236;0.540228572;0.174867137;4.307187589;-1.596668516;-1.767649651;-0.99867409;-0.051478755;4.307187589
17:21:02.359263;0.515576278;-0.311529013;4.307316933;-1.5494925;-1.737375736;-0.994699876;-0.102820997;4.307316933
17:21:02.369356;0.505752447;-0.444331309;4.305004229;-1.508439698;-1.706135035;-0.988087896;-0.153890577;4.305004229
17:21:02.378848;0.498497091;-0.499591401;4.300685009;-1.469436053;-1.679087758;-0.978855685;-0.204552066;4.300685009
17:21:02.389080;0.493225445;-0.502238292;4.294540552;-1.431401336;-1.671975613;-0.967027725;-0.25467112;4.294540552
17:21:02.399172;0.475829689;-0.745048512;4.287438522;-1.395010279;-1.680894494;-0.952635381;-0.304114832;4.287438522
17:21:02.409304;0.46343998;-0.841446347;4.279733179;-1.359462556;-1.699713826;-0.935716819;-0.352752087;4.279733179
17:21:02.421658;0.45002132;-0.90235011;4.270692484;-1.318442408;-1.726111174;-0.916316904;-0.400453906;4.270692484
17:21:02.434105;0.414522726;-1.383738081;4.263904463;-1.279455663;-1.750163674;-0.894487082;-0.447093793;4.263904463
17:21:02.443244;0.416561268;-1.068698297;4.257703496;-1.240291334;-1.758893967;-0.870285241;-0.492548068;4.257703496
17:21:02.455401;0.403823796;-1.063673371;4.252797664;-1.193261076;-1.755686641;-0.84377556;-0.536696194;4.252797664
17:21:02.465289;0.38715554;-1.180697469;4.251345165;-1.151729304;-1.730475664;-0.815028338;-0.579421098;4.251345165
17:21:02.476842;0.377617012;-1.109111986;4.252740367;-1.101042051;-1.69588244;-0.784119807;-0.620609482;4.252740367
17:21:02.488631;0.365781519;-1.092514142;4.258044896;-1.046658082;-1.656186461;-0.751131931;-0.660152121;4.258044896
17:21:02.498732;0.353108884;-1.108766464;4.267092553;-0.991592506;-1.621218681;-0.716152188;-0.697944155;4.267092553
17:21:02.513760;0.355146035;-0.85448651;4.281385485;-0.923764945;-1.580521584;-0.679273339;-0.733885366;4.281385485
17:21:02.522755;0.322441231;-1.288287698;4.300632259;-0.858105889;-1.534648895;-0.640593179;-0.767880446;4.300632259
17:21:02.532646;0.306581426;-1.332302701;4.324335516;-0.789061541;-1.480733037;-0.600214281;-0.799839245;4.324335516
17:21:02.543460;0.27072797;-1.778119717;4.353978885;-0.715737173;-1.421078801;-0.558243722;-0.829677014;4.353978885
17:21:02.553214;0.252715874;-1.778018712;4.388814888;-0.636609318;-1.356633186;-0.514792802;-0.857314628;4.388814888
17:21:02.563781;0.225576827;-1.932724694;4.431776739;-0.546740589;-1.286606193;-0.469976743;-0.882678798;4.431776739
17:21:02.574216;0.2045091;-1.947526781;4.47945657;-0.4522852;-1.214995742;-0.423914391;-0.905702263;4.47945657
17:21:02.584946;0.185420251;-1.920469511;4.531783486;-0.352500417;-1.137292862;-0.376727894;-0.926323968;4.531783486
17:21:02.595693;0.165249182;-1.915856345;4.588582759;-0.247222693;-1.056136012;-0.328542382;-0.944489229;4.588582759
17:21:02.605159;0.14296223;-1.973547218;4.645873575;-0.143248247;-0.973681092;-0.279485635;-0.960149874;4.645873575
17:21:02.615286;0.120679526;-2.014094396;4.706232328;-0.035010396;-0.89101404;-0.229687742;-0.973264374;4.706232328
17:21:02.626180;0.10245992;-1.951705524;4.769908247;0.079384106;-0.810629547;-0.179280759;-0.983797952;4.769908247
17:21:02.637111;0.085353375;-1.887950726;4.831440142;0.191211381;-0.731473029;-0.128398355;-0.991722674;4.831440142
17:21:02.647991;0.068217514;-1.833995053;4.891758198;0.303016694;-0.65028137;-0.077175462;-0.997017526;4.891758198
17:21:02.657529;0.052139587;-1.78512281;4.946558545;0.407575273;-0.57289505;-0.025747914;-0.999668468;4.946558545
17:21:02.667318;0.020872958;-2.04880698;4.999857805;0.510982517;-0.49837175;0.025747914;-0.999668468;4.999857805
17:21:02.678223;0.005661193;-1.941217349;5.048669849;0.610386033;-0.427876294;0.077175462;-0.997017526;5.048669849
17:21:02.688756;-0.002424151;-1.704007606;5.094259296;0.710280864;-0.360664934;0.128398355;-0.991722674;5.094259296
17:21:02.699152;-0.017879406;-1.648948367;5.134638356;0.805993091;-0.289923012;0.179280759;-0.983797952;5.134638356
17:21:02.710054;-0.033356413;-1.597779991;5.170156668;0.898760311;-0.217521355;0.229687742;-0.973264374;5.170156668
17:21:02.720831;-0.048570513;-1.580458254;5.197379764;0.978177349;-0.140680954;0.279485635;-0.960149874;5.197379764
17:21:02.731409;-0.061937804;-1.510870805;5.221657691;1.058960743;-0.065698408;0.328542382;-0.944489229;5.221657691
17:21:02.741552;-0.077498774;-1.49931224;5.241171463;1.134502432;0.008519878;0.376727894;-0.926323968;5.241171463
17:21:02.753026;-0.092990318;-1.492654601;5.256610262;1.205410551;0.07933899;0.423914391;-0.905702263;5.256610262
17:21:02.763297;-0.10713416;-1.464527152;5.268586794;1.27244399;0.145589635;0.469976743;-0.882678798;5.268586794
17:21:02.774122;-0.120578993;-1.42360413;5.277863002;1.33799509;0.207433298;0.514792802;-0.857314628;5.277863002
17:21:02.784117;-0.1360394;-1.444526936;5.284375412;1.397936777;0.261442184;0.558243722;-0.829677014;5.284375412
17:21:02.794752;-0.1360394;-1.155621549;5.288779204;1.459518625;0.314669192;0.600214281;-0.799839245;5.288779204
17:21:02.805381;-0.136108441;-0.925754944;5.291098804;1.519917483;0.377548456;0.640593179;-0.767880446;5.291098804
17:21:02.815977;-0.135088586;-0.72034985;5.291677187;1.573784462;0.453001499;0.679273339;-0.733885366;5.291677187
17:21:02.826691;-0.134068873;-0.557165888;5.290952636;1.629518337;0.538913906;0.716152188;-0.697944155;5.290952636
17:21:02.837027;-0.197004402;-1.588377434;5.287992128;1.684827032;0.591025114;0.751131931;-0.660152121;5.287992128
17:21:02.847667;-0.205631376;-1.432740314;5.283329382;1.736447726;0.643236101;0.784119807;-0.620609482;5.283329382
17:21:02.858231;-0.214232184;-1.316387134;5.277249083;1.783736515;0.660131872;0.815028338;-0.579421098;5.277249083
17:21:02.868768;-0.226576627;-1.280428765;5.268750907;1.832509237;0.679647982;0.84377556;-0.536696194;5.268750907
17:21:02.879468;-0.226576627;-1.024343012;5.259508183;1.876425397;0.67178601;0.870285241;-0.492548068;5.259508183
17:21:02.889348;-0.23561225;-0.990971314;5.248091409;1.920370948;0.66119498;0.894487082;-0.447093793;5.248091409
17:21:02.900161;-0.234380592;-0.769853059;5.235226006;1.963831349;0.691305101;0.916316904;-0.400453906;5.235226006
17:21:02.911046;-0.233216947;-0.593990568;5.221374418;2.005562009;0.728937387;0.935716819;-0.352752087;5.221374418
17:21:02.922139;-0.234162032;-0.492996925;5.206367122;2.045907504;0.821520329;0.952635381;-0.304114832;5.206367122
17:21:02.931877;-0.223359733;-0.179883216;5.191960605;2.083864629;0.916386306;0.967027725;-0.25467112;5.191960605
17:21:02.941811;-0.222897995;-0.135084248;5.176070277;2.122238758;1.01200068;0.978855685;-0.204552066;5.176070277
17:21:02.953449;-0.221494945;-0.082085098;5.158830477;2.160808517;1.075479507;0.988087896;-0.153890577;5.158830477
17:21:02.963316;-0.212037672;0.119769116;5.142510353;2.197025839;1.127815008;0.994699876;-0.102820997;5.142510353
17:21:02.974179;-0.204495198;0.234058906;5.124843936;2.235378302;1.184233665;0.99867409;-0.051478755;5.124843936
17:21:02.984367;-0.204495198;0.187247125;5.106778797;2.271414943;1.241652012;1;0;5.106778797
17:21:02.995223;-0.177963921;0.661723228;5.090924846;2.308412924;1.309643507;0.99867409;0.051478755;5.090924846
17:21:03.005774;-0.178981437;0.510022382;5.073743523;2.344666072;1.37176156;0.994699876;0.102820997;5.073743523
17:21:03.016334;-0.134864325;1.241746839;5.06051447;2.385063898;1.426198959;0.988087896;0.153890577;5.06051447
17:21:03.027155;-0.10689716;1.483571616;5.048560821;2.430789489;1.448991656;0.978855685;0.204552066;5.048560821
17:21:03.038218;-0.080763201;1.689804584;5.0396922;2.474342068;1.46748209;0.967027725;0.25467112;5.0396922
17:21:03.048937;-0.063317829;1.678591866;5.031717656;2.520140666;1.499155045;0.952635381;0.304114832;5.031717656
17:21:03.059497;-0.037009057;1.840555301;5.026281559;2.567874735;1.54951787;0.935716819;0.352752087;5.026281559
17:21:03.070807;-0.005921795;2.088860201;5.024246779;2.616527861;1.624600053;0.916316904;0.400453906;5.024246779
17:21:03.080704;-0.012113666;1.557900887;5.020174409;2.667403934;1.696691513;0.894487082;0.447093793;5.020174409
17:21:03.090365;-0.012113666;1.246320709;5.015616097;2.715011369;1.77847743;0.870285241;0.492548068;5.015616097
17:21:03.100571;0.105477718;3.2620854;5.02752143;2.779057908;1.854373574;0.84377556;0.536696194;5.02752143
17:21:03.111363;0.139617729;3.277624349;5.04288726;2.845896133;1.92011261;0.815028338;0.579421098;5.04288726
17:21:03.121329;0.169581047;3.213598983;5.060940359;2.915133321;1.957147121;0.784119807;0.620609482;5.060940359
17:21:03.133292;0.203600983;3.153888281;5.085186881;2.998587861;2.005283117;0.751131931;0.660152121;5.085186881
17:21:03.143103;0.203600983;2.523110625;5.103582622;3.068280537;2.052755833;0.716152188;0.697944155;5.103582622
17:21:03.154337;0.211833316;2.160396237;5.123246701;-3.135909722;2.130405664;0.679273339;0.733885366;5.123246701
17:21:03.164986;0.211833316;1.728316989;5.13780494;-3.06892229;2.217422009;0.640593179;0.767880446;5.13780494
17:21:03.175226;0.21489285;1.439734405;5.150804298;-3.000773382;2.300767899;0.600214281;0.799839245;5.150804298
17:21:03.186192;0.21489285;1.151787524;5.160633715;-2.93769396;2.380008698;0.558243722;0.829677014;5.160633715
17:21:03.196346;0.370447315;3.803316553;5.192449451;-2.849990314;2.427257538;0.514792802;0.857314628;5.192449451
17:21:03.208041;0.395335921;3.503913742;5.222148141;-2.76409112;2.485512257;0.469976743;0.882678798;5.222148141
17:21:03.218611;0.395335921;2.803130994;5.244449735;-2.689084197;2.516295195;0.423914391;0.905702263;5.244449735
17:21:03.227347;0.435247833;3.035091321;5.267305108;-2.613290789;2.530087948;0.376727894;0.926323968;5.267305108
17:21:03.237279;0.452266642;2.765946689;5.287279258;-2.540148534;2.550076008;0.328542382;0.944489229;5.287279258
17:21:03.247503;0.461848216;2.402966281;5.303578782;-2.470494692;2.583889961;0.279485635;0.960149874;5.303578782
17:21:03.257590;0.475611111;2.191544363;5.317168249;-2.402596792;2.647491932;0.229687742;0.973264374;5.317168249
17:21:03.267849;0.483207102;1.904091318;5.327176628;-2.33898793;2.715340614;0.179280759;0.983797952;5.327176628
17:21:03.278801;0.502115123;1.88905937;5.335522684;-2.275521389;2.777643681;0.128398355;0.991722674;5.335522684
17:21:03.288491;0.509269424;1.653288811;5.340751782;-2.216515464;2.849876881;0.077175462;0.997017526;5.340751782
17:21:03.299400;0.514442495;1.42035474;5.34337065;-2.157336604;2.919037819;0.025747914;0.999668468;5.34337065
17:21:03.308781;0.520622988;1.258972877;5.343629967;-2.10323917;2.986142159;-0.025747914;0.999668468;5.343629967
17:21:03.320197;0.524523954;1.080565216;5.341796665;-2.048270868;3.046688318;-0.077175462;0.997017526;5.341796665
17:21:03.330404;0.526470708;0.900539731;5.338083619;-1.994369408;3.115592241;-0.128398355;0.991722674;5.338083619
17:21:03.341035;0.528738064;0.764390807;5.333328002;-1.944082196;-3.083503723;-0.179280759;0.983797952;5.333328002
17:21:03.351069;0.528738064;0.611512646;5.327592931;-1.89328993;-2.995488167;-0.229687742;0.973264374;5.327592931
17:21:03.362733;0.52674694;0.454050882;5.321016168;-1.839561886;-2.914066553;-0.279485635;0.960149874;5.321016168
17:21:03.373343;0.52674694;0.363240706;5.314959071;-1.78800254;-2.861466169;-0.328542382;0.944489229;5.314959071
17:21:03.384777;0.520580691;0.175336843;5.309484381;-1.736636696;-2.834338427;-0.376727894;0.926323968;5.309484381
17:21:03.394819;0.519562094;0.120078495;5.305363969;-1.68720821;-2.808020353;-0.423914391;0.905702263;5.305363969
17:21:03.404686;0.507501385;-0.143568637;5.30240027;-1.636784066;-2.774544477;-0.469976743;0.882678798;5.30240027
17:21:03.415443;0.507501385;-0.11485491;5.30105032;-1.582348598;-2.737365484;-0.514792802;0.857314628;5.30105032
17:21:03.425576;0.507501385;-0.091883928;5.301562423;-1.528217995;-2.693137884;-0.558243722;0.829677014;5.301562423
17:21:03.435301;0.507501385;-0.073507142;5.303885011;-1.47190806;-2.641573429;-0.600214281;0.799839245;5.303885011
17:21:03.445747;0.491444297;-0.360310362;5.308499262;-1.410777642;-2.592480898;-0.640593179;0.767880446;5.308499262
17:21:03.456106;0.49076751;-0.301340852;5.314662456;-1.349701965;-2.54404211;-0.679273339;0.733885366;5.314662456
17:21:03.466916;0.497334335;-0.110647861;5.321557963;-1.289254331;-2.500837326;-0.716152188;0.697944155;5.321557963
17:21:03.476081;0.508448004;0.132215829;5.328434891;-1.228756245;-2.458244085;-0.751131931;0.660152121;5.328434891
17:21:03.487666;0.522387671;0.345131943;5.335136625;-1.159951767;-2.414114475;-0.784119807;0.620609482;5.335136625
17:21:03.498217;0.528686574;0.400794109;5.339379667;-1.101782938;-2.371597767;-0.815028338;0.579421098;5.339379667
17:21:03.509288;0.530026197;0.346337752;5.341732451;-1.043757735;-2.333623648;-0.84377556;0.536696194;5.341732451
17:21:03.518292;0.531011594;0.296601901;5.34137194;-0.990218351;-2.305178881;-0.870285241;0.492548068;5.34137194
17:21:03.530597;0.535415498;0.317461376;5.336964266;-0.93597125;-2.279925823;-0.894487082;0.447093793;5.336964266
17:21:03.540801;0.54131197;0.362809303;5.327775513;-0.887379297;-2.25259304;-0.916316904;0.400453906;5.327775513
17:21:03.551173;0.550872576;0.478171038;5.314000251;-0.84701114;-2.215087175;-0.935716819;0.352752087;5.314000251
17:21:03.561059;0.561056391;0.58417967;5.295161609;-0.812265702;-2.175735235;-0.952635381;0.304114832;5.295161609
17:21:03.572535;0.57161072;0.666212264;5.269869464;-0.781483544;-2.138706684;-0.967027725;0.25467112;5.269869464
17:21:03.582496;0.57576729;0.610848511;5.239822094;-0.755434712;-2.109328747;-0.978855685;0.204552066;5.239822094
17:21:03.592639;0.586363636;0.698491815;5.206622214;-0.735873477;-2.086077213;-0.988087896;0.153890577;5.206622214
17:21:03.602801;0.595772173;0.742781321;5.168807983;-0.720628797;-2.072920561;-0.994699876;0.102820997;5.168807983
17:21:03.612729;0.603413837;0.74512912;5.127849527;-0.709443855;-2.062753916;-0.99867409;0.051478755;5.127849527
17:21:03.623925;0.606464588;0.651985684;5.08092848;-0.700630791;-2.050600529;-0.99731387;0.073246463;5.08092848
17:21:03.633452;0.606464588;0.521588548;5.034535575;-0.694580424;-2.028342247;-0.999983852;-0.005682901;5.034535575
17:21:03.643663;0.552181079;-0.653838986;4.994754029;-0.683532246;-1.984238148;-0.997360671;-0.072606419;4.994754029
17:21:03.655205;0.539265216;-0.758905426;4.951672776;-0.672138447;-1.932792306;-0.99010134;-0.140354323;4.951672776
17:21:03.666085;0.526513344;-0.846281151;4.909885794;-0.661342119;-1.894069552;-0.979284581;-0.20248879;4.909885794
17:21:03.676113;0.510986646;-0.983725329;4.871093533;-0.650617249;-1.867468357;-0.957784453;-0.287487289;4.871093533
17:21:03.686798;0.5059336;-0.881335275;4.829785683;-0.639972687;-1.840604424;-0.929588468;-0.368599077;4.829785683
17:21:03.698228;0.503800764;-0.743534141;4.786720795;-0.629716161;-1.817240357;-0.899353178;-0.437222896;4.786720795
17:21:03.708201;0.504092672;-0.589108273;4.746935789;-0.620840124;-1.806867599;-0.86366429;-0.50406745;4.746935789
17:21:03.717684;0.504092672;-0.471286618;4.707219283;-0.611951685;-1.813123584;-0.824519343;-0.565833767;4.707219283
17:21:03.729220;0.498034945;-0.487973038;4.666836137;-0.601151763;-1.828434348;-0.783139375;-0.621846218;4.666836137
17:21:03.739334;0.487704522;-0.582260511;4.62986069;-0.588077455;-1.846594572;-0.739145265;-0.673546047;4.62986069
17:21:03.750165;0.473030328;-0.735352593;4.596355668;-0.571355687;-1.85075748;-0.694835834;-0.719168384;4.596355668
17:21:03.761822;0.456246915;-0.894072184;4.567102757;-0.550316231;-1.841115952;-0.64782441;-0.761789692;4.567102757
17:21:03.772465;0.449588214;-0.839743062;4.541564426;-0.527134183;-1.811468363;-0.601772945;-0.798667216;4.541564426
17:21:03.782928;0.439926381;-0.847882027;4.519167367;-0.499817516;-1.771567345;-0.553482874;-0.832860557;4.519167367
17:21:03.793579;0.409144584;-1.287667798;4.505417135;-0.467981664;-1.72008276;-0.507639533;-0.861569559;4.505417135
17:21:03.803662;0.403458642;-1.142497741;4.494296563;-0.433562355;-1.671149611;-0.459537636;-0.888158297;4.494296563
17:21:03.814267;0.393790933;-1.096138749;4.486187111;-0.394006582;-1.626558781;-0.411020384;-0.911626154;4.486187111
17:21:03.823888;0.37675735;-1.21154162;4.482983789;-0.351555708;-1.573143244;-0.36467698;-0.931134094;4.482983789
17:21:03.834773;0.37574212;-0.987925637;4.481365617;-0.304487616;-1.513669372;-0.316932597;-0.948448063;4.481365617
17:21:03.845664;0.342929885;-1.441751919;4.486814582;-0.253865724;-1.449953675;-0.265541516;-0.964099426;4.486814582
17:21:03.855716;0.320847689;-1.590649024;4.496829177;-0.198481569;-1.389683962;-0.215502325;-0.976503327;4.496829177
17:21:03.866459;0.29748743;-1.710643913;4.511992123;-0.135284562;-1.331210017;-0.165081229;-0.986279974;4.511992123
17:21:03.875633;0.276293127;-1.788087658;4.529840844;-0.071761328;-1.271158695;-0.116149131;-0.993231785;4.529840844
17:21:03.886408;0.247959901;-1.992633572;4.551907462;-0.003921293;-1.206458569;-0.06593986;-0.997823599;4.551907462
17:21:03.897320;0.226716892;-1.989483373;4.57790549;0.071131766;-1.135181069;-0.011552014;-0.999933273;4.57790549
17:21:03.907318;0.196114021;-2.167783904;4.607171279;0.149183635;-1.059032798;0.042565468;-0.99909368;4.607171279
17:21:03.918419;0.152262841;-2.578935075;4.640928523;0.230953555;-0.977306008;0.098727176;-0.995114538;4.640928523
17:21:03.927876;0.132952342;-2.435410911;4.674432524;0.312782906;-0.893249094;0.159336653;-0.987224306;4.674432524
17:21:03.937974;0.114691543;-2.308727644;4.70638325;0.392268155;-0.807350278;0.219297477;-0.975658043;4.70638325
17:21:03.948653;0.098451404;-2.168756883;4.736798502;0.4703473;-0.718343258;0.277837263;-0.960628157;4.736798502
17:21:03.959384;0.083307515;-2.021546455;4.766599407;0.550378658;-0.628081799;0.335409694;-0.942072363;4.766599407
17:21:03.970335;0.067154399;-1.914935917;4.794852646;0.630517068;-0.538292885;0.399383749;-0.916783847;4.794852646
17:21:03.981049;0.054895144;-1.759696223;4.819704672;0.707127228;-0.45598501;0.452006434;-0.892014677;4.819704672
17:21:03.990357;0.040687577;-1.689918736;4.840386125;0.776453467;-0.381631851;0.502976004;-0.864300375;4.840386125
17:21:04.001739;0.042722413;-1.312842061;4.856983828;0.843530972;-0.309722394;0.5485073;-0.836145766;4.856983828
17:21:04.011353;0.004368591;-1.812067443;4.873679103;0.909220644;-0.243107304;0.59303668;-0.805175444;4.873679103
17:21:04.021597;-0.01560651;-1.843991175;4.888495327;0.973490694;-0.175531924;0.631446337;-0.775419579;4.888495327
17:21:04.032645;-0.03425187;-1.817251897;4.901945929;1.040312508;-0.116488598;0.662225667;-0.749304455;4.901945929
17:21:04.043280;-0.053170981;-1.802154212;4.912849617;1.104524473;-0.053843539;0.687855645;-0.725847512;4.912849617
17:21:04.053691;-0.068393835;-1.730065594;4.92095935;1.164554374;0.006009814;0.70986941;-0.704333317;4.92095935
17:21:04.064179;-0.069508201;-1.405614571;4.925846125;1.22033351;0.069964454;0.727973571;-0.685605192;4.925846125
17:21:04.074333;-0.092775895;-1.558219259;4.929846214;1.277207646;0.137485445;0.741244728;-0.671234872;4.929846214
17:21:04.085110;-0.092775895;-1.246575407;4.931564059;1.328677943;0.208654642;0.751390962;-0.659857275;4.931564059
17:21:04.094459;-0.112621771;-1.391543714;4.93272551;1.379491455;0.281489104;0.758724272;-0.651411911;4.93272551
17:21:04.105922;-0.120677696;-1.262875911;4.933097798;1.432977304;0.349191219;0.764435669;-0.644700014;4.933097798
17:21:04.116717;-0.129766843;-1.179967718;4.933014761;1.485747956;0.414322436;0.768322325;-0.640063126;4.933014761
17:21:04.128681;-0.139841177;-1.12844658;4.932836173;1.53944843;0.46718365;0.775346821;-0.631535674;4.932836173
17:21:04.139035;-0.148920843;-1.071271565;4.93282635;1.592595229;0.517107308;0.782491929;-0.622660727;4.93282635
17:21:04.148657;-0.148920843;-0.857017252;4.933234752;1.643707266;0.55892688;0.789168644;-0.614176563;4.933234752
17:21:04.159227;-0.172896782;-1.137296849;4.933880575;1.696728535;0.601425707;0.795710096;-0.605677672;4.933880575
17:21:04.170215;-0.179514498;-1.031142416;4.935029313;1.751715861;0.636190772;0.802112069;-0.597173534;4.935029313
17:21:04.180701;-0.185207453;-0.933094641;4.936593483;1.805228384;0.686453462;0.808194698;-0.588915385;4.936593483
17:21:04.192432;-0.186447458;-0.767651834;4.938965793;1.865428132;0.747704804;0.813390028;-0.581718714;4.938965793
17:21:04.202836;-0.189323935;-0.668622908;4.941383468;1.919992057;0.805504262;0.818528401;-0.574466063;4.941383468
17:21:04.212993;-0.192640096;-0.596899017;4.943731843;1.975211868;0.847384572;0.824684733;-0.56559269;4.943731843
17:21:04.223712;-0.182385791;-0.285264828;4.946712523;2.03094573;0.897111356;0.832008772;-0.554762475;4.946712523
17:21:04.234403;-0.182091471;-0.222607633;4.949049912;2.085254086;0.952094972;0.84116863;-0.540772906;4.949049912
17:21:04.244414;-0.181905154;-0.174401065;4.950265138;2.13652165;1.014775753;0.85235919;-0.522956797;4.950265138
17:21:04.255247;-0.184687035;-0.194456977;4.949678431;2.186068216;1.067296386;0.864252291;-0.503058622;4.949678431
17:21:04.265054;-0.184687035;-0.155565582;4.947168585;2.233373055;1.123775959;0.877670035;-0.479265386;4.947168585
17:21:04.275790;-0.183673812;-0.105388941;4.942142374;2.280910846;1.173326135;0.892480548;-0.45108588;4.942142374
17:21:04.285309;-0.173516232;0.117458096;4.9359756;2.324475401;1.209747553;0.907474944;-0.420106209;4.9359756
17:21:04.295600;-0.167909395;0.201080086;4.927240696;2.367372153;1.243384719;0.923378384;-0.383891078;4.927240696
17:21:04.306539;-0.15060052;0.482207451;4.917282974;2.410444479;1.275426626;0.938838128;-0.344358781;4.917282974
17:21:04.317762;-0.106149297;1.203175677;4.91020761;2.456815539;1.33082521;0.954000693;-0.2998044;4.91020761
17:21:04.329584;-0.094481406;1.184741219;4.901030934;2.49916193;1.386795521;0.967948789;-0.25114765;4.901030934
17:21:04.338948;-0.071569209;1.40288613;4.891836905;2.539274597;1.44599843;0.980367114;-0.197180939;4.891836905
17:21:04.348022;-0.046834484;1.611580992;4.882542708;2.579397429;1.499783158;0.990862992;-0.134872279;4.882542708
17:21:04.359408;-0.016309972;1.858579423;4.873469068;2.622636177;1.558204889;0.997426261;-0.071699752;4.873469068
17:21:04.371214;0.008784903;1.951536919;4.864027536;2.665786815;1.616661072;0.999992312;-0.003921283;4.864027536
17:21:04.381235;0.031458928;1.977851814;4.853856216;2.708508033;1.67570281;0.997471202;0.071071796;4.853856216
17:21:04.392172;0.059031184;2.087074041;4.84406944;2.751696705;1.742703915;0.988892745;0.148630885;4.84406944
17:21:04.402121;0.090341437;2.247722971;4.835669579;2.795730508;1.818049312;0.973448563;0.228905864;4.835669579
17:21:04.414434;0.116388508;2.251298484;4.827110117;2.842721355;1.900060177;0.951480934;0.307707707;4.827110117
17:21:04.425599;0.141287665;2.264634805;4.819514965;2.886940886;1.980468988;0.924044355;0.382285272;4.819514965
17:21:04.435682;0.142305754;1.830943429;4.808312561;2.926699189;2.048424244;0.891410947;0.453195899;4.808312561
17:21:04.444962;0.195083749;2.513004765;4.804280255;2.971068049;2.094545841;0.852326541;0.523010006;4.804280255
17:21:04.455488;0.197118838;2.049108138;4.79690497;3.014179141;2.153769016;0.807722772;0.589562485;4.79690497
17:21:04.466765;0.197118838;1.63928651;4.786277811;3.05479911;2.212245226;0.760231314;0.649652484;4.786277811
17:21:04.477980;0.278891673;2.848618471;4.789224162;3.108687178;2.266879559;0.713403266;0.700753723;4.789224162
17:21:04.486963;0.308924497;2.871536719;4.794233352;-3.120920546;2.312739849;0.664829356;0.746995266;4.794233352
17:21:04.497221;0.334867548;2.812286958;4.800691014;-3.06613097;2.351997137;0.614360868;0.789025173;4.800691014
17:21:04.508036;0.357851273;2.704133504;4.808117461;-3.01008953;2.400011539;0.562416669;0.826853971;4.808117461
17:21:04.517335;0.381835205;2.63682306;4.816709795;-2.952743793;2.429720402;0.505950725;0.862562383;4.816709795
17:21:04.528179;0.426854204;2.998266504;4.830282795;-2.890304477;2.463776112;0.449559249;0.893250515;4.830282795
17:21:04.538473;0.422784029;2.320397924;4.839675044;-2.830588622;2.517066479;0.395159938;0.918612336;4.839675044
17:21:04.547977;0.441832678;2.234698284;4.8491029;-2.772382282;2.566053629;0.343332528;0.939213913;4.8491029
17:21:04.558657;0.458626403;2.119356334;4.858603243;-2.713714841;2.62123847;0.289389208;0.957211516;4.858603243
17:21:04.569282;0.474391735;1.995319968;4.868286725;-2.65288462;2.683053017;0.239759758;0.97083225;4.868286725
17:21:04.579202;0.488141613;1.868971504;4.877132511;-2.594901748;2.754629135;0.190140124;0.981756962;4.877132511
17:21:04.589277;0.494448088;1.614219826;4.884806706;-2.535509773;2.832627058;0.137383146;0.990517981;4.884806706
17:21:04.600043;0.511108713;1.620200613;4.892389294;-2.478386882;2.898565769;0.084945879;0.996385567;4.892389294
17:21:04.611868;0.517302497;1.410098193;4.899050653;-2.41849591;2.971359968;0.031342763;0.999508695;4.899050653
17:21:04.621300;0.519532818;1.172288831;4.903506793;-2.364586256;3.046063662;-0.021797175;0.999762413;4.903506793
17:21:04.632080;0.521490192;0.97375135;4.906683558;-2.307949947;3.11892581;-0.072846358;0.997343175;4.906683558
17:21:04.642209;0.521178524;0.772933055;4.908057458;-2.256164008;-3.09164381;-0.125599614;0.992081013;4.908057458
17:21:04.652148;0.516877811;0.533331212;4.907644711;-2.2069206;-3.026720524;-0.179934176;0.983678653;4.907644711
17:21:04.662137;0.516877811;0.42666497;4.906242257;-2.158810003;-2.971634626;-0.232290615;0.972646426;4.906242257
17:21:04.672980;0.506398717;0.143030687;4.90279717;-2.110419342;-2.921052694;-0.290387541;0.956909126;4.90279717
17:21:04.682805;0.504361914;0.074174139;4.898791169;-2.064825741;-2.86965394;-0.342142187;0.939648192;4.898791169
17:21:04.692649;0.503343317;0.039113363;4.894399568;-2.019897767;-2.818011045;-0.393481516;0.919332528;4.894399568
17:21:04.703216;0.478191946;-0.466299565;4.887840463;-1.977011386;-2.772285938;-0.444081975;0.89598616;4.887840463
17:21:04.712826;0.47615388;-0.41335123;4.881394237;-1.934066768;-2.724596262;-0.492062868;0.870559667;4.881394237
17:21:04.723746;0.45538987;-0.725132337;4.8737189;-1.890391607;-2.676609755;-0.536028275;0.844200029;4.8737189
17:21:04.733760;0.446156348;-0.762723672;4.866560243;-1.848302188;-2.626678705;-0.577180572;0.816616548;4.866560243
17:21:04.744840;0.440151493;-0.720696342;4.859568862;-1.802448666;-2.579290152;-0.615150409;0.788409775;4.859568862
17:21:04.754995;0.432808853;-0.71437672;4.853583215;-1.756686534;-2.526906013;-0.651920614;0.758287223;4.853583215
17:21:04.765632;0.430787323;-0.611508726;4.849066717;-1.71217761;-2.477706432;-0.684326078;0.729176123;4.849066717
17:21:04.776780;0.429007223;-0.521945173;4.845574162;-1.662958054;-2.429934025;-0.714966245;0.699158972;4.845574162
17:21:04.786346;0.431014764;-0.377987896;4.843712081;-1.615661517;-2.383187771;-0.744408229;0.667724785;4.843712081
17:21:04.797531;0.437526202;-0.178143672;4.843190683;-1.565417571;-2.33875823;-0.774560041;0.632500389;4.843190683
17:21:04.807568;0.449333004;0.083507234;4.843897822;-1.514108646;-2.292096138;-0.800641772;0.599143349;4.843897822
17:21:04.817703;0.462850983;0.335256574;4.845423838;-1.463792284;-2.247346163;-0.824024526;0.566554129;4.845423838
17:21:04.827991;0.473622213;0.480120464;4.847523036;-1.412426343;-2.202414513;-0.846086997;0.533044832;4.847523036
17:21:04.838166;0.483143159;0.573115624;4.849876521;-1.361227206;-2.165815115;-0.868337213;0.495974277;4.849876521
17:21:04.848068;0.496865687;0.729499445;4.851985633;-1.309992539;-2.131307602;-0.888923892;0.458054925;4.851985633
17:21:04.858051;0.50240127;0.687066888;4.853964622;-1.256085885;-2.103589535;-0.907675539;0.419672629;4.853964622
17:21:04.869362;0.508602028;0.667492908;4.855270325;-1.203689442;-2.073271275;-0.924948614;0.380092175;4.855270325
17:21:04.880827;0.525993918;0.866329061;4.854678869;-1.153465686;-2.042988062;-0.940783528;0.339007896;4.854678869
17:21:04.889862;0.531530967;0.802698004;4.852790934;-1.106325699;-2.004705429;-0.955669435;0.294441729;4.852790934
17:21:04.900193;0.543829042;0.872582321;4.848402417;-1.058936236;-1.962294579;-0.967751077;0.251908421;4.848402417
17:21:04.910424;0.546110339;0.743337035;4.842652076;-1.015850379;-1.914214134;-0.976999118;0.213243345;4.842652076
17:21:04.921403;0.55743202;0.807732576;4.83366981;-0.973413301;-1.872689366;-0.985495878;0.169699368;4.83366981
17:21:04.932187;0.55743202;0.646186061;4.822636623;-0.932211126;-1.834617972;-0.991893874;0.12706905;4.822636623
17:21:04.942988;0.563382546;0.625544749;4.808648599;-0.893422515;-1.804251313;-0.996235804;0.086684614;4.808648599
17:21:04.954743;0.559143315;0.421957681;4.793385415;-0.856815592;-1.774843216;-0.999458664;0.032899537;4.793385415
17:21:04.964089;0.557250572;0.30283693;4.7761876;-0.821857328;-1.749771953;-0.99978634;-0.020670636;4.7761876
17:21:04.974800;0.555217763;0.202199854;4.758632196;-0.791039397;-1.730511904;-0.997154118;-0.075390085;4.758632196
17:21:04.984810;0.552167013;0.101265078;4.739931993;-0.761836998;-1.719895005;-0.991365917;-0.131124436;4.739931993
17:21:04.994406;0.552167013;0.081012062;4.719554047;-0.734274681;-1.730890036;-0.982220987;-0.187728347;4.719554047
17:21:05.004649;0.52975562;-0.379220789;4.701032406;-0.705246766;-1.751296282;-0.968592918;-0.248651884;4.701032406
17:21:05.015572;0.519627415;-0.48732906;4.680699166;-0.673923584;-1.786432981;-0.952026801;-0.306014656;4.680699166
17:21:05.025848;0.507454832;-0.631191397;4.662361914;-0.64513318;-1.830690265;-0.932612597;-0.360879127;4.662361914
17:21:05.037086;0.507454832;-0.504953118;4.641158594;-0.616135705;-1.873609185;-0.90984838;-0.41494087;4.641158594
17:21:05.048449;0.493150115;-0.677031195;4.621550005;-0.587220307;-1.900674462;-0.882940155;-0.469485551;4.621550005
17:21:05.058283;0.466153121;-1.04770311;4.604797667;-0.554752759;-1.905117154;-0.854249473;-0.519863288;4.604797667
17:21:05.068625;0.449400452;-1.155645256;4.589593022;-0.521439782;-1.905789614;-0.821885714;-0.569652414;4.589593022
17:21:05.078283;0.449400452;-0.924516205;4.573691485;-0.491180269;-1.900308609;-0.788022663;-0.615646232;4.573691485
17:21:05.090445;0.433610238;-1.036571139;4.55851372;-0.457797972;-1.888804913;-0.749760182;-0.661709656;4.55851372
17:21:05.100505;0.420046687;-1.079050612;4.544257834;-0.422625464;-1.861794472;-0.713015688;-0.701148079;4.544257834
17:21:05.110508;0.407268796;-1.09931177;4.531228422;-0.386530593;-1.82082355;-0.672183221;-0.740384844;4.531228422
17:21:05.121026;0.395704814;-1.098625483;4.519572794;-0.350432135;-1.778953433;-0.632957708;-0.774186373;4.519572794
17:21:05.131567;0.384116864;-1.098831375;4.509095865;-0.313336931;-1.731875062;-0.59408226;-0.804404294;4.509095865
17:21:05.142725;0.371303326;-1.120329473;4.500020081;-0.274564383;-1.682384372;-0.554709409;-0.832044152;4.500020081
17:21:05.153968;0.350144519;-1.286547187;4.493951363;-0.231872087;-1.62281692;-0.513812612;-0.857902442;4.493951363
17:21:05.163483;0.338634806;-1.25467872;4.489342479;-0.190616501;-1.563298225;-0.474177342;-0.880429354;4.489342479
17:21:05.174893;0.328979573;-1.183678558;4.485312452;-0.146487977;-1.503386378;-0.434156253;-0.900837581;4.485312452
17:21:05.185069;0.317312799;-1.159148759;4.482411205;-0.100084755;-1.44424665;-0.395135233;-0.918622963;4.482411205
17:21:05.197356;0.305663381;-1.146959566;4.480758528;-0.054196907;-1.380889535;-0.35533314;-0.934739728;4.480758528
17:21:05.206598;0.277021688;-1.482412512;4.483501653;-0.005997158;-1.317486882;-0.31418236;-0.949362652;4.483501653
17:21:05.217895;0.267274369;-1.355322257;4.486831197;0.048952347;-1.25674355;-0.273957786;-0.961741718;4.486831197
17:21:05.228702;0.25335238;-1.345878569;4.490846733;0.100743839;-1.19765842;-0.229586039;-0.97328837;4.490846733
17:21:05.239388;0.23951476;-1.331239667;4.495751017;0.154504872;-1.137537003;-0.184821477;-0.982772111;4.495751017
17:21:05.249501;0.225640787;-1.33908831;4.500937349;0.205231646;-1.076313496;-0.14091075;-0.990022303;4.500937349
17:21:05.259760;0.195787949;-1.621047278;4.510128885;0.263355992;-1.012318134;-0.092031315;-0.995756113;4.510128885
17:21:05.269833;0.180838991;-1.593786392;4.518738762;0.317421244;-0.948969901;-0.04485014;-0.998993726;4.518738762
17:21:05.279862;0.180838991;-1.275029114;4.524684868;0.369090141;-0.887323737;0.005378729;-0.999985535;4.524684868
17:21:05.292479;0.16796323;-1.256753055;4.530710029;0.424370555;-0.82492274;0.056657325;-0.998393684;4.530710029
17:21:05.301175;0.155040947;-1.261219527;4.535829459;0.475290836;-0.764029145;0.106799962;-0.994280528;4.535829459
17:21:05.312605;0.142248005;-1.242266839;4.540681057;0.529918174;-0.702832341;0.157708799;-0.987485663;4.540681057
17:21:05.321955;0.128229524;-1.271432797;4.544593857;0.579709819;-0.645116925;0.208038468;-0.978120645;4.544593857
17:21:05.333962;0.114153089;-1.294581932;4.547967468;0.629219465;-0.588820696;0.257857241;-0.966183028;4.547967468
17:21:05.342852;0.099013014;-1.331397107;4.550850349;0.678686649;-0.53499198;0.309541147;-0.950886049;4.550850349
17:21:05.353830;0.086899767;-1.275635338;4.552663787;0.73288557;-0.482050419;0.358916592;-0.933369637;4.552663787
17:21:05.365901;0.070707896;-1.311854018;4.553568417;0.784402296;-0.428178459;0.405321641;-0.914174145;4.553568417
17:21:05.375046;0.070707896;-1.049483215;4.55158865;0.828414837;-0.371532351;0.447949574;-0.894058823;4.55158865
17:21:05.388247;0.01522254;-1.828411266;4.554527897;0.882454232;-0.321957827;0.489799786;-0.871834944;4.554527897
17:21:05.398165;-0.004430738;-1.808676974;4.556625091;0.936315249;-0.274014503;0.526897361;-0.849928921;4.556625091
17:21:05.410765;-0.024149049;-1.813914335;4.557907141;0.986574525;-0.23725763;0.56248066;-0.826810442;4.557907141
17:21:05.419076;-0.038365297;-1.717281621;4.558039768;1.035401781;-0.195024565;0.596060039;-0.802939867;4.558039768
17:21:05.431174;-0.048486445;-1.563742091;4.556838107;1.082777606;-0.152201042;0.626748806;-0.779221364;4.556838107
17:21:05.441261;-0.056566376;-1.399913596;4.554358746;1.129734463;-0.104610913;0.654847436;-0.755761097;4.554358746
17:21:05.451142;-0.066682493;-1.319933318;4.551397391;1.172831094;-0.044215187;0.680862054;-0.732411676;4.551397391
17:21:05.461436;-0.073414713;-1.181063346;4.547568;1.217961966;0.010795547;0.703106596;-0.711084464;4.547568
17:21:05.472337;-0.081499659;-1.104651621;4.54370808;1.26009886;0.092754394;0.723569241;-0.690251804;4.54370808
17:21:05.483339;-0.089589229;-1.022774399;4.539247134;1.308479454;0.17905058;0.742316948;-0.670048915;4.539247134
17:21:05.493614;-0.098331099;-0.988807198;4.53557329;1.351310128;0.297067016;0.761451616;-0.648221749;4.53557329
17:21:05.504594;-0.107430852;-0.967695361;4.532355747;1.394804068;0.393297821;0.781379148;-0.624056589;4.532355747
17:21:05.514004;-0.11716255;-0.967301719;4.529827371;1.437935504;0.481719881;0.799019692;-0.601304857;4.529827371
17:21:05.524823;-0.133952856;-1.10163502;4.528136092;1.482640699;0.547926009;0.816117665;-0.577885764;4.528136092
17:21:05.535480;-0.140659579;-1.005961559;4.527072298;1.53029595;0.607294679;0.83248398;-0.554049116;4.527072298
17:21:05.546245;-0.147360036;-0.929568552;4.526804549;1.578637634;0.659303248;0.850030696;-0.526733154;4.526804549
17:21:05.557133;-0.150591697;-0.803365746;4.527362534;1.628197614;0.719974339;0.867102881;-0.498129093;4.527362534
17:21:05.566719;-0.15629965;-0.75566574;4.528585396;1.675174928;0.786841452;0.881776779;-0.47166695;4.528585396
17:21:05.578618;-0.157406374;-0.625673679;4.530557704;1.724570694;0.835744381;0.897027911;-0.441973899;4.530557704
17:21:05.587800;-0.163637545;-0.624081906;4.532830022;1.772555887;0.883996785;0.912015234;-0.410156327;4.532830022
17:21:05.598391;-0.163817798;-0.502629015;4.535629817;1.823954517;0.924248695;0.926222519;-0.376977247;4.535629817
17:21:05.609147;-0.170012344;-0.518787687;4.538147393;1.874643058;0.979394317;0.939224447;-0.343303711;4.538147393
17:21:05.619291;-0.173206698;-0.474093058;4.540177823;1.925773118;1.0242064;0.95131031;-0.308234803;4.540177823
17:21:05.629875;-0.176263716;-0.439983129;4.541160148;1.972485712;1.072397828;0.962543397;-0.271127663;4.541160148
17:21:05.640641;-0.180056288;-0.423610736;4.540718529;2.020134746;1.110633731;0.973237895;-0.229799911;4.540718529
17:21:05.650610;-0.182891698;-0.394912807;4.538543331;2.063911463;1.151599526;0.981887617;-0.189464265;4.538543331
17:21:05.661580;-0.183573594;-0.328491773;4.53412053;2.108741201;1.185248733;0.989289809;-0.145964631;4.53412053
17:21:05.672605;-0.181410572;-0.223257509;4.527447809;2.151647013;1.224070072;0.9949957;-0.099917748;4.527447809
17:21:05.683395;-0.175034927;-0.060516715;4.518924508;2.19196767;1.255193949;0.998531707;-0.054170379;4.518924508
17:21:05.693333;-0.166401535;0.123048318;4.509373251;2.227877684;1.294493556;0.999982017;-0.005997122;4.509373251
17:21:05.703803;-0.154492015;0.323742726;4.498002655;2.264122603;1.33029139;0.998802073;0.048932799;4.498002655
17:21:05.714710;-0.14002807;0.525233351;4.485094361;2.300019791;1.368888021;0.99492963;0.100573511;4.485094361
17:21:05.724612;-0.123184932;0.754577651;4.472349202;2.33239549;1.417377472;0.988087848;0.153890888;4.472349202
17:21:05.735384;-0.077964803;1.45281261;4.462262716;2.369892201;1.483486891;0.979013803;0.20379395;4.462262716
17:21:05.745448;-0.055437136;1.60701845;4.452477225;2.405263171;1.549018741;0.965521777;0.260322295;4.452477225
17:21:05.756644;-0.038179863;1.606381137;4.441015246;2.441651933;1.606093168;0.950043451;0.312117671;4.441015246
17:21:05.766428;-0.011295853;1.817029856;4.430816119;2.476295012;1.665614247;0.932655979;0.360766996;4.430816119
17:21:05.777140;0.011478281;1.883377505;4.420093803;2.512480328;1.728413343;0.911298086;0.411747251;4.420093803
17:21:05.787981;0.034983063;1.940940485;4.409207411;2.549389656;1.79096055;0.889159673;0.457597066;4.409207411
17:21:05.798831;0.059264918;1.998796197;4.398548942;2.586682952;1.844971776;0.862848434;0.505462739;4.398548942
17:21:05.809460;0.084376013;2.069438451;4.388720367;2.623766405;1.890017271;0.836621641;0.547781188;4.388720367
17:21:05.819458;0.107161065;2.082549989;4.379293263;2.661129693;1.935586929;0.80848711;0.588513884;4.379293263
17:21:05.830221;0.129964852;2.096648835;4.37055352;2.698729907;1.986732244;0.778397874;0.627771256;4.37055352
17:21:05.840365;0.15276671;2.129108051;4.363103545;2.735361621;2.049320936;0.743247003;0.669017109;4.363103545
17:21:05.851862;0.17452798;2.105075297;4.3559992;2.775484087;2.104664564;0.707810615;0.706402246;4.3559992
17:21:05.862336;0.201319829;2.195695443;4.351139207;2.816222086;2.151913881;0.676044653;0.736860657;4.351139207
17:21:05.872178;0.226051701;2.246210533;4.348237917;2.857262936;2.206057787;0.635257655;0.772300273;4.348237917
17:21:05.882820;0.250876791;2.260899355;4.347175719;2.902733176;2.25960207;0.592759665;0.805379401;4.347175719
17:21:05.894635;0.273588185;2.230517781;4.34772802;2.95010545;2.317878485;0.551550422;0.834141554;4.303264853
17:21:05.904281;0.296306282;2.209785202;4.350046314;2.998879378;2.375116348;0.510180415;0.860067407;4.259353988
17:21:05.914708;0.316965335;2.155303537;4.353832451;3.049074738;2.4276793;0.468876818;0.883263567;4.215443122
17:21:05.925347;0.337611159;2.106486114;4.359264613;3.101571016;2.471943617;0.426899948;0.904298863;4.171532256
17:21:05.936504;0.378186676;2.465117196;4.370243165;-3.125217983;2.514355421;0.387543393;0.921851462;4.12762139
17:21:05.946334;0.377170255;1.952068015;4.377925024;-3.073132051;2.569477081;0.345558948;0.938397045;4.083710524
17:21:05.956249;0.393967656;1.883742232;4.386868343;-3.018476672;2.629586935;0.305722783;0.95212057;4.039799658
17:21:05.966303;0.408556859;1.796740676;4.396134643;-2.964984661;2.696399927;0.259318863;0.965791762;3.995888793
17:21:05.976382;0.422307933;1.710426132;4.405963871;-2.91082264;2.765935421;0.217728177;0.976009447;3.951977927
17:21:05.986554;0.433954687;1.595372902;4.416153371;-2.855373752;2.838155746;0.175085155;0.984553294;3.908067061
17:21:05.997202;0.445468924;1.503985053;4.426406576;-2.800401537;2.917254448;0.132470291;0.991186976;3.864156195
17:21:06.007990;0.456193197;1.405664961;4.437210876;-2.742648826;2.988610268;0.08804149;0.996116808;3.820245329
17:21:06.018844;0.465669584;1.300023517;4.448018924;-2.683859421;3.058465958;0.040489306;0.999179972;3.776334463
17:21:06.028896;0.473133977;1.187854153;4.457663435;-2.629247527;3.126830339;-0.007841227;0.999969257;3.732423597
17:21:06.038909;0.483499154;1.154552087;4.467498275;-2.57412241;-3.097044468;-0.05736977;0.998352998;3.688512732
17:21:06.049159;0.481361813;0.883791764;4.475754811;-2.517897485;-3.0435009;-0.104189172;0.994557498;3.644601866
17:21:06.059772;0.480287992;0.686806039;4.482239432;-2.463855857;-2.992881775;-0.153169044;0.988200002;3.600691
17:21:06.070526;0.477232204;0.489787417;4.486793265;-2.413359676;-2.942836761;-0.200393508;0.97971549;3.556780134
17:21:06.081471;0.471861513;0.292261792;4.489651345;-2.362081924;-2.893746138;-0.25046273;0.968126242;3.512869268
17:21:06.092207;0.465534621;0.116904632;4.490657991;-2.31247313;-2.844084501;-0.299192934;0.954192637;3.468958402
17:21:06.102832;0.458245109;-0.043035517;4.489924823;-2.265267591;-2.793788671;-0.347568603;0.937654556;3.425047536
17:21:06.113921;0.451973135;-0.149150064;4.487780297;-2.218329509;-2.750029802;-0.390973813;0.920401802;3.381136671
17:21:06.124813;0.443711612;-0.273525014;4.484250571;-2.173791405;-2.706097841;-0.434369721;0.90073467;3.337225805
17:21:06.134527;0.435465087;-0.382008433;4.479787393;-2.132955852;-2.66108799;-0.473372188;0.880862516;3.293314939
17:21:06.144543;0.425984547;-0.487897709;4.474088363;-2.092087841;-2.616276979;-0.512372208;0.858763484;3.249404073
17:21:06.155210;0.416517508;-0.570724985;4.467433817;-2.051820961;-2.572456598;-0.548735306;0.835996151;3.205493207
17:21:06.166997;0.408063172;-0.602761635;4.459452597;-2.00817437;-2.527114868;-0.581988093;0.813197307;3.161582341
17:21:06.177920;0.400612014;-0.621585932;4.451766113;-1.968221332;-2.484652519;-0.610808538;0.791778333;3.117671475
17:21:06.187458;0.396241569;-0.583260287;4.444542877;-1.930230248;-2.441796064;-0.639099033;0.769124454;3.07376061
17:21:06.197406;0.395054016;-0.490129459;4.437769126;-1.892158905;-2.399055243;-0.666290779;0.745692026;3.029849744
17:21:06.208723;0.396084361;-0.372711051;4.431292095;-1.851514223;-2.356036663;-0.690079695;0.723733387;2.985938878
17:21:06.219539;0.398122667;-0.259873107;4.425578117;-1.810087751;-2.313951969;-0.716725887;0.697355005;2.942028012
17:21:06.229907;0.397934163;-0.211415744;4.420549343;-1.767707352;-2.271549463;-0.740938564;0.671572814;2.898117146
17:21:06.240741;0.400160489;-0.127547562;4.416443104;-1.724504012;-2.22936368;-0.764880375;0.644172347;2.85420628
17:21:06.251317;0.40237892;-0.060476694;4.413319887;-1.680497206;-2.186592579;-0.786733088;0.617293325;2.810295415
17:21:06.261277;0.40237892;-0.048381355;4.411270043;-1.637929431;-2.143176794;-0.808550159;0.58842726;2.766384549
17:21:06.271879;0.4036524;-0.014109966;4.410189166;-1.593335695;-2.098158836;-0.829713002;0.558190232;2.722473683
17:21:06.282552;0.405876033;0.030554614;4.41021121;-1.546440587;-2.053162336;-0.849948019;0.526866553;2.678562817
17:21:06.293451;0.408102325;0.068570066;4.411317216;-1.500828544;-2.00921607;-0.868897222;0.494992542;2.634651951
17:21:06.304174;0.41236059;0.135786231;4.413559397;-1.452153957;-1.966747165;-0.886781042;0.46218977;2.590741085
17:21:06.313334;0.415611897;0.173212894;4.416712237;-1.404548313;-1.927769899;-0.903528601;0.428527791;2.546830219
17:21:06.324305;0.419875028;0.217850586;4.421045043;-1.352693316;-1.89075768;-0.918616651;0.395149907;2.502919354
17:21:06.334110;0.420894398;0.193964082;4.426188252;-1.301733113;-1.8560462;-0.933727485;0.357984614;2.459008488
17:21:06.344221;0.427399147;0.278336292;4.431944312;-1.249195058;-1.823440552;-0.947532336;0.319659932;2.415097622
17:21:06.355750;0.428486112;0.24296168;4.438436664;-1.195189537;-1.790230632;-0.959849892;0.280514144;2.371186756
17:21:06.366095;0.425040451;0.128026589;4.445525586;-1.141960099;-1.757482767;-0.971608448;0.23659464;2.32727589
17:21:06.376047;0.423030784;0.062494756;4.452857409;-1.089839176;-1.722789526;-0.981722278;0.190319125;2.283365024
17:21:06.386570;0.427089795;0.127006678;4.460144153;-1.035574568;-1.691224337;-0.989833733;0.142229326;2.239454158
17:21:06.396628;0.435388702;0.265271662;4.465972233;-0.984485129;-1.666769981;-0.99572327;0.092385987;2.195543293
17:21:06.406696;0.446155208;0.424956145;4.469956947;-0.935275956;-1.649626851;-1;-1.22E-16;2.151632427
17:21:06.417285;0.458421093;0.564148595;4.471677809;-0.884631266;-1.642971039;1;0;0
17:21:06.428203;0.459922545;0.480424378;4.472023342;-0.838147307;-1.647449613;1;0;0
17:21:06.438179;0.454849654;0.288762893;4.471865632;-0.790832578;-1.659858227;1;0;0
17:21:06.448907;0.442717895;-0.01002571;4.472152908;-0.745527311;-1.674174786;1;0;0
17:21:06.459624;0.430285612;-0.236161677;4.472835271;-0.696098551;-1.68349278;1;0;0
17:21:06.469829;0.416603625;-0.445991238;4.473910328;-0.647403098;-1.675683141;1;0;0
17:21:06.480694;0.402093344;-0.644837378;4.475420582;-0.600808768;-1.648322821;1;0;0
17:21:06.490442;0.385256052;-0.848955767;4.477783416;-0.553186155;-1.611780047;1;0;0
17:21:06.501222;0.370702012;-0.952282614;4.480574713;-0.502654803;-1.576024055;1;0;0
17:21:06.510625;0.360219743;-0.969235808;4.482712047;-0.455215909;-1.54938221;1;0;0
17:21:06.521871;0.349724034;-0.961581438;4.484429744;-0.402947431;-1.528025627;1;0;0
17:21:06.532584;0.342474632;-0.905357447;4.484740008;-0.354857539;-1.511657596;1;0;0
17:21:06.542921;0.321733832;-1.135182731;4.486600006;-0.307710811;-1.493877172;1;0;0
17:21:06.553503;0.310396057;-1.129721907;4.488179693;-0.260205949;-1.469568253;1;0;0
17:21:06.564827;0.301258555;-1.071020055;4.489020008;-0.210314929;-1.43975544;1;0;0
17:21:06.574363;0.29708859;-0.93610015;4.488070162;-0.16404736;-1.401973009;1;0;0
17:21:06.586124;0.295002023;-0.787571032;4.48508454;-0.118639415;-1.360274315;1;0;0
17:21:06.595980;0.278587035;-0.947176627;4.483504215;-0.073793917;-1.316910982;1;0;0
17:21:06.606151;0.275570336;-0.81406022;4.480277597;-0.029004458;-1.275040269;1;0;0
17:21:06.616752;0.268342106;-0.794451382;4.476819849;0.012750599;-1.23445344;1;0;0
17:21:06.627407;0.260088834;-0.793212122;4.473135513;0.055922326;-1.193860531;1;0;0
17:21:06.637423;0.255948423;-0.716754745;4.468724734;0.096561242;-1.149066567;1;0;0
17:21:06.648279;0.247611351;-0.729370406;4.464134427;0.139722447;-1.105374336;1;0;0
17:21:06.658543;0.244547074;-0.643035128;4.458726905;0.180239456;-1.063662767;1;0;0
17:21:06.668866;0.241398052;-0.575838407;4.452520909;0.219730131;-1.024002552;1;0;0
17:21:06.678833;0.231996091;-0.63725904;4.44658969;0.261181213;-0.986735821;1;0;0
17:21:06.689665;0.226765482;-0.613292829;4.44056732;0.300079565;-0.951070547;1;0;0
17:21:06.701173;0.222555488;-0.568644153;4.433505948;0.340910717;-0.916209996;1;0;0
17:21:06.711165;0.215239924;-0.591510993;4.426473541;0.381330541;-0.882004976;1;0;0
17:21:06.721075;0.207920321;-0.609729789;4.41934128;0.421626793;-0.849082708;1;0;0
17:21:06.733467;0.20162154;-0.606847698;4.411948913;0.460955641;-0.818040311;1;0;0
17:21:06.742194;0.196343848;-0.590254207;4.404383696;0.49780058;-0.786781609;1;0;0
17:21:06.752425;0.188975571;-0.618053768;4.39663996;0.534520411;-0.756397665;1;0;0
17:21:06.763131;0.181608475;-0.63463279;4.388303887;0.572351513;-0.727430999;1;0;0
17:21:06.774067;0.174237814;-0.642762933;4.379210094;0.611107786;-0.698403239;1;0;0
17:21:06.784701;0.166831372;-0.651014025;4.369671887;0.648937038;-0.667576313;1;0;0
17:21:06.794157;0.159421558;-0.667628597;4.360317841;0.683644291;-0.634462416;1;0;0
17:21:06.804999;0.152009185;-0.670953623;4.349741211;0.720246476;-0.59933579;1;0;0
17:21:06.815493;0.14353581;-0.704358723;4.339504796;0.753942881;-0.559871793;1;0;0
17:21:06.826430;0.138171867;-0.665120209;4.327956404;0.788140657;-0.517070293;1;0;0
17:21:06.836227;0.141248722;-0.471007796;4.314967653;0.818685122;-0.468375802;1;0;0
17:21:06.846178;0.128537543;-0.62350481;4.302104895;0.850223222;-0.415929705;1;0;0
17:21:06.856153;0.122183236;-0.624915963;4.289021461;0.880428303;-0.354130715;1;0;0
17:21:06.867014;0.125260149;-0.443193625;4.273123181;0.910962955;-0.286916256;1;0;0
17:21:06.878017;0.1104044;-0.641211928;4.258675821;0.940731932;-0.21599488;1;0;0
17:21:06.888744;0.1050431;-0.612093892;4.243104556;0.971144957;-0.143372506;1;0;0
17:21:06.898782;0.099686325;-0.590608182;4.227443511;1.000440123;-0.084164478;1;0;0
17:21:06.909662;0.083661537;-0.790621855;4.213528762;1.029044083;-0.030941794;1;0;0
17:21:06.920465;0.085705385;-0.595034468;4.197400612;1.058803611;0.014985684;1;0;0
17:21:06.930410;0.078269987;-0.61552011;4.181839442;1.08790694;0.051844995;1;0;0
17:21:06.941814;0.051587031;-0.985414396;4.168315429;1.119577667;0.069294304;1;0;0
17:21:06.951837;0.04602083;-0.893118664;4.155149695;1.150625737;0.074170239;1;0;0
17:21:06.963202;0.03431392;-0.937147372;4.142934027;1.182040971;0.063437402;1;0;0
17:21:06.973127;0.038411174;-0.673305955;4.130082536;1.213549795;0.086994886;1;0;0
17:21:06.984781;0.016920587;-0.932452067;4.118913017;1.247395966;0.078019857;1;0;0
17:21:06.994977;0.018968819;-0.708529916;4.107893364;1.28139223;0.102342084;1;0;0
17:21:07.006182;0.003915336;-0.865706423;4.099170715;1.314004763;0.104159705;1;0;0
17:21:07.016157;-0.00148449;-0.79875088;4.091269252;1.347753274;0.14682439;1;0;0
17:21:07.026063;0.000340492;-0.60285156;4.084114667;1.381871195;0.2093402;1;0;0
17:21:07.035924;0.002420281;-0.440988175;4.07786037;1.416725049;0.297874391;1;0;0
17:21:07.046511;0.002420281;-0.35279054;4.072532586;1.454457358;0.431756437;1;0;0
17:21:07.056536;0.004224739;-0.246397006;4.068743857;1.491662085;0.525911152;1;0;0
17:21:07.067441;0.004224739;-0.197117605;4.066267783;1.533592785;0.672875583;1;0;0
17:21:07.077797;0.006253136;-0.119773009;4.065594461;1.576415136;0.807023585;1;0;0
17:21:07.089050;0.005020461;-0.119343787;4.066703744;1.620134205;0.952140749;1;0;0
17:21:07.098807;0.001888916;-0.157555879;4.069374418;1.663844389;1.041519523;1;0;0
17:21:07.109491;0.004773634;-0.071413279;4.073899839;1.71136751;1.121893167;1;0;0
17:21:07.120208;0.00576084;-0.038783273;4.080169858;1.761510285;1.176174164;1;0;0
17:21:07.129586;0.00448269;-0.056417719;4.087232782;1.809685778;1.206847906;1;0;0
17:21:07.140845;0.004446564;-0.045819357;4.095596379;1.861192527;1.231822371;1;0;0
17:21:07.151585;0.005492099;-0.017219964;4.104799115;1.914509007;1.262311459;1;0;0
17:21:07.161455;0.005492099;-0.013775971;4.113893683;1.966977264;1.324501157;1;0;0
17:21:07.171670;0.004451523;-0.031572696;4.122047066;2.016831097;1.366337895;1;0;0
17:21:07.182498;0.002371659;-0.066333653;4.128977881;2.065542156;1.408915162;1;0;0
17:21:07.192524;0.009316057;0.084415759;4.135280468;2.113589818;1.433467269;1;0;0
17:21:07.203217;0.006197712;0.010014213;4.139457923;2.162630792;1.462049007;1;0;0
17:21:07.213831;0.006992325;0.023012317;4.141072436;2.208110428;1.495389938;1;0;0
17:21:07.224659;0.007983792;0.03690941;4.139914917;2.251336906;1.548570871;1;0;0
17:21:07.234965;0.010101892;0.071264114;4.136207688;2.289632856;1.609320402;1;0;0
17:21:07.244888;0.006769118;-0.005158568;4.128445358;2.326178282;1.644031286;1;0;0
17:21:07.256338;0.003656696;-0.062775324;4.116917908;2.358411076;1.615677238;1;0;0
17:21:07.266449;0.007723188;0.029259385;4.103557895;2.387112749;1.526441813;1;0;0
17:21:07.275731;0.00231973;-0.083723935;4.086619196;2.411485574;1.355299592;1;0;0
17:21:07.285841;0.004341197;-0.027043857;4.067462207;2.43360547;1.117349505;1;0;0
17:21:07.296801;0.004169459;-0.025003162;4.04573792;2.453252382;0.833434224;1;0;0
17:21:07.307424;0.004128485;-0.020757544;4.020223754;2.471513944;0.6515643;1;0;0
17:21:07.318118;0.004128485;-0.016606035;3.993842289;2.486634667;0.51137495;1;0;0
17:21:07.328551;0.00282797;-0.037340253;3.96418287;2.500000487;0.398891777;1;0;0
17:21:07.340231;0.001797547;-0.048187376;3.931420357;2.511660527;0.335461974;1;0;0
17:21:07.349504;0.003672768;-0.001428913;3.901197631;2.521006277;0.286931068;1;0;0
17:21:07.360237;0.002635105;-0.021624333;3.869739702;2.528919811;0.253107578;1;0;0
17:21:07.370182;0.000577855;-0.056115281;3.835634272;2.535653657;0.18929486;1;0;0
17:21:07.381445;0.001333258;-0.030520923;3.801462461;2.541625306;0.165948868;1;0;0
17:21:07.392099;0.003477907;0.015595547;3.766749037;2.547477581;0.144673482;1;0;0
17:21:07.402688;0.002444254;-0.0070369;3.732016432;2.552467226;0.14102824;1;0;0
17:21:07.413402;0.001417494;-0.025144385;3.697282809;2.556822198;0.127518013;1;0;0
17:21:07.423340;0.002433494;-0.000161067;3.664029082;2.561049164;0.127683803;1;0;0
17:21:07.432841;0.004474858;0.0404136;3.631798218;2.565553529;0.13494426;1;0;0
17:21:07.443536;0.001134043;-0.033587275;3.598900907;2.569301992;0.120825738;1;0;0
17:21:07.454226;0.001129615;-0.026952901;3.56474567;2.573326864;0.106666237;1;0;0
17:21:07.465919;0.002149517;-0.00239455;3.531388465;2.577727179;0.090454891;1;0;0
17:21:07.474908;0.002257872;0.000227534;3.500203287;2.582092123;0.082301311;1;0;0
17:21:07.485645;0.001234395;-0.019106808;3.467775573;2.5866364;0.064323016;1;0;0
17:21:07.495520;0.001234395;-0.015285446;3.435971066;2.591432686;0.051432654;1;0;0
17:21:07.506276;0.002254868;0.007991375;3.406490671;2.596485152;0.051115192;1;0;0
17:21:07.516151;0.00122978;-0.01387991;3.377270332;2.601565824;0.05084312;1;0;0
17:21:07.526912;-6.00E-05;-0.035642826;3.34721082;2.606850069;0.044733979;1;0;0
17:21:07.537634;-6.23E-05;-0.028556739;3.317387084;2.612578902;0.034951791;1;0;0
17:21:07.547510;-0.001083989;-0.042179618;3.288289516;2.618388551;0.035579853;1;0;0
17:21:07.559250;-0.001083989;-0.033743695;3.261172509;2.624318954;0.028112546;1;0;0
17:21:07.568458;-0.002105158;-0.045906011;3.232622169;2.630833477;0.009573218;1;0;0
17:21:07.579626;-0.003125775;-0.055803052;3.204837026;2.637485702;0.003055556;1;0;0
17:21:07.590526;-0.003125775;-0.044642442;3.177671318;2.64462723;0.000255863;1;0;0
17:21:07.600537;-0.004145835;-0.055266082;3.151750134;2.651726893;-0.0040921;1;0;0
17:21:07.610459;-0.001087245;0.016276795;3.127969093;2.659698092;0.002272008;1;0;0
17:21:07.621527;-0.001087245;0.013021436;3.104302528;2.668073726;0.017825589;1;0;0
17:21:07.632152;-6.82E-05;0.029376657;3.08031615;2.677328426;0.034599654;1;0;0
17:21:07.641986;-0.001087701;0.004261217;3.056837907;2.686369657;0.041964013;1;0;0
17:21:07.653514;-0.001087701;0.003408973;3.03367217;2.695576552;0.052190278;1;0;0
17:21:07.663335;-0.002106228;-0.017322072;3.011592434;2.704207274;0.06083877;1;0;0
17:21:07.674436;-0.003124051;-0.032853577;2.988335042;2.713097926;0.061643839;1;0;0
17:21:07.683750;-0.003401238;-0.03177546;2.966597915;2.721412506;0.052246261;1;0;0
17:21:07.693761;-0.003401238;-0.025420368;2.945082474;2.729666559;0.037585221;1;0;0
17:21:07.705658;-0.005437108;-0.057398204;2.921226251;2.738034748;0.025555313;1;0;0
17:21:07.714795;-0.005437108;-0.045918563;2.899457209;2.74561053;0.008139154;1;0;0
17:21:07.724922;-0.006575089;-0.059336439;2.87751558;2.752755661;0.000185481;1;0;0
17:21:07.735317;-0.007591602;-0.067475508;2.855185254;2.75955285;-0.004793627;1;0;0
17:21:07.745286;-0.008607543;-0.074147767;2.832844335;2.765865635;-0.007748322;1;0;0
17:21:07.755572;-0.009622911;-0.079306659;2.810102665;2.771788829;-0.016329017;1;0;0
17:21:07.765694;-0.010637704;-0.0831815;2.786861314;2.77732587;-0.024358546;1;0;0
17:21:07.776274;-0.011937308;-0.090722563;2.762259083;2.782551733;-0.032827232;1;0;0
17:21:07.787078;-0.012951893;-0.092695083;2.738965946;2.787003506;-0.040555734;1;0;0
17:21:07.796480;-0.013965896;-0.09422226;2.715422593;2.791022729;-0.040815804;1;0;0
17:21:07.807306;-0.015997098;-0.115723556;2.691532382;2.794353682;-0.038619161;1;0;0
17:21:07.817692;-0.015997098;-0.092578845;2.666373726;2.797709992;-0.03232374;1;0;0
17:21:07.827273;-0.015997098;-0.074063076;2.642530586;2.800732973;-0.022854671;1;0;0
17:21:07.838324;-0.018027958;-0.097924551;2.617364456;2.803187578;-0.013315912;1;0;0
17:21:07.849844;-0.018027958;-0.078339641;2.590217258;2.805700268;-0.007078737;1;0;0
17:21:07.860525;-0.019046225;-0.081988107;2.564973765;2.807632298;0.00075762;1;0;0
17:21:07.870647;-0.018757061;-0.060267388;2.539196878;2.809582371;0.010069571;1;0;0
17:21:07.883368;-0.018757061;-0.04821391;2.511068129;2.811581586;0.020439809;1;0;0
17:21:07.893897;-0.018757061;-0.038571128;2.487422142;2.813159516;0.029748332;1;0;0
17:21:07.903406;-0.018757061;-0.030856903;2.462672815;2.814713181;0.039760653;1;0;0
17:21:07.914866;-0.018757061;-0.024685522;2.437372432;2.816201389;0.051691011;1;0;0
17:21:07.925575;-0.020903443;-0.059695942;2.412142399;2.81702761;0.058311548;1;0;0
17:21:07.936388;-0.020903443;-0.047756753;2.387184364;2.817813642;0.062141117;1;0;0
17:21:07.947066;-0.020903443;-0.038205403;2.362479882;2.818559527;0.066348933;1;0;0
17:21:07.957696;-0.020903443;-0.030564322;2.338033951;2.819265039;0.070536263;1;0;0
17:21:07.968275;-0.020903443;-0.024451458;2.314576414;2.819910969;0.071452521;1;0;0
17:21:07.977683;-0.020903443;-0.019561166;2.291850642;2.820507567;0.069675602;1;0;0
17:21:07.988403;-0.020903443;-0.015648933;2.267872411;2.821106188;0.073859349;1;0;0
17:21:07.998587;-0.021631646;-0.026985543;2.245512372;2.821465249;0.074897185;1;0;0
17:21:08.009776;-0.021631646;-0.021588434;2.222339971;2.821827448;0.082535848;1;0;0
17:21:08.019880;-0.021631646;-0.017270748;2.198756035;2.822186166;0.087185912;1;0;0
17:21:08.030684;-0.02163923;-0.013966922;2.177001852;2.822507571;0.090975575;1;0;0
17:21:08.040589;-0.02163923;-0.011173537;2.154153934;2.822839363;0.089320116;1;0;0
17:21:08.052213;-0.02163923;-0.00893883;2.13111909;2.823170871;0.082939923;1;0;0
17:21:08.062459;-0.020341218;0.016526881;2.108529144;2.823822261;0.085190825;1;0;0
17:21:08.074749;-0.020341218;0.013221505;2.086949318;2.824420041;0.091745928;1;0;0
17:21:08.084518;-0.020455503;0.008426476;2.065436344;2.824971863;0.103856169;1;0;0
17:21:08.093826;-0.019444908;0.026776717;2.045445008;2.825715731;0.11162743;1;0;0
17:21:08.105570;-0.019444908;0.021421374;2.023871686;2.826497582;0.121903241;1;0;0
17:21:08.115581;-0.018149135;0.041143297;2.003199539;2.827562041;0.12793006;1;0;0
17:21:08.126296;-0.018149135;0.032914637;1.982882764;2.828578371;0.125017628;1;0;0
17:21:08.137067;-0.018149135;0.02633171;1.962706438;2.829571214;0.123971194;1;0;0
17:21:08.149469;-0.017132201;0.039920963;1.942872714;2.830801179;0.120836183;1;0;0
17:21:08.158565;-0.017132201;0.031936771;1.923078061;2.832011829;0.115812778;1;0;0
17:21:08.169147;-0.017132201;0.025549416;1.904084875;2.833169958;0.112058066;1;0;0
17:21:08.184703;-0.017132201;0.020439533;1.886062039;2.834275933;0.104445837;1;0;0
17:21:08.191442;-0.017132201;0.016351627;1.865233443;2.835574241;0.09568309;1;0;0
17:21:08.201768;-0.014815014;0.059079755;1.848173633;2.837220732;0.089372434;1;0;0
17:21:08.211825;-0.013805146;0.066203206;1.830507096;2.83916916;0.086527877;1;0;0
17:21:08.223205;-0.013805146;0.052962565;1.812819714;2.841083434;0.084348001;1;0;0
17:21:08.233911;-0.011778483;0.080071819;1.795782615;2.843444339;0.086138122;1;0;0
17:21:08.244918;-0.011778483;0.064057455;1.778744375;2.845737322;0.088758409;1;0;0
17:21:08.254177;-0.010762499;0.071377068;1.763176245;2.84804463;0.098229475;1;0;0
17:21:08.264759;-0.00975149;0.077111878;1.747901324;2.850509236;0.101472512;1;0;0
17:21:08.275210;-0.00975149;0.061689502;1.732274436;2.852948345;0.100830622;1;0;0
17:21:08.286106;-0.009470859;0.054555443;1.716189643;2.855460231;0.090733059;1;0;0
17:21:08.296728;-0.007444484;0.082480089;1.701179337;2.858281085;0.082008682;1;0;0
17:21:08.306552;-0.007444484;0.065984071;1.686680586;2.860891019;0.075244077;1;0;0
17:21:08.316711;-0.007444484;0.052787257;1.671595471;2.863496627;0.066755101;1;0;0
17:21:08.327873;-0.007444484;0.042229806;1.656875247;2.865938559;0.056978591;1;0;0
17:21:08.337511;-0.006428987;0.053837462;1.642698549;2.868470595;0.050538108;1;0;0
17:21:08.348120;-0.006428987;0.04306997;1.628016457;2.870974704;0.044003859;1;0;0
17:21:08.359752;-0.006428987;0.034455976;1.611950475;2.873583794;0.029961426;1;0;0
17:21:08.370480;-0.005413735;0.046609229;1.597376309;2.876118401;0.016509809;1;0;0
17:21:08.379773;-0.004402538;0.057265288;1.583784321;2.87862812;0.005296668;1;0;0
17:21:08.390877;-0.004402538;0.045812231;1.569802804;2.881059435;-0.000341675;1;0;0
17:21:08.402610;-0.004124359;0.041808668;1.55538565;2.883493977;-0.004731598;1;0;0
17:21:08.411917;-0.002098541;0.070728546;1.541353266;2.886288788;0.00050261;1;0;0
17:21:08.422825;-0.002098541;0.056582837;1.528081503;2.888738746;0.005284238;1;0;0
17:21:08.433546;-0.001083788;0.064156115;1.514373101;2.891374307;0.011289229;1;0;0
17:21:08.443280;-0.001083788;0.051324892;1.501473741;2.893663723;0.008935535;1;0;0
17:21:08.453809;-6.93E-05;0.061093396;1.488701021;2.896033368;0.009998228;1;0;0
17:21:08.463501;0.000942088;0.068922624;1.476159174;2.898448683;0.009835096;1;0;0
17:21:08.474287;0.002968268;0.093500986;1.463447243;2.901262722;0.009289889;1;0;0
17:21:08.484682;0.003243047;0.080225214;1.451220969;2.903801066;0.01003785;1;0;0
17:21:08.494702;0.005268579;0.101472899;1.43851507;2.906790721;0.014983383;1;0;0
17:21:08.505626;0.005268579;0.081178319;1.425923771;2.90946137;0.019473914;1;0;0
17:21:08.515594;0.006280674;0.085043942;1.414161717;2.911999174;0.017872533;1;0;0
17:21:08.526322;0.006280674;0.068035154;1.401297286;2.914508892;0.015841011;1;0;0
17:21:08.537042;0.007293322;0.074423915;1.389519138;2.916864359;0.010820634;1;0;0
17:21:08.547826;0.007564699;0.064648427;1.377143741;2.919184025;0.002349045;1;0;0
17:21:08.558902;0.008576944;0.070296933;1.364619471;2.921598527;-0.009310286;1;0;0
17:21:08.568832;0.009589737;0.074888153;1.352300537;2.9240335;-0.01694716;1;0;0
17:21:08.580205;0.009858663;0.064909326;1.340074005;2.926291504;-0.025367782;1;0;0
17:21:08.590794;0.010871047;0.071114778;1.328253944;2.928550468;-0.027204698;1;0;0
17:21:08.600712;0.011884779;0.076962858;1.317099862;2.930757394;-0.027206995;1;0;0
17:21:08.611281;0.012897705;0.080611034;1.305513201;2.933122552;-0.021987364;1;0;0
17:21:08.622424;0.014177652;0.08822133;1.293986144;2.935615286;-0.020063523;1;0;0
17:21:08.632377;0.014177652;0.070577064;1.283108682;2.937740948;-0.021799415;1;0;0
17:21:08.642301;0.015190164;0.075723073;1.271940843;2.94000427;-0.021783138;1;0;0
17:21:08.653446;0.016203373;0.07985804;1.260931767;2.942306406;-0.024698289;1;0;0
17:21:08.664210;0.016203373;0.063886432;1.249755227;2.944417711;-0.023843126;1;0;0
17:21:08.674551;0.017216421;0.070010177;1.23860893;2.946608513;-0.027125834;1;0;0
17:21:08.684207;0.018493394;0.081357964;1.228348124;2.948774846;-0.025144372;1;0;0
17:21:08.695005;0.020651268;0.107837503;1.218468093;2.951245291;-0.023097781;1;0;0
17:21:08.705670;0.021664428;0.106035383;1.208542126;2.953760132;-0.018399687;1;0;0
17:21:08.715306;0.022677847;0.10489767;1.19886582;2.956240343;-0.013661139;1;0;0
17:21:08.725625;0.023691537;0.103687191;1.189138852;2.958758387;-0.010785343;1;0;0
17:21:08.735466;0.023952161;0.0879189;1.179108177;2.961148904;-0.011378475;1;0;0
17:21:08.746148;0.025978568;0.109547151;1.169565902;2.963744299;-0.009000805;1;0;0
17:21:08.757305;0.025978568;0.087637721;1.159719078;2.966118403;-0.013563473;1;0;0
17:21:08.768155;0.028004042;0.106067812;1.149500764;2.968907995;-0.017586529;1;0;0
17:21:08.778199;0.028004042;0.08485425;1.140200384;2.971140951;-0.028854692;1;0;0
17:21:08.788274;0.029016365;0.087001651;1.130519979;2.97348429;-0.035508048;1;0;0
17:21:08.799000;0.030028409;0.088189652;1.120653846;2.97587486;-0.041097406;1;0;0
17:21:08.809569;0.031042195;0.090074169;1.111324933;2.978136581;-0.042340547;1;0;0
17:21:08.820833;0.032053958;0.090713699;1.101661031;2.980475494;-0.040520594;1;0;0
17:21:08.831238;0.032053958;0.072570959;1.092224299;2.982460915;-0.047006328;1;0;0
17:21:08.841647;0.032312136;0.063026087;1.082732879;2.984269468;-0.051568646;1;0;0
17:21:08.852480;0.033325484;0.069454406;1.073119813;2.986134319;-0.061760016;1;0;0
17:21:08.863239;0.034336964;0.074456054;1.063555999;2.988010117;-0.065109044;1;0;0
17:21:08.873845;0.034336964;0.059564843;1.053715631;2.989660546;-0.073676512;1;0;0
17:21:08.883737;0.036362029;0.087777872;1.044904066;2.991440349;-0.071928412;1;0;0
17:21:08.894639;0.036362029;0.070222297;1.03553425;2.993055479;-0.070985235;1;0;0
17:21:08.905297;0.037376417;0.075266434;1.026207321;2.994684998;-0.067779765;1;0;0
17:21:08.915465;0.039656039;0.102032237;1.017038351;2.996654256;-0.063697122;1;0;0
17:21:08.925917;0.039656039;0.08162579;1.008155469;2.998253645;-0.05930895;1;0;0
17:21:08.937047;0.041681116;0.103657206;0.999411164;3.000108677;-0.050138697;1;0;0
17:21:08.946957;0.042696084;0.102999722;0.991087935;3.001849855;-0.050181717;1;0;0
17:21:08.957170;0.042947447;0.087367744;0.982641673;3.00339016;-0.047005787;1;0;0
17:21:08.967872;0.043961959;0.08904391;0.973866214;3.004980037;-0.050698772;1;0;0
17:21:08.978103;0.045987308;0.108201971;0.965093224;3.006830483;-0.049506579;1;0;0
17:21:08.989028;0.045987308;0.086561577;0.956287564;3.008338851;-0.053444102;1;0;0
17:21:09.000049;0.047002834;0.089021613;0.947923082;3.009754717;-0.057262294;1;0;0
17:21:09.009921;0.047002834;0.071217291;0.938986172;3.010966094;-0.063523494;1;0;0
17:21:09.020020;0.047250786;0.061899477;0.93053404;3.01192506;-0.071430497;1;0;0
17:21:09.030538;0.048265845;0.069561761;0.922131373;3.012905552;-0.077713817;1;0;0
17:21:09.040397;0.047255515;0.036060671;0.913211714;3.013452143;-0.090377919;1;0;0
17:21:09.051358;0.048271076;0.047594868;0.903986417;3.014071412;-0.09687645;1;0;0
17:21:09.061784;0.047260456;0.018042581;0.895074065;3.014234833;-0.109064355;1;0;0
17:21:09.071478;0.048276516;0.034607934;0.886345895;3.014478873;-0.114832565;1;0;0
17:21:09.082907;0.048521055;0.032164512;0.876865872;3.014627319;-0.122283459;1;0;0
17:21:09.093253;0.047510146;0.007061183;0.86715998;3.014364472;-0.123684086;1;0;0
17:21:09.103355;0.04954181;0.045987699;0.858557012;3.014453144;-0.119812615;1;0;0
17:21:09.114344;0.048530614;0.017455957;0.849329026;3.014157579;-0.119961232;1;0;0
17:21:09.124526;0.047519134;-0.006046843;0.840163678;3.013531713;-0.115047663;1;0;0
17:21:09.135211;0.047519134;-0.004837475;0.830463276;3.012778656;-0.116899893;1;0;0
17:21:09.145846;0.046368765;-0.025380744;0.820528089;3.011672715;-0.114334278;1;0;0
17:21:09.155840;0.047385337;-0.000227789;0.811397179;3.010804895;-0.114744484;1;0;0
17:21:09.167350;0.046374297;-0.019221055;0.801617976;3.009591411;-0.11727684;1;0;0
17:21:09.176591;0.046374297;-0.015376844;0.792004258;3.008350774;-0.115919262;1;0;0
17:21:09.187397;0.045362979;-0.03113673;0.782010135;3.006807892;-0.118524164;1;0;0
17:21:09.198280;0.044351385;-0.044753906;0.772385848;3.005107196;-0.116381347;1;0;0
17:21:09.208552;0.044351385;-0.035803124;0.762938392;3.003430701;-0.115416311;1;0;0
17:21:09.218908;0.045608598;-0.004418938;0.753643901;3.00200727;-0.109808445;1;0;0
17:21:09.229894;0.04459673;-0.02144484;0.743367;3.000188118;-0.104967207;1;0;0
17:21:09.240795;0.04459673;-0.017155872;0.733685743;2.998460314;-0.103046738;1;0;0
17:21:09.250810;0.04459673;-0.013724697;0.724662294;2.996836815;-0.100077271;1;0;0
17:21:09.260718;0.04459673;-0.010979758;0.715334327;2.995144598;-0.094811693;1;0;0
17:21:09.271146;0.04459673;-0.008783806;0.706548099;2.993537227;-0.084913395;1;0;0
17:21:09.282906;0.04459673;-0.007027045;0.696909249;2.991758443;-0.078441493;1;0;0
17:21:09.292988;0.04459673;-0.005621636;0.688323448;2.990160098;-0.068248861;1;0;0
17:21:09.302748;0.04358459;-0.02453544;0.679594571;2.988340575;-0.063016951;1;0;0
17:21:09.313830;0.042568503;-0.038954321;0.670397611;2.986241238;-0.061541367;1;0;0
17:21:09.322923;0.041556093;-0.051271811;0.661505122;2.98405445;-0.064600773;1;0;0
17:21:09.333675;0.040543414;-0.059684195;0.651855224;2.981529404;-0.067749232;1;0;0
17:21:09.345047;0.039400185;-0.069395159;0.642387244;2.978896189;-0.072195753;1;0;0
17:21:09.354412;0.038384587;-0.07568942;0.6333297;2.9762609;-0.076589867;1;0;0
17:21:09.365298;0.037372387;-0.080245687;0.624062515;2.973456012;-0.078068711;1;0;0
17:21:09.374782;0.037372387;-0.06419655;0.615176469;2.970823369;-0.079829134;1;0;0
17:21:09.384919;0.036359925;-0.071388115;0.606254122;2.968074566;-0.07917507;1;0;0
17:21:09.395507;0.035347204;-0.076778143;0.597157105;2.965173917;-0.075939357;1;0;0
17:21:09.405677;0.034334225;-0.081491448;0.588242851;2.962242764;-0.068565525;1;0;0
17:21:09.415353;0.033320991;-0.085308667;0.579357396;2.959238397;-0.061490104;1;0;0
17:21:09.425507;0.033320991;-0.068246933;0.570710599;2.95638455;-0.052316435;1;0;0
17:21:09.436773;0.032307503;-0.073868039;0.561692196;2.953321533;-0.046446782;1;0;0
17:21:09.446785;0.030278658;-0.099232311;0.552822339;2.950084971;-0.04097623;1;0;0
17:21:09.457646;0.030278658;-0.079385849;0.542960441;2.946584985;-0.035613324;1;0;0
17:21:09.468128;0.030278658;-0.063508679;0.534322076;2.943602234;-0.026862582;1;0;0
17:21:09.478822;0.0281295;-0.093383448;0.525783449;2.940414533;-0.01945618;1;0;0
17:21:09.489487;0.026101417;-0.112534544;0.516536183;2.936755209;-0.014315433;1;0;0
17:21:09.500259;0.025857374;-0.094573267;0.507547196;2.933263987;-0.010863001;1;0;0
17:21:09.510788;0.025857374;-0.075658614;0.498974189;2.930026745;-0.007087945;1;0;0
17:21:09.521530;0.022815519;-0.118310395;0.490053774;2.926312496;-0.008658143;1;0;0
17:21:09.530830;0.021801091;-0.114676925;0.481563763;2.922743356;-0.011448503;1;0;0
17:21:09.541741;0.01977134;-0.129679278;0.472465588;2.918749103;-0.017102683;1;0;0
17:21:09.552324;0.01977134;-0.103743423;0.464241968;2.915240128;-0.014914513;1;0;0
17:21:09.562472;0.017741318;-0.120927294;0.455365889;2.911285139;-0.016569808;1;0;0
17:21:09.573185;0.017741318;-0.096741835;0.44730473;2.907794158;-0.011470102;1;0;0
17:21:09.583142;0.016725963;-0.096369034;0.438882821;2.904113798;-0.005363614;1;0;0
17:21:09.593951;0.015710381;-0.096115944;0.430584498;2.900457553;0.002121479;1;0;0
17:21:09.604184;0.015710381;-0.076892755;0.42285233;2.897146768;0.014790037;1;0;0
17:21:09.615614;0.013570463;-0.101540488;0.414693443;2.893465321;0.02289669;1;0;0
17:21:09.625978;0.012555453;-0.100040922;0.406570207;2.889773746;0.037067838;1;0;0
17:21:09.637415;0.012555453;-0.080032738;0.398692514;2.886297589;0.041079883;1;0;0
17:21:09.647633;0.012555453;-0.06402619;0.391190037;2.883082984;0.052499007;1;0;0
17:21:09.658289;0.012555453;-0.051220952;0.3839982;2.880089819;0.058793988;1;0;0
17:21:09.668610;0.012555453;-0.040976762;0.377521151;2.877468168;0.070814013;1;0;0
17:21:09.679502;0.012555453;-0.032781409;0.37110319;2.874939364;0.083444618;1;0;0
17:21:09.690425;0.012555453;-0.026225128;0.364601571;2.872447008;0.097097777;1;0;0
17:21:09.701154;0.012801434;-0.016387104;0.358481657;2.870199447;0.117069684;1;0;0
17:21:09.711870;0.012801434;-0.013109684;0.352613405;2.868099717;0.131711245;1;0;0
17:21:09.723211;0.013815057;0.006364485;0.346419216;2.866109863;0.147023827;1;0;0
17:21:09.735338;0.013815057;0.005091588;0.341302916;2.864503283;0.151218235;1;0;0
17:21:09.744349;0.014830067;0.023692801;0.336460951;2.863167626;0.156580806;1;0;0
17:21:09.753694;0.015844186;0.039083022;0.332051641;2.862126331;0.161835834;1;0;0
17:21:09.765055;0.015844186;0.031266417;0.327517607;2.861060188;0.176059142;1;0;0
17:21:09.775593;0.014829176;0.006169522;0.322712808;2.859757765;0.180701092;1;0;0
17:21:09.786235;0.014829176;0.004935617;0.318046394;2.858510056;0.181746513;1;0;0
17:21:09.798256;0.014829176;0.003948494;0.313486285;2.8573063;0.180229291;1;0;0
17:21:09.808116;0.014829176;0.003158795;0.309132175;2.856170509;0.169808462;1;0;0
17:21:09.817115;0.014829176;0.002527036;0.304942442;2.855089483;0.151771829;1;0;0
17:21:09.828569;0.014828559;0.002010333;0.30050433;2.853956314;0.128431574;1;0;0
17:21:09.838868;0.014828559;0.001608266;0.296313264;2.852897011;0.113144577;1;0;0
17:21:09.849678;0.013813111;-0.017556032;0.291853664;2.851607009;0.101855047;1;0;0
17:21:09.859039;0.013813111;-0.014044826;0.287774439;2.850446832;0.093925759;1;0;0
17:21:09.870295;0.013813111;-0.01123586;0.283554023;2.849265537;0.086217873;1;0;0
17:21:09.880152;0.013813111;-0.008988688;0.27963112;2.848184118;0.081814423;1;0;0
17:21:09.889989;0.012798498;-0.026991702;0.275504874;2.84690237;0.070856951;1;0;0
17:21:09.900531;0.011784379;-0.041633419;0.271308636;2.845473163;0.054768864;1;0;0
17:21:09.910343;0.011784379;-0.033306735;0.267239411;2.844118412;0.04454001;1;0;0
17:21:09.920632;0.010768714;-0.046649805;0.26302887;2.842600043;0.033410542;1;0;0
17:21:09.931204;0.010768714;-0.037319844;0.25897235;2.841172386;0.028883943;1;0;0
17:21:09.941205;0.008739213;-0.070160504;0.25459948;2.839385428;0.020820489;1;0;0
17:21:09.952051;0.008739213;-0.056128403;0.250080631;2.837588454;0.017824778;1;0;0
17:21:09.962724;0.008493232;-0.049451024;0.245653122;2.835841832;0.012627306;1;0;0
17:21:09.973618;0.007477142;-0.058434085;0.241170053;2.833979543;0.005910057;1;0;0
17:21:09.983625;0.007373958;-0.048660289;0.236822516;2.832210042;0.0029513;1;0;0
17:21:09.994417;0.006358679;-0.05779915;0.232414786;2.830326708;-0.000845482;1;0;0
17:21:10.004786;0.006358679;-0.04623932;0.228401185;2.828658732;0.00261533;1;0;0
17:21:10.015223;0.006358679;-0.036991456;0.224431661;2.827053241;0.002307471;1;0;0
17:21:10.025742;0.006358679;-0.029593165;0.220733034;2.825596827;0.008149417;1;0;0
17:21:10.036455;0.006358679;-0.023674532;0.216912913;2.824132417;0.01084294;1;0;0
17:21:10.046660;0.004329101;-0.056413656;0.212739933;2.82228626;0.014497981;1;0;0
17:21:10.058098;0.003315511;-0.063924944;0.208525401;2.820343507;0.013477074;1;0;0
17:21:10.068764;0.002302424;-0.069810281;0.204237863;2.818295518;0.011662696;1;0;0
17:21:10.080479;0.001286733;-0.073782732;0.199729584;2.816074826;0.010591472;1;0;0
17:21:10.090951;0.001286733;-0.059026186;0.195590457;2.814094398;0.004608965;1;0;0
17:21:10.101202;0.001286733;-0.047220949;0.191765622;2.812315467;0.001938589;1;0;0
17:21:10.112490;0.000270839;-0.056714626;0.187820343;2.810406256;-0.000760839;1;0;0
17:21:10.123505;-0.000741744;-0.063849066;0.183743635;2.808365578;0.000230003;1;0;0
17:21:10.134403;-0.000741744;-0.051079253;0.179943276;2.806515937;0.003797603;1;0;0
17:21:10.144419;-0.00175784;-0.059586937;0.176045701;2.804550078;0.00799888;1;0;0
17:21:10.155755;-0.002769916;-0.066814475;0.172207294;2.802552502;0.01344418;1;0;0
17:21:10.165461;-0.003021224;-0.058288805;0.168563249;2.800678704;0.013772375;1;0;0
17:21:10.175973;-0.003021224;-0.046631044;0.165173579;2.79898071;0.016182473;1;0;0
17:21:10.186651;-0.003021224;-0.037304835;0.161868976;2.797368542;0.017558286;1;0;0
17:21:10.196059;-0.003017657;-0.029773287;0.158783474;2.795903334;0.023282697;1;0;0
17:21:10.207775;-0.003017657;-0.02381863;0.155606616;2.794435819;0.032782588;1;0;0
17:21:10.217781;-0.004029674;-0.038714621;0.152509408;2.792924569;0.042681426;1;0;0
17:21:10.227874;-0.004029674;-0.030971697;0.149449446;2.791471709;0.055882953;1;0;0
17:21:10.238744;-0.004029674;-0.024777357;0.146455969;2.790090125;0.063789777;1;0;0
17:21:10.252284;-0.00504577;-0.040001027;0.143591988;2.788686536;0.067059323;1;0;0
17:21:10.260397;-0.00504577;-0.032000822;0.140684546;2.787299608;0.064964511;1;0;0
17:21:10.270609;-0.00504577;-0.025600658;0.137833504;2.785977747;0.060923662;1;0;0
17:21:10.280594;-0.00504577;-0.020480526;0.135327865;2.784847944;0.057728231;1;0;0
17:21:10.291470;-0.006057275;-0.034991517;0.132505914;2.783481849;0.056876749;1;0;0
17:21:10.301942;-0.006057275;-0.027993213;0.130003262;2.782303052;0.059695788;1;0;0
17:21:10.312281;-0.006057275;-0.022394571;0.12743857;2.781127773;0.060705848;1;0;0
17:21:10.323470;-0.006057275;-0.017915657;0.125045137;2.780061493;0.062670551;1;0;0
17:21:10.333777;-0.006057275;-0.014332525;0.122829726;2.779101218;0.06162221;1;0;0
17:21:10.344305;-0.006057275;-0.01146602;0.120544381;2.778137853;0.062788047;1;0;0
17:21:10.354893;-0.006057275;-0.009172816;0.118367429;2.777246103;0.064820908;1;0;0
17:21:10.365852;-0.006057275;-0.007338253;0.116331971;2.776435291;0.064857677;1;0;0
17:21:10.375737;-0.007068265;-0.025884902;0.114217216;2.775485046;0.066380918;1;0;0
17:21:10.386497;-0.008078739;-0.039681137;0.11185466;2.774326403;0.062949255;1;0;0
17:21:10.397539;-0.008078739;-0.03174491;0.109514792;2.773210745;0.062247608;1;0;0
17:21:10.406872;-0.008078739;-0.025395928;0.107476782;2.772265584;0.056739211;1;0;0
17:21:10.417689;-0.008335354;-0.025058176;0.105320903;2.771261316;0.051074747;1;0;0
17:21:10.428480;-0.008335354;-0.020046541;0.103388656;2.770385767;0.045955531;1;0;0
17:21:10.439176;-0.008335354;-0.016037232;0.101428682;2.769521828;0.044176538;1;0;0
17:21:10.449578;-0.008335354;-0.012829786;0.099535174;2.76871067;0.044088468;1;0;0
17:21:10.460396;-0.008335354;-0.010263829;0.097760692;2.767971687;0.049490672;1;0;0
17:21:10.471156;-0.008335354;-0.008211063;0.096015408;2.767265003;0.054555085;1;0;0
17:21:10.481691;-0.008335354;-0.00656885;0.094388845;2.766624429;0.057232618;1;0;0
17:21:10.491501;-0.008335354;-0.00525508;0.092771063;2.766004565;0.05691909;1;0;0
17:21:10.502015;-0.008335354;-0.004204064;0.091293205;2.765453287;0.055073395;1;0;0
17:21:10.512805;-0.008335354;-0.003363251;0.089806717;2.764913105;0.05382083;1;0;0
17:21:10.523122;-0.008335354;-0.002690601;0.088410885;2.764418798;0.052046884;1;0;0
17:21:10.533943;-0.008335354;-0.002152481;0.086939012;2.763910939;0.053574763;1;0;0
17:21:10.545417;-0.008335354;-0.001721985;0.085561229;2.763447773;0.056259826;1;0;0
17:21:10.554644;-0.008335354;-0.001377588;0.084273243;2.763025275;0.056424268;1;0;0
17:21:10.565385;-0.008335354;-0.00110207;0.08296498;2.762606259;0.05520751;1;0;0
17:21:10.575830;-0.009346264;-0.020409122;0.081509286;2.762001979;0.049111228;1;0;0
17:21:10.585666;-0.009346264;-0.016327298;0.080144098;2.761450429;0.04258091;1;0;0
17:21:10.597459;-0.009346264;-0.013061838;0.078625406;2.760854159;0.036809132;1;0;0
17:21:10.608143;-0.009346264;-0.010449471;0.077264956;2.760335478;0.031348631;1;0;0
17:21:10.618657;-0.009346264;-0.008359576;0.075965563;2.759853655;0.027914416;1;0;0
17:21:10.628535;-0.009346264;-0.006687661;0.07477759;2.759424667;0.026054289;1;0;0
17:21:10.638933;-0.010356654;-0.025087171;0.073392997;2.758798549;0.024299117;1;0;0
17:21:10.649201;-0.010356654;-0.020069737;0.071998564;2.758185303;0.023416663;1;0;0
17:21:10.660631;-0.010356654;-0.016055789;0.07067607;2.757620014;0.024092507;1;0;0
17:21:10.670449;-0.010356654;-0.012844631;0.069467866;2.757117628;0.024848398;1;0;0
17:21:10.680945;-0.011366521;-0.029763696;0.068054436;2.756416781;0.022836195;1;0;0
17:21:10.691077;-0.011366521;-0.023810956;0.066741797;2.755782811;0.020614056;1;0;0
17:21:10.701258;-0.011366521;-0.019048765;0.065468352;2.7551838;0.016708376;1;0;0
17:21:10.711968;-0.011366521;-0.015239012;0.064192959;2.754600114;0.016600421;1;0;0
17:21:10.723215;-0.011366521;-0.01219121;0.063024207;2.75407982;0.019014491;1;0;0
17:21:10.732436;-0.011366521;-0.009752968;0.061883791;2.753585833;0.021232221;1;0;0
17:21:10.742736;-0.011366521;-0.007802374;0.060776209;2.753119193;0.024128249;1;0;0
17:21:10.753057;-0.011366521;-0.006241899;0.059677931;2.752669369;0.02802863;1;0;0
17:21:10.763968;-0.011366521;-0.004993519;0.058675127;2.752269932;0.029927546;1;0;0
17:21:10.774476;-0.011366521;-0.003994816;0.057655322;2.751874792;0.028719556;1;0;0
17:21:10.785309;-0.011366521;-0.003195852;0.056675908;2.751505792;0.03219026;1;0;0
17:21:10.795551;-0.010356654;0.016008899;0.055935429;2.751377851;0.034211878;1;0;0
17:21:10.807083;-0.010356654;0.012807119;0.055245041;2.751256949;0.03591283;1;0;0
17:21:10.815762;-0.010356654;0.010245695;0.054568697;2.75113711;0.040148839;1;0;0
17:21:10.826472;-0.010356654;0.008196556;0.053901708;2.751017675;0.039814964;1;0;0
17:21:10.836930;-0.009340558;0.025233237;0.053416166;2.751116027;0.044660568;1;0;0
17:21:10.847189;-0.009340558;0.02018659;0.052950084;2.751188601;0.047575798;1;0;0
17:21:10.857545;-0.010350425;-0.003044259;0.052236009;2.751027952;0.047711324;1;0;0
17:21:10.868882;-0.010350425;-0.002435408;0.051513154;2.750866594;0.042649738;1;0;0
17:21:10.878749;-0.010350425;-0.001948326;0.050847227;2.75071901;0.038052496;1;0;0
17:21:10.888654;-0.010350425;-0.001558661;0.050194986;2.7505754;0.032771423;1;0;0
17:21:10.900208;-0.010350425;-0.001246929;0.049495197;2.750422302;0.02562145;1;0;0
17:21:10.910224;-0.010610424;-0.006133778;0.048805035;2.750229729;0.019888982;1;0;0
17:21:10.919658;-0.00959453;0.01522677;0.04834152;2.750256395;0.021428909;1;0;0
17:21:10.931148;-0.00959453;0.012181416;0.047830801;2.750272316;0.023271278;1;0;0
17:21:10.941802;-0.00959453;0.009745133;0.047338424;2.750276128;0.025101578;1;0;0
17:21:10.951789;-0.008578839;0.027969518;0.047068039;2.750481082;0.029184304;1;0;0
17:21:10.961938;-0.008578839;0.022375614;0.046771851;2.750660353;0.035486981;1;0;0
17:21:10.972643;-0.008578839;0.017900491;0.046444529;2.750819162;0.037244067;1;0;0
17:21:10.983249;-0.008578839;0.014320393;0.046080625;2.750959952;0.038779605;1;0;0
17:21:10.993689;-0.008578839;0.011456314;0.045698612;2.751077;0.038804483;1;0;0
17:21:11.004659;-0.00959453;-0.01014999;0.045094649;2.75095047;0.035931662;1;0;0
17:21:11.015458;-0.00959453;-0.008119992;0.044497783;2.750825838;0.029325549;1;0;0
17:21:11.024638;-0.00858371;0.013504494;0.044142821;2.750918875;0.022244385;1;0;0
17:21:11.035222;-0.009599604;-0.009328534;0.04356536;2.750783994;0.019069618;1;0;0
17:21:11.045957;-0.009599604;-0.007462827;0.042970873;2.750646557;0.014676605;1;0;0
17:21:11.056185;-0.009599604;-0.005970262;0.042410133;2.750518178;0.006948805;1;0;0
17:21:11.066225;-0.009599604;-0.004776209;0.041827029;2.750385905;0.005323821;1;0;0
17:21:11.076200;-0.009599604;-0.003820967;0.041285565;2.750264141;0.003863855;1;0;0
17:21:11.088137;-0.009599604;-0.003056774;0.040750626;2.750144796;0.002191848;1;0;0
17:21:11.098029;-0.009599604;-0.002445419;0.040187392;2.750020108;0.001349646;1;0;0
17:21:11.107897;-0.009599604;-0.001956335;0.039672157;2.749906872;0.001126306;1;0;0
17:21:11.118876;-0.009599604;-0.001565068;0.03912774;2.749788032;0.001059767;1;0;0
17:21:11.128823;-0.009599604;-0.001252055;0.038624924;2.749678975;0.001375538;1;0;0
17:21:11.139714;-0.009599604;-0.001001644;0.038098603;2.749565501;0.006694433;1;0;0
17:21:11.151522;-0.009599604;-0.000801315;0.037526348;2.749442871;0.009410982;1;0;0
17:21:11.161020;-0.009599604;-0.000641052;0.037046656;2.749340642;0.012509163;1;0;0
17:21:11.171861;-0.009599604;-0.000512842;0.036563405;2.749238148;0.012120816;1;0;0
17:21:11.182526;-0.009599604;-0.000410273;0.036074541;2.74913494;0.015388444;1;0;0
17:21:11.192833;-0.009599604;-0.000328219;0.035615582;2.749038457;0.013413203;1;0;0
17:21:11.202647;-0.009599604;-0.000262575;0.035163755;2.748943845;0.010304072;1;0;0
17:21:11.213000;-0.009599604;-0.00021006;0.034688995;2.748844804;0.010673612;1;0;0
17:21:11.223587;-0.009599604;-0.000168048;0.034248934;2.748753326;0.009984383;1;0;0
17:21:11.233689;-0.009599604;-0.000134438;0.033790589;2.748658362;0.010986561;1;0;0
17:21:11.244423;-0.00858371;0.019099984;0.033562798;2.748786822;0.011781723;1;0;0
17:21:11.255258;-0.00858371;0.015279987;0.033328788;2.748892696;0.014320178;1;0;0
17:21:11.264930;-0.00858826;0.012133652;0.033082889;2.748981291;0.016960645;1;0;0
17:21:11.275858;-0.007314274;0.033568945;0.03308791;2.749339633;0.021508384;1;0;0
17:21:11.285589;-0.006303363;0.046847618;0.033265619;2.749852902;0.027818982;1;0;0
17:21:11.296334;-0.006303363;0.037478094;0.03339186;2.750319699;0.034927528;1;0;0
17:21:11.307826;-0.006303363;0.029982475;0.033472673;2.750761816;0.039449178;1;0;0
17:21:11.318045;-0.006303363;0.02398598;0.033503917;2.751130271;0.04401296;1;0;0
17:21:11.328468;-0.006303363;0.019188784;0.033494276;2.751489739;0.044545762;1;0;0
17:21:11.338368;-0.006303363;0.015351027;0.033448517;2.751785723;0.040909275;1;0;0
17:21:11.348355;-0.006303363;0.012280822;0.033372007;2.752046283;0.033586923;1;0;0
17:21:11.358190;-0.006303363;0.009824658;0.033261596;2.752288704;0.026146028;1;0;0
17:21:11.369675;-0.006303363;0.007859726;0.033121117;2.752505362;0.0180446;1;0;0
17:21:11.379089;-0.006303363;0.006287781;0.032966472;2.752683586;0.010760384;1;0;0
17:21:11.390072;-0.006303363;0.005030225;0.032787938;2.752843235;0.007376411;1;0;0
17:21:11.400313;-0.006303363;0.00402418;0.032578529;2.75299;0.00546895;1;0;0
17:21:11.411684;-0.007319258;-0.014999249;0.032113751;2.752885947;0.002672767;1;0;0
17:21:11.422051;-0.007319258;-0.011999399;0.03169774;2.752793625;-0.00336547;1;0;0
17:21:11.432327;-0.007319258;-0.009599519;0.031265419;2.752698453;-0.007577118;1;0;0
17:21:11.442872;-0.007319258;-0.007679615;0.030845575;2.752606736;-0.010616084;1;0;0
17:21:11.453423;-0.007319258;-0.006143692;0.030451338;2.752521217;-0.01299807;1;0;0
17:21:11.463800;-0.007319258;-0.004914954;0.030048231;2.752434344;-0.014010825;1;0;0
17:21:11.474296;-0.007319258;-0.003931963;0.029632562;2.752345335;-0.009632281;1;0;0
17:21:11.489183;-0.008335354;-0.023066027;0.029038351;2.752050368;-0.00752222;1;0;0
17:21:11.495581;-0.008335354;-0.018452821;0.028428294;2.751755754;-0.00238859;1;0;0
17:21:11.506084;-0.008335354;-0.014762257;0.027873622;2.751495353;-0.004051111;1;0;0
17:21:11.516109;-0.009351648;-0.031986667;0.027151397;2.75105025;-0.006189991;1;0;0
17:21:11.527378;-0.009351648;-0.025589333;0.026419583;2.750608819;-0.009494314;1;0;0
17:21:11.537669;-0.009351648;-0.020471467;0.025774566;2.750228345;-0.012482253;1;0;0
17:21:11.548797;-0.008335354;0.002127289;0.025342932;2.750077445;-0.012876289;1;0;0
17:21:11.558799;-0.009346264;-0.018221133;0.024745706;2.749734345;-0.013295505;1;0;0
17:21:11.569289;-0.009346264;-0.014576907;0.024151665;2.749401078;-0.010293486;1;0;0
17:21:11.579106;-0.009346264;-0.011661525;0.023615507;2.749107549;-0.007261123;1;0;0
17:21:11.589368;-0.009346264;-0.00932922;0.023106595;2.748835662;3.37E-05;1;0;0
17:21:11.599642;-0.010356654;-0.027468207;0.022415105;2.748374052;0.000568417;1;0;0
17:21:11.610461;-0.0106157;-0.026856259;0.021678537;2.747871421;-0.002124193;1;0;0
17:21:11.622118;-0.0106157;-0.021485007;0.020923013;2.747365145;-0.003232852;1;0;0
17:21:11.633018;-0.0106157;-0.017188006;0.020284053;2.746945103;-0.005417731;1;0;0
17:21:11.642680;-0.0106157;-0.013750405;0.019714799;2.746577782;-0.004649153;1;0;0
17:21:11.653215;-0.0106157;-0.011000324;0.019143443;2.746216242;-0.003481166;1;0;0
17:21:11.663682;-0.0106157;-0.008800259;0.018614101;2.745888229;0.003611034;1;0;0
17:21:11.674973;-0.0106157;-0.007040207;0.018134868;2.745597503;0.009117964;1;0;0
17:21:11.685537;-0.0106157;-0.005632166;0.017654002;2.745312213;0.014322601;1;0;0
17:21:11.696261;-0.0106157;-0.004505733;0.017213054;2.74505668;0.01762972;1;0;0
17:21:11.707005;-0.0106157;-0.003604586;0.016791906;2.744818425;0.02155813;1;0;0
17:21:11.717140;-0.01162652;-0.022853571;0.01620709;2.744400606;0.019853065;1;0;0
17:21:11.726834;-0.012636814;-0.038296109;0.01545407;2.743807366;0.015205101;1;0;0
17:21:11.737846;-0.012636814;-0.030636888;0.014733817;2.743244773;0.010901095;1;0;0
17:21:11.748110;-0.012636814;-0.02450951;0.014041173;2.742708838;0.008630329;1;0;0
17:21:11.758526;-0.01162652;-7.76E-05;0.013647474;2.742458352;0.011555097;1;0;0
17:21:11.768427;-0.01162652;-6.20E-05;0.013286836;2.742233359;0.012280482;1;0;0
17:21:11.779099;-0.01162652;-4.96E-05;0.012944907;2.742024297;0.01730964;1;0;0
17:21:11.789658;-0.012636814;-0.018533502;0.012372778;2.741590434;0.019379109;1;0;0
17:21:11.799855;-0.012636814;-0.014826802;0.011868648;2.741212451;0.023926681;1;0;0
17:21:11.811593;-0.012636814;-0.011861441;0.011379999;2.740850454;0.027486529;1;0;0
17:21:11.820945;-0.013646581;-0.029467218;0.010750786;2.740333056;0.027032513;1;0;0
17:21:11.832909;-0.014662876;-0.041173924;0.009853651;2.739554813;0.021621468;1;0;0
17:21:11.843114;-0.014662876;-0.032939139;0.009105296;2.738906795;0.011945447;1;0;0
17:21:11.854185;-0.015679367;-0.045331305;0.008192434;2.738086495;0.005721509;1;0;0
17:21:11.865551;-0.015679367;-0.036265044;0.007344764;2.737323841;0.000817503;1;0;0
17:21:11.875673;-0.015679367;-0.029012035;0.006631612;2.736681375;-0.0003217;1;0;0
17:21:11.884795;-0.016696054;-0.043304806;0.005770299;2.73588274;0.001624695;1;0;0
17:21:11.895387;-0.018978328;-0.077993436;0.004466038;2.734632256;0.000974339;1;0;0
17:21:11.905615;-0.018978328;-0.062394749;0.003316889;2.733522895;-0.000918227;1;0;0
17:21:11.919277;-0.019987449;-0.064914015;0.00169868;2.731938193;-0.007087315;1;0;0
17:21:11.929719;-0.019987449;-0.051931212;0.001;2.730846145;-0.010475875;1;0;0
17:21:11.940575;-0.020996034;-0.060652205;0.001;2.729615021;-0.017576687;1;0;0
17:21:11.951274;-0.019979347;-0.029559044;0.001;2.72871342;-0.013844089;1;0;0
17:21:11.962121;-0.021255101;-0.047545903;0.001;2.727628992;-0.00968664;1;0;0
17:21:11.971909;-0.021255101;-0.038036722;0.001;2.726703702;-0.000160964;1;0;0
17:21:11.982731;-0.022263554;-0.049777586;0.001;2.72562815;0.008762977;1;0;0
17:21:11.992455;-0.022263554;-0.039822069;0.001;2.724686039;0.017857591;1;0;0
17:21:12.002430;-0.021247062;-0.01222663;0.001;2.724030377;0.029597513;1;0;0
17:21:12.012571;-0.021247062;-0.009781304;0.001;2.72345457;0.033546437;1;0;0
17:21:12.023145;-0.021247062;-0.007825043;0.001;2.722933723;0.039598331;1;0;0
17:21:12.034015;-0.021247062;-0.006260034;0.001;2.722426462;0.042342249;1;0;0
17:21:12.044121;-0.022263554;-0.024150818;0.001;2.721761881;0.05017516;1;0;0
17:21:12.054126;-0.023280241;-0.039426393;0.001;2.720981483;0.051618159;1;0;0
17:21:12.065392;-0.024297121;-0.050662439;0.001;2.720021026;0.052749548;1;0;0
17:21:12.075518;-0.026331451;-0.07821835;0.001;2.718698469;0.045435347;1;0;0
17:21:12.085840;-0.027348898;-0.082770249;0.001;2.717377698;0.028779412;1;0;0
17:21:12.096599;-0.029472993;-0.10659437;0.001;2.71567861;0.005443966;1;0;0
17:21:12.106555;-0.03048996;-0.104756433;0.001;2.713944265;-0.015334426;1;0;0
17:21:12.117394;-0.03048996;-0.083805147;0.001;2.712431164;-0.025940493;1;0;0
17:21:12.128080;-0.031507105;-0.086005135;0.001;2.710759335;-0.030562319;1;0;0
17:21:12.138054;-0.032515016;-0.088757881;0.001;2.709133868;-0.027640676;1;0;0
17:21:12.149074;-0.033532337;-0.089797951;0.001;2.707340415;-0.024852457;1;0;0
17:21:12.159154;-0.034810783;-0.097110904;0.001;2.705568629;-0.01625004;1;0;0
17:21:12.169395;-0.034810783;-0.077688723;0.001;2.70387793;-0.011114142;1;0;0
17:21:12.179895;-0.035818545;-0.081528587;0.001;2.702186316;-0.005598828;1;0;0
17:21:12.190215;-0.035818545;-0.065222869;0.001;2.700630204;0.002156393;1;0;0
17:21:12.201497;-0.03683604;-0.071245589;0.001;2.699003256;0.010449991;1;0;0
17:21:12.212384;-0.037843254;-0.075600107;0.001;2.697299278;0.017596884;1;0;0
17:21:12.222907;-0.037843254;-0.060480086;0.001;2.69578922;0.027035261;1;0;0
17:21:12.232997;-0.037843254;-0.048384069;0.001;2.69449642;0.039875377;1;0;0
17:21:12.242917;-0.037843254;-0.038707255;0.001;2.693332369;0.053229772;1;0;0
17:21:12.252719;-0.037843254;-0.030965804;0.001;2.692275627;0.0633974;1;0;0
17:21:12.264537;-0.037843254;-0.024772643;0.001;2.691237554;0.07174468;1;0;0
17:21:12.275241;-0.037843254;-0.019818114;0.001;2.690305141;0.077812597;1;0;0
17:21:12.284778;-0.037843254;-0.015854492;0.001;2.689533634;0.083504774;1;0;0
17:21:12.296256;-0.03683604;0.006225117;0.001;2.689014714;0.089022413;1;0;0
17:21:12.306305;-0.03683604;0.004980094;0.001;2.688541251;0.098295964;1;0;0
17:21:12.316929;-0.03683604;0.003984075;0.001;2.688142644;0.106520206;1;0;0
17:21:12.329278;-0.034810783;0.040562992;0.001041779;2.688195491;0.114421189;1;0;0
17:21:12.338516;-0.034810783;0.032450394;0.001076215;2.68824075;0.122146718;1;0;0
17:21:12.347876;-0.034810783;0.025960315;0.001106876;2.688282804;0.129769698;1;0;0
17:21:12.359317;-0.034810783;0.020768252;0.001134964;2.68832335;0.133759379;1;0;0
17:21:12.370166;-0.033793462;0.035451998;0.001377539;2.688579519;0.14006649;1;0;0
17:21:12.381189;-0.033793462;0.028361598;0.001592591;2.688810493;0.144637883;1;0;0
17:21:12.390931;-0.033522383;0.028071821;0.001828518;2.689063671;0.140658319;1;0;0
17:21:12.401028;-0.032505237;0.041875952;0.002261781;2.6895184;0.135453343;1;0;0
17:21:12.412795;-0.032776317;0.028592471;0.002610891;2.689894458;0.128318876;1;0;0
17:21:12.422879;-0.032776317;0.022873977;0.002915714;2.690229251;0.123409644;1;0;0
17:21:12.433658;-0.032776317;0.018299181;0.003184925;2.690531312;0.11065793;1;0;0
17:21:12.444095;-0.033784079;-0.005357308;0.003205792;2.690584391;0.103749171;1;0;0
17:21:12.454837;-0.031660647;0.036073093;0.003669163;2.691083978;0.096547283;1;0;0
17:21:12.465708;-0.031660647;0.028858475;0.004099455;2.691556866;0.086697772;1;0;0
17:21:12.475349;-0.031660647;0.02308678;0.004454228;2.691954994;0.075508036;1;0;0
17:21:12.485479;-0.031660647;0.018469424;0.004769795;2.692317094;0.067423612;1;0;0
17:21:12.496267;-0.031660647;0.014775539;0.005051452;2.692648371;0.063754685;1;0;0
17:21:12.506157;-0.031660647;0.011820431;0.005300947;2.692950021;0.060584929;1;0;0
17:21:12.516558;-0.031660647;0.009456345;0.00552547;2.693230059;0.055988237;1;0;0
17:21:12.526778;-0.031660647;0.007565076;0.00573548;2.693501777;0.053968932;1;0;0
17:21:12.537692;-0.031660647;0.006052061;0.005903717;2.693728655;0.047721207;1;0;0
17:21:12.547642;-0.030643016;0.024944713;0.006257767;2.694144302;0.040560901;1;0;0
17:21:12.558591;-0.030643016;0.01995577;0.006595634;2.694552462;0.030763105;1;0;0
17:21:12.569245;-0.030643016;0.015964616;0.006887411;2.694916871;0.030096021;1;0;0
17:21:12.578870;-0.030643016;0.012771693;0.007126795;2.695226879;0.030574381;1;0;0
17:21:12.589608;-0.02962557;0.029904909;0.007552661;2.695728652;0.031817637;1;0;0
17:21:12.600465;-0.02962557;0.023923927;0.007938731;2.696196878;0.031610198;1;0;0
17:21:12.610411;-0.02962557;0.019139142;0.008262852;2.696602824;0.02816733;1;0;0
17:21:12.619995;-0.02962557;0.015311313;0.008549119;2.696974307;0.026111444;1;0;0
17:21:12.630591;-0.02962557;0.012249051;0.008798269;2.697310864;0.01974022;1;0;0
17:21:12.641247;-0.02962557;0.009799241;0.00902731;2.697635166;0.015924932;1;0;0
17:21:12.652297;-0.02962557;0.007839392;0.009225377;2.697931866;0.009265401;1;0;0
17:21:12.662130;-0.02860831;0.026476186;0.009588446;2.698389696;0.010428212;1;0;0
17:21:12.672929;-0.02962557;0.002125276;0.00970782;2.698612101;0.006760397;1;0;0
17:21:12.684492;-0.02860831;0.020598168;0.010024647;2.699035187;0.006124366;1;0;0
17:21:12.693129;-0.02860831;0.016478534;0.010281769;2.699394578;0.002613276;1;0;0
17:21:12.704393;-0.02860831;0.013182827;0.010514008;2.699736479;0.003616994;1;0;0
17:21:12.714154;-0.02860831;0.010546262;0.010703986;2.700033547;0.001867631;1;0;0
17:21:12.724438;-0.02860831;0.008437009;0.010865271;2.700303772;-0.000545182;1;0;0
17:21:12.734422;-0.02860831;0.006749608;0.010999923;2.700548559;0.000214151;1;0;0
17:21:12.744780;-0.02860831;0.005399686;0.011118173;2.700786623;-0.003523452;1;0;0
17:21:12.755210;-0.02860831;0.004319749;0.01120968;2.700996447;-0.003097246;1;0;0
17:21:12.766662;-0.02860831;0.003455799;0.011280731;2.701189049;-0.00666976;1;0;0
17:21:12.777500;-0.02860831;0.002764639;0.011331347;2.701361603;-0.004934478;1;0;0
17:21:12.787071;-0.02860831;0.002211711;0.011362064;2.701506592;-0.005716838;1;0;0
17:21:12.797524;-0.02860831;0.001769369;0.011378333;2.701637767;-0.003606622;1;0;0
17:21:12.808661;-0.02860831;0.001415495;0.011381221;2.701760797;-0.002383646;1;0;0
17:21:12.818192;-0.02860831;0.001132396;0.011371202;2.701870005;-0.001183726;1;0;0
17:21:12.828974;-0.02860831;0.000905917;0.011348878;2.701969946;-0.003057127;1;0;0
17:21:12.839712;-0.02860831;0.000724734;0.011317456;2.702054541;-0.005025243;1;0;0
17:21:12.850425;-0.02860831;0.000579787;0.01127517;2.702132878;-0.004195387;1;0;0
17:21:12.861278;-0.027600548;0.019216239;0.011441379;2.702421195;-0.003637791;1;0;0
17:21:12.872045;-0.027329469;0.020345742;0.011638816;2.702744481;0.002645877;1;0;0
17:21:12.882061;-0.027329469;0.016276594;0.01179901;2.703029548;0.00551366;1;0;0
17:21:12.892126;-0.027329469;0.013021275;0.011923407;2.703273385;0.011819188;1;0;0
17:21:12.903639;-0.027329469;0.01041702;0.012030583;2.703510205;0.014354072;1;0;0
17:21:12.915027;-0.027329469;0.008333616;0.01212039;2.703744965;0.015517942;1;0;0
17:21:12.925483;-0.027329469;0.006666893;0.012175748;2.703926132;0.013313098;1;0;0
17:21:12.936569;-0.026312398;0.024811877;0.012426697;2.704305579;0.01567266;1;0;0
17:21:12.946679;-0.026312398;0.019849502;0.012648874;2.704664964;0.014310253;1;0;0
17:21:12.957528;-0.025305031;0.035767233;0.013026674;2.705172861;0.014929248;1;0;0
17:21:12.968489;-0.025305031;0.028613786;0.013354898;2.70563457;0.014560065;1;0;0
17:21:12.978335;-0.025305031;0.022891029;0.013654735;2.706079633;0.018303685;1;0;0
17:21:12.988546;-0.025305031;0.018312823;0.013894028;2.706457735;0.023340927;1;0;0
17:21:12.999654;-0.025305031;0.014650259;0.014130007;2.706860828;0.024077168;1;0;0
17:21:13.010645;-0.025305031;0.011720207;0.014303986;2.707188569;0.021271177;1;0;0
17:21:13.021628;-0.025305031;0.009376165;0.014439191;2.707473653;0.014384775;1;0;0
17:21:13.032174;-0.025305031;0.007500932;0.014548434;2.707738997;0.007744959;1;0;0
17:21:13.042128;-0.024288151;0.025396928;0.014842892;2.708187586;0.003034078;1;0;0
17:21:13.053539;-0.024288151;0.020317542;0.01510102;2.708608899;0.003474045;1;0;0
17:21:13.064239;-0.024288151;0.016254034;0.015309781;2.708978987;0.00720362;1;0;0
17:21:13.074955;-0.025295518;-0.005912339;0.015264904;2.709096951;0.008490796;1;0;0
17:21:13.085038;-0.025295518;-0.004729871;0.015210261;2.709196347;0.009641795;1;0;0
17:21:13.095372;-0.025295518;-0.003783897;0.01513951;2.709291101;0.007094749;1;0;0
17:21:13.106047;-0.025295518;-0.003027117;0.015060601;2.70937157;0.000822393;1;0;0
17:21:13.117982;-0.025295518;-0.002421694;0.014959144;2.709451387;-0.005947425;1;0;0
17:21:13.128238;-0.025295518;-0.001937355;0.014866175;2.709509034;-0.010998826;1;0;0
17:21:13.138499;-0.025295518;-0.001549884;0.014762931;2.709560844;-0.01182567;1;0;0
17:21:13.148953;-0.024278831;0.018285809;0.014867697;2.709819917;-0.008667219;1;0;0
17:21:13.160217;-0.023271464;0.033640301;0.015162447;2.710273831;-8.53E-05;1;0;0
17:21:13.171018;-0.023271464;0.026912241;0.015419134;2.710698522;0.011888;1;0;0
17:21:13.181270;-0.023271464;0.021529793;0.015615376;2.711051555;0.018882673;1;0;0
17:21:13.192066;-0.023271464;0.017223834;0.015785778;2.71139032;0.019872952;1;0;0
17:21:13.202390;-0.023271464;0.013779067;0.015919738;2.71169272;0.021617036;1;0;0
17:21:13.212612;-0.022254973;0.030182716;0.016239842;2.712183492;0.022410717;1;0;0
17:21:13.223487;-0.022254973;0.024146173;0.01649871;2.712608325;0.019335341;1;0;0
17:21:13.235306;-0.022254973;0.019316938;0.016731947;2.713023859;0.018620638;1;0;0
17:21:13.245103;-0.021247062;0.034835529;0.017124131;2.713592155;0.01704655;1;0;0
17:21:13.254247;-0.020230767;0.048020021;0.017657696;2.714301194;0.021332551;1;0;0
17:21:13.265124;-0.020230767;0.038416017;0.018156357;2.714994682;0.024311868;1;0;0
17:21:13.275394;-0.020230767;0.030732814;0.018553351;2.715576511;0.026284382;1;0;0
17:21:13.285226;-0.020230767;0.024586251;0.018894057;2.716105912;0.028178247;1;0;0
17:21:13.295887;-0.020230767;0.019669001;0.019184381;2.716589027;0.025111264;1;0;0
17:21:13.306606;-0.019222314;0.034509973;0.019659529;2.717272884;0.01979983;1;0;0
17:21:13.316231;-0.018206219;0.047742505;0.02024942;2.718064245;0.016986771;1;0;0
17:21:13.326545;-0.018206219;0.038194004;0.020763683;2.71878604;0.012745489;1;0;0
17:21:13.336666;-0.018206219;0.030555203;0.02121059;2.719446914;0.012334055;1;0;0
17:21:13.347025;-0.018206219;0.024444163;0.021602992;2.72006418;0.012963636;1;0;0
17:21:13.357930;-0.018206219;0.01955533;0.021927059;2.720612668;0.014917485;1;0;0
17:21:13.367392;-0.018206219;0.015644264;0.022191879;2.721101017;0.015438678;1;0;0
17:21:13.378869;-0.018206219;0.012515411;0.022419816;2.721568512;0.012378875;1;0;0
17:21:13.389653;-0.017938513;0.014976802;0.022657703;2.722049525;0.005177214;1;0;0
17:21:13.400579;-0.017938513;0.011981441;0.02284637;2.722486001;-0.002249993;1;0;0
17:21:13.410105;-0.017938513;0.009585153;0.022979163;2.722849643;-0.010041255;1;0;0
17:21:13.420504;-0.01591457;0.046375082;0.02350803;2.723621658;-0.007869127;1;0;0
17:21:13.430859;-0.01591457;0.037100066;0.02394425;2.724297353;-0.003444127;1;0;0
17:21:13.441986;-0.01591457;0.029680053;0.024335288;2.7249473;0.00420985;1;0;0
17:21:13.452972;-0.014905985;0.041056412;0.024920787;2.725819856;0.010571939;1;0;0
17:21:13.463664;-0.014905985;0.032845129;0.025374676;2.726544708;0.014837988;1;0;0
17:21:13.473988;-0.013896864;0.046305128;0.025937447;2.727366075;0.019850971;1;0;0
17:21:13.485296;-0.012881173;0.0557222;0.026679026;2.728393878;0.018527485;1;0;0
17:21:13.495130;-0.012780032;0.04657903;0.027292189;2.72927988;0.020032706;1;0;0
17:21:13.505802;-0.011763524;0.056425867;0.028061646;2.730343069;0.021426372;1;0;0
17:21:13.516459;-0.010753869;0.064189011;0.02893932;2.731522989;0.026925206;1;0;0
17:21:13.526590;-0.010753869;0.051351209;0.029689425;2.73258091;0.027437061;1;0;0
17:21:13.537418;-0.010490488;0.046298977;0.03036344;2.733558128;0.026909653;1;0;0
17:21:13.546792;-0.00846495;0.076638657;0.031371321;2.734881903;0.030693099;1;0;0
17:21:13.556896;-0.00846495;0.061310926;0.032240804;2.73607387;0.027324202;1;0;0
17:21:13.568868;-0.00846495;0.049048741;0.033120703;2.737346681;0.023425618;1;0;0
17:21:13.579905;-0.00846495;0.039238992;0.033762732;2.73833683;0.015891997;1;0;0
17:21:13.590030;-0.00846495;0.031391194;0.034318356;2.73925705;0.009073676;1;0;0
17:21:13.601605;-0.00846495;0.025112955;0.034754628;2.740042927;0.000302013;1;0;0
17:21:13.611482;-0.007455184;0.038868845;0.035353865;2.741019252;-0.006848005;1;0;0
17:21:13.622324;-0.007455184;0.031095076;0.035854744;2.741906947;-0.012156706;1;0;0
17:21:13.632414;-0.007455184;0.024876061;0.036256572;2.742695887;-0.016493656;1;0;0
17:21:13.643229;-0.006439094;0.040011063;0.036768474;2.743576834;-0.019176845;1;0;0
17:21:13.654111;-0.006439094;0.03200885;0.037217839;2.744424919;-0.021430662;1;0;0
17:21:13.664364;-0.0054288;0.045396413;0.037771491;2.745361495;-0.016224494;1;0;0
17:21:13.675311;-0.0054288;0.03631713;0.038235348;2.74621763;-0.014050642;1;0;0
17:21:13.684028;-0.0054288;0.029053704;0.038604305;2.746974333;-0.012743575;1;0;0
17:21:13.694721;-0.004412921;0.042585264;0.039126208;2.747904573;-0.010391443;1;0;0
17:21:13.705081;-0.003143055;0.059234351;0.039799568;2.748976281;-0.008133791;1;0;0
17:21:13.714977;-0.003143055;0.04738748;0.040368433;2.74995132;-0.005760432;1;0;0
17:21:13.726208;-0.003143055;0.037909984;0.04086645;2.750887025;-0.00718384;1;0;0
17:21:13.735520;-0.001117001;0.070548776;0.041660994;2.752097392;-0.002795995;1;0;0
17:21:13.746244;-0.001117001;0.056439021;0.042337772;2.753198892;0.001049212;1;0;0
17:21:13.756158;-0.001117001;0.045151217;0.042904958;2.754197403;0.007323974;1;0;0
17:21:13.766493;-0.000106091;0.055199079;0.043611539;2.755362531;0.005048024;1;0;0
17:21:13.777163;-0.000106091;0.044159263;0.044193193;2.756406844;0.002163542;1;0;0
17:21:13.788397;-0.000106091;0.03532741;0.044676272;2.757369934;-0.003514292;1;0;0
17:21:13.798940;0.00090534;0.04759767;0.045262841;2.758427064;-0.010279335;1;0;0
17:21:13.808952;0.001160998;0.042796877;0.045811572;2.759469338;-0.015289399;1;0;0
17:21:13.820757;0.001160998;0.034237501;0.046250547;2.760410471;-0.019648999;1;0;0
17:21:13.830343;0.001160998;0.027390001;0.046564602;2.761191999;-0.024901727;1;0;0
17:21:13.841187;0.002171988;0.041034678;0.047028891;2.762151198;-0.02863906;1;0;0
17:21:13.851268;0.003187436;0.052750768;0.047593738;2.763198418;-0.026753116;1;0;0
17:21:13.861430;0.003187436;0.042200614;0.048047333;2.764133899;-0.024070751;1;0;0
17:21:13.872101;0.004198941;0.052688499;0.048647822;2.765251235;-0.022723675;1;0;0
17:21:13.883211;0.004198941;0.0421508;0.049140837;2.766281106;-0.02252646;1;0;0
17:21:13.893250;0.004198941;0.03372064;0.049494215;2.767132551;-0.019278653;1;0;0
17:21:13.903845;0.005214171;0.046210682;0.049991854;2.768155403;-0.017167237;1;0;0
17:21:13.914692;0.006226189;0.05560212;0.050617352;2.769327446;-0.016070643;1;0;0
17:21:13.924920;0.006226189;0.044481696;0.051096338;2.770334547;-0.013831043;1;0;0
17:21:13.935800;0.006478458;0.040252244;0.051539779;2.771332891;-0.014409039;1;0;0
17:21:13.946427;0.006478458;0.032201795;0.051871293;2.772216857;-0.016010987;1;0;0
17:21:13.956684;0.006478458;0.025761436;0.052108333;2.7730126;-0.018473836;1;0;0
17:21:13.966869;0.006478458;0.020609149;0.052251322;2.773681257;-0.020937385;1;0;0
17:21:13.977830;0.009514684;0.074487301;0.05298356;2.774964509;-0.020268092;1;0;0
17:21:13.988670;0.009514684;0.059589841;0.053587171;2.776131892;-0.020435458;1;0;0
17:21:13.997985;0.009514684;0.047671873;0.054055929;2.777155276;-0.017940093;1;0;0
17:21:14.008488;0.011542782;0.078426769;0.054834404;2.778482005;-0.015893126;1;0;0
17:21:14.019167;0.011542782;0.062741415;0.055498832;2.779720706;-0.012840805;1;0;0
17:21:14.029330;0.012556372;0.068879008;0.056281164;2.781109516;-0.003356515;1;0;0
17:21:14.039478;0.013818108;0.080070384;0.057138845;2.782540503;0.000515035;1;0;0
17:21:14.050089;0.014831233;0.084105623;0.058064338;2.78404827;0.00706572;1;0;0
17:21:14.060844;0.014831233;0.067284499;0.058867882;2.785468594;0.007705836;1;0;0
17:21:14.071504;0.014831233;0.053827599;0.059535249;2.786775558;0.002882395;1;0;0
17:21:14.082488;0.014831233;0.043062079;0.060063227;2.787953385;-0.002565897;1;0;0
17:21:14.092722;0.014831233;0.034449663;0.06043685;2.788934138;-0.010026278;1;0;0
17:21:14.102853;0.014831233;0.027559731;0.06071087;2.789822095;-0.014898653;1;0;0
17:21:14.113443;0.014831233;0.022047785;0.060908159;2.790708079;-0.026430126;1;0;0
17:21:14.123779;0.014831233;0.017638228;0.060997162;2.79141759;-0.037225269;1;0;0
17:21:14.134841;0.014831233;0.014110582;0.061009836;2.792081556;-0.048644915;1;0;0
17:21:14.146396;0.014831233;0.011288466;0.060948437;2.792670202;-0.058634087;1;0;0
17:21:14.155077;0.014831233;0.009030773;0.060829313;2.79316468;-0.065539196;1;0;0
17:21:14.165293;0.014831233;0.007224618;0.060651566;2.793615434;-0.065360814;1;0;0
17:21:14.175923;0.014831233;0.005779694;0.060415461;2.79402551;-0.06297984;1;0;0
17:21:14.186896;0.014831233;0.004623756;0.06012411;2.794393182;-0.062546842;1;0;0
17:21:14.198925;0.013816444;-0.015946578;0.059589654;2.794477117;-0.063514434;1;0;0
17:21:14.208078;0.013816444;-0.012757263;0.059016389;2.794544868;-0.062393486;1;0;0
17:21:14.219167;0.013816444;-0.01020581;0.05844254;2.794593349;-0.06180992;1;0;0
17:21:14.230861;0.013816444;-0.008164648;0.057861592;2.79462575;-0.058722917;1;0;0
17:21:14.239604;0.013816444;-0.006531718;0.057295804;2.79464347;-0.055885412;1;0;0
17:21:14.250737;0.014830067;0.013347637;0.056909332;2.794880303;-0.051394783;1;0;0
17:21:14.261182;0.013815057;-0.009474434;0.056312675;2.794853906;-0.048295449;1;0;0
17:21:14.271497;0.013815057;-0.007579547;0.055711032;2.794819711;-0.045222435;1;0;0
17:21:14.280628;0.013815057;-0.006063638;0.05509925;2.794777963;-0.044282984;1;0;0
17:21:14.292277;0.013815057;-0.00485091;0.054450722;2.794726833;-0.041113649;1;0;0
17:21:14.302620;0.013815057;-0.003880728;0.053798082;2.794668981;-0.040185541;1;0;0
17:21:14.312731;0.012799827;-0.023227534;0.052986616;2.794396239;-0.044023152;1;0;0
17:21:14.322736;0.012799827;-0.018582028;0.052195636;2.794137677;-0.046248753;1;0;0
17:21:14.332892;0.012799827;-0.014865622;0.05142981;2.79389408;-0.04840415;1;0;0
17:21:14.344293;0.012801434;-0.011861642;0.050659839;2.793655961;-0.047173779;1;0;0
17:21:14.354276;0.012801434;-0.009489313;0.049934628;2.793437544;-0.045129508;1;0;0
17:21:14.364091;0.012801434;-0.007591451;0.049226034;2.793229483;-0.04109244;1;0;0
17:21:14.374407;0.012555453;-0.010574674;0.04842232;2.792959337;-0.036397088;1;0;0
17:21:14.385018;0.012555453;-0.008459739;0.047703851;2.792724764;-0.031777974;1;0;0
17:21:14.394695;0.011541361;-0.026901869;0.046791819;2.792288644;-0.030196836;1;0;0
17:21:14.405726;0.012556372;-0.001826106;0.046117517;2.79209314;-0.027653301;1;0;0
17:21:14.415657;0.012556372;-0.001460885;0.045471617;2.791910448;-0.022086741;1;0;0
17:21:14.425077;0.012556372;-0.001168708;0.044842287;2.791736618;-0.018220609;1;0;0
17:21:14.436238;0.012556372;-0.000934966;0.04416935;2.791555147;-0.012339547;1;0;0
17:21:14.447391;0.012556372;-0.000747973;0.043536681;2.791388534;-0.007476314;1;0;0
17:21:14.458087;0.012556372;-0.000598378;0.042916485;2.791228821;-0.000727419;1;0;0
17:21:14.468170;0.012556372;-0.000478703;0.042341113;2.791083724;0.003115661;1;0;0
17:21:14.478659;0.012556372;-0.000382962;0.041751154;2.790937892;0.008085212;1;0;0
17:21:14.488618;0.011542782;-0.020398915;0.040985634;2.790589719;0.007704634;1;0;0
17:21:14.498962;0.011542782;-0.016319132;0.040230196;2.790256188;0.006473016;1;0;0
17:21:14.509712;0.011542782;-0.013055306;0.039499448;2.789943267;0.000811704;1;0;0
17:21:14.519677;0.011542782;-0.010444244;0.03882459;2.789662903;-0.001431783;1;0;0
17:21:14.529954;0.011542782;-0.008355396;0.0381625;2.789395991;-0.00036774;1;0;0
17:21:14.539330;0.011542782;-0.006684316;0.037536596;2.789151148;-0.000925516;1;0;0
17:21:14.550183;0.011544483;-0.005313682;0.036932302;2.788921914;0.0031587;1;0;0
17:21:14.560202;0.011544483;-0.004250945;0.036346018;2.788706017;0.006765443;1;0;0
17:21:14.571041;0.011544483;-0.003400756;0.035736747;2.788488422;0.011394646;1;0;0
17:21:14.581637;0.011295101;-0.007439321;0.035108844;2.788234913;0.012668572;1;0;0
17:21:14.591452;0.011295101;-0.005951456;0.03453233;2.788009172;0.016375862;1;0;0
17:21:14.602423;0.011295101;-0.004761165;0.03394628;2.787786618;0.016324159;1;0;0
17:21:14.612565;0.010281555;-0.023851646;0.033193622;2.787373447;0.012945494;1;0;0
17:21:14.623439;0.011296118;-0.000363588;0.032657869;2.787194616;0.013267806;1;0;0
17:21:14.632917;0.011296118;-0.000290871;0.03216644;2.787035365;0.014594143;1;0;0
17:21:14.644183;0.01028308;-0.019223823;0.031445031;2.786653242;0.0164444;1;0;0
17:21:14.654524;0.01028308;-0.015379058;0.030793863;2.786317711;0.016012469;1;0;0
17:21:14.664714;0.01028308;-0.012303247;0.030176419;2.786008176;0.015656518;1;0;0
17:21:14.674552;0.01028308;-0.009842597;0.029585695;2.785720217;0.015792897;1;0;0
17:21:14.684535;0.009268516;-0.0270226;0.028773021;2.785216704;0.013100344;1;0;0
17:21:14.695226;0.009268516;-0.02161808;0.028041986;2.784773769;0.008479452;1;0;0
17:21:14.705935;0.008255987;-0.036323601;0.02709645;2.78412156;0.003528702;1;0;0
17:21:14.716239;0.008255987;-0.029058881;0.026206662;2.783518659;0.000593137;1;0;0
17:21:14.727066;0.008255987;-0.023247105;0.025421161;2.782996122;-0.002958916;1;0;0
17:21:14.737126;0.008003207;-0.023595672;0.024637869;2.782465965;-0.003553798;1;0;0
17:21:14.748178;0.009017771;-0.001607529;0.024037321;2.782151352;0.00199237;1;0;0
17:21:14.758213;0.009017771;-0.001286023;0.023548158;2.781902487;0.005310801;1;0;0
17:21:14.769893;0.008116349;-0.017693855;0.02284759;2.781452833;0.010637143;1;0;0
17:21:14.780607;0.009131705;0.004702975;0.022422191;2.781271159;0.016214952;1;0;0
17:21:14.790606;0.009131705;0.00376238;0.022039894;2.781112861;0.026477842;1;0;0
17:21:14.800201;0.009131705;0.003009904;0.021664619;2.780962105;0.031390417;1;0;0
17:21:14.810706;0.010146831;0.022474829;0.021522021;2.781037984;0.034275353;1;0;0
17:21:14.821743;0.010146831;0.017979863;0.021362092;2.781106793;0.039199609;1;0;0
17:21:14.832425;0.009134367;-0.003665975;0.020949676;2.780931698;0.041600406;1;0;0
17:21:14.842594;0.009134367;-0.00293278;0.020584931;2.780781726;0.040628612;1;0;0
17:21:14.854087;0.009134367;-0.002346224;0.020215329;2.78063449;0.039347872;1;0;0
17:21:14.864861;0.009134367;-0.001876979;0.019868026;2.780500515;0.03870742;1;0;0
17:21:14.874563;0.007107292;-0.041699481;0.019125322;2.779954398;0.030322341;1;0;0
17:21:14.885479;0.007107292;-0.033359585;0.01839806;2.779426871;0.020467997;1;0;0
17:21:14.895319;0.006095862;-0.046657858;0.017542894;2.778753677;0.005648669;1;0;0
17:21:14.905659;0.006095862;-0.037326287;0.016754817;2.778138864;-0.003376645;1;0;0
17:21:14.917898;0.006095862;-0.029861029;0.015854491;2.777444024;-0.011992314;1;0;0
17:21:14.927977;0.005080507;-0.043564431;0.014962142;2.776710638;-0.016216729;1;0;0
17:21:14.939138;0.003811505;-0.058619725;0.013834727;2.775736879;-0.016990775;1;0;0
17:21:14.949948;0.002795923;-0.066269328;0.012604601;2.774645249;-0.020789964;1;0;0
17:21:14.959172;0.001784579;-0.073039457;0.011311997;2.773473339;-0.021550206;1;0;0
17:21:14.969892;0.00167404;-0.0606156;0.010108491;2.772378152;-0.022825833;1;0;0
17:21:14.980092;0.00167404;-0.04849248;0.008955391;2.771326703;-0.020933939;1;0;0
17:21:14.990690;0.00066322;-0.057831659;0.0076938;2.770153401;-0.021877486;1;0;0
17:21:15.002277;-0.000351569;-0.064874784;0.006294874;2.768830623;-0.02125968;1;0;0
17:21:15.012406;-0.000351569;-0.051899827;0.005045939;2.767642865;-0.014395153;1;0;0
17:21:15.023169;-0.000612094;-0.046609568;0.003922469;2.766565205;-0.00541034;1;0;0
17:21:15.033926;-0.001623342;-0.055984029;0.00262553;2.765303558;0.000808648;1;0;0
17:21:15.044425;-0.001623342;-0.044787223;0.001513787;2.764213029;0.006388331;1;0;0
17:21:15.055254;-0.00263406;-0.054236931;0.001;2.762927696;0.011079301;1;0;0
17:21:15.065990;-0.00364907;-0.062422158;0.001;2.761580485;0.010063042;1;0;0
17:21:15.076957;-0.00364907;-0.049937727;0.001;2.760355613;0.009914141;1;0;0
17:21:15.086609;-0.00364907;-0.039950181;0.001;2.75932862;0.00954191;1;0;0
17:21:15.097610;-0.00364907;-0.031960145;0.001;2.758354712;0.014277601;1;0;0
17:21:15.108206;-0.006949007;-0.086746629;0.001;2.756732469;0.012715116;1;0;0
17:21:15.118645;-0.006949007;-0.069397303;0.001;2.755349269;0.015169161;1;0;0
17:21:15.128730;-0.007964456;-0.074953618;0.001;2.753859443;0.012338118;1;0;0
17:21:15.138803;-0.008974526;-0.079537802;0.001;2.752319899;0.011018212;1;0;0
17:21:15.150152;-0.008974526;-0.063630242;0.001;2.750918572;0.004875154;1;0;0
17:21:15.160609;-0.008974526;-0.050904193;0.001;2.749609309;0.002269466;1;0;0
17:21:15.170714;-0.010999722;-0.079081474;0.001;2.748026599;0.003922202;1;0;0
17:21:15.181417;-0.0120156;-0.083434661;0.001;2.746455606;0.002940494;1;0;0
17:21:15.191130;-0.013292841;-0.09203852;0.001;2.744766919;0.007518893;1;0;0
17:21:15.201812;-0.013292841;-0.073630816;0.001;2.743199181;0.011635209;1;0;0
17:21:15.212040;-0.013292841;-0.058904653;0.001;2.741826601;0.019490737;1;0;0
17:21:15.222009;-0.015318329;-0.085159319;0.001;2.740079858;0.018893689;1;0;0
17:21:15.232745;-0.015318329;-0.068127455;0.001;2.73858522;0.019931598;1;0;0
17:21:15.242675;-0.015318329;-0.054501964;0.001;2.737178914;0.022350313;1;0;0
17:21:15.253402;-0.017343484;-0.083647503;0.001;2.735545895;0.027288085;1;0;0
17:21:15.264139;-0.017343484;-0.066918002;0.001;2.733971345;0.032722451;1;0;0
17:21:15.273826;-0.017343484;-0.053534402;0.001;2.732654747;0.041833874;1;0;0
17:21:15.284178;-0.018359992;-0.062947886;0.001;2.7312505;0.050703913;1;0;0
17:21:15.294714;-0.018359992;-0.050358309;0.001;2.729946921;0.052793819;1;0;0
17:21:15.304902;-0.019376706;-0.059210489;0.001;2.728511635;0.052359227;1;0;0
17:21:15.316789;-0.019476824;-0.049202418;0.001;2.72718142;0.054439746;1;0;0
17:21:15.327025;-0.019476824;-0.039361935;0.001;2.725988637;0.060025722;1;0;0
17:21:15.337624;-0.020492719;-0.051365074;0.001;2.724772398;0.0632542;1;0;0
17:21:15.347671;-0.021772654;-0.064890773;0.001;2.723338404;0.066301964;1;0;0
17:21:15.358610;-0.021772654;-0.051912618;0.001;2.722050011;0.066718869;1;0;0
17:21:15.368803;-0.02278875;-0.061404014;0.001;2.720736089;0.066037707;1;0;0
17:21:15.378844;-0.02278875;-0.049123211;0.001;2.719564552;0.061167169;1;0;0
17:21:15.390395;-0.02278875;-0.039298569;0.001;2.718431727;0.05918796;1;0;0
17:21:15.400481;-0.02278875;-0.031438855;0.001;2.717484063;0.060297899;1;0;0
17:21:15.411237;-0.023805045;-0.044118347;0.001;2.716352206;0.062966533;1;0;0
17:21:15.421140;-0.023805045;-0.035294677;0.001;2.715393667;0.066108152;1;0;0
17:21:15.431876;-0.023805045;-0.028235742;0.001;2.714474571;0.074396424;1;0;0
17:21:15.442729;-0.024813749;-0.041121295;0.001;2.713411946;0.077472337;1;0;0
17:21:15.453698;-0.024813749;-0.032897036;0.001;2.71247736;0.080058463;1;0;0
17:21:15.462826;-0.025830241;-0.046467733;0.001;2.711470568;0.076061957;1;0;0
17:21:15.477064;-0.025830241;-0.037174186;0.001;2.710489925;0.074288502;1;0;0
17:21:15.484963;-0.025830241;-0.029739349;0.001;2.709637776;0.071512446;1;0;0
17:21:15.494547;-0.025830241;-0.023791479;0.001;2.708903823;0.070935972;1;0;0
17:21:15.504680;-0.024821536;0.000550233;0.001;2.708437066;0.075668164;1;0;0
17:21:15.516047;-0.024821536;0.000440186;0.001;2.708001069;0.082229123;1;0;0
17:21:15.526132;-0.024821536;0.000352149;0.001;2.707611562;0.091355957;1;0;0
17:21:15.536606;-0.024821536;0.000281719;0.001;2.707277664;0.095155112;1;0;0
17:21:15.546650;-0.024821536;0.000225375;0.001;2.706958052;0.103018686;1;0;0
17:21:15.558097;-0.024821536;0.0001803;0.001;2.706672893;0.102643743;1;0;0
17:21:15.568279;-0.024821536;0.00014424;0.001;2.706427616;0.100508176;1;0;0
17:21:15.579055;-0.024821536;0.000115392;0.001;2.706205166;0.095950082;1;0;0
17:21:15.589083;-0.024821536;9.23E-05;0.001;2.705993194;0.09187571;1;0;0
17:21:15.598794;-0.024821536;7.39E-05;0.001;2.705811895;0.087676674;1;0;0
17:21:15.609700;-0.024821536;5.91E-05;0.001;2.705640111;0.083605602;1;0;0
17:21:15.620258;-0.025838223;-0.019185825;0.001;2.705267463;0.077684924;1;0;0
17:21:15.630636;-0.025838223;-0.01534866;0.001;2.704930361;0.071519971;1;0;0
17:21:15.641269;-0.025838223;-0.012278928;0.001;2.704629437;0.064360835;1;0;0
17:21:15.651236;-0.025838223;-0.009823142;0.001;2.704368848;0.057251357;1;0;0
17:21:15.662193;-0.025838223;-0.007858514;0.001;2.704118294;0.049367536;1;0;0
17:21:15.672434;-0.025838223;-0.006286811;0.001;2.703906022;0.042640377;1;0;0
17:21:15.682258;-0.025838223;-0.005029449;0.001;2.703708827;0.040640019;1;0;0
17:21:15.692530;-0.025838223;-0.004023559;0.001;2.703529895;0.039779026;1;0;0
17:21:15.704125;-0.024821536;0.0154375;0.00104585;2.7035869;0.046666346;1;0;0
17:21:15.713944;-0.024821536;0.01235;0.001084208;2.703636371;0.051877663;1;0;0
17:21:15.724278;-0.024821536;0.00988;0.001117589;2.703681213;0.056679897;1;0;0
17:21:15.734843;-0.025830241;-0.012078277;0.001;2.703513258;0.054010462;1;0;0
17:21:15.744641;-0.025830241;-0.009662622;0.001;2.703359326;0.05155791;1;0;0
17:21:15.755136;-0.025830241;-0.007730097;0.001;2.70321994;0.048061199;1;0;0
17:21:15.765607;-0.025830241;-0.006184078;0.001;2.703086232;0.044107329;1;0;0
17:21:15.775820;-0.025830241;-0.004947262;0.001;2.702969458;0.039379824;1;0;0
17:21:15.786894;-0.025830241;-0.00395781;0.001;2.702865124;0.033940338;1;0;0
17:21:15.797156;-0.025830241;-0.003166248;0.001;2.702767164;0.032179907;1;0;0
17:21:15.807839;-0.025830241;-0.002532998;0.001;2.702684308;0.028060768;1;0;0
17:21:15.817769;-0.025830241;-0.002026399;0.001;2.702606131;0.030280078;1;0;0
17:21:15.827854;-0.024821536;0.018412566;0.001128999;2.702745861;0.030411933;1;0;0
17:21:15.838791;-0.025830241;-0.005241675;0.001038554;2.702666357;0.032092951;1;0;0
17:21:15.849905;-0.025830241;-0.00419334;0.001;2.702587047;0.029690789;1;0;0
17:21:15.859120;-0.025830241;-0.003354672;0.001;2.702521198;0.025386741;1;0;0
17:21:15.869881;-0.025830241;-0.002683737;0.001;2.702461579;0.024731599;1;0;0
17:21:15.879975;-0.025830241;-0.00214699;0.001;2.702407524;0.021036401;1;0;0
17:21:15.889868;-0.025830241;-0.001717592;0.001;2.702358674;0.021516433;1;0;0
17:21:15.900032;-0.025830241;-0.001374074;0.001;2.702312395;0.023665562;1;0;0
17:21:15.911739;-0.025830241;-0.001099259;0.001;2.70226897;0.023437293;1;0;0
17:21:15.922518;-0.025830241;-0.000879407;0.001;2.702230624;0.02407532;1;0;0
17:21:15.933359;-0.025830241;-0.000703526;0.001;2.702196595;0.022498852;1;0;0
17:21:15.943251;-0.025830241;-0.000562821;0.001;2.702167499;0.023152009;1;0;0
17:21:15.953183;-0.025830241;-0.000450256;0.001;2.702140342;0.0214573;1;0;0
17:21:15.963286;-0.025830241;-0.000360205;0.001;2.702116474;0.019978497;1;0;0
17:21:15.974336;-0.025830241;-0.000288164;0.001;2.702094144;0.019007888;1;0;0
17:21:15.983905;-0.025830241;-0.000230531;0.001;2.70207453;0.016219785;1;0;0
17:21:15.995099;-0.025830241;-0.000184425;0.001;2.702056024;0.016707884;1;0;0
17:21:16.005303;-0.025830241;-0.00014754;0.001;2.702039362;0.017596178;1;0;0
17:21:16.015706;-0.025830241;-0.000118032;0.001;2.702023994;0.021276742;1;0;0
17:21:16.026236;-0.025830241;-9.44E-05;0.001;2.702010909;0.021369547;1;0;0
17:21:16.036353;-0.025830241;-7.55E-05;0.001;2.701998217;0.022102239;1;0;0
17:21:16.046822;-0.025557672;0.005333322;0.001035016;2.70204352;0.022239797;1;0;0
17:21:16.057332;-0.025557672;0.004266658;0.001066122;2.702085413;0.020922672;1;0;0
17:21:16.066746;-0.02454991;0.023395185;0.001298672;2.70232991;0.023253514;1;0;0
17:21:16.077060;-0.02454991;0.018716148;0.001507742;2.702553136;0.025199208;1;0;0
17:21:16.088130;-0.02454991;0.014972918;0.001703008;2.702765272;0.029422984;1;0;0
17:21:16.100001;-0.02454991;0.011978334;0.001882312;2.702963986;0.030126359;1;0;0
17:21:16.108330;-0.02454991;0.009582668;0.002031695;2.703133192;0.031801999;1;0;0
17:21:16.118664;-0.02454991;0.007666134;0.002164227;2.703286862;0.032189004;1;0;0
17:21:16.129121;-0.02454991;0.006132907;0.002289615;2.703436215;0.030830633;1;0;0
17:21:16.140485;-0.02454991;0.004906326;0.002396401;2.703567382;0.025771976;1;0;0
17:21:16.150162;-0.023541601;0.022943135;0.002708191;2.703906267;0.023030235;1;0;0
17:21:16.160422;-0.024558288;-0.001635344;0.002765798;2.703991722;0.019504197;1;0;0
17:21:16.171707;-0.024558288;-0.001308275;0.002818151;2.704074412;0.015656209;1;0;0
17:21:16.182459;-0.024558288;-0.00104662;0.002861109;2.7041476;0.015744237;1;0;0
17:21:16.192613;-0.024558288;-0.000837296;0.002896322;2.704213196;0.015351941;1;0;0
17:21:16.204222;-0.025575168;-0.020701885;0.002714619;2.704059963;0.013382025;1;0;0
17:21:16.213993;-0.025575168;-0.016561508;0.002536149;2.703910014;0.005390631;1;0;0
17:21:16.223923;-0.025575168;-0.013249207;0.002377357;2.703777142;-0.000801506;1;0;0
17:21:16.234617;-0.026592239;-0.030740061;0.002029417;2.703451428;-0.00794541;1;0;0
17:21:16.244671;-0.026592239;-0.024592049;0.001711061;2.703152018;-0.010858283;1;0;0
17:21:16.255532;-0.026592239;-0.019673639;0.001414644;2.702871808;-0.013461915;1;0;0
17:21:16.264698;-0.026592239;-0.015738911;0.001153343;2.702623416;-0.008407633;1;0;0
17:21:16.274648;-0.026592239;-0.012591129;0.001;2.702395651;-0.006933132;1;0;0
17:21:16.284900;-0.026592239;-0.010072903;0.001;2.702186108;-0.004157849;1;0;0
17:21:16.295676;-0.026592239;-0.008058323;0.001;2.701986167;0.000968336;1;0;0
17:21:16.306369;-0.026592239;-0.006446658;0.001;2.701817519;0.003537138;1;0;0
17:21:16.316882;-0.026592239;-0.005157326;0.001;2.701655717;0.008951611;1;0;0
17:21:16.328079;-0.026592239;-0.004125861;0.001;2.701512687;0.01124978;1;0;0
17:21:16.337908;-0.026592239;-0.003300689;0.001;2.701386483;0.015050498;1;0;0
17:21:16.348885;-0.026592239;-0.002640551;0.001;2.701266202;0.014691556;1;0;0
17:21:16.359039;-0.026592239;-0.002112441;0.001;2.701161886;0.017918531;1;0;0
17:21:16.369023;-0.026592239;-0.001689953;0.001;2.70106765;0.016766209;1;0;0
17:21:16.380422;-0.026592239;-0.001351962;0.001;2.700979736;0.01929022;1;0;0
17:21:16.390367;-0.026592239;-0.00108157;0.001;2.700902813;0.020506036;1;0;0
17:21:16.400576;-0.025583384;0.0189544;0.00113102;2.701044692;0.022309357;1;0;0
17:21:16.410895;-0.025583384;0.01516352;0.001247222;2.701172881;0.025339164;1;0;0
17:21:16.421473;-0.025583384;0.012130816;0.001351202;2.701289951;0.029188361;1;0;0
17:21:16.430787;-0.025583384;0.009704653;0.001444277;2.701397147;0.027109358;1;0;0
17:21:16.442343;-0.025583384;0.007763722;0.001538609;2.70150879;0.026155418;1;0;0
17:21:16.453784;-0.025583384;0.006210978;0.001614328;2.701601274;0.027665516;1;0;0
17:21:16.464412;-0.025583384;0.004968782;0.001681454;2.701686127;0.028367219;1;0;0
17:21:16.474229;-0.025583384;0.003975026;0.001738699;2.701761351;0.027283967;1;0;0
17:21:16.484359;-0.025583384;0.003180021;0.001786493;2.701826897;0.025751675;1;0;0
17:21:16.495511;-0.025583384;0.002544017;0.001829206;2.701888395;0.021740995;1;0;0
17:21:16.505083;-0.025583384;0.002035213;0.00186527;2.701943337;0.018494966;1;0;0
17:21:16.515864;-0.025583384;0.001628171;0.00189573;2.701992854;0.019698203;1;0;0
17:21:16.526744;-0.024566313;0.020148349;0.002144579;2.702263534;0.021915112;1;0;0
17:21:16.536382;-0.024566313;0.016118679;0.002355631;2.702497697;0.023820244;1;0;0
17:21:16.546529;-0.025575168;-0.006788334;0.002334372;2.702500476;0.024779268;1;0;0
17:21:16.557580;-0.025575168;-0.005430667;0.002312906;2.702502634;0.021322308;1;0;0
17:21:16.567248;-0.025575168;-0.004344534;0.002290926;2.702504263;0.019204814;1;0;0
17:21:16.578131;-0.024558288;0.015670497;0.00248622;2.70272495;0.020005623;1;0;0
17:21:16.588041;-0.024558288;0.012536398;0.002651555;2.70291628;0.018040581;1;0;0
17:21:16.598744;-0.026583477;-0.028070211;0.002370394;2.70266179;0.013648652;1;0;0
17:21:16.609761;-0.026583477;-0.022456169;0.002114074;2.70242933;0.009020436;1;0;0
17:21:16.619431;-0.026583477;-0.017964935;0.001892978;2.7022284;0.004861431;1;0;0
17:21:16.630301;-0.026583477;-0.014371948;0.001677843;2.702032447;0.005184648;1;0;0
17:21:16.640401;-0.026583477;-0.011497558;0.001484562;2.701855957;0.003192421;1;0;0
17:21:16.650787;-0.027600548;-0.029363811;0.001109537;2.701493985;-0.001550239;1;0;0
17:21:16.662526;-0.027600548;-0.023491049;0.001;2.701120881;-0.005519305;1;0;0
17:21:16.672513;-0.027600548;-0.018792839;0.001;2.700822292;-0.007182371;1;0;0
17:21:16.682088;-0.027600548;-0.015034271;0.001;2.700554104;-0.007140778;1;0;0
17:21:16.694596;-0.027600548;-0.012027417;0.001;2.700291621;-0.00373204;1;0;0
17:21:16.703251;-0.027600548;-0.009621934;0.001;2.700073634;0.001231978;1;0;0
17:21:16.715453;-0.027600548;-0.007697547;0.001;2.699865991;0.003474293;1;0;0
17:21:16.725449;-0.027600548;-0.006158037;0.001;2.699674573;0.006567232;1;0;0
17:21:16.735754;-0.027600548;-0.00492643;0.001;2.699508395;0.009739891;1;0;0
17:21:16.746358;-0.028880879;-0.028025017;0.001;2.699080422;0.00991081;1;0;0
17:21:16.756473;-0.029898138;-0.041489313;0.001;2.698473651;0.00873284;1;0;0
17:21:16.768224;-0.029898138;-0.03319145;0.001;2.697917097;0.005658432;1;0;0
17:21:16.777760;-0.029898138;-0.02655316;0.001;2.697451666;0.003840536;1;0;0
17:21:16.788075;-0.030906293;-0.041217165;0.001;2.696823849;-0.001663461;1;0;0
17:21:16.798368;-0.031923739;-0.051485059;0.001;2.69598107;-0.009417306;1;0;0
17:21:16.809225;-0.030906293;-0.021088965;0.001;2.695491369;-0.012263759;1;0;0
17:21:16.820179;-0.030906293;-0.016871172;0.001;2.695018815;-0.00870538;1;0;0
17:21:16.829407;-0.030906293;-0.013496937;0.001;2.694621036;0.000426496;1;0;0
17:21:16.840648;-0.030906293;-0.01079755;0.001;2.694249661;0.003988692;1;0;0
17:21:16.850780;-0.030906293;-0.00863804;0.001;2.693904217;0.010723067;1;0;0
17:21:16.861277;-0.029889033;0.013256966;0.001;2.693820993;0.018672362;1;0;0
17:21:16.874596;-0.029889033;0.010605573;0.001;2.693720254;0.026771232;1;0;0
17:21:16.885290;-0.029889033;0.008484458;0.001;2.693654194;0.03554637;1;0;0
17:21:16.895128;-0.029889033;0.006787567;0.001;2.693594286;0.041834764;1;0;0
17:21:16.905108;-0.029889033;0.005430053;0.001;2.69353839;0.04823314;1;0;0
17:21:16.915630;-0.029889033;0.004344043;0.001;2.693487254;0.050071586;1;0;0
17:21:16.926647;-0.028871962;0.022250276;0.001163966;2.693662959;0.053609628;1;0;0
17:21:16.937244;-0.028871962;0.017800221;0.001300839;2.693812302;0.054772072;1;0;0
17:21:16.948328;-0.028871962;0.014240177;0.001431553;2.693957801;0.055265822;1;0;0
17:21:16.957529;-0.028871962;0.011392142;0.001540334;2.694081605;0.051826503;1;0;0
17:21:16.968535;-0.029879565;-0.009429052;0.001423853;2.693981223;0.049304929;1;0;0
17:21:16.978636;-0.029879565;-0.007543242;0.001324707;2.693895947;0.044085234;1;0;0
17:21:16.989134;-0.029879565;-0.006034594;0.00122876;2.693813597;0.033606123;1;0;0
17:21:17.000220;-0.028862685;0.014726679;0.001356252;2.693954544;0.029914549;1;0;0
17:21:17.010764;-0.028862685;0.011781343;0.001473612;2.694087134;0.026066866;1;0;0
17:21:17.020912;-0.028862685;0.009425074;0.001571324;2.694200186;0.023584008;1;0;0
17:21:17.032414;-0.028862685;0.007540059;0.001658323;2.694303457;0.023883991;1;0;0
17:21:17.040519;-0.028862685;0.006032048;0.001735507;2.694397744;0.028419178;1;0;0
17:21:17.051769;-0.028862685;0.004825638;0.001805808;2.694486475;0.033898052;1;0;0
17:21:17.061033;-0.028862685;0.00386051;0.001865775;2.694565015;0.034991831;1;0;0
17:21:17.071503;-0.028862685;0.003088408;0.001920038;2.694639147;0.037192818;1;0;0
17:21:17.081705;-0.028862685;0.002470727;0.001965182;2.694703864;0.032577295;1;0;0
17:21:17.092542;-0.028862685;0.001976581;0.002004191;2.694762908;0.028024375;1;0;0
17:21:17.103424;-0.028862685;0.001581265;0.00203999;2.694820773;0.022369225;1;0;0
17:21:17.114016;-0.027845998;0.020141049;0.002290014;2.695094145;0.024770074;1;0;0
17:21:17.124260;-0.027845998;0.01611284;0.002511646;2.695341568;0.026274392;1;0;0
17:21:17.134658;-0.027845998;0.012890272;0.002697134;2.69555334;0.03078145;1;0;0
17:21:17.145370;-0.027845998;0.010312217;0.002862238;2.69574645;0.03340115;1;0;0
17:21:17.155367;-0.027845998;0.008249774;0.003012441;2.695926988;0.030833557;1;0;0
17:21:17.165567;-0.027845998;0.006599819;0.003144432;2.696090613;0.028899923;1;0;0
17:21:17.176274;-0.027845998;0.005279855;0.003265474;2.696246094;0.023880798;1;0;0
17:21:17.186483;-0.027845998;0.004223884;0.003367179;2.696382142;0.01922271;1;0;0
17:21:17.197330;-0.026829506;0.021942646;0.003684407;2.696738018;0.018217202;1;0;0
17:21:17.207563;-0.026829506;0.017554117;0.003956494;2.69705062;0.016852418;1;0;0
17:21:17.217602;-0.026829506;0.014043293;0.004187317;2.6973227;0.018674199;1;0;0
17:21:17.229513;-0.026829506;0.011234635;0.004409133;2.69759194;0.020395817;1;0;0
17:21:17.240417;-0.025821904;0.027612925;0.004819339;2.698052115;0.023594145;1;0;0
17:21:17.250976;-0.025821904;0.02209034;0.005186126;2.698473608;0.025854317;1;0;0
17:21:17.261608;-0.025821904;0.017672272;0.005499548;2.698843514;0.027404081;1;0;0
17:21:17.272345;-0.025821904;0.014137818;0.005781471;2.699186305;0.024871932;1;0;0
17:21:17.282377;-0.025821904;0.011310254;0.006024093;2.699491408;0.021116627;1;0;0
17:21:17.292494;-0.024805609;0.029116752;0.006436051;2.699966506;0.019481851;1;0;0
17:21:17.303309;-0.024805609;0.023293401;0.006801464;2.70039878;0.019728536;1;0;0
17:21:17.314340;-0.025821904;-0.000232837;0.006924911;2.700596182;0.018162476;1;0;0
17:21:17.324091;-0.026095965;-0.005630561;0.006965998;2.700707204;0.014970598;1;0;0
17:21:17.334323;-0.026095965;-0.004504449;0.006996526;2.700808823;0.012685828;1;0;0
17:21:17.345384;-0.027112457;-0.022445045;0.006796525;2.700683224;0.005334266;1;0;0
17:21:17.354647;-0.027112457;-0.017956036;0.006621048;2.700575285;-0.002334611;1;0;0
17:21:17.365222;-0.028121;-0.033530848;0.006233714;2.700255567;-0.013348309;1;0;0
17:21:17.375434;-0.028121;-0.026824678;0.005878284;2.699963731;-0.021549342;1;0;0
17:21:17.386648;-0.029128988;-0.040698589;0.005338718;2.699482892;-0.026470121;1;0;0
17:21:17.396355;-0.029128988;-0.032558872;0.004855047;2.699051593;-0.030031735;1;0;0
17:21:17.406788;-0.029128988;-0.026047097;0.004418893;2.698662404;-0.030282484;1;0;0
17:21:17.416997;-0.029128988;-0.020837678;0.004004744;2.698292576;-0.027349398;1;0;0
17:21:17.427538;-0.028112497;0.003468502;0.003849532;2.698177;-0.020059135;1;0;0
17:21:17.437420;-0.028112497;0.002774802;0.003705413;2.69807092;-0.01371934;1;0;0
17:21:17.448338;-0.028112497;0.002219842;0.003567519;2.697970673;-0.003097387;1;0;0
17:21:17.459834;-0.02801545;0.00343839;0.00344623;2.697890318;0.002763234;1;0;0
17:21:17.469964;-0.02801545;0.002750712;0.003348249;2.697826632;0.013768748;1;0;0
17:21:17.480789;-0.02801545;0.002200569;0.003249132;2.697763438;0.020353824;1;0;0
17:21:17.491489;-0.027007461;0.020255043;0.003377624;2.697928064;0.027419772;1;0;0
17:21:17.501829;-0.027007461;0.016204034;0.003481206;2.698066188;0.030698108;1;0;0
17:21:17.512079;-0.027007461;0.012963228;0.003577798;2.698200978;0.030841246;1;0;0
17:21:17.522883;-0.025990142;0.029924122;0.003871516;2.698533482;0.032457426;1;0;0
17:21:17.533269;-0.025990142;0.023939297;0.00413284;2.698836514;0.035346013;1;0;0
17:21:17.543522;-0.025990142;0.019151438;0.004361224;2.699108512;0.038506787;1;0;0
17:21:17.554410;-0.025990142;0.01532115;0.004574359;2.699370235;0.036119442;1;0;0
17:21:17.564619;-0.025990142;0.01225692;0.004759502;2.699605801;0.034790073;1;0;0
17:21:17.575447;-0.025990142;0.009805536;0.004921578;2.699820525;0.030792519;1;0;0
17:21:17.586795;-0.023964479;0.044912462;0.00550873;2.700464739;0.027497938;1;0;0
17:21:17.597436;-0.023964479;0.03592997;0.006003341;2.701018929;0.025593564;1;0;0
17:21:17.608479;-0.023964479;0.028743976;0.006464408;2.701547711;0.026834475;1;0;0
17:21:17.618385;-0.023964479;0.022995181;0.006845412;2.701996091;0.029228469;1;0;0
17:21:17.628403;-0.023964479;0.018396145;0.007183683;2.702405421;0.032707643;1;0;0
17:21:17.639295;-0.023964479;0.014716916;0.007502939;2.702804471;0.038596101;1;0;0
17:21:17.649010;-0.023964479;0.011773533;0.007762318;2.703140774;0.034445699;1;0;0
17:21:17.659660;-0.023964479;0.009418826;0.007993841;2.703453335;0.03051291;1;0;0
17:21:17.669786;-0.023964479;0.007535061;0.008190954;2.703731995;0.020990672;1;0;0
17:21:17.679763;-0.022955383;0.02519649;0.008583373;2.704212764;0.01716255;1;0;0
17:21:17.690555;-0.021665346;0.043865032;0.009222344;2.704948695;0.017241392;1;0;0
17:21:17.701231;-0.021665346;0.035092026;0.009747487;2.705569665;0.021890162;1;0;0
17:21:17.711907;-0.021665346;0.028073621;0.010235016;2.706163188;0.026389586;1;0;0
17:21:17.721989;-0.021665346;0.022458897;0.010662036;2.706700804;0.031210288;1;0;0
17:21:17.732315;-0.021665346;0.017967117;0.011026687;2.70717748;0.033165291;1;0;0
17:21:17.743005;-0.021665346;0.014373694;0.011337579;2.707601199;0.031284772;1;0;0
17:21:17.752879;-0.021665346;0.011498955;0.011608526;2.707988312;0.025313582;1;0;0
17:21:17.764899;-0.021665346;0.009199164;0.011850755;2.708354157;0.012443251;1;0;0
17:21:17.773778;-0.021665346;0.007359331;0.012051957;2.708678552;0.005398679;1;0;0
17:21:17.783706;-0.021665346;0.005887465;0.012217575;2.70896644;0.000623658;1;0;0
17:21:17.794233;-0.021665346;0.004709972;0.012364833;2.709247171;4.39E-05;1;0;0
17:21:17.804964;-0.021665346;0.003767978;0.01247597;2.709484502;0.00032304;1;0;0
17:21:17.815479;-0.0226735;-0.015882692;0.012349552;2.709490529;-0.003647459;1;0;0
17:21:17.825585;-0.0226735;-0.012706154;0.012228615;2.709493809;-0.007333734;1;0;0
17:21:17.836361;-0.0226735;-0.010164923;0.012102165;2.709494953;-0.012366579;1;0;0
17:21:17.846748;-0.021930848;0.006202072;0.012132712;2.709651075;-0.015656693;1;0;0
17:21:17.856745;-0.021930848;0.004961658;0.012147666;2.709797095;-0.018600309;1;0;0
17:21:17.867197;-0.021930848;0.003969326;0.012147594;2.709919468;-0.017692054;1;0;0
17:21:17.877235;-0.021930848;0.003175461;0.012135279;2.710029537;-0.014314245;1;0;0
17:21:17.887807;-0.021930848;0.002540369;0.012111572;2.7101294;-0.007660134;1;0;0
17:21:17.898076;-0.021930848;0.002032295;0.012074858;2.71022478;-0.002681848;1;0;0
17:21:17.908780;-0.022947562;-0.018557862;0.011823394;2.710093689;0.000197113;1;0;0
17:21:17.918808;-0.022947562;-0.01484629;0.011582986;2.709971611;0.000787672;1;0;0
17:21:17.929281;-0.023956105;-0.031035432;0.011129067;2.709637223;-0.007022142;1;0;0
17:21:17.939013;-0.023956105;-0.024828346;0.010720999;2.709340421;-0.011429381;1;0;0
17:21:17.949325;-0.024973023;-0.039674206;0.010126159;2.708852546;-0.021203682;1;0;0
17:21:17.959884;-0.025981011;-0.051763056;0.009382105;2.708206643;-0.025831047;1;0;0
17:21:17.970989;-0.025981011;-0.041410445;0.008654721;2.707576182;-0.030553568;1;0;0
17:21:17.980950;-0.025981011;-0.033128356;0.008028971;2.707034712;-0.032195915;1;0;0
17:21:17.991780;-0.02699813;-0.045190846;0.00718855;2.706277041;-0.030912809;1;0;0
17:21:18.002622;-0.025990142;-0.017395478;0.006653849;2.705816684;-0.030033965;1;0;0
17:21:18.012180;-0.025990142;-0.013916382;0.006194187;2.705421786;-0.024278468;1;0;0
17:21:18.022742;-0.025990142;-0.011133106;0.005738538;2.705031249;-0.018999251;1;0;0
17:21:18.033507;-0.025990142;-0.008906485;0.005329247;2.704681355;-0.009079476;1;0;0
17:21:18.045980;-0.025990142;-0.007125188;0.004952867;2.704360491;-0.000942801;1;0;0
17:21:18.055019;-0.025990142;-0.00570015;0.004615408;2.704073662;0.009779748;1;0;0
17:21:18.065159;-0.025990142;-0.00456012;0.004319459;2.703822894;0.016715927;1;0;0
17:21:18.076200;-0.02699813;-0.022729063;0.003820217;2.703366609;0.020488767;1;0;0
17:21:18.085678;-0.02699813;-0.01818325;0.003383939;2.702966796;0.019225281;1;0;0
17:21:18.095735;-0.02699813;-0.0145466;0.002987067;2.702602053;0.020345358;1;0;0
17:21:18.107441;-0.02699813;-0.01163728;0.002598906;2.702244171;0.019981567;1;0;0
17:21:18.116993;-0.02801545;-0.029514116;0.002063662;2.701732362;0.015632864;1;0;0
17:21:18.127874;-0.02801545;-0.023611293;0.001561765;2.701249275;0.015573175;1;0;0
17:21:18.138738;-0.02801545;-0.018889034;0.001092698;2.700794428;0.015119798;1;0;0
17:21:18.148826;-0.02801545;-0.015111228;0.001;2.700404587;0.012750473;1;0;0
17:21:18.159410;-0.030145675;-0.051219877;0.001;2.699553953;0.007214921;1;0;0
17:21:18.169835;-0.031153107;-0.060620625;0.001;2.698622489;0.001208081;1;0;0
17:21:18.180729;-0.031153107;-0.0484965;0.001;2.697672779;-0.005017609;1;0;0
17:21:18.190806;-0.031153107;-0.0387972;0.001;2.696933067;-0.008454311;1;0;0
17:21:18.202222;-0.032169987;-0.051228763;0.001;2.696057997;-0.010782554;1;0;0
17:21:18.211105;-0.032169987;-0.04098301;0.001;2.69526581;-0.01163562;1;0;0
17:21:18.221933;-0.032169987;-0.032786408;0.001;2.694545634;-0.008263185;1;0;0
17:21:18.232645;-0.03317686;-0.044933317;0.001;2.69363465;-0.002733232;1;0;0
17:21:18.242479;-0.03317686;-0.035946654;0.001;2.692827217;0.006359955;1;0;0
17:21:18.253031;-0.03317686;-0.028757323;0.001;2.692103926;0.01348287;1;0;0
17:21:18.263620;-0.03317686;-0.023005858;0.001;2.691479987;0.021180244;1;0;0
17:21:18.274641;-0.03317686;-0.018404687;0.001;2.690872522;0.024131792;1;0;0
17:21:18.285355;-0.03317686;-0.014723749;0.001;2.690336158;0.027049089;1;0;0
17:21:18.296129;-0.03317686;-0.011778999;0.001;2.689822974;0.035121668;1;0;0
17:21:18.306061;-0.03317686;-0.0094232;0.001;2.689414472;0.041431144;1;0;0
17:21:18.316794;-0.034183173;-0.026381012;0.001;2.688805837;0.043636482;1;0;0
17:21:18.327744;-0.034183173;-0.021104809;0.001;2.688286156;0.045799639;1;0;0
17:21:18.338081;-0.034183173;-0.016883848;0.001;2.687803789;0.049526893;1;0;0
17:21:18.347833;-0.034183173;-0.013507078;0.001;2.687359154;0.048320509;1;0;0
17:21:18.358593;-0.034183173;-0.010805662;0.001;2.686968761;0.044285156;1;0;0
17:21:18.369201;-0.036217504;-0.04606398;0.001;2.68615127;0.035876263;1;0;0
17:21:18.379255;-0.036217504;-0.036851184;0.001;2.685465896;0.032213561;1;0;0
17:21:18.390158;-0.036217504;-0.029480947;0.001;2.684804698;0.026655385;1;0;0
17:21:18.400908;-0.03723495;-0.043462419;0.001;2.684029444;0.023869475;1;0;0
17:21:18.411457;-0.03723495;-0.034769935;0.001;2.683289628;0.019403815;1;0;0
17:21:18.421226;-0.03723495;-0.027815948;0.001;2.682668752;0.01673194;1;0;0
17:21:18.431989;-0.036217504;-0.002137964;0.001;2.682312167;0.018333009;1;0;0
17:21:18.442418;-0.036217504;-0.001710371;0.001;2.681983862;0.022208091;1;0;0
17:21:18.452784;-0.036217504;-0.001368297;0.001;2.681685154;0.032968115;1;0;0
17:21:18.463393;-0.036217504;-0.001094638;0.001;2.681400204;0.043991975;1;0;0
17:21:18.473897;-0.036217504;-0.00087571;0.001;2.681151973;0.053322233;1;0;0
17:21:18.483463;-0.036217504;-0.000700568;0.001;2.680939206;0.058503062;1;0;0
17:21:18.494728;-0.036217504;-0.000560454;0.001;2.680738513;0.060699638;1;0;0
17:21:18.504805;-0.036217504;-0.000448364;0.001;2.680554605;0.063457593;1;0;0
17:21:18.517008;-0.036217504;-0.000358691;0.001;2.680374657;0.057145197;1;0;0
17:21:18.527360;-0.036217504;-0.000286953;0.001;2.680231953;0.054795019;1;0;0
17:21:18.537938;-0.037503501;-0.025110704;0.001;2.679833887;0.050006844;1;0;0
17:21:18.548247;-0.037503501;-0.020088563;0.001;2.679442965;0.048883226;1;0;0
17:21:18.559227;-0.037503501;-0.01607085;0.001;2.679127651;0.042587388;1;0;0
17:21:18.568588;-0.036486241;0.007161601;0.001;2.67904904;0.039864823;1;0;0
17:21:18.578992;-0.036486241;0.005729281;0.001;2.678978258;0.035686396;1;0;0
17:21:18.590194;-0.036486241;0.004583424;0.001;2.678909991;0.035836309;1;0;0
17:21:18.600240;-0.036486241;0.00366674;0.001;2.678848547;0.034783546;1;0;0
17:21:18.610814;-0.036205996;0.008482983;0.001;2.678853576;0.035339467;1;0;0
17:21:18.621503;-0.036205996;0.006786387;0.001;2.678858305;0.041546468;1;0;0
17:21:18.631615;-0.035200244;0.024152952;0.001209866;2.679080061;0.048476245;1;0;0
17:21:18.642749;-0.035200244;0.019322361;0.001395942;2.679280023;0.054554064;1;0;0
17:21:18.652910;-0.035200244;0.015457889;0.001561073;2.679460791;0.052924674;1;0;0
17:21:18.663048;-0.035200244;0.012366311;0.001703014;2.67961932;0.052735951;1;0;0
17:21:18.673452;-0.036205996;-0.009310175;0.001622417;2.679556135;0.04872847;1;0;0
17:21:18.684578;-0.036205996;-0.00744814;0.001547901;2.679498217;0.048078064;1;0;0
17:21:18.694613;-0.036205996;-0.005958512;0.001481324;2.679446934;0.041882284;1;0;0
17:21:18.704627;-0.036205996;-0.00476681;0.001419696;2.679399905;0.037136596;1;0;0
17:21:18.715422;-0.036205996;-0.003813448;0.001358874;2.679353965;0.026879372;1;0;0
17:21:18.726086;-0.036205996;-0.003050758;0.001303481;2.679312589;0.021243347;1;0;0
17:21:18.736806;-0.036205996;-0.002440606;0.001250669;2.679273607;0.014922281;1;0;0
17:21:18.747405;-0.035200244;0.01688086;0.001417535;2.679454738;0.013767004;1;0;0
17:21:18.757365;-0.035200244;0.013504688;0.001558438;2.67961065;0.01864209;1;0;0
17:21:18.767755;-0.035200244;0.01080375;0.001689283;2.679758507;0.024782984;1;0;0
17:21:18.777571;-0.035200244;0.008643;0.001801523;2.679888337;0.027694551;1;0;0
17:21:18.789137;-0.035200244;0.0069144;0.00190899;2.68001599;0.027983375;1;0;0
17:21:18.799196;-0.035200244;0.00553152;0.001998362;2.680125387;0.029904984;1;0;0
17:21:18.809289;-0.035200244;0.004425216;0.002080555;2.680229428;0.026015665;1;0;0
17:21:18.820882;-0.035200244;0.003540173;0.002153721;2.680325751;0.02400488;1;0;0
17:21:18.830905;-0.035200244;0.002832138;0.00221261;2.680406734;0.022099534;1;0;0
17:21:18.840708;-0.035200244;0.002265711;0.00226359;2.680480271;0.022098674;1;0;0
17:21:18.852909;-0.035200244;0.001812569;0.002310269;2.680551531;0.018608756;1;0;0
17:21:18.862201;-0.035200244;0.001450055;0.002350468;2.680617288;0.018860018;1;0;0
17:21:18.872420;-0.035200244;0.001160044;0.002381777;2.680672767;0.017977726;1;0;0
17:21:18.884874;-0.035200244;0.000928035;0.002408449;2.680724675;0.015227894;1;0;0
17:21:18.894252;-0.035200244;0.000742428;0.002430425;2.680772806;0.014204514;1;0;0
17:21:18.903795;-0.035200244;0.000593942;0.002446512;2.680813578;0.009913714;1;0;0
17:21:18.914613;-0.035200244;0.000475154;0.002458673;2.680850615;0.009207793;1;0;0
17:21:18.924369;-0.034183173;0.02047991;0.00267409;2.681092024;0.010645843;1;0;0
17:21:18.934990;-0.034183173;0.016383928;0.002870017;2.681316542;0.012282044;1;0;0
17:21:18.945083;-0.034183173;0.013107142;0.003052094;2.681530611;0.018223742;1;0;0
17:21:18.955653;-0.036205996;-0.027814544;0.002780691;2.681289992;0.016422646;1;0;0
17:21:18.967139;-0.036205996;-0.022251635;0.002530988;2.681068538;0.015632987;1;0;0
17:21:18.977836;-0.036205996;-0.017801308;0.00229959;2.680863243;0.0118956;1;0;0
17:21:18.988058;-0.036205996;-0.014241047;0.00208669;2.680674282;0.006621689;1;0;0
17:21:18.998630;-0.036205996;-0.011392837;0.001899784;2.68050832;0.001486842;1;0;0
17:21:19.009660;-0.036205996;-0.00911427;0.001733856;2.680360918;-0.004592188;1;0;0
17:21:19.019259;-0.036205996;-0.007291416;0.001583243;2.680227057;-0.005374535;1;0;0
17:21:19.029090;-0.036205996;-0.005833133;0.001444312;2.680103513;-0.004821263;1;0;0
17:21:19.040811;-0.036205996;-0.004666506;0.00130941;2.679983481;0.003265762;1;0;0
17:21:19.050718;-0.036205996;-0.003733205;0.001185811;2.679873435;0.007557797;1;0;0
17:21:19.061624;-0.036205996;-0.002986564;0.001074237;2.679774024;0.012202843;1;0;0
17:21:19.072421;-0.036205996;-0.002389251;0.001;2.679688768;0.01161101;1;0;0
17:21:19.082788;-0.037211185;-0.020236235;0.001;2.679382524;0.010576795;1;0;0
17:21:19.093310;-0.037211185;-0.016188988;0.001;2.679115406;0.007043814;1;0;0
17:21:19.103321;-0.037211185;-0.01295119;0.001;2.678886267;0.002612111;1;0;0
17:21:19.113503;-0.037211185;-0.010360952;0.001;2.678679171;0.006714363;1;0;0
17:21:19.124075;-0.037211185;-0.008288762;0.001;2.678490941;0.007787066;1;0;0
17:21:19.134734;-0.037211185;-0.006631009;0.001;2.678311211;0.010920976;1;0;0
17:21:19.145436;-0.036205996;0.013776078;0.001042509;2.678364485;0.013831849;1;0;0
17:21:19.156198;-0.036205996;0.011020862;0.001080187;2.678413486;0.016337562;1;0;0
17:21:19.166921;-0.036205996;0.00881669;0.001113539;2.67845876;0.019834176;1;0;0
17:21:19.178008;-0.036486241;0.00183725;0.001081711;2.678438723;0.022247527;1;0;0
17:21:19.189544;-0.037492362;-0.016142511;0.001;2.67818852;0.022418845;1;0;0
17:21:19.199305;-0.037492362;-0.012914009;0.001;2.677977221;0.021582613;1;0;0
17:21:19.210096;-0.037492362;-0.010331207;0.001;2.67779309;0.01845485;1;0;0
17:21:19.220805;-0.037492362;-0.008264966;0.001;2.677621943;0.015384316;1;0;0
17:21:19.231710;-0.037492362;-0.006611972;0.001;2.677475426;0.013245804;1;0;0
17:21:19.241642;-0.037492362;-0.005289578;0.001;2.677338571;0.011500094;1;0;0
17:21:19.250952;-0.037492362;-0.004231662;0.001;2.677215771;0.011709306;1;0;0
17:21:19.263260;-0.037492362;-0.00338533;0.001;2.677101174;0.015905941;1;0;0
17:21:19.272525;-0.037492362;-0.002708264;0.001;2.676996802;0.021154622;1;0;0
17:21:19.283171;-0.037492362;-0.002166611;0.001;2.676908887;0.02303784;1;0;0
17:21:19.292683;-0.037492362;-0.001733289;0.001;2.676829173;0.025009986;1;0;0
17:21:19.303455;-0.037492362;-0.001386631;0.001;2.676756012;0.022416862;1;0;0
17:21:19.313733;-0.037492362;-0.001109305;0.001;2.676690502;0.017349394;1;0;0
17:21:19.322897;-0.037492362;-0.000887444;0.001;2.676630918;0.016060978;1;0;0
17:21:19.334650;-0.037492362;-0.000709955;0.001;2.676572738;0.02011369;1;0;0
17:21:19.344694;-0.037492362;-0.000567964;0.001;2.676520593;0.021739203;1;0;0
17:21:19.355362;-0.037492362;-0.000454371;0.001;2.676476935;0.025724616;1;0;0
17:21:19.367038;-0.037492362;-0.000363497;0.001;2.676431433;0.028213402;1;0;0
17:21:19.377255;-0.037492362;-0.000290798;0.001;2.676393438;0.027290175;1;0;0
17:21:19.388112;-0.037492362;-0.000232638;0.001;2.676361525;0.02621909;1;0;0
17:21:19.398647;-0.037492362;-0.00018611;0.001;2.676332348;0.023033939;1;0;0
17:21:19.408414;-0.037492362;-0.000148888;0.001;2.676304123;0.021932432;1;0;0
17:21:19.418969;-0.037492362;-0.000119111;0.001;2.676279683;0.02065441;1;0;0
17:21:19.430013;-0.037492362;-9.53E-05;0.001;2.6762559;0.019747678;1;0;0
17:21:19.440795;-0.037492362;-7.62E-05;0.001;2.676235112;0.017803095;1;0;0
17:21:19.451424;-0.037492362;-6.10E-05;0.001;2.676217721;0.0185421;1;0;0
17:21:19.462230;-0.037492362;-4.88E-05;0.001;2.67620139;0.018233525;1;0;0
17:21:19.471391;-0.038497918;-0.020012077;0.001;2.675982897;0.015495238;1;0;0
17:21:19.482061;-0.038497918;-0.016009661;0.001;2.675784198;0.013623198;1;0;0
17:21:19.492400;-0.038497918;-0.012807729;0.001;2.675604302;0.012057622;1;0;0
17:21:19.502473;-0.038497918;-0.010246183;0.001;2.675440968;0.010307656;1;0;0
17:21:19.512762;-0.038497918;-0.008196947;0.001;2.67528933;0.009240783;1;0;0
17:21:19.523660;-0.037480847;0.012195625;0.001067246;2.675367796;0.009845335;1;0;0
17:21:19.533661;-0.037480847;0.0097565;0.001126109;2.675438462;0.01305348;1;0;0
17:21:19.544236;-0.037480847;0.0078052;0.001176989;2.675501507;0.01779004;1;0;0
17:21:19.555979;-0.036463967;0.024913406;0.001444298;2.675783121;0.026984761;1;0;0
17:21:19.566063;-0.036463967;0.019930725;0.001670227;2.676025064;0.032723423;1;0;0
17:21:19.577578;-0.036463967;0.01594458;0.001892533;2.676267558;0.040346641;1;0;0
17:21:19.587380;-0.037468955;-0.006033494;0.001864153;2.676259271;0.036808498;1;0;0
17:21:19.599146;-0.037752561;-0.009973006;0.001773251;2.676188408;0.033929706;1;0;0
17:21:19.609281;-0.036735875;0.01081792;0.001910862;2.676345961;0.030632772;1;0;0
17:21:19.620893;-0.037741222;-0.009915149;0.001815084;2.676270347;0.02508508;1;0;0
17:21:19.630503;-0.036627683;0.013854604;0.001959782;2.676434353;0.022441013;1;0;0
17:21:19.641267;-0.037632458;-0.0087431;0.001883523;2.676377567;0.01517045;1;0;0
17:21:19.651264;-0.036615139;0.013211225;0.002018533;2.676532235;0.018175017;1;0;0
17:21:19.660935;-0.036615139;0.01056898;0.002139005;2.676673652;0.017051335;1;0;0
17:21:19.676536;-0.03761934;-0.004945227;0.001999005;2.676564643;0.018040024;1;0;0
17:21:19.686310;-0.035585302;0.03644388;0.002324343;2.676911776;0.021514267;1;0;0
17:21:19.697169;-0.035585302;0.029155104;0.00263665;2.677250854;0.023596359;1;0;0
17:21:19.708119;-0.034568589;0.042048244;0.003137783;2.677783393;0.029222578;1;0;0
17:21:19.718647;-0.034568589;0.033638595;0.003580823;2.678262575;0.028864125;1;0;0
17:21:19.730409;-0.035572214;0.008379447;0.003761499;2.678483036;0.036587149;1;0;0
17:21:19.739202;-0.035572214;0.006703557;0.00390947;2.678669659;0.035019394;1;0;0
17:21:19.749096;-0.035572214;0.005362846;0.004039798;2.678840036;0.034889925;1;0;0
17:21:19.759224;-0.036575262;-0.015510646;0.003950562;2.678791272;0.031830162;1;0;0
17:21:19.770861;-0.035558754;0.005281871;0.004087733;2.678974652;0.023785664;1;0;0
17:21:19.781394;-0.036561223;-0.015676372;0.003988852;2.678916449;0.014085934;1;0;0
17:21:19.791634;-0.036561223;-0.012541098;0.003894961;2.678862397;0.003946513;1;0;0
17:21:19.801971;-0.035558754;0.008367734;0.004017788;2.679028349;-0.003127112;1;0;0
17:21:19.813134;-0.035558754;0.006694187;0.004119658;2.679172755;-0.0035553;1;0;0
17:21:19.823253;-0.035558754;0.00535535;0.004205451;2.679301054;0.001228658;1;0;0
17:21:19.832699;-0.035558754;0.00428428;0.004279145;2.679418229;0.002612251;1;0;0
17:21:19.842702;-0.036287026;-0.011036759;0.004193162;2.679374902;0.005366902;1;0;0
17:21:19.853443;-0.036287026;-0.008829407;0.004110806;2.67933449;0.003673807;1;0;0
17:21:19.863649;-0.036287026;-0.007063526;0.004032058;2.679296884;0.001804527;1;0;0
17:21:19.874200;-0.036287026;-0.005650821;0.003952711;2.679260053;-0.000255802;1;0;0
17:21:19.883640;-0.036287026;-0.004520657;0.003880626;2.679227545;-0.001854179;1;0;0
17:21:19.895375;-0.035284901;0.015153667;0.004021954;2.679411082;0.004599424;1;0;0
17:21:19.905833;-0.035284901;0.012122934;0.004143794;2.679576104;0.008286957;1;0;0
17:21:19.915874;-0.035284901;0.009698347;0.004252959;2.67973136;0.014528302;1;0;0
17:21:19.926004;-0.033265691;0.047611301;0.00475061;2.680274675;0.02476602;1;0;0
17:21:19.937165;-0.033265691;0.038089041;0.005194326;2.68076851;0.03202248;1;0;0
17:21:19.947721;-0.033265691;0.030471233;0.005627616;2.681261599;0.037401814;1;0;0
17:21:19.958050;-0.033265691;0.024376986;0.006007246;2.681704982;0.037341889;1;0;0
17:21:19.969075;-0.031246116;0.059307675;0.006730547;2.682492975;0.041486289;1;0;0
17:21:19.978935;-0.031246116;0.04744614;0.0073913;2.683226844;0.043940157;1;0;0
17:21:19.991068;-0.031246116;0.037956912;0.008001096;2.683919183;0.044062175;1;0;0
17:21:19.999501;-0.030242269;0.050306448;0.008714315;2.684716614;0.043961324;1;0;0
17:21:20.011412;-0.030242269;0.040245159;0.009443833;2.685551612;0.04341767;1;0;0
17:21:20.022039;-0.030242269;0.032196127;0.01004535;2.686259177;0.046191547;1;0;0
17:21:20.032640;-0.030242269;0.025756901;0.010557233;2.686879164;0.039617378;1;0;0
17:21:20.043049;-0.031246116;0.000674572;0.010787509;2.687216974;0.033324599;1;0;0
17:21:20.053449;-0.031246116;0.000539657;0.01100409;2.687554555;0.021316068;1;0;0
17:21:20.064452;-0.030230026;0.019600109;0.011394465;2.688063709;0.010064004;1;0;0
17:21:20.074642;-0.030230026;0.015680087;0.011731204;2.688521976;0.002543688;1;0;0
17:21:20.085034;-0.029108709;0.034202861;0.012252501;2.689167498;-0.001752674;1;0;0
17:21:20.095029;-0.029108709;0.027362289;0.012699015;2.689739656;-0.00164032;1;0;0
17:21:20.105344;-0.029108709;0.021889831;0.013095738;2.690267877;0.000312301;1;0;0
17:21:20.115405;-0.028104862;0.037179914;0.013648831;2.690957531;0.007625282;1;0;0
17:21:20.126682;-0.028104862;0.029743931;0.014129368;2.691577963;0.014799562;1;0;0
17:21:20.135784;-0.028104862;0.023795145;0.014554965;2.692149503;0.019393908;1;0;0
17:21:20.146866;-0.028104862;0.019036116;0.014957033;2.692715521;0.016055359;1;0;0
17:21:20.158014;-0.028104862;0.015228893;0.015292776;2.693215582;0.014140559;1;0;0
17:21:20.168702;-0.027100444;0.031423153;0.015778572;2.693863643;0.01214179;1;0;0
17:21:20.178575;-0.026817406;0.030691791;0.016249409;2.694497773;0.010598493;1;0;0
17:21:20.189447;-0.026817406;0.024553433;0.016662366;2.695079993;0.010534509;1;0;0
17:21:20.200325;-0.026817406;0.019642746;0.017040911;2.695643699;0.010446637;1;0;0
17:21:20.209955;-0.025800721;0.03510188;0.017562808;2.696347121;0.012973838;1;0;0
17:21:20.221285;-0.024796662;0.046908073;0.01823813;2.697213458;0.01598723;1;0;0
17:21:20.231371;-0.024796662;0.037526459;0.018823943;2.697996186;0.014658695;1;0;0
17:21:20.242376;-0.024796662;0.030021167;0.019306735;2.698671109;0.011431411;1;0;0
17:21:20.251783;-0.024796662;0.024016934;0.019736468;2.699303457;0.004853443;1;0;0
17:21:20.263203;-0.024796662;0.019213547;0.020125531;2.699912775;0.003145392;1;0;0
17:21:20.273868;-0.024796662;0.015370837;0.020447758;2.700457033;-0.000766735;1;0;0
17:21:20.284777;-0.024796662;0.01229667;0.020698097;2.700918399;-0.005067819;1;0;0
17:21:20.294053;-0.024796662;0.009837336;0.02089983;2.701329744;-0.009060653;1;0;0
17:21:20.304774;-0.024796662;0.007869869;0.021066103;2.70171407;-0.01216661;1;0;0
17:21:20.315099;-0.024796662;0.006295895;0.021195217;2.702065459;-0.016545411;1;0;0
17:21:20.325207;-0.024796662;0.005036716;0.021285628;2.702370682;-0.017683608;1;0;0
17:21:20.335317;-0.022763943;0.044297286;0.02176225;2.703064668;-0.013507932;1;0;0
17:21:20.346081;-0.022763943;0.035437829;0.022172325;2.703696753;-0.009468243;1;0;0
17:21:20.355954;-0.022763943;0.028350263;0.022535622;2.704296085;-0.005074296;1;0;0
17:21:20.367373;-0.022763943;0.02268021;0.022848826;2.704858038;-0.004092759;1;0;0
17:21:20.377464;-0.022763943;0.018144168;0.023089367;2.705335245;0.000434155;1;0;0
17:21:20.388550;-0.022763943;0.014515335;0.023289487;2.705784019;0.001527071;1;0;0
17:21:20.398652;-0.022763943;0.011612268;0.023437798;2.706172622;-0.000360652;1;0;0
17:21:20.409513;-0.022763943;0.009289814;0.023550285;2.706534453;-0.002345088;1;0;0
17:21:20.419256;-0.021759319;0.026545123;0.02383909;2.707072395;-0.003177432;1;0;0
17:21:20.430237;-0.021759319;0.021236098;0.024067602;2.707545639;-0.004186641;1;0;0
17:21:20.439643;-0.021759319;0.016988879;0.024247632;2.707969696;-0.006524557;1;0;0
17:21:20.449858;-0.021759319;0.013591103;0.02438793;2.708359281;-0.005391148;1;0;0
17:21:20.460902;-0.021759319;0.010872882;0.024490159;2.708714196;-0.002289739;1;0;0
17:21:20.470779;-0.021759319;0.008698306;0.024555364;2.709026495;-0.001362303;1;0;0
17:21:20.480522;-0.021759319;0.006958645;0.024590188;2.709314301;-0.00591136;1;0;0
17:21:20.491240;-0.02075413;0.02549735;0.024802318;2.709775582;-0.006915777;1;0;0
17:21:20.500863;-0.0197381;0.040506046;0.025178567;2.710404428;-0.009561719;1;0;0
17:21:20.511174;-0.0197381;0.032404837;0.025502034;2.710991509;-0.008638455;1;0;0
17:21:20.521837;-0.0197381;0.025923869;0.0257603;2.711509237;-0.00567241;1;0;0
17:21:20.532096;-0.0197381;0.020739096;0.025978713;2.712005052;0.002834457;1;0;0
17:21:20.542870;-0.02177038;-0.022118848;0.025709114;2.712006815;0.006103673;1;0;0
17:21:20.553718;-0.020764628;0.001502512;0.02565286;2.712219665;0.004911388;1;0;0
17:21:20.562988;-0.019758315;0.021181515;0.025784194;2.712610107;0.003023946;1;0;0
17:21:20.573110;-0.019758315;0.016945212;0.025877154;2.712963226;-0.002831226;1;0;0
17:21:20.583667;-0.019758315;0.01355617;0.025935471;2.713283426;-0.008533946;1;0;0
17:21:20.594330;-0.019758315;0.010844936;0.025961957;2.71357123;-0.015253701;1;0;0
17:21:20.603614;-0.019758315;0.008675949;0.025959493;2.713836232;-0.011744273;1;0;0
17:21:20.614356;-0.019758315;0.006940759;0.025930721;2.714070213;-0.006228869;1;0;0
17:21:20.625903;-0.019758315;0.005552607;0.025873913;2.714293917;-0.001809779;1;0;0
17:21:20.636120;-0.019758315;0.004442086;0.025799124;2.714479981;-0.00231636;1;0;0
17:21:20.645428;-0.019758315;0.003553669;0.025705118;2.714646693;-0.002850658;1;0;0
17:21:20.655202;-0.019758315;0.002842935;0.025594065;2.714795147;-0.009203162;1;0;0
17:21:20.666024;-0.019758315;0.002274348;0.025463683;2.714930715;-0.013991933;1;0;0
17:21:20.675817;-0.019758315;0.001819478;0.025316869;2.715051692;-0.014335196;1;0;0
17:21:20.686663;-0.019758315;0.001455583;0.025150565;2.715161477;-0.011777434;1;0;0
17:21:20.697942;-0.018742064;0.020058122;0.025196928;2.715478681;-0.004310154;1;0;0
17:21:20.707812;-0.017735191;0.036041603;0.02541675;2.715953414;0.004834044;1;0;0
17:21:20.718602;-0.017458312;0.03422133;0.025651254;2.716450388;0.013102445;1;0;0
17:21:20.729251;-0.017458312;0.027377064;0.025844453;2.716921802;0.014526135;1;0;0
17:21:20.739228;-0.017458312;0.021901651;0.025980621;2.717320489;0.015467044;1;0;0
17:21:20.749657;-0.016451818;0.037164501;0.026288618;2.717896359;0.019777054;1;0;0
17:21:20.759585;-0.016451818;0.029731601;0.026536826;2.718412039;0.02401562;1;0;0
17:21:20.770017;-0.016451818;0.02378528;0.026744924;2.718906477;0.024446035;1;0;0
17:21:20.780764;-0.016451818;0.019028224;0.026893772;2.719327063;0.021856697;1;0;0
17:21:20.790789;-0.016451818;0.015222579;0.027006687;2.71973101;0.016857801;1;0;0
17:21:20.802498;-0.016451818;0.012178064;0.027077634;2.720097778;0.01331308;1;0;0
17:21:20.812906;-0.016451818;0.009742451;0.027108671;2.720412985;0.008203886;1;0;0
17:21:20.823060;-0.016451818;0.007793961;0.027106512;2.72070465;0.004676932;1;0;0
17:21:20.834803;-0.016451818;0.006235169;0.027073291;2.720963695;-0.000540278;1;0;0
17:21:20.844872;-0.016451818;0.004988135;0.027015411;2.721185074;-0.003813375;1;0;0
17:21:20.855555;-0.016451818;0.003990508;0.0269305;2.721391117;-0.008327239;1;0;0
17:21:20.865847;-0.016451818;0.003192406;0.026830405;2.721563149;-0.0107079;1;0;0
17:21:20.876055;-0.016451818;0.002553925;0.026703642;2.721726511;-0.012947543;1;0;0
17:21:20.886941;-0.016451818;0.00204314;0.026568153;2.721862019;-0.013496102;1;0;0
17:21:20.896234;-0.016451818;0.001634512;0.026419688;2.721980882;-0.013718169;1;0;0
17:21:20.906730;-0.016451818;0.00130761;0.026253879;2.722088463;-0.010439116;1;0;0
17:21:20.917436;-0.016451818;0.001046088;0.02606813;2.722186358;-0.005547476;1;0;0
17:21:20.927814;-0.016451818;0.00083687;0.025882119;2.722266543;-0.005822578;1;0;0
17:21:20.937897;-0.016451818;0.000669496;0.025689941;2.722334936;-0.00329982;1;0;0
17:21:20.948561;-0.016451818;0.000535597;0.025490424;2.722393596;-0.001326433;1;0;0
17:21:20.959098;-0.016451818;0.000428478;0.025271679;2.722446224;-0.000742178;1;0;0
17:21:20.969094;-0.016451818;0.000342782;0.025049525;2.722489414;-0.001916598;1;0;0
17:21:20.980329;-0.016451818;0.000274226;0.024819831;2.722525053;-0.001374117;1;0;0
17:21:20.990226;-0.016451818;0.00021938;0.024598055;2.722552125;-0.001910126;1;0;0
17:21:21.000998;-0.016451818;0.000175504;0.024358927;2.722574433;-0.002367339;1;0;0
17:21:21.011834;-0.016451818;0.000140404;0.024123903;2.722590363;-0.002190248;1;0;0
17:21:21.021056;-0.016451818;0.000112323;0.023889665;2.722601107;-0.002087781;1;0;0
17:21:21.032803;-0.017735191;-0.021981094;0.023317273;2.72230318;-0.004904519;1;0;0
17:21:21.043182;-0.017735191;-0.017584875;0.022847129;2.722065512;-0.008834786;1;0;0
17:21:21.053966;-0.016719161;0.005333958;0.022598671;2.722055043;-0.009223348;1;0;0
17:21:21.064470;-0.017726035;-0.014418062;0.022121892;2.721819223;-0.008477741;1;0;0
17:21:21.075055;-0.017726035;-0.011534449;0.021697099;2.721615171;-0.007811047;1;0;0
17:21:21.084678;-0.017726035;-0.009227559;0.021274004;2.721417827;-0.009724978;1;0;0
17:21:21.095100;-0.017726035;-0.007382048;0.020884918;2.72124171;-0.007228445;1;0;0
17:21:21.105333;-0.017726035;-0.005905638;0.020495619;2.721070792;-0.005235951;1;0;0
17:21:21.116131;-0.018732348;-0.024661868;0.019930849;2.720710039;-0.004015335;1;0;0
17:21:21.126333;-0.018732348;-0.019729494;0.01935404;2.720349223;-0.003434811;1;0;0
17:21:21.138001;-0.018732348;-0.015783595;0.018820546;2.720022986;-0.003928253;1;0;0
17:21:21.148318;-0.018732348;-0.012626876;0.018321799;2.719725075;-0.004114692;1;0;0
17:21:21.158229;-0.018732348;-0.010101501;0.017884163;2.719469754;-0.003162631;1;0;0
17:21:21.168883;-0.018732348;-0.008081201;0.017461202;2.719228802;-0.001588435;1;0;0
17:21:21.178812;-0.018732348;-0.006464961;0.017055823;2.719003591;0.001637148;1;0;0
17:21:21.189555;-0.018732348;-0.005171968;0.016661052;2.718790008;0.006768332;1;0;0
17:21:21.200533;-0.018732348;-0.004137575;0.016307993;2.718604074;0.012627869;1;0;0
17:21:21.211278;-0.0197381;-0.02195388;0.015730337;2.718199213;0.014413211;1;0;0
17:21:21.222098;-0.0197381;-0.017563104;0.015190715;2.71782724;0.013442761;1;0;0
17:21:21.232307;-0.0197381;-0.014050483;0.014723554;2.717510628;0.010534243;1;0;0
17:21:21.242361;-0.0197381;-0.011240386;0.014276508;2.71721286;0.008709933;1;0;0
17:21:21.253164;-0.0197381;-0.008992309;0.013812887;2.716909998;0.007018172;1;0;0
17:21:21.264133;-0.0197381;-0.007193847;0.013431552;2.716665885;0.008581419;1;0;0
17:21:21.274024;-0.0197381;-0.005755078;0.013071589;2.716439988;0.010195401;1;0;0
17:21:21.284643;-0.0197381;-0.004604062;0.012718816;2.716223251;0.01459676;1;0;0
17:21:21.294676;-0.020018345;-0.008931087;0.012322333;2.715960468;0.018636853;1;0;0
17:21:21.304943;-0.020018345;-0.007144869;0.011970549;2.715731663;0.019908257;1;0;0
17:21:21.315024;-0.021024466;-0.025198413;0.011422085;2.715303967;0.020085033;1;0;0
17:21:21.326561;-0.021024466;-0.02015873;0.010917137;2.714913873;0.016634975;1;0;0
17:21:21.336117;-0.021024466;-0.016126984;0.010430512;2.714541738;0.012456503;1;0;0
17:21:21.346395;-0.021024466;-0.012901587;0.010001017;2.714216821;0.010049201;1;0;0
17:21:21.357300;-0.021024466;-0.01032127;0.009608159;2.713922912;0.008672039;1;0;0
17:21:21.367368;-0.022040496;-0.027783267;0.009016905;2.713428528;0.00844212;1;0;0
17:21:21.376903;-0.022040496;-0.022226614;0.008489306;2.712989325;0.011886128;1;0;0
17:21:21.387077;-0.022040496;-0.017781291;0.008005027;2.712588067;0.014525155;1;0;0
17:21:21.397303;-0.022040496;-0.014225033;0.007553049;2.712215453;0.01659859;1;0;0
17:21:21.408017;-0.022040496;-0.011380026;0.007140779;2.711877406;0.015595416;1;0;0
17:21:21.418096;-0.022040496;-0.009104021;0.006761088;2.711567857;0.015418359;1;0;0
17:21:21.428307;-0.023056746;-0.025832494;0.006156156;2.711033641;0.015937651;1;0;0
17:21:21.439758;-0.023056746;-0.020665995;0.005623478;2.710563344;0.01540686;1;0;0
17:21:21.450641;-0.023056746;-0.016532796;0.005121194;2.710119993;0.016681409;1;0;0
17:21:21.460002;-0.023056746;-0.013226237;0.004698338;2.709746849;0.018882407;1;0;0
17:21:21.470234;-0.024073215;-0.030707663;0.004103169;2.709196085;0.019860024;1;0;0
17:21:21.481513;-0.024073215;-0.02456613;0.003543474;2.708676242;0.016696801;1;0;0
17:21:21.491343;-0.024073215;-0.019652904;0.003023839;2.708191616;0.016931649;1;0;0
17:21:21.502590;-0.024073215;-0.015722323;0.002562327;2.707759263;0.01771901;1;0;0
17:21:21.513342;-0.024073215;-0.012577859;0.002131652;2.707353811;0.019816099;1;0;0
17:21:21.523402;-0.024073215;-0.010062287;0.001738731;2.706981872;0.020025147;1;0;0
17:21:21.534755;-0.025089901;-0.02702783;0.001167444;2.706426102;0.022022434;1;0;0
17:21:21.544593;-0.025089901;-0.021622264;0.001;2.705950553;0.020961588;1;0;0
17:21:21.555239;-0.025089901;-0.017297811;0.001;2.705517847;0.019600406;1;0;0
17:21:21.564710;-0.025089901;-0.013838249;0.001;2.705125148;0.022450551;1;0;0
17:21:21.575764;-0.026106801;-0.029620143;0.001;2.704514146;0.02159404;1;0;0
17:21:21.586471;-0.026106801;-0.023696114;0.001;2.70398216;0.020570606;1;0;0
17:21:21.596005;-0.026106801;-0.018956891;0.001;2.703526057;0.020471858;1;0;0
17:21:21.606142;-0.027123914;-0.035244527;0.001;2.7029021;0.018985724;1;0;0
17:21:21.617300;-0.027123914;-0.028195621;0.001;2.702324546;0.016097449;1;0;0
17:21:21.627643;-0.027123914;-0.022556497;0.001;2.701779139;0.015323527;1;0;0
17:21:21.639530;-0.028243608;-0.038001681;0.001;2.70102041;0.015534081;1;0;0
17:21:21.649326;-0.029249163;-0.050258478;0.001;2.700197159;0.011073968;1;0;0
17:21:21.660043;-0.029249163;-0.040206783;0.001;2.699411964;0.008671127;1;0;0
17:21:21.671016;-0.029249163;-0.032165426;0.001;2.698708668;0.0079677;1;0;0
17:21:21.680756;-0.030265671;-0.045813106;0.001;2.697896892;0.007049615;1;0;0
17:21:21.691658;-0.030265671;-0.036650485;0.001;2.697125643;0.005973929;1;0;0
17:21:21.702114;-0.030265671;-0.029320388;0.001;2.696468189;0.006096322;1;0;0
17:21:21.711540;-0.030265671;-0.02345631;0.001;2.695860067;0.011993217;1;0;0
17:21:21.722422;-0.030265671;-0.018765048;0.001;2.695304271;0.017791746;1;0;0
17:21:21.732965;-0.030265671;-0.015012038;0.001;2.694813086;0.021852033;1;0;0
17:21:21.743415;-0.031282385;-0.03063549;0.001;2.694114942;0.026536368;1;0;0
17:21:21.753862;-0.031282385;-0.024508392;0.001;2.693489579;0.033176459;1;0;0
17:21:21.764439;-0.031282385;-0.019606714;0.001;2.692967314;0.03419527;1;0;0
17:21:21.774510;-0.032299303;-0.035505945;0.001;2.692275194;0.034611583;1;0;0
17:21:21.785536;-0.032299303;-0.028404756;0.001;2.691630456;0.032794349;1;0;0
17:21:21.794750;-0.032299303;-0.022723805;0.001;2.691075042;0.030678753;1;0;0
17:21:21.805359;-0.032299303;-0.018179044;0.001;2.690572884;0.033103194;1;0;0
17:21:21.815979;-0.032299303;-0.014543235;0.001;2.690103952;0.033417288;1;0;0
17:21:21.826103;-0.033316422;-0.030676207;0.001;2.689451155;0.033349592;1;0;0
17:21:21.836718;-0.033316422;-0.024540966;0.001;2.688893227;0.033806775;1;0;0
17:21:21.846531;-0.034333741;-0.039151125;0.001;2.688158782;0.032808114;1;0;0
17:21:21.857251;-0.034333741;-0.0313209;0.001;2.687515804;0.030715201;1;0;0
17:21:21.867411;-0.034333741;-0.02505672;0.001;2.686895136;0.026331559;1;0;0
17:21:21.878943;-0.034333741;-0.020045376;0.001;2.686338844;0.02541999;1;0;0
17:21:21.888549;-0.034333741;-0.016036301;0.001;2.68586965;0.024106199;1;0;0
17:21:21.899080;-0.035351258;-0.032769432;0.001;2.685228613;0.02413881;1;0;0
17:21:21.910118;-0.035351258;-0.026215546;0.001;2.684616284;0.028770516;1;0;0
17:21:21.920386;-0.035351258;-0.020972437;0.001;2.684098848;0.032659478;1;0;0
17:21:21.930942;-0.035351258;-0.016777949;0.001;2.683602521;0.038040008;1;0;0
17:21:21.941184;-0.035351258;-0.01342236;0.001;2.683177347;0.039802566;1;0;0
17:21:21.951972;-0.036368971;-0.029450126;0.001;2.682545744;0.039360266;1;0;0
17:21:21.962166;-0.036368971;-0.023560101;0.001;2.681978243;0.034692928;1;0;0
17:21:21.972209;-0.036368971;-0.018848081;0.001;2.681504273;0.032156162;1;0;0
17:21:21.982786;-0.037373958;-0.034038989;0.001;2.680838229;0.031150233;1;0;0
17:21:21.993341;-0.038391864;-0.047413514;0.001;2.680058027;0.030704517;1;0;0
17:21:22.003966;-0.038391864;-0.037930811;0.001;2.679336257;0.028031511;1;0;0
17:21:22.014617;-0.038391864;-0.030344649;0.001;2.678662685;0.024358789;1;0;0
17:21:22.024668;-0.038391864;-0.024275719;0.001;2.678087376;0.023053113;1;0;0
17:21:22.034734;-0.039502905;-0.040117475;0.001;2.677293951;0.019997686;1;0;0
17:21:22.045615;-0.039502905;-0.03209398;0.001;2.676622301;0.01960955;1;0;0
17:21:22.054949;-0.039502905;-0.025675184;0.001;2.676007736;0.020883679;1;0;0
17:21:22.065661;-0.039502905;-0.020540147;0.001;2.675455157;0.024281144;1;0;0
17:21:22.076649;-0.039502905;-0.016432118;0.001;2.674920283;0.030274723;1;0;0
17:21:22.086588;-0.039502905;-0.013145694;0.001;2.674468083;0.033367634;1;0;0
17:21:22.096949;-0.040520165;-0.030607758;0.001;2.673851518;0.03509606;1;0;0
17:21:22.107230;-0.040520165;-0.024486206;0.001;2.673259814;0.03523571;1;0;0
17:21:22.118209;-0.041524583;-0.038597655;0.001;2.672522487;0.035335016;1;0;0
17:21:22.128420;-0.041524583;-0.030878124;0.001;2.671884295;0.037475787;1;0;0
17:21:22.138955;-0.041524583;-0.024702499;0.001;2.671272174;0.036507316;1;0;0
17:21:22.149767;-0.041524583;-0.019761999;0.001;2.670731516;0.03434867;1;0;0
17:21:22.159747;-0.041524583;-0.0158096;0.001;2.670233975;0.034259263;1;0;0
17:21:22.170192;-0.041524583;-0.01264768;0.001;2.669813418;0.035346575;1;0;0
17:21:22.181622;-0.041524583;-0.010118144;0.001;2.66938209;0.039336722;1;0;0
17:21:22.191461;-0.041524583;-0.008094515;0.001;2.669041003;0.04236871;1;0;0
17:21:22.203520;-0.041524583;-0.006475612;0.001;2.668685997;0.046000428;1;0;0
17:21:22.214273;-0.041524583;-0.00518049;0.001;2.668394333;0.049784504;1;0;0
17:21:22.224388;-0.041524583;-0.004144392;0.001;2.668144907;0.048897073;1;0;0
17:21:22.234421;-0.041524583;-0.003315513;0.001;2.667907793;0.047673408;1;0;0
17:21:22.244611;-0.041524583;-0.002652411;0.001;2.667700785;0.048397817;1;0;0
17:21:22.255538;-0.041524583;-0.002121929;0.001;2.66751644;0.049351111;1;0;0
17:21:22.266333;-0.041524583;-0.001697543;0.001;2.667337426;0.051974133;1;0;0
17:21:22.277579;-0.040507324;0.016582373;0.001051209;2.667400272;0.056434732;1;0;0
17:21:22.287694;-0.040507324;0.013265899;0.001093991;2.66745469;0.059472032;1;0;0
17:21:22.299401;-0.040507324;0.010612719;0.001131329;2.667504112;0.061420962;1;0;0
17:21:22.310461;-0.040507324;0.008490175;0.001162185;2.667546805;0.058780216;1;0;0
17:21:22.319109;-0.040507324;0.00679214;0.001188457;2.667584976;0.056938007;1;0;0
17:21:22.332936;-0.040507324;0.005433712;0.001216423;2.667628263;0.056467243;1;0;0
17:21:22.342409;-0.040507324;0.00434697;0.001235444;2.667660033;0.053223852;1;0;0
17:21:22.353416;-0.039490253;0.022943304;0.00146403;2.667902745;0.04894929;1;0;0
17:21:22.364077;-0.0404941;-7.44E-05;0.001459061;2.667913699;0.044547372;1;0;0
17:21:22.374677;-0.0404941;-5.95E-05;0.001453156;2.667923148;0.041836414;1;0;0
17:21:22.384350;-0.0404941;-4.76E-05;0.0014466;2.667931221;0.035846129;1;0;0
17:21:22.395458;-0.0404941;-3.81E-05;0.001438657;2.667938944;0.035837814;1;0;0
17:21:22.406480;-0.0404941;-3.05E-05;0.001430127;2.667945592;0.035976492;1;0;0
17:21:22.416859;-0.0404941;-2.44E-05;0.001421123;2.667951325;0.033478171;1;0;0
17:21:22.426755;-0.0404941;-1.95E-05;0.001411782;2.667956249;0.030152183;1;0;0
17:21:22.437690;-0.0404941;-1.56E-05;0.00140046;2.667961164;0.024316981;1;0;0
17:21:22.447731;-0.0404941;-1.25E-05;0.001390066;2.667964888;0.023635188;1;0;0
17:21:22.459403;-0.0404941;-9.98E-06;0.001379082;2.667968171;0.019775303;1;0;0
17:21:22.469679;-0.0404941;-7.98E-06;0.001367265;2.667971093;0.021232281;1;0;0
17:21:22.479580;-0.0404941;-6.39E-06;0.001355874;2.667973414;0.023613058;1;0;0
17:21:22.490538;-0.0404941;-5.11E-06;0.001344229;2.667975365;0.023533612;1;0;0
17:21:22.499406;-0.0404941;-4.09E-06;0.001332366;2.667976976;0.022539547;1;0;0
17:21:22.508972;-0.040507324;-0.000264467;0.001317564;2.66797559;0.022949947;1;0;0
17:21:22.519703;-0.040507324;-0.000211573;0.001302099;2.667974071;0.022650743;1;0;0
17:21:22.529841;-0.040507324;-0.000169259;0.001287567;2.667972583;0.019772442;1;0;0
17:21:22.539871;-0.040507324;-0.000135407;0.001273142;2.667971053;0.019764042;1;0;0
17:21:22.551175;-0.040507324;-0.000108326;0.001257671;2.667969356;0.019192751;1;0;0
17:21:22.561882;-0.040507324;-8.67E-05;0.001242629;2.667967656;0.017897604;1;0;0
17:21:22.573006;-0.040507324;-6.93E-05;0.001227632;2.667965916;0.01563091;1;0;0
17:21:22.582730;-0.040507324;-5.55E-05;0.001213632;2.667964252;0.015532382;1;0;0
17:21:22.593130;-0.040507324;-4.44E-05;0.00119859;2.667962427;0.015101903;1;0;0
17:21:22.603438;-0.040507324;-3.55E-05;0.001184896;2.667960734;0.014874828;1;0;0
17:21:22.614141;-0.040507324;-2.84E-05;0.001171141;2.667959004;0.014199926;1;0;0
17:21:22.624321;-0.040507324;-2.27E-05;0.00115767;2.667957285;0.014218455;1;0;0
17:21:22.634882;-0.040507324;-1.82E-05;0.001143474;2.667955447;0.013956876;1;0;0
17:21:22.645844;-0.040507324;-1.45E-05;0.001129384;2.667953598;0.013381317;1;0;0
17:21:22.655281;-0.040507324;-1.16E-05;0.001116066;2.66795183;0.013111143;1;0;0
17:21:22.665983;-0.039490253;0.019392027;0.001315916;2.668164449;0.015601568;1;0;0
17:21:22.676636;-0.039490253;0.015513622;0.001489114;2.668351848;0.018318426;1;0;0
17:21:22.686598;-0.039490253;0.012410897;0.001653445;2.668533031;0.023661625;1;0;0
17:21:22.697249;-0.039490253;0.009928718;0.001792222;2.668689271;0.023394508;1;0;0
17:21:22.707683;-0.039490253;0.007942974;0.001921409;2.668838105;0.025374608;1;0;0
17:21:22.718277;-0.038378376;0.02804245;0.002261099;2.669199267;0.030347398;1;0;0
17:21:22.727660;-0.038378376;0.02243396;0.00256242;2.669524999;0.030839704;1;0;0
17:21:22.738494;-0.038378376;0.017947168;0.002832189;2.66982196;0.03028992;1;0;0
17:21:22.749239;-0.037360664;0.033239278;0.003309512;2.670332434;0.03083905;1;0;0
17:21:22.760662;-0.037360664;0.026591422;0.003734136;2.670794899;0.035232946;1;0;0
17:21:22.771152;-0.037360664;0.021273138;0.004119698;2.671223466;0.035482634;1;0;0
17:21:22.780824;-0.037360664;0.01701851;0.004436028;2.671582894;0.036416959;1;0;0
17:21:22.790350;-0.037360664;0.013614808;0.004719326;2.67191242;0.032642826;1;0;0
17:21:22.801088;-0.037360664;0.010891847;0.004972043;2.672214151;0.029255258;1;0;0
17:21:22.811370;-0.037360664;0.008713477;0.005212522;2.672510116;0.025390295;1;0;0
17:21:22.823041;-0.037360664;0.006970782;0.005424153;2.672780028;0.019006386;1;0;0
17:21:22.833772;-0.037360664;0.005576625;0.00560463;2.673019652;0.01291235;1;0;0
17:21:22.844493;-0.037360664;0.0044613;0.0057628;2.673239484;0.009521037;1;0;0
17:21:22.855396;-0.038364511;-0.01481048;0.005680263;2.673219444;0.004165513;1;0;0
17:21:22.865708;-0.038364511;-0.011848384;0.005600948;2.673200675;0.002418998;1;0;0
17:21:22.876441;-0.038364511;-0.009478707;0.005528067;2.673183833;0.000747482;1;0;0
17:21:22.887156;-0.037346995;0.011189755;0.005671935;2.673388427;-0.000596027;1;0;0
17:21:22.897354;-0.036343147;0.02885257;0.005990599;2.673765951;0.001464255;1;0;0
17:21:22.907454;-0.036343147;0.023082056;0.006294442;2.67413664;0.004035369;1;0;0
17:21:22.918845;-0.036343147;0.018465645;0.006558727;2.674470286;0.00832771;1;0;0
17:21:22.929347;-0.036343147;0.014772516;0.006779504;2.674759715;0.014146054;1;0;0
17:21:22.939338;-0.036343147;0.011818013;0.006970529;2.675020762;0.022044187;1;0;0
17:21:22.949988;-0.035325828;0.028626152;0.007359649;2.675485965;0.026942756;1;0;0
17:21:22.961700;-0.035325828;0.022900922;0.007687105;2.675889422;0.030865183;1;0;0
17:21:22.971652;-0.035325828;0.018320737;0.008017531;2.676311294;0.026757235;1;0;0
17:21:22.982606;-0.035325828;0.01465659;0.008283936;2.67666603;0.021502122;1;0;0
17:21:22.992605;-0.035325828;0.011725272;0.008499366;2.676966016;0.017371846;1;0;0
17:21:23.002561;-0.035325828;0.009380217;0.008695276;2.677252981;0.015254135;1;0;0
17:21:23.012938;-0.035325828;0.007504174;0.008856061;2.677502722;0.015450473;1;0;0
17:21:23.023106;-0.035325828;0.006003339;0.008992201;2.677728725;0.013607929;1;0;0
17:21:23.034067;-0.035325828;0.004802671;0.009112732;2.677945532;0.010652452;1;0;0
17:21:23.044963;-0.034308709;0.022576385;0.009434885;2.678368424;0.008752728;1;0;0
17:21:23.055782;-0.034308709;0.018061108;0.009714589;2.678752322;0.003724074;1;0;0
17:21:23.066619;-0.034308709;0.014448887;0.00993859;2.679075301;0.000290607;1;0;0
17:21:23.075977;-0.034308709;0.011559109;0.010144366;2.679389244;-0.001089927;1;0;0
17:21:23.086694;-0.034308709;0.009247287;0.010316463;2.679670204;0.002763305;1;0;0
17:21:23.097090;-0.034308709;0.00739783;0.010453423;2.679911775;0.007448785;1;0;0
17:21:23.107997;-0.034308709;0.005918264;0.010573256;2.680143566;0.00923146;1;0;0
17:21:23.118972;-0.034308709;0.004734611;0.010670887;2.680355768;0.007014008;1;0;0
17:21:23.130398;-0.034308709;0.003787689;0.010742835;2.680536169;0.003175481;1;0;0
17:21:23.139315;-0.034308709;0.003030151;0.010798448;2.680703295;0.00233677;1;0;0
17:21:23.149699;-0.034308709;0.002424121;0.010838148;2.680856951;0.001786846;1;0;0
17:21:23.160482;-0.035325828;-0.016958483;0.010642907;2.680777319;0.000531963;1;0;0
17:21:23.171105;-0.03432141;0.005231708;0.010672279;2.680920593;0.001477485;1;0;0
17:21:23.182135;-0.03432141;0.004185367;0.010687149;2.681051049;0.001414654;1;0;0
17:21:23.192047;-0.03432141;0.003348293;0.010688822;2.681160844;0.001549338;1;0;0
17:21:23.202063;-0.03432141;0.002678635;0.010679063;2.681264842;-0.000863906;1;0;0
17:21:23.213468;-0.03330429;0.021334295;0.010875517;2.681575562;-0.000223847;1;0;0
17:21:23.223349;-0.03330429;0.017067436;0.011034174;2.681845158;0.003731626;1;0;0
17:21:23.233918;-0.03330429;0.013653949;0.01117035;2.682096864;0.007205043;1;0;0
17:21:23.244978;-0.03330429;0.010923159;0.011279072;2.68231924;0.012306791;1;0;0
17:21:23.254186;-0.03330429;0.008738527;0.011366727;2.682521966;0.015873857;1;0;0
17:21:23.263652;-0.03330429;0.006990822;0.011434621;2.682705342;0.015542746;1;0;0
17:21:23.274980;-0.03330429;0.005592657;0.011486034;2.682876189;0.01338315;1;0;0
17:21:23.284649;-0.03330429;0.004474126;0.011520791;2.683032233;0.012084787;1;0;0
17:21:23.295423;-0.03330429;0.003579301;0.011539306;2.683166906;0.007423401;1;0;0
17:21:23.305613;-0.03330429;0.002863441;0.0115448;2.683289219;0.005651511;1;0;0
17:21:23.315311;-0.03330429;0.002290752;0.011538447;2.683399083;0.002891167;1;0;0
17:21:23.326321;-0.032287373;0.02132151;0.011734341;2.683716442;0.005799209;1;0;0
17:21:23.336013;-0.032287373;0.017057208;0.011898735;2.684003976;0.00804132;1;0;0
17:21:23.346694;-0.032287373;0.013645766;0.012037278;2.684269752;0.011014684;1;0;0
17:21:23.356822;-0.032287373;0.010916613;0.012146837;2.68450495;0.01074674;1;0;0
17:21:23.367648;-0.032287373;0.00873329;0.012231874;2.6847144;0.01169074;1;0;0
17:21:23.378278;-0.032287373;0.006986632;0.012299417;2.684913657;0.015374146;1;0;0
17:21:23.390207;-0.031270659;0.02306815;0.012586693;2.68534574;0.014300031;1;0;0
17:21:23.401030;-0.030265671;0.038200971;0.013005682;2.685895026;0.017032476;1;0;0
17:21:23.410365;-0.030265671;0.030560777;0.013389657;2.686420334;0.020845268;1;0;0
17:21:23.422148;-0.030265671;0.024448621;0.013729292;2.686909225;0.023639992;1;0;0
17:21:23.432135;-0.031270659;-0.000350439;0.013791287;2.687110156;0.023230329;1;0;0
17:21:23.442053;-0.031270659;-0.000280351;0.013833892;2.687292275;0.02412637;1;0;0
17:21:23.452325;-0.031270659;-0.000224281;0.013860045;2.687468542;0.021927996;1;0;0
17:21:23.462824;-0.031270659;-0.000179425;0.013867907;2.687618107;0.017105004;1;0;0
17:21:23.474263;-0.031270659;-0.00014354;0.013860088;2.687761471;0.006313049;1;0;0
17:21:23.484261;-0.031270659;-0.000114832;0.013838844;2.687882858;-0.002733954;1;0;0
17:21:23.494835;-0.031270659;-9.19E-05;0.013804738;2.687993775;-0.005629435;1;0;0
17:21:23.505424;-0.031270659;-7.35E-05;0.013758046;2.688095275;-0.008933928;1;0;0
17:21:23.515212;-0.031270659;-5.88E-05;0.013704288;2.688180626;-0.005549557;1;0;0
17:21:23.526288;-0.030254151;0.01801755;0.013864588;2.688496091;0.002051577;1;0;0
17:21:23.537767;-0.030254151;0.01441404;0.013985221;2.688764943;0.006799918;1;0;0
17:21:23.547880;-0.030254151;0.011531232;0.014074546;2.688996052;0.008913115;1;0;0
17:21:23.557895;-0.030254151;0.009224985;0.014145616;2.689220041;0.008537223;1;0;0
17:21:23.568150;-0.030254151;0.007379988;0.014190988;2.689408625;0.009865771;1;0;0
17:21:23.581520;-0.030254151;0.005903991;0.014221999;2.689617251;0.009252251;1;0;0
17:21:23.590567;-0.030254151;0.004723193;0.014228798;2.689767579;0.012427501;1;0;0
17:21:23.601611;-0.030254151;0.003778554;0.014220898;2.689903754;0.013685645;1;0;0
17:21:23.611322;-0.030254151;0.003022843;0.01419975;2.690025975;0.013717742;1;0;0
17:21:23.622193;-0.030254151;0.002418275;0.014164434;2.69014175;0.010968476;1;0;0
17:21:23.632259;-0.030254151;0.00193462;0.014120008;2.690239711;0.007447059;1;0;0
17:21:23.643000;-0.030254151;0.001547696;0.014061659;2.690333483;0.005614067;1;0;0
17:21:23.653623;-0.030254151;0.001238157;0.013996787;2.690412957;0.003612798;1;0;0
17:21:23.663498;-0.030254151;0.000990525;0.013924345;2.69048318;0.000639925;1;0;0
17:21:23.673291;-0.030254151;0.00079242;0.013843478;2.690546382;-0.000194439;1;0;0
17:21:23.683691;-0.030254151;0.000633936;0.013756474;2.690601886;-0.000750803;1;0;0
17:21:23.694280;-0.029237851;0.02063343;0.013873482;2.690858436;0.000953546;1;0;0
17:21:23.705475;-0.029237851;0.016506744;0.013972613;2.691110251;0.003438239;1;0;0
17:21:23.715154;-0.029237851;0.013205395;0.014040765;2.691320258;0.007604864;1;0;0
17:21:23.725407;-0.029237851;0.010564316;0.01409043;2.691519455;0.011787731;1;0;0
17:21:23.736415;-0.028232863;0.028288161;0.014324994;2.691898013;0.019780397;1;0;0
17:21:23.746168;-0.028232863;0.022630529;0.014522532;2.692241223;0.024198949;1;0;0
17:21:23.756783;-0.028232863;0.018104423;0.014696294;2.692571663;0.025760211;1;0;0
17:21:23.767091;-0.028232863;0.014483538;0.014835306;2.692867622;0.025714923;1;0;0
17:21:23.777353;-0.028232863;0.011586831;0.014941841;2.693128196;0.025180673;1;0;0
17:21:23.787771;-0.028232863;0.009269465;0.015020775;2.693357956;0.024811314;1;0;0
17:21:23.798235;-0.028232863;0.007415572;0.015078545;2.693570523;0.017578801;1;0;0
17:21:23.808230;-0.028232863;0.005932457;0.015114771;2.693758794;0.013855329;1;0;0
17:21:23.818320;-0.028232863;0.004745966;0.015133065;2.693934822;0.010536994;1;0;0
17:21:23.829668;-0.028232863;0.003796773;0.015133917;2.694088091;0.007952721;1;0;0
17:21:23.839370;-0.028129469;0.005005034;0.015140867;2.694254144;0.00438825;1;0;0
17:21:23.848877;-0.028129469;0.004004027;0.015131699;2.694397399;0.001838816;1;0;0
17:21:23.858877;-0.028129469;0.003203222;0.015108341;2.694527265;0.002794945;1;0;0
17:21:23.869774;-0.028129469;0.002562577;0.015069083;2.694652007;0.000797637;1;0;0
17:21:23.880398;-0.028232863;3.81E-06;0.014999522;2.694734386;0.002371412;1;0;0
17:21:23.892128;-0.028232863;3.05E-06;0.014911599;2.694816195;0.001814361;1;0;0
17:21:23.901499;-0.028232863;2.44E-06;0.014825327;2.6948805;0.001140048;1;0;0
17:21:23.911480;-0.028232863;1.95E-06;0.014733008;2.694937063;-0.000324412;1;0;0
17:21:23.921849;-0.027950755;0.005448607;0.014691224;2.695047681;0.001934185;1;0;0
17:21:23.931989;-0.027950755;0.004358886;0.014639819;2.695144044;0.004000163;1;0;0
17:21:23.942693;-0.027950755;0.003487109;0.0145777;2.695231733;0.006818043;1;0;0
17:21:23.952812;-0.027950755;0.002789687;0.014503732;2.695312749;0.007809969;1;0;0
17:21:23.964339;-0.027950755;0.002231749;0.014420341;2.695385039;0.008973174;1;0;0
17:21:23.974024;-0.027950755;0.0017854;0.014335059;2.695444916;0.009104842;1;0;0
17:21:23.983969;-0.027950755;0.00142832;0.014243693;2.695497797;0.00899286;1;0;0
17:21:23.994977;-0.028967055;-0.017980952;0.013923147;2.695326925;0.005214274;1;0;0
17:21:24.005537;-0.028967055;-0.014384761;0.013627823;2.695173761;0.001237876;1;0;0
17:21:24.015273;-0.028967055;-0.011507809;0.013350249;2.695033728;-0.001800868;1;0;0
17:21:24.025451;-0.028967055;-0.009206247;0.013079424;2.694900942;-0.003512164;1;0;0
17:21:24.036096;-0.028967055;-0.007364998;0.012830355;2.694782317;-0.00382506;1;0;0
17:21:24.046690;-0.028967055;-0.005891998;0.012573625;2.694663685;-0.005836554;1;0;0
17:21:24.056787;-0.028967055;-0.004713599;0.012336397;2.694557464;-0.002675327;1;0;0
17:21:24.067302;-0.028967055;-0.003770879;0.012118185;2.694462728;-0.000180863;1;0;0
17:21:24.078957;-0.028967055;-0.003016703;0.011880442;2.694362837;0.00411686;1;0;0
17:21:24.089567;-0.028967055;-0.002413362;0.011672479;2.694278362;0.004384955;1;0;0
17:21:24.099804;-0.028967055;-0.00193069;0.011464188;2.694196517;0.007929475;1;0;0
17:21:24.111711;-0.028967055;-0.001544552;0.011279241;2.694126191;0.010031437;1;0;0
17:21:24.121180;-0.028967055;-0.001235642;0.011089725;2.694056435;0.010389719;1;0;0
17:21:24.131780;-0.028967055;-0.000988513;0.010912579;2.693993354;0.010057784;1;0;0
17:21:24.141609;-0.028967055;-0.000790811;0.010738443;2.693933344;0.012190438;1;0;0
17:21:24.152907;-0.028967055;-0.000632648;0.010567449;2.693876338;0.013821331;1;0;0
17:21:24.163590;-0.028967055;-0.000506119;0.010401503;2.693822825;0.015478293;1;0;0
17:21:24.174367;-0.028967055;-0.000404895;0.010240097;2.693772466;0.016754998;1;0;0
17:21:24.184388;-0.028967055;-0.000323916;0.010083863;2.693725288;0.015498716;1;0;0
17:21:24.196941;-0.028967055;-0.000259133;0.009932137;2.693680922;0.014697183;1;0;0
17:21:24.206499;-0.028967055;-0.000207306;0.009788781;2.69364029;0.012980185;1;0;0
17:21:24.217161;-0.028967055;-0.000165845;0.009643587;2.693600382;0.013943719;1;0;0
17:21:24.226870;-0.028967055;-0.000132676;0.009507281;2.693564029;0.014227573;1;0;0
17:21:24.238376;-0.028967055;-0.000106141;0.009362434;2.693526546;0.014380378;1;0;0
17:21:24.249047;-0.028967055;-8.49E-05;0.009230292;2.693493348;0.015102487;1;0;0
17:21:24.259885;-0.028967055;-6.79E-05;0.00910736;2.693463292;0.016490232;1;0;0
17:21:24.270275;-0.028967055;-5.43E-05;0.008974763;2.693431736;0.016277747;1;0;0
17:21:24.280668;-0.028967055;-4.35E-05;0.008853975;2.693403741;0.01708178;1;0;0
17:21:24.290626;-0.028967055;-3.48E-05;0.008739453;2.693377835;0.017233113;1;0;0
17:21:24.301931;-0.028967055;-2.78E-05;0.008615236;2.693350407;0.016949208;1;0;0
17:21:24.312147;-0.028967055;-2.23E-05;0.008504981;2.693326624;0.016691979;1;0;0
17:21:24.323848;-0.028967055;-1.78E-05;0.008378697;2.693300003;0.016964367;1;0;0
17:21:24.334259;-0.028967055;-1.42E-05;0.00826859;2.693277307;0.016672231;1;0;0
17:21:24.346067;-0.028967055;-1.14E-05;0.00816421;2.693256214;0.017149027;1;0;0
17:21:24.356032;-0.028967055;-9.12E-06;0.00805392;2.693234352;0.016729258;1;0;0
17:21:24.365844;-0.028967055;-7.29E-06;0.007948689;2.693213881;0.01651096;1;0;0
17:21:24.377409;-0.028967055;-5.84E-06;0.007843115;2.693193704;0.016146731;1;0;0
17:21:24.387219;-0.028967055;-4.67E-06;0.007741653;2.693174637;0.015850067;1;0;0
17:21:24.398681;-0.028967055;-3.73E-06;0.007638242;2.693155514;0.014788626;1;0;0
17:21:24.409426;-0.028967055;-2.99E-06;0.007538888;2.693137419;0.014841321;1;0;0
17:21:24.421486;-0.028967055;-2.39E-06;0.007446443;2.693120815;0.014918749;1;0;0
17:21:24.429942;-0.028967055;-1.91E-06;0.007348261;2.693103412;0.014520211;1;0;0
17:21:24.441013;-0.028967055;-1.53E-06;0.007259116;2.693087807;0.014751895;1;0;0
17:21:24.450434;-0.028967055;-1.22E-06;0.007168154;2.693072065;0.014682737;1;0;0
17:21:24.461540;-0.028967055;-9.79E-07;0.007078601;2.693056737;0.015054159;1;0;0
17:21:24.471251;-0.028967055;-7.83E-07;0.006993119;2.693042254;0.015428987;1;0;0
17:21:24.483275;-0.029249163;-0.004856988;0.006830241;2.692959668;0.01431726;1;0;0
17:21:24.493285;-0.029249163;-0.003885591;0.006695475;2.692893357;0.013164259;1;0;0
17:21:24.505242;-0.029249163;-0.003108472;0.006543357;2.692820813;0.013999812;1;0;0
17:21:24.516344;-0.029249163;-0.002486778;0.006414695;2.692761442;0.014669596;1;0;0
17:21:24.527453;-0.029249163;-0.001989422;0.00629577;2.692708245;0.015065986;1;0;0
17:21:24.537288;-0.029249163;-0.001591538;0.006178816;2.692657551;0.015317305;1;0;0
17:21:24.547074;-0.029249163;-0.00127323;0.006066007;2.692610216;0.015486685;1;0;0
17:21:24.557958;-0.030265671;-0.019715775;0.005732879;2.692341209;0.013193703;1;0;0
17:21:24.569125;-0.030265671;-0.01577262;0.00543885;2.692105447;0.010325765;1;0;0
17:21:24.579110;-0.030265671;-0.012618096;0.005159568;2.691883189;0.007478687;1;0;0
17:21:24.591624;-0.030265671;-0.010094477;0.004884756;2.691666336;0.006869152;1;0;0
17:21:24.601831;-0.030265671;-0.008075581;0.004657981;2.691488981;0.006419297;1;0;0
17:21:24.611978;-0.030265671;-0.006460465;0.004440785;2.691320675;0.005660375;1;0;0
17:21:24.622341;-0.031282385;-0.025095307;0.004040193;2.690963325;0.003914383;1;0;0
17:21:24.633580;-0.031282385;-0.020076245;0.003654355;2.690618896;0.004435971;1;0;0
17:21:24.644117;-0.031282385;-0.016060996;0.003309528;2.690310839;0.005539011;1;0;0
17:21:24.653803;-0.031282385;-0.012848797;0.003007982;2.690041228;0.005874084;1;0;0
17:21:24.664811;-0.032287373;-0.029216899;0.002503703;2.689566155;0.005139169;1;0;0
17:21:24.675392;-0.032287373;-0.02337352;0.002041513;2.689128329;0.003517119;1;0;0
17:21:24.685596;-0.032287373;-0.018698816;0.001646549;2.688751984;0.000930735;1;0;0
17:21:24.695732;-0.03330429;-0.033734188;0.00104098;2.688160916;0.000171988;1;0;0
17:21:24.707221;-0.03330429;-0.02698735;0.001;2.687592734;-7.01E-05;1;0;0
17:21:24.717419;-0.03330429;-0.02158988;0.001;2.687143441;-0.000350146;1;0;0
17:21:24.728286;-0.03330429;-0.017271904;0.001;2.686731081;0.002743316;1;0;0
17:21:24.738388;-0.03330429;-0.013817523;0.001;2.686362534;0.00462818;1;0;0
17:21:24.748478;-0.03330429;-0.011054019;0.001;2.686029617;0.008396228;1;0;0
17:21:24.757960;-0.03330429;-0.008843215;0.001;2.685729329;0.012049736;1;0;0
17:21:24.770437;-0.03330429;-0.007074572;0.001;2.685422507;0.01624573;1;0;0
17:21:24.780457;-0.03330429;-0.005659658;0.001;2.685168377;0.020005884;1;0;0
17:21:24.790736;-0.03330429;-0.004527726;0.001;2.684933409;0.024983535;1;0;0
17:21:24.801831;-0.03330429;-0.003622181;0.001;2.684722786;0.029895563;1;0;0
17:21:24.812057;-0.03330429;-0.002897745;0.001;2.684541301;0.030708959;1;0;0
17:21:24.823751;-0.03432141;-0.022077198;0.001;2.684165626;0.028518455;1;0;0
17:21:24.832789;-0.03432141;-0.017661758;0.001;2.683820293;0.026598569;1;0;0
17:21:24.844310;-0.03432141;-0.014129407;0.001;2.683507419;0.025622146;1;0;0
17:21:24.853498;-0.03432141;-0.011303525;0.001;2.683236085;0.024811042;1;0;0
17:21:24.865944;-0.03432141;-0.00904282;0.001;2.682971339;0.022696983;1;0;0
17:21:24.875976;-0.03432141;-0.007234256;0.001;2.682733877;0.020669883;1;0;0
17:21:24.886697;-0.03432141;-0.005787405;0.001;2.682524619;0.020530527;1;0;0
17:21:24.897543;-0.03432141;-0.004629924;0.001;2.682335042;0.023027252;1;0;0
17:21:24.906852;-0.035338729;-0.023829956;0.001;2.681965903;0.02355554;1;0;0
17:21:24.917725;-0.035338729;-0.019063965;0.001;2.681632639;0.023175111;1;0;0
17:21:24.927977;-0.035338729;-0.015251172;0.001;2.681329005;0.023206359;1;0;0
17:21:24.937809;-0.036343147;-0.030943729;0.001;2.680821554;0.021396844;1;0;0
17:21:24.948483;-0.036343147;-0.024754983;0.001;2.680364101;0.01752902;1;0;0
17:21:24.958837;-0.036343147;-0.019803987;0.001;2.679972356;0.012539068;1;0;0
17:21:24.970179;-0.036343147;-0.015843189;0.001;2.679600029;0.013096808;1;0;0
17:21:24.979476;-0.036343147;-0.012674551;0.001;2.679283809;0.016414702;1;0;0
17:21:24.990258;-0.036343147;-0.010139641;0.001;2.678980559;0.020637458;1;0;0
17:21:25.001635;-0.036343147;-0.008111713;0.001;2.678708189;0.026360678;1;0;0
17:21:25.012361;-0.036343147;-0.00648937;0.001;2.678463522;0.027473075;1;0;0
17:21:25.022224;-0.036343147;-0.005191496;0.001;2.678254391;0.029025625;1;0;0
17:21:25.032790;-0.036343147;-0.004153197;0.001;2.678065489;0.030873928;1;0;0
17:21:25.042483;-0.036343147;-0.003322558;0.001;2.677892934;0.032281976;1;0;0
17:21:25.053786;-0.036343147;-0.002658046;0.001;2.677721901;0.03210891;1;0;0
17:21:25.064533;-0.036343147;-0.002126437;0.001;2.677574602;0.033490844;1;0;0
17:21:25.074559;-0.036343147;-0.00170115;0.001;2.677449372;0.034085114;1;0;0
17:21:25.085273;-0.036343147;-0.00136092;0.001;2.677331281;0.036175378;1;0;0
17:21:25.095243;-0.036343147;-0.001088736;0.001;2.677228359;0.037363261;1;0;0
17:21:25.105139;-0.035325828;0.019261188;0.001104679;2.677343682;0.038103301;1;0;0
17:21:25.116216;-0.035325828;0.01540895;0.001204792;2.677456312;0.040594615;1;0;0
17:21:25.125898;-0.035325828;0.01232716;0.001287896;2.677552014;0.042925097;1;0;0
17:21:25.135692;-0.035325828;0.009861728;0.001361956;2.677639463;0.042171899;1;0;0
17:21:25.147016;-0.035325828;0.007889383;0.001430556;2.677722815;0.043440256;1;0;0
17:21:25.156376;-0.035325828;0.006311506;0.001488585;2.677795627;0.041934647;1;0;0
17:21:25.167189;-0.035325828;0.005049205;0.001543084;2.677866565;0.039432514;1;0;0
17:21:25.178808;-0.035325828;0.004039364;0.001590687;2.677931275;0.036492348;1;0;0
17:21:25.188310;-0.035325828;0.003231491;0.001628823;2.677985665;0.032687873;1;0;0
17:21:25.198868;-0.035325828;0.002585193;0.001661883;2.678035383;0.030087993;1;0;0
17:21:25.209050;-0.035325828;0.002068154;0.001690127;2.678080538;0.027130008;1;0;0
17:21:25.219816;-0.035325828;0.001654523;0.001715408;2.678124045;0.026470428;1;0;0
17:21:25.230465;-0.035325828;0.001323619;0.001736212;2.678163224;0.027586251;1;0;0
17:21:25.240554;-0.035325828;0.001058895;0.001752303;2.678196915;0.027713411;1;0;0
17:21:25.250271;-0.035325828;0.000847116;0.001765523;2.678228418;0.024780437;1;0;0
17:21:25.260844;-0.035325828;0.000677693;0.001775653;2.678256957;0.02276429;1;0;0
17:21:25.271764;-0.035325828;0.000542154;0.001782864;2.678282326;0.021644836;1;0;0
17:21:25.281541;-0.035325828;0.000433723;0.001787581;2.678305064;0.020739321;1;0;0
17:21:25.291695;-0.035325828;0.000346979;0.00179021;2.678326914;0.020167049;1;0;0
17:21:25.303262;-0.035325828;0.000277583;0.001790596;2.678346914;0.019245869;1;0;0
17:21:25.314177;-0.035325828;0.000222066;0.001788962;2.678364421;0.020363165;1;0;0
17:21:25.324449;-0.035325828;0.000177653;0.001785785;2.678379249;0.02036654;1;0;0
17:21:25.334731;-0.035325828;0.000142122;0.00178087;2.678393325;0.02012535;1;0;0
17:21:25.344618;-0.035325828;0.000113698;0.001774891;2.678405261;0.019066034;1;0;0
17:21:25.355585;-0.035325828;9.10E-05;0.001767464;2.678416344;0.016971575;1;0;0
17:21:25.367466;-0.035325828;7.28E-05;0.001757475;2.678427675;0.016607422;1;0;0
17:21:25.377741;-0.035325828;5.82E-05;0.001747294;2.678436671;0.016101932;1;0;0
17:21:25.388885;-0.035325828;4.66E-05;0.001736761;2.678444199;0.014560788;1;0;0
17:21:25.399145;-0.035325828;3.73E-05;0.001725733;2.678450699;0.012344775;1;0;0
17:21:25.409236;-0.035325828;2.98E-05;0.001713819;2.678456535;0.01069893;1;0;0
17:21:25.419870;-0.035325828;2.38E-05;0.001700772;2.67846184;0.011204898;1;0;0
17:21:25.430093;-0.035325828;1.91E-05;0.001688028;2.678466158;0.012216638;1;0;0
17:21:25.440052;-0.035325828;1.53E-05;0.001674776;2.678469919;0.013839451;1;0;0
17:21:25.450596;-0.035325828;1.22E-05;0.00166096;2.678473187;0.014142004;1;0;0
17:21:25.460699;-0.035325828;9.77E-06;0.001646605;2.678475996;0.01423922;1;0;0
17:21:25.470567;-0.035325828;7.81E-06;0.001631697;2.678478377;0.01419991;1;0;0
17:21:25.480951;-0.035325828;6.25E-06;0.001617173;2.678480252;0.014095219;1;0;0
17:21:25.491383;-0.034308709;0.020201502;0.001808978;2.678689329;0.015653836;1;0;0
17:21:25.502079;-0.034308709;0.016161201;0.001992054;2.678892859;0.019741483;1;0;0
17:21:25.513001;-0.03330429;0.031482362;0.002374267;2.679298748;0.024226805;1;0;0
17:21:25.523283;-0.03330429;0.02518589;0.002712248;2.679664016;0.028041726;1;0;0
17:21:25.534098;-0.03330429;0.020148712;0.003001159;2.679982213;0.032371771;1;0;0
17:21:25.544000;-0.03330429;0.016118969;0.00325611;2.680268772;0.035805598;1;0;0
17:21:25.554322;-0.03330429;0.012895175;0.003484666;2.680531483;0.036794279;1;0;0
17:21:25.563819;-0.03330429;0.01031614;0.003689244;2.680772583;0.034157492;1;0;0
17:21:25.574557;-0.03330429;0.008252912;0.003871395;2.680993348;0.029871678;1;0;0
17:21:25.585103;-0.03330429;0.00660233;0.004030995;2.681192925;0.023057384;1;0;0
17:21:25.594181;-0.03330429;0.005281864;0.004171509;2.681374888;0.015694153;1;0;0
17:21:25.605134;-0.033021253;0.009410302;0.004366109;2.681616118;0.014141086;1;0;0
17:21:25.615545;-0.033021253;0.007528242;0.004528375;2.681824604;0.013382238;1;0;0
17:21:25.626089;-0.033021253;0.006022593;0.004667354;2.682010297;0.012712928;1;0;0
17:21:25.637063;-0.033021253;0.004818075;0.004794433;2.682187932;0.011622109;1;0;0
17:21:25.646869;-0.033021253;0.00385446;0.004898489;2.682341112;0.00908142;1;0;0
17:21:25.656841;-0.033021253;0.003083568;0.004987933;2.682480665;0.007236338;1;0;0
17:21:25.672192;-0.034308709;-0.013993973;0.004704416;2.682272914;0.002419763;1;0;0
17:21:25.682921;-0.034308709;-0.011195178;0.004528872;2.682146413;0.001359574;1;0;0
17:21:25.693814;-0.034308709;-0.008956143;0.004373917;2.682036299;-0.003168812;1;0;0
17:21:25.703408;-0.033021253;0.018317502;0.004491416;2.682198602;0.000113908;1;0;0
17:21:25.713504;-0.033021253;0.014654002;0.004597748;2.682352942;0.002460089;1;0;0
17:21:25.724669;-0.033021253;0.011723202;0.004686347;2.682489168;0.007807697;1;0;0
17:21:25.735299;-0.033021253;0.009378561;0.004765685;2.682619743;0.01159488;1;0;0
17:21:25.744873;-0.033021253;0.007502849;0.00482746;2.682729847;0.016630514;1;0;0
17:21:25.755532;-0.03330429;0.000422779;0.004821115;2.682772451;0.019743571;1;0;0
17:21:25.766156;-0.033291791;0.000585321;0.004813204;2.682813279;0.017654639;1;0;0
17:21:25.776177;-0.033291791;0.000468257;0.004800391;2.682852356;0.016486393;1;0;0
17:21:25.786543;-0.033291791;0.000374605;0.004783647;2.682886994;0.009331274;1;0;0
17:21:25.797400;-0.033291791;0.000299684;0.00476444;2.682916352;0.004727383;1;0;0
17:21:25.807408;-0.033291791;0.000239747;0.004742449;2.68294247;0.001548277;1;0;0
17:21:25.817404;-0.033291791;0.000191798;0.004717987;2.682965676;0.004467427;1;0;0
17:21:25.828465;-0.033291791;0.000153438;0.004688956;2.682987907;0.005657919;1;0;0
17:21:25.838440;-0.033291791;0.000122751;0.004658035;2.68300715;0.007882226;1;0;0
17:21:25.848992;-0.033291791;9.82E-05;0.004627028;2.683023091;0.007779305;1;0;0
17:21:25.858871;-0.033291791;7.86E-05;0.004593822;2.683037326;0.005821912;1;0;0
17:21:25.870260;-0.032287373;0.018996558;0.004772709;2.683265923;0.007960243;1;0;0
17:21:25.881081;-0.033291791;-0.00321326;0.004712506;2.683257467;0.003605453;1;0;0
17:21:25.892371;-0.033291791;-0.002570608;0.004652119;2.683248966;0.005122398;1;0;0
17:21:25.902556;-0.032275077;0.017506517;0.004809287;2.683455324;0.009709342;1;0;0
17:21:25.913711;-0.032275077;0.014005214;0.004942681;2.683637979;0.013996331;1;0;0
17:21:25.923425;-0.032275077;0.011204171;0.005066463;2.683815976;0.016681042;1;0;0
17:21:25.934234;-0.031258569;0.027802761;0.005392655;2.684198638;0.019157395;1;0;0
17:21:25.943714;-0.031258569;0.022242209;0.005663833;2.684525888;0.025128948;1;0;0
17:21:25.954817;-0.031258569;0.017793767;0.005910478;2.684832957;0.028132213;1;0;0
17:21:25.965134;-0.030138875;0.036402434;0.006349156;2.685333601;0.031800274;1;0;0
17:21:25.976487;-0.030138875;0.029121947;0.006808873;2.685872317;0.032713763;1;0;0
17:21:25.987613;-0.031142722;0.005156991;0.006955833;2.68609547;0.032975223;1;0;0
17:21:25.997954;-0.03012561;0.023312128;0.007292334;2.686507541;0.030503325;1;0;0
17:21:26.009267;-0.031428186;-0.005543499;0.007309413;2.686603247;0.025696864;1;0;0
17:21:26.020270;-0.031428186;-0.004434799;0.007316621;2.686687731;0.020396052;1;0;0
17:21:26.029345;-0.031428186;-0.003547839;0.007315535;2.686760333;0.011546313;1;0;0
17:21:26.040933;-0.03254788;-0.02216092;0.007045093;2.686573087;0.005035952;1;0;0
17:21:26.051633;-0.033552081;-0.036508157;0.006596803;2.68619771;-0.006176784;1;0;0
17:21:26.062356;-0.033552081;-0.029206526;0.00620713;2.685872795;-0.016428158;1;0;0
17:21:26.072815;-0.035847568;-0.068958631;0.005382603;2.685106556;-0.02545438;1;0;0
17:21:26.083435;-0.035847568;-0.055166905;0.004573318;2.684351327;-0.034888878;1;0;0
17:21:26.092903;-0.036561223;-0.058238527;0.003743413;2.683563435;-0.040414121;1;0;0
17:21:26.103553;-0.047844684;-0.269916521;0.001;2.680530172;-0.066210955;1;0;0
17:21:26.114538;-0.049880129;-0.253835892;0.001;2.677152803;-0.092723325;1;0;0
17:21:26.123840;-0.051916297;-0.243423896;0.001;2.673876905;-0.123076022;1;0;0
17:21:26.134609;-0.053953171;-0.232332189;0.001;2.670260005;-0.135537058;1;0;0
17:21:26.145325;-0.054971868;-0.206095541;0.001;2.66702361;-0.147849277;1;0;0
17:21:26.155413;-0.053493644;-0.137377497;0.001;2.66422435;-0.144070879;1;0;0
17:21:26.166368;-0.054511648;-0.129533908;0.001;2.661579036;-0.124618627;1;0;0
17:21:26.176668;-0.055529818;-0.122571512;0.001;2.658887541;-0.100009926;1;0;0
17:21:26.186598;-0.053525689;-0.058475087;0.001;2.657007013;-0.060686622;1;0;0
17:21:26.197388;-0.050233676;0.018073733;0.001;2.655970022;-0.018622661;1;0;0
17:21:26.208317;-0.046942714;0.075375843;0.001;2.655684268;0.038929302;1;0;0
17:21:26.218269;-0.043652874;0.12541789;0.001413531;2.656110028;0.079992242;1;0;0
17:21:26.229083;-0.037355775;0.218851527;0.003139363;2.657860208;0.130981475;1;0;0
17:21:26.239799;-0.034065691;0.236343016;0.005415655;2.660182659;0.189867795;1;0;0
17:21:26.250358;-0.030526708;0.255145364;0.008215896;2.663056176;0.265598774;1;0;0
17:21:26.260543;-0.028508357;0.242213137;0.011136716;2.666079796;0.340987802;1;0;0
17:21:26.271119;-0.02725144;0.218470896;0.013922487;2.668993325;0.422675967;1;0;0
17:21:26.280757;-0.024978143;0.219613321;0.016890523;2.672117846;0.489398986;1;0;0
17:21:26.291374;-0.021774145;0.237795506;0.020276393;2.675695765;0.504654706;1;0;0
17:21:26.302497;-0.020523193;0.213570329;0.023705083;2.679360582;0.492101997;1;0;0
17:21:26.314126;-0.01419945;0.288393616;0.028152276;2.684087216;0.46467936;1;0;0
17:21:26.322683;-0.008814788;0.335775482;0.033069511;2.689318671;0.467683136;1;0;0
17:21:26.334415;-0.00889401;0.267180704;0.037781843;2.694421378;0.472627342;1;0;0
17:21:26.344616;-0.00889401;0.213744563;0.041672676;2.69871646;0.496265322;1;0;0
17:21:26.354569;0.010502271;0.556306428;0.049101972;2.706603348;0.593452632;1;0;0
17:21:26.365258;0.021097745;0.645023187;0.058420227;2.716492179;0.739690125;1;0;0
17:21:26.375374;0.030871149;0.697582388;0.069050403;2.727809571;0.895144939;1;0;0
17:21:26.387153;0.030871149;0.558065911;0.079229026;2.738847892;1.009538054;1;0;0
17:21:26.397062;0.056292811;0.948916308;0.092465067;2.752953767;1.244790554;1;0;0
17:21:26.407896;0.068914892;1.009079068;0.106999725;2.768496992;1.500740528;1;0;0
17:21:26.417731;0.082715602;1.068144222;0.123691882;2.786411153;1.692289472;1;0;0
17:21:26.429241;0.098531045;1.149028395;0.142365301;2.806515215;1.82517004;1;0;0
17:21:26.438528;0.113184445;1.209122419;0.16119185;2.826877864;1.914100766;1;0;0
17:21:26.449807;0.128945156;1.268977109;0.182058713;2.849540056;2.008856773;1;0;0
17:21:26.460265;0.146708021;1.346961616;0.205101388;2.874657953;2.105048895;1;0;0
17:21:26.470304;0.166343651;1.448473755;0.229732296;2.901593454;2.185354948;1;0;0
17:21:26.481352;0.184971441;1.527162091;0.254661344;2.928974336;2.248410225;1;0;0
17:21:26.491748;0.206596323;1.608784726;0.284152028;2.961478956;2.30465126;1;0;0
17:21:26.502373;0.242580636;1.97865753;0.31635545;2.996810126;2.351171732;1;0;0
17:21:26.513133;0.255928248;1.838749235;0.347858292;3.031781959;2.399367571;1;0;0
17:21:26.522965;0.253890182;1.430504928;0.374214748;3.061775353;2.448858738;1;0;0
17:21:26.533953;0.284755959;1.718768293;0.40596388;3.097720929;2.499000788;1;0;0
17:21:26.544157;0.282662801;1.333580512;0.431637487;3.127628744;2.549016237;1;0;0
17:21:26.554185;0.277568583;0.97284807;0.454455804;-3.127933995;2.603704691;1;0;0
17:21:26.565957;0.33940188;1.914894137;0.48839266;-3.088863554;2.652793407;1;0;0
17:21:26.576083;0.376612625;2.269584566;0.52366389;-3.048483202;2.695469141;1;0;0
17:21:26.585697;0.392271649;2.125560062;0.557843617;-3.008834678;2.729443312;1;0;0
17:21:26.596809;0.387174015;1.605408836;0.588256258;-2.972270706;2.771475554;1;0;0
17:21:26.607041;0.401611366;1.565980811;0.61641639;-2.937932125;2.789564133;1;0;0
17:21:26.616869;0.408057766;1.38076945;0.641753174;-2.906255151;2.802611351;1;0;0
17:21:26.627591;0.416381337;1.262719622;0.666407346;-2.874710821;2.838010311;1;0;0
17:21:26.637753;0.42372404;1.145160492;0.68985629;-2.843881;2.898128748;1;0;0
17:21:26.648416;0.42806317;1.002322064;0.7093815;-2.817309434;2.975863457;1;0;0
17:21:26.659010;0.431415303;0.865233161;0.727724203;-2.791362934;3.05757761;1;0;0
17:21:26.669849;0.434527421;0.749456153;0.74445475;-2.766629911;3.140495062;1;0;0
17:21:26.680059;0.445180104;0.797659361;0.760660424;-2.742328062;-3.081183434;1;0;0
17:21:26.690470;0.448405395;0.700939765;0.774495008;-2.720608927;-3.037081718;1;0;0
17:21:26.702655;0.442448606;0.462783811;0.787012181;-2.698594803;-2.988059759;-1;-1.22E-16;3.138148761
17:21:26.712895;0.446486556;0.448742048;0.796574;-2.680887386;-2.935166121;-0.99912283;-0.041875654;3.148360949
17:21:26.724055;0.449547491;0.416762008;0.805433134;-2.663538426;-2.872783422;-0.996492859;-0.083677843;3.159512085
17:21:26.735054;0.446530024;0.278662739;0.812515497;-2.647537166;-2.806237459;-0.992114701;-0.125333234;3.17052425
17:21:26.745163;0.444532254;0.185280505;0.817709998;-2.633691365;-2.746731043;-0.985996037;-0.166768747;3.180664539
17:21:26.756005;0.442241105;0.102734642;0.821270451;-2.621875268;-2.710526228;-0.978147601;-0.207911691;3.191560536
17:21:26.766577;0.442241105;0.082187713;0.824219872;-2.609973564;-2.68901968;-0.968583161;-0.248689887;3.202205573
17:21:26.777033;0.438244362;-0.007507714;0.825611022;-2.599580771;-2.662682295;-0.957319498;-0.289031797;3.212753619
17:21:26.787584;0.436975906;-0.031194372;0.826095841;-2.590777678;-2.626997232;-0.94437637;-0.328866647;3.223417486
17:21:26.798328;0.434976971;-0.062541609;0.825735749;-2.582352455;-2.580892563;-0.929776486;-0.368124553;3.234297059
17:21:26.808383;0.433956576;-0.070247297;0.82482113;-2.574934838;-2.530260086;-0.913545458;-0.406736643;3.244497818
17:21:26.818390;0.431957061;-0.09568824;0.823236682;-2.568174453;-2.483165026;-0.89571176;-0.444635179;3.254668018
17:21:26.831461;0.429916248;-0.107495991;0.820347553;-2.560223951;-2.439914227;-0.87630668;-0.481753674;3.267979457
17:21:26.841529;0.429874953;-0.086816362;0.817918439;-2.554398421;-2.396536589;-0.85536426;-0.518027009;3.27825373
17:21:26.852456;0.424772989;-0.165976011;0.814309851;-2.549379383;-2.354064703;-0.832921241;-0.553391549;3.28942537
17:21:26.862355;0.428290195;-0.06332463;0.811381745;-2.544075029;-2.315007448;-0.809016994;-0.587785252;3.29956467
17:21:26.872505;0.427185754;-0.072589024;0.808196402;-2.539103529;-2.278925896;-0.783693457;-0.62114778;3.309979507
17:21:26.881918;0.427395422;-0.053909688;0.804990118;-2.534182155;-2.242039204;-0.756995056;-0.653420604;3.319654816
17:21:26.893736;0.43062428;0.016049242;0.802050682;-2.528353057;-2.20675993;-0.728968627;-0.684547106;3.331824916
17:21:26.903851;0.43062428;0.012839394;0.799165588;-2.522880321;-2.171307087;-0.699663341;-0.71447268;3.342261425
17:21:26.913864;0.44431598;0.282160696;0.798587642;-2.515412162;-2.140504837;-0.669130606;-0.743144825;3.352611007
17:21:26.924285;0.446572727;0.266822083;0.79811469;-2.507116199;-2.110408068;-0.63742399;-0.770513243;3.363401667
17:21:26.934356;0.448831113;0.258115891;0.797823522;-2.499336444;-2.08193326;-0.604599115;-0.796529918;3.373848689
17:21:26.945167;0.452065712;0.267452542;0.797837595;-2.490855372;-2.053679705;-0.570713568;-0.821149209;3.385083895
17:21:26.956239;0.456589739;0.297602432;0.798373484;-2.481685452;-2.029550552;-0.535826795;-0.844327926;3.396612417
17:21:26.966065;0.460799142;0.321672087;0.799281434;-2.472731841;-2.004874945;-0.5;-0.866025404;3.406862284
17:21:26.977268;0.465105002;0.342666904;0.800598271;-2.463341466;-1.977284312;-0.463296035;-0.886203579;3.418570044
17:21:26.987298;0.470609838;0.377861442;0.802570668;-2.452860712;-1.949126482;-0.425779292;-0.904827052;3.429071393
17:21:26.996695;0.479986648;0.488131228;0.80556491;-2.441752121;-1.922332525;-0.387515586;-0.921863152;3.438926671
17:21:27.007477;0.487762657;0.536478625;0.809536017;-2.429176885;-1.904459119;-0.348572047;-0.937281989;3.450254379
17:21:27.018124;0.49099819;0.492937408;0.813326534;-2.417149945;-1.890767694;-0.309016994;-0.951056516;3.46146112
17:21:27.028830;0.481583302;0.219195674;0.815331519;-2.406390295;-1.879007459;-0.268919821;-0.963162567;3.472750885
17:21:27.039564;0.469221742;-0.055345928;0.815056955;-2.397928763;-1.86254859;-0.22835087;-0.973578903;3.484091252
17:21:27.048985;0.456934013;-0.288313288;0.812879399;-2.391909386;-1.839107275;-0.187381315;-0.982287251;3.494061847
17:21:27.061271;0.449796921;-0.365140654;0.809544506;-2.386634574;-1.812848091;-0.146083029;-0.989272333;3.507089032
17:21:27.070625;0.434798769;-0.568467011;0.803924044;-2.383498836;-1.777038336;-0.104528463;-0.994521895;3.51702591
17:21:27.082878;0.426946595;-0.607789211;0.797750566;-2.381453468;-1.736232758;-0.06279052;-0.998026728;3.530066744
17:21:27.091244;0.415785086;-0.697935265;0.790079532;-2.380753554;-1.701921701;-0.02094242;-0.999780683;3.538986502
17:21:27.102304;0.402291877;-0.82482097;0.781172195;-2.381705136;-1.680306673;0.02094242;-0.999780683;3.550798332
17:21:27.112058;0.390028048;-0.90233915;0.771006293;-2.384021277;-1.672124743;0.06279052;-0.998026728;3.561234059
17:21:27.122732;0.377443138;-0.960043766;0.759102017;-2.387841259;-1.666084886;0.104528463;-0.994521895;3.572674158
17:21:27.133398;0.365839219;-0.998437585;0.746743461;-2.392616505;-1.656614661;0.146083029;-0.989272333;3.584126647
17:21:27.142516;0.355230877;-1.005696268;0.733331741;-2.398441927;-1.638088942;0.187381315;-0.982287251;3.593933615
17:21:27.153873;0.364411215;-0.634688641;0.721659606;-2.402251511;-1.613337755;0.22835087;-0.973578903;3.606170209
17:21:27.164617;0.343392545;-0.901498603;0.707511226;-2.408771727;-1.58349824;0.268919821;-0.963162567;3.617768239
17:21:27.174837;0.345433002;-0.680677128;0.695395023;-2.413824364;-1.55098021;0.309016994;-0.951056516;3.628820401
17:21:27.185105;0.324357151;-0.950946092;0.680358242;-2.421727497;-1.51987946;0.348572047;-0.937281989;3.63994391
17:21:27.194807;0.31165458;-1.01298773;0.664718294;-2.430594416;-1.489840388;0.387515586;-0.921863152;3.650472173
17:21:27.205113;0.306241129;-0.912041267;0.648394738;-2.439926025;-1.456031084;0.425779292;-0.904827052;3.661674952
17:21:27.216583;0.292453894;-0.983642312;0.630542892;-2.450837205;-1.411428452;0.463296035;-0.886203579;3.674166139
17:21:27.227206;0.260962482;-1.374708869;0.608658556;-2.466083849;-1.356925488;0.5;-0.866025404;3.685756656
17:21:27.237201;0.245150708;-1.404873783;0.586204512;-2.482347009;-1.298062325;0.535826795;-0.844327926;3.696681078
17:21:27.248326;0.227273881;-1.468925462;0.562131789;-2.500471315;-1.238393545;0.570713568;-0.821149209;3.708862371
17:21:27.257793;0.208335401;-1.550012279;0.536929875;-2.520122235;-1.17737782;0.604599115;-0.796529918;3.719246333
17:21:27.267679;0.195558956;-1.492199255;0.511078967;-2.540665243;-1.113948703;0.63742399;-0.770513243;3.730107646
17:21:27.278446;0.176631027;-1.567459471;0.483573306;-2.563134636;-1.048369288;0.669130606;-0.743144825;3.741957539
17:21:27.289660;0.1638086;-1.483808878;0.452897919;-2.588587925;-0.979287684;0.699663341;-0.71447268;3.754322308
17:21:27.299545;0.144862554;-1.550187223;0.422730441;-2.614189026;-0.910600722;0.728968627;-0.684547106;3.765241102
17:21:27.310044;0.144862554;-1.240149779;0.395705023;-2.637080826;-0.842970669;0.756995056;-0.653420604;3.776858034
17:21:27.319683;0.125891276;-1.368904653;0.367166013;-2.661780654;-0.777224302;0.783693457;-0.62114778;3.787541477
17:21:27.330670;0.106905057;-1.472233706;0.337118114;-2.688284766;-0.713018239;0.809016994;-0.587785252;3.799740107
17:21:27.339795;0.087917575;-1.553285406;0.305536153;-2.716619295;-0.649571836;0.832921241;-0.553391549;3.809888516
17:21:27.351126;0.068942511;-1.592237749;0.270372296;-2.748660331;-0.58733058;0.85536426;-0.518027009;3.822511971
17:21:27.360976;0.049877229;-1.652257598;0.236643948;-2.77983707;-0.524001837;0.87630668;-0.481753674;3.833504982
17:21:27.371380;0.028586479;-1.737117117;0.200781274;-2.813460109;-0.463332087;0.89571176;-0.444635179;3.845135971
17:21:27.383054;0.008481579;-1.740018144;0.159635528;-2.852541611;-0.399208277;0.913545458;-0.406736643;3.858210837
17:21:27.393756;-0.027307691;-2.067177091;0.11739277;-2.893319623;-0.341842473;0.929776486;-0.368124553;3.87021947
17:21:27.404742;-0.026286829;-1.633815304;0.080695279;-2.929005436;-0.2753959;0.94437637;-0.328866647;3.882569087
17:21:27.413748;-0.026286829;-1.307052243;0.048020053;-2.96103344;-0.212030515;0.957319498;-0.289031797;3.892709808
17:21:27.424653;-0.066186173;-1.761517378;0.006179238;-3.002576646;-0.144973561;0.968583161;-0.248689887;3.905009151
17:21:27.436277;-0.067206875;-1.427562197;0.001;-3.040129524;-0.078669012;0.978147601;-0.207911691;3.918143993
17:21:27.447007;-0.131568257;-2.31843496;0.001;-3.088200128;-0.036151953;0.985996037;-0.166768747;3.930291152
17:21:27.457909;-0.15122887;-2.220856383;0.001;-3.134656103;0.002943438;0.992114701;-0.125333234;3.942655179
17:21:27.467718;-0.167512743;-2.087175312;0.001;3.104568138;0.010748762;0.996492859;-0.083677843;3.953798721
17:21:27.479343;-0.180799413;-1.915115914;0.001;3.061277225;0.033233725;0.99912283;-0.041875654;3.967028771
17:21:27.489114;-0.206361556;-2.037609595;0.001;3.019954538;0.036616318;1;-4.44E-16;3.978168515
17:21:27.499686;-0.217667457;-1.837317702;0.001;2.977895945;0.053967666;0.99912283;0.041875654;3.990241631
17:21:27.510128;-0.228564373;-1.678981802;0.001;2.940079774;0.085937165;0.996492859;0.083677843;4.002186061
17:21:27.520338;-0.222440698;-1.221537273;0.001;2.908934097;0.147830173;0.992114701;0.125333234;4.013882985
17:21:27.531070;-0.22934833;-1.109024449;0.001;2.878644829;0.25961709;0.985996037;0.166768747;4.026195769
17:21:27.541975;-0.235949198;-1.012123324;0.001;2.850165332;0.370903373;0.978147601;0.207911691;4.038724477
17:21:27.552724;-0.233063389;-0.755802361;0.001;2.825197429;0.519452333;0.968583161;0.248689887;4.051089868
17:21:27.563348;-0.236522911;-0.668355622;0.001;2.802007092;0.638014019;0.957319498;0.289031797;4.063325726
17:21:27.574224;-0.235299192;-0.511913093;0.001;2.78188546;0.752991438;0.94437637;0.328866647;4.075865213
17:21:27.585173;-0.237197122;-0.444617259;0.001;2.76346995;0.833475709;0.929776486;0.368124553;4.088501223
17:21:27.594580;-0.224914615;-0.112458301;0.001;2.750472617;0.926641405;0.913545458;0.406736643;4.09936652
17:21:27.606969;-0.224914615;-0.089966641;0.001;2.73610596;1.010189295;0.89571176;0.444635179;4.113687094
17:21:27.617036;-0.218805017;0.049388308;0.001;2.727013896;1.087969542;0.87630668;0.481753674;4.125331618
17:21:27.627578;-0.216769581;0.078324433;0.001;2.718875243;1.146966577;0.85536426;0.518027009;4.137532008
17:21:27.638066;-0.194017951;0.513430148;0.001;2.71610169;1.191108584;0.832921241;0.553391549;4.149675256
17:21:27.648304;-0.177743825;0.716328887;0.001572874;2.716688317;1.235637188;0.809016994;0.587785252;4.16153306
17:21:27.658631;-0.158310215;0.959018841;0.005714;2.720866458;1.270292878;0.783693457;0.62114778;4.173496827
17:21:27.669317;-0.134733693;1.225621875;0.014103828;2.72935888;1.321792245;0.756995056;0.653420604;4.185878339
17:21:27.679426;-0.106917628;1.494505114;0.027792287;2.743275244;1.36674881;0.728968627;0.684547106;4.197591903
17:21:27.690548;-0.08237772;1.63713608;0.045723778;2.761616943;1.421721458;0.699663341;0.71447268;4.210478642
17:21:27.701005;-0.053054664;1.887503474;0.066372411;2.782835996;1.478162527;0.669130606;0.743144825;4.22259305
17:21:27.712586;-0.03325716;1.868399338;0.091111427;2.808447133;1.543928266;0.63742399;0.770513243;4.236006104
17:21:27.722406;-0.010934436;1.936634767;0.116175622;2.834560285;1.603578091;0.604599115;0.796529918;4.247375541
17:21:27.733158;0.011416756;1.962182805;0.145473206;2.865276873;1.669180512;0.570713568;0.821149209;4.259818566
17:21:27.744433;0.032358619;1.93247179;0.178578753;2.900256678;1.7444309;0.535826795;0.844327926;4.272859349
17:21:27.754950;0.059275496;2.076094611;0.210525044;2.934181203;1.826147795;0.5;0.866025404;4.285015224
17:21:27.765655;0.059275496;1.660875689;0.240948889;2.967016958;1.912031054;0.463296035;0.886203579;4.263879047
17:21:27.776122;0.059275496;1.328700551;0.268794181;2.997631548;2.008179903;0.425779292;0.904827052;4.242742871
17:21:27.786277;0.06233461;1.122450595;0.29316888;3.024898177;2.114789486;0.387515586;0.921863152;4.221606694
17:21:27.798545;0.068450372;0.999350361;0.320198392;3.055630889;2.219138622;0.348572047;0.937281989;4.200470518
17:21:27.808981;0.20255168;3.387857404;0.370501807;3.109517283;2.256977558;0.309016994;0.951056516;4.179334342
17:21:27.818830;0.231389839;3.282788607;0.420783595;-3.119395921;2.277101994;0.268919821;0.963162567;4.158198165
17:21:27.828799;0.258154687;3.157513038;0.471770866;-3.063907484;2.262846947;0.22835087;0.973578903;4.137061989
17:21:27.839257;0.282931478;2.996764981;0.524935695;-3.00549129;2.296388626;0.187381315;0.982287251;4.115925812
17:21:27.850060;0.327395693;3.276369163;0.580027257;-2.944804572;2.326485395;0.146083029;0.989272333;4.094789636
17:21:27.859469;0.348222809;3.033950525;0.633307242;-2.885398376;2.378168344;0.104528463;0.994521895;4.07365346
17:21:27.870392;0.368039537;2.818419761;0.684918255;-2.827105404;2.430115223;0.06279052;0.998026728;4.052517283
17:21:27.879975;0.384801871;2.582233769;0.734539367;-2.770213774;2.474683285;0.02094242;0.999780683;4.031381107
17:21:27.890427;0.400543485;2.376761697;0.781071533;-2.716004644;2.516174078;-0.02094242;0.999780683;4.01024493
17:21:27.903278;0.415206953;2.173823229;0.827682577;-2.660728448;2.578200102;-0.06279052;0.998026728;3.989108754
17:21:27.913634;0.428911107;1.985361717;0.872696091;-2.606248404;2.646751881;-0.104528463;0.994521895;3.967972578
17:21:27.923190;0.427892585;1.568145772;0.908421552;-2.561513387;2.717108011;-0.146083029;0.989272333;3.946836401
17:21:27.933522;0.453068465;1.72792505;0.946412095;-2.513654471;2.770622969;-0.187381315;0.982287251;3.925700225
17:21:27.943441;0.452049725;1.363492503;0.980158174;-2.469491065;2.84262991;-0.22835087;0.973578903;3.904564048
17:21:27.954100;0.470662251;1.458740475;1.011255287;-2.428317266;2.92107439;-0.268919821;0.963162567;3.883427872
17:21:27.964956;0.470662251;1.16699238;1.040162014;-2.388516322;3.017844915;-0.309016994;0.951056516;3.862291696
17:21:27.974880;0.469643302;0.914600363;1.065852035;-2.351525363;3.11448741;-0.348572047;0.937281989;3.841155519
17:21:27.986259;0.481007063;0.945312914;1.090300122;-2.315605489;-3.101104975;-0.387515586;0.921863152;3.820019343
17:21:27.996221;0.481007063;0.756250331;1.111111717;-2.283617722;-3.053997755;-0.425779292;0.904827052;3.798883166
17:21:28.006876;0.486124944;0.704225762;1.130807398;-2.252356747;-3.01363945;-0.463296035;0.886203579;3.77774699
17:21:28.016833;0.485146056;0.544687102;1.148596853;-2.222629477;-2.963928461;-0.5;0.866025404;3.756610814
17:21:28.026516;0.482891148;0.390965148;1.16370183;-2.195880761;-2.912368059;-0.535826795;0.844327926;3.735474637
17:21:28.036865;0.479950147;0.25553074;1.177258607;-2.170295217;-2.865965605;-0.570713568;0.821149209;3.714338461
17:21:28.047631;0.475768483;0.121392024;1.18880002;-2.14683701;-2.814635515;-0.604599115;0.796529918;3.693202284
17:21:28.057011;0.470596634;-0.005231937;1.198735381;-2.124835904;-2.767534256;-0.63742399;0.770513243;3.672066108
17:21:28.067126;0.463408597;-0.146274988;1.207001737;-2.104398772;-2.719820976;-0.669130606;0.743144825;3.650929931
17:21:28.078674;0.445750012;-0.441495271;1.213038676;-2.085191037;-2.673102617;-0.699663341;0.71447268;3.629793755
17:21:28.088589;0.438522832;-0.496677629;1.217424685;-2.068562484;-2.626264334;-0.728968627;0.684547106;3.608657579
17:21:28.098890;0.434529079;-0.471318706;1.221351409;-2.051469361;-2.576631546;-0.756995056;0.653420604;3.587521402
17:21:28.109066;0.441641001;-0.235876057;1.225491061;-2.035003437;-2.527687311;-0.783693457;0.62114778;3.566385226
17:21:28.120821;0.442888753;-0.166157876;1.229854892;-2.017048976;-2.478354454;-0.809016994;0.587785252;3.545249049
17:21:28.131117;0.450170301;-0.000295457;1.234612981;-1.998760403;-2.434359312;-0.832921241;0.553391549;3.524112873
17:21:28.141845;0.464249693;0.274093159;1.240026557;-1.980645884;-2.395341873;-0.85536426;0.518027009;3.502976697
17:21:28.151988;0.481294287;0.536722055;1.246805869;-1.960513566;-2.36072278;-0.87630668;0.481753674;3.48184052
17:21:28.163472;0.492115633;0.627868905;1.254046371;-1.939638292;-2.330552816;-0.89571176;0.444635179;3.460704344
17:21:28.174258;0.500673418;0.660317605;1.261297797;-1.918764257;-2.303216934;-0.913545458;0.406736643;3.439568167
17:21:28.185170;0.508246951;0.669156187;1.268417627;-1.898046492;-2.281034231;-0.929776486;0.368124553;3.418431991
17:21:28.196091;0.515927053;0.675679035;1.275543801;-1.876999217;-2.259346724;-0.94437637;0.328866647;3.397295815
17:21:28.207198;0.5230547;0.67175209;1.282409554;-1.856237254;-2.233383894;-0.957319498;0.289031797;3.376159638
17:21:28.217415;0.544437113;0.945366069;1.289696059;-1.835469003;-2.204225302;-0.968583161;0.248689887;3.355023462
17:21:28.227415;0.555081227;0.966653283;1.296585233;-1.815492744;-2.169739008;-0.978147601;0.207911691;3.333887285
17:21:28.238570;0.564662126;0.947840052;1.303751899;-1.794049547;-2.137455225;-0.985996037;0.166768747;3.312751109
17:21:28.249432;0.57949135;1.029106047;1.31077071;-1.772714324;-2.111932755;-0.992114701;0.125333234;3.291614933
17:21:28.259362;0.582634289;0.882855187;1.316807337;-1.752813829;-2.097053289;-0.996492859;0.083677843;3.270478756
17:21:28.270172;0.59480954;0.94750622;1.322297772;-1.734002333;-2.081798315;-0.99912283;0.041875654;3.24934258
17:21:28.280872;0.590883406;0.684467894;1.327162029;-1.714991972;-2.054969788;-1;-1.22E-16;3.228206403
17:21:28.290671;0.576827396;0.269648008;1.330682052;-1.698029554;-2.018705368;-0.998454529;-0.055574762;3.207070227
17:21:28.301499;0.560348896;-0.089395359;1.333412214;-1.680910804;-1.974738121;-0.993822892;-0.110977746;3.185934051
17:21:28.312207;0.544578226;-0.373351851;1.335259201;-1.665119937;-1.936912537;-0.986119405;-0.166037704;3.164797874
17:21:28.322321;0.540511446;-0.37919352;1.336666959;-1.650215666;-1.90948081;-0.97536788;-0.220584449;3.143661698
17:21:28.333462;0.518970535;-0.669949658;1.337586747;-1.633581891;-1.894484878;-0.961601548;-0.274449381;3.122525521
17:21:28.343854;0.512867215;-0.654314478;1.338135811;-1.619234534;-1.898033023;-0.944862961;-0.327466004;3.101389345
17:21:28.354860;0.491370877;-0.932004606;1.338345416;-1.604942355;-1.915520549;-0.925203857;-0.37947045;3.080253169
17:21:28.365532;0.48933516;-0.784182175;1.338475164;-1.590687455;-1.9442693;-0.902685001;-0.430301974;3.059116992
17:21:28.376351;0.487225946;-0.666302494;1.338533481;-1.576135099;-1.973978639;-0.877375998;-0.479803459;3.037980816
17:21:28.387038;0.488243155;-0.514227032;1.338523513;-1.561671805;-1.988453269;-0.849355075;-0.527821899;3.016844639
17:21:28.397188;0.426066151;-1.580330939;1.338674006;-1.54728127;-1.990838647;-0.818708844;-0.574208871;2.995708463
17:21:28.407116;0.41650593;-1.453600834;1.338982751;-1.533452226;-1.977617741;-0.785532032;-0.618820998;2.974572287
17:21:28.417951;0.386976213;-1.747722263;1.339689409;-1.519220616;-1.967671514;-0.749927185;-0.661520383;2.95343611
17:21:28.428414;0.393080505;-1.276988685;1.340480809;-1.504929322;-1.936508179;-0.712004356;-0.702175048;2.932299934
17:21:28.438734;0.378399834;-1.27875509;1.341800644;-1.488297393;-1.88564384;-0.671880762;-0.740659329;2.911163757
17:21:28.449478;0.361553892;-1.35635564;1.343455261;-1.473072964;-1.819762349;-0.629680423;-0.776854275;2.890027581
17:21:28.459460;0.341648084;-1.478961659;1.345736006;-1.457201723;-1.759376168;-0.585533778;-0.810648009;2.868891405
17:21:28.469733;0.322741394;-1.557442838;1.348712413;-1.440614308;-1.705360532;-0.539577282;-0.841936076;2.847755228
17:21:28.480387;0.278613812;-2.085355321;1.353451672;-1.421669999;-1.642648101;-0.491952984;-0.870621767;2.826619052
17:21:28.490357;0.278613812;-1.668284257;1.358304642;-1.403156851;-1.57440877;-0.442808087;-0.896616417;2.805482875
17:21:28.501180;0.25335779;-1.812581901;1.364711927;-1.382360942;-1.497893453;-0.392294495;-0.919839676;2.784346699
17:21:28.510285;0.228145178;-1.948665483;1.372256368;-1.360976833;-1.425218701;-0.340568344;-0.940219763;2.763210523
17:21:28.521853;0.17750214;-2.509285577;1.383181202;-1.33536916;-1.347859502;-0.287789515;-0.957693685;2.742074346
17:21:28.531207;0.174449141;-2.068045194;1.394162202;-1.310400274;-1.271309614;-0.234121146;-0.972207431;2.72093817
17:21:28.541781;0.173431136;-1.673707201;1.406175902;-1.283593972;-1.193852425;-0.179729121;-0.983716139;2.699801993
17:21:28.553174;0.123622094;-2.276916468;1.422026636;-1.252724827;-1.113554478;-0.124781565;-0.992184237;2.678665817
17:21:28.562885;0.098257476;-2.324471693;1.439364919;-1.220956182;-1.030159235;-0.069448315;-0.997585551;2.657529641
17:21:28.573456;0.098336698;-1.858080564;1.458051455;-1.186934578;-0.947970331;-0.013900405;-0.999903385;2.636393464
17:21:28.583460;0.098336698;-1.486464451;1.477034884;-1.152458599;-0.866341352;0.041690471;-0.999130574;2.615257288
17:21:28.594237;0.037643342;-2.387702758;1.500963695;-1.113449626;-0.78302747;0.097152484;-0.995269509;2.594121111
17:21:28.604389;0.037643342;-1.910162206;1.525226652;-1.073851639;-0.703664124;0.152314204;-0.988332122;2.572984935
17:21:28.614855;0.038661513;-1.507980413;1.54942084;-1.034120898;-0.631015539;0.207005129;-0.978339857;2.551848758
17:21:28.624989;-0.020390875;-2.35854983;1.580563984;-0.986935583;-0.5599491;0.261056214;-0.9653236;2.530712582
17:21:28.635039;-0.060443665;-2.623177886;1.6187035;-0.931393749;-0.488528192;0.314300389;-0.949323583;2.509576406
17:21:28.646471;-0.077774914;-2.416801895;1.659014312;-0.87323331;-0.423835397;0.366573079;-0.930389261;2.488440229
17:21:28.657136;-0.091148704;-2.190589253;1.698785331;-0.815998319;-0.3517147;0.417712713;-0.90857916;2.467304053
17:21:28.667146;-0.103135921;-1.989851345;1.738198993;-0.759227656;-0.282173812;0.467561221;-0.883960692;2.446167876
17:21:28.678091;-0.126096599;-2.015723152;1.782772051;-0.695579031;-0.208244622;0.515964524;-0.856609952;2.4250317
17:21:28.688034;-0.139407922;-1.858198217;1.827714354;-0.631067826;-0.140786022;0.56277301;-0.82661148;2.403895524
17:21:28.699673;-0.153695631;-1.749894834;1.872884042;-0.565817655;-0.058771282;0.607841997;-0.794058;2.382759347
17:21:28.710303;-0.166993329;-1.647813088;1.917241905;-0.501126224;0.010916881;0.651032179;-0.759050131;2.361623171
17:21:28.721143;-0.17732495;-1.508256209;1.961069779;-0.436206947;0.077635221;0.692210058;-0.721696082;2.340486994
17:21:28.731391;-0.186284899;-1.373031505;2.002870595;-0.373062307;0.162739247;0.731248356;-0.682111312;2.319350818
17:21:28.743118;-0.193858054;-1.236417601;2.043441089;-0.310281931;0.250070781;0.768026406;-0.640418175;2.298214642
17:21:28.752378;-0.198481527;-1.080939712;2.078332563;-0.254630003;0.317792237;0.802430531;-0.596745542;2.277078465
17:21:28.763102;-0.200274876;-0.900219631;2.11067828;-0.201101029;0.386222988;0.83435439;-0.551228403;2.255942289
17:21:28.773836;-0.200149276;-0.71779733;2.14135702;-0.147965029;0.4809497;0.863699306;-0.504007448;2.234806112
17:21:28.783834;-0.19900391;-0.551639116;2.167838098;-0.099641604;0.57558614;0.890374578;-0.455228636;2.213669936
17:21:28.794590;-0.195953485;-0.384264935;2.19253376;-0.051627593;0.66859138;0.914297753;-0.405042737;2.19253376
17:21:28.804435;-0.194290634;-0.274556155;2.213392853;-0.008468149;0.769668758;0.935394886;-0.353604875;2.213392853
17:21:28.814710;-0.194290634;-0.219644924;2.23226906;0.03278799;0.860672653;0.953600767;-0.30107404;2.23226906
17:21:28.825752;-0.188191573;-0.070824487;2.250760926;0.077348887;0.92331779;0.968859122;-0.247612603;2.250760926
17:21:28.836335;-0.177973696;0.137034217;2.264091563;0.114497577;0.97352308;0.98112279;-0.193385809;2.264091563
17:21:28.847299;-0.169704784;0.265071207;2.274935239;0.149487514;1.032262683;0.990353863;-0.138561271;2.274935239
17:21:28.857863;-0.156812812;0.449302835;2.282817055;0.18213654;1.093897581;0.996523809;-0.083308448;2.282817055
17:21:28.867867;-0.118377117;1.120249935;2.283008461;0.205393878;1.162232041;0.999613557;-0.027798124;2.283008461
17:21:28.878476;-0.094814815;1.363100692;2.279527311;0.224936916;1.231052041;0.999613557;0.027798124;2.279527311
17:21:28.889437;-0.071151385;1.532915964;2.272423169;0.242177309;1.296367168;0.996523809;0.083308448;2.272423169
17:21:28.899502;-0.047827155;1.653523472;2.262224054;0.256735194;1.356899858;0.990353863;0.138561271;2.262224054
17:21:28.911105;-0.023624653;1.770347631;2.249400156;0.268308285;1.417984962;0.98112279;0.193385809;2.249400156
17:21:28.921904;-0.001061356;1.830232675;2.23436371;0.27770906;1.482271552;0.968859122;0.247612603;2.23436371
17:21:28.932742;0.026411337;1.97567133;2.216774652;0.284025316;1.541076779;0.953600767;0.30107404;2.216774652
17:21:28.943131;0.041274071;1.873496278;2.19994471;0.289600671;1.603187323;0.935394886;0.353604875;2.19994471
17:21:28.953701;0.066324929;1.965071263;2.180015714;0.293200601;1.669804811;0.914297753;0.405042737;2.230762936
17:21:28.968684;0.097388542;1.98460005;2.148807515;0.294579676;1.75490129;0.890374578;0.455228636;2.261581163
17:21:28.978761;0.129395039;2.1826543;2.124121472;0.292876726;1.854656458;0.863699306;0.504007448;2.292399389
17:21:28.989255;0.15826053;2.293193982;2.097706348;0.288734553;1.952435493;0.83435439;0.551228403;2.323217615
17:21:28.999456;0.186083092;2.377502517;2.070158965;0.282541962;2.024538517;0.802430531;0.596745542;2.354035841
17:21:29.009621;0.213881707;2.449764399;2.041046463;0.27429074;2.084638596;0.768026406;0.640418175;2.384854068
17:21:29.020097;0.272636748;3.120777336;2.004776807;0.258493177;2.128029108;0.731248356;0.682111312;2.415672294
17:21:29.030881;0.302571661;3.06156533;1.965235992;0.239984583;2.175019503;0.692210058;0.721696082;2.44649052
17:21:29.041620;0.328527761;2.947815421;1.925669994;0.220671701;2.221458197;0.651032179;0.759050131;2.477308746
17:21:29.051014;0.352444081;2.833382479;1.886958081;0.201147909;2.27839613;0.607841997;0.794058;2.508126973
17:21:29.061620;0.373295391;2.672064936;1.847418745;0.180814485;2.331976414;0.56277301;0.82661148;2.538945199
17:21:29.071747;0.399218092;2.622045549;1.80538394;0.158324125;2.385150194;0.515964524;0.856609952;2.569763425
17:21:29.083308;0.421239794;2.503516269;1.762695231;0.134990753;2.438447475;0.467561221;0.883960692;2.600581651
17:21:29.093000;0.437165696;2.319025268;1.723883584;0.113736152;2.490230322;0.417712713;0.90857916;2.631399878
17:21:29.104637;0.455150299;2.176489528;1.681146417;0.090056353;2.544501066;0.366573079;0.930389261;2.662218104
17:21:29.115312;0.472131536;2.058452708;1.640836906;0.067524284;2.606750488;0.314300389;0.949323583;2.69303633
17:21:29.125499;0.486841373;1.922982362;1.601482168;0.045433093;2.6761415;0.261056214;0.9653236;2.723854556
17:21:29.136477;0.498501666;1.762051785;1.564056626;0.024507592;2.749311209;0.207005129;0.978339857;2.754672783
17:21:29.146109;0.498501666;1.409641428;1.529713092;0.006235876;2.824683666;0.152314204;0.988332122;2.785491009
17:21:29.157439;0.517377641;1.485301418;1.494105934;-0.013412001;2.901391268;0.097152484;0.995269509;2.816309235
17:21:29.167512;0.524523954;1.320570181;1.459162154;-0.032409416;2.978607655;0.041690471;0.999130574;2.847127461
17:21:29.179155;0.529386152;1.152867646;1.428063852;-0.0489488;3.060504913;-0.013900405;0.999903385;2.877945688
17:21:29.188396;0.531652254;0.967176251;1.398637288;-0.064105018;3.135048628;-0.069448315;0.997585551;2.908763914
17:21:29.199247;0.53229594;0.785798683;1.369456907;-0.078509992;-3.081999063;-0.124781565;0.992184237;2.93958214
17:21:29.210085;0.53229594;0.628638946;1.341583765;-0.091607371;-3.026885271;-0.179729121;0.983716139;2.970400366
17:21:29.220779;0.530032564;0.463002504;1.314804565;-0.103322737;-2.970599413;-0.234121146;0.972207431;3.001218593
17:21:29.231748;0.528092492;0.332006167;1.292588026;-0.112365545;-2.916329622;-0.287789515;0.957693685;3.032036819
17:21:29.241108;0.507481347;-0.142722473;1.274819223;-0.11717541;-2.862862349;-0.340568344;0.940219763;3.062855045
17:21:29.251081;0.499196386;-0.276036199;1.258804935;-0.120221353;-2.809743166;-0.392294495;0.919839676;3.093673271
17:21:29.262701;0.49498694;-0.298264974;1.243000802;-0.122425929;-2.758005857;-0.442808087;0.896616417;3.124491497
17:21:29.272085;0.48882112;-0.361064477;1.229658125;-0.123318232;-2.706051588;-0.491952984;0.870621767;3.155309724
17:21:29.282357;0.47852545;-0.486337281;1.217712806;-0.122504468;-2.657528877;-0.539577282;0.841936076;3.18612795
17:21:29.293031;0.471248021;-0.527477969;1.206844824;-0.120624103;-2.607094288;-0.585533778;0.810648009;3.216946176
17:21:29.302991;0.467280809;-0.500260192;1.196845375;-0.118441178;-2.562552691;-0.629680423;0.776854275;3.247764402
17:21:29.313344;0.466589139;-0.41382172;1.186706215;-0.116469917;-2.518438578;-0.671880762;0.740659329;3.278582629
17:21:29.323899;0.470202139;-0.263533469;1.17516092;-0.115377394;-2.471664429;-0.712004356;0.702175048;3.309400855
17:21:29.334885;0.474738817;-0.12130305;1.163313727;-0.115374107;-2.426659822;-0.749927185;0.661520383;3.340219081
17:21:29.344361;0.48383297;0.08119967;1.149808399;-0.117077593;-2.381413937;-0.785532032;0.618820998;3.371037307
17:21:29.355042;0.491653426;0.220261708;1.135258997;-0.120120317;-2.341849566;-0.818708844;0.574208871;3.401855534
17:21:29.364900;0.49621941;0.266885799;1.120112097;-0.12391052;-2.30360961;-0.849355075;0.527821899;3.43267376
17:21:29.375096;0.499810841;0.280296919;1.103526711;-0.128538874;-2.269437313;-0.877375998;0.479803459;3.463491986
17:21:29.386001;0.504389837;0.308360945;1.086205684;-0.133941056;-2.23368001;-0.902685001;0.430301974;3.494310212
17:21:29.396263;0.508974677;0.337531857;1.069693325;-0.139572883;-2.199301481;-0.925203857;0.37947045;3.525128439
17:21:29.406717;0.51258655;0.341562869;1.052912719;-0.145636887;-2.162452459;-0.944862961;0.327466004;3.555946665
17:21:29.417459;0.517816758;0.375769411;1.035473135;-0.152422518;-2.121772528;-0.961601548;0.274449381;3.586764891
17:21:29.427394;0.537758374;0.666729211;1.01397706;-0.162756289;-2.078861713;-0.97536788;0.220584449;3.617583117
17:21:29.439831;0.548386251;0.729792334;0.991631256;-0.174250374;-2.036513329;-0.986119405;0.166037704;3.648401344
17:21:29.449753;0.552990606;0.668801559;0.969375619;-0.185880249;-2.001036167;-0.993822892;0.110977746;3.67921957
17:21:29.459524;0.552990606;0.535041247;0.949485565;-0.196107273;-1.972913861;-0.998454529;0.055574762;3.710037796
17:21:29.469462;0.546792727;0.30904356;0.930618283;-0.205182079;-1.948340058;-1;-1.22E-16;3.740856022
17:21:29.480106;0.54155869;0.148129418;0.912920593;-0.213143965;-1.92060709;-0.998481516;-0.05508776;3.771674249
17:21:29.491430;0.536951674;0.033663159;0.895970158;-0.220272109;-1.880740762;-0.993930677;-0.110008221;3.802492475
17:21:29.502296;0.522181383;-0.250422931;0.882050988;-0.22472265;-1.832261443;-0.986361303;-0.16459459;3.833310701
17:21:29.513102;0.522181383;-0.200338345;0.867977688;-0.229284335;-1.782009125;-0.975796383;-0.218681091;3.864128927
17:21:29.522995;0.514643576;-0.309417795;0.856126369;-0.232422136;-1.743513346;-0.962268;-0.272103465;3.894947154
17:21:29.533158;0.51737868;-0.193419057;0.843877572;-0.23607877;-1.725763321;-0.945817242;-0.324699469;3.92576538
17:21:29.543430;0.512115458;-0.253615608;0.831850021;-0.239186706;-1.727186918;-0.926494067;-0.376309372;3.956583606
17:21:29.553472;0.50216742;-0.399422245;0.821859505;-0.240806264;-1.742854714;-0.904357161;-0.426776435;3.987401832
17:21:29.563489;0.489577991;-0.569494914;0.813615288;-0.240812929;-1.759048939;-0.879473751;-0.475947393;4.018220059
17:21:29.574869;0.472646929;-0.767275153;0.80704934;-0.238574546;-1.771921635;-0.851919409;-0.523672914;4.049038285
17:21:29.585923;0.456940602;-0.906751775;0.802442265;-0.2345512;-1.774071693;-0.821777815;-0.569808058;4.079856511
17:21:29.597045;0.456940602;-0.72540142;0.796550102;-0.231053595;-1.761186242;-0.789140509;-0.614212713;4.110674737
17:21:29.607128;0.405188607;-1.605192761;0.798425865;-0.221122756;-1.734102368;-0.75410661;-0.656752024;4.141492964
17:21:29.617171;0.385161116;-1.681759049;0.80201194;-0.209474009;-1.70349586;-0.716782513;-0.697296801;4.17231119
17:21:29.628213;0.366119431;-1.701256144;0.807268189;-0.195604803;-1.673570156;-0.677281572;-0.735723911;4.203129416
17:21:29.639813;0.348090262;-1.674238829;0.814019174;-0.179519842;-1.63736248;-0.635723748;-0.771916651;4.233947642
17:21:29.650574;0.330173142;-1.671737005;0.821230343;-0.163490998;-1.586075187;-0.592235253;-0.805765106;4.264765868
17:21:29.660508;0.312217561;-1.677233039;0.829148134;-0.146851587;-1.522470713;-0.546948158;-0.837166478;4.295584095
17:21:29.671592;0.294199463;-1.688043242;0.837725282;-0.12959868;-1.456236362;-0.5;-0.866025404;4.326402321
17:21:29.683153;0.273034055;-1.697822462;0.848922263;-0.108122197;-1.391704321;-0.451533358;-0.892254239;4.357220547
17:21:29.693370;0.249825254;-1.819161901;0.859368357;-0.089072068;-1.326206446;-0.401695425;-0.915773327;4.388038773
17:21:29.704222;0.225503934;-1.925041502;0.871547839;-0.067927764;-1.260635018;-0.350637555;-0.936511241;4.418857
17:21:29.714887;0.203275084;-1.948426991;0.885238744;-0.044671909;-1.190242529;-0.298514811;-0.954405002;4.449675226
17:21:29.725424;0.178921234;-2.024714772;0.899441428;-0.021139095;-1.116565585;-0.245485487;-0.969400266;4.480493452
17:21:29.736251;0.176884965;-1.657752109;0.911377739;0.000508306;-1.036808372;-0.191710632;-0.981451493;4.511311678
17:21:29.746331;0.153566564;-1.76248973;0.924252857;0.023197064;-0.954966486;-0.137353558;-0.990522085;4.542129905
17:21:29.759693;0.105717663;-2.360367069;0.940974421;0.049312236;-0.872953236;-0.082579345;-0.996584493;4.572948131
17:21:29.766510;0.105717663;-1.888293655;0.954637956;0.07251999;-0.794052005;-0.027554342;-0.999620307;4.603766357
17:21:29.777276;0.105717663;-1.510634924;0.965737441;0.093514722;-0.717927933;0.027554342;-0.999620307;4.634584583
17:21:29.787418;0.042809362;-2.456437201;0.983528449;0.121134879;-0.639204085;0.082579345;-0.996584493;4.66540281
17:21:29.798177;0.027617931;-2.250344358;1.001200865;0.149382641;-0.563915789;0.137353558;-0.990522085;4.696221036
17:21:29.808287;0.009351936;-2.137423343;1.018477344;0.177604769;-0.489338577;0.191710632;-0.981451493;4.727039262
17:21:29.818598;-0.008896279;-2.064162432;1.034332243;0.204037855;-0.417540044;0.245485487;-0.969400266;4.757857488
17:21:29.830392;-0.025317903;-1.976114822;1.049199289;0.229442262;-0.346187651;0.298514811;-0.954405002;4.788675715
17:21:29.839463;-0.042762294;-1.904496897;1.064444914;0.256085008;-0.278870881;0.350637555;-0.936511241;4.819493941
17:21:29.849861;-0.072255132;-2.108903361;1.079943173;0.282391321;-0.217180267;0.401695425;-0.915773327;4.850312167
17:21:29.861961;-0.085314844;-1.916673659;1.095864086;0.310694689;-0.154345825;0.451533358;-0.892254239;4.881130393
17:21:29.872250;-0.098034995;-1.771770802;1.109334076;0.335932171;-0.091857895;0.5;-0.866025404;4.91194862
17:21:29.882388;-0.11037609;-1.659051633;1.121094118;0.359086197;-0.027619859;0.546948158;-0.837166478;4.942766846
17:21:29.893482;-0.123374966;-1.569343845;1.132483457;0.382578082;0.050481681;0.592235253;-0.805765106;4.973585072
17:21:29.903427;-0.136702771;-1.519360734;1.142448742;0.404035313;0.119174697;0.635723748;-0.771916651;5.004403298
17:21:29.913399;-0.1377207;-1.23566307;1.15011233;0.423268244;0.188583791;0.677281572;-0.735723911;5.035221525
17:21:29.923723;-0.15002111;-1.21443278;1.15777433;0.443499051;0.263787061;0.716782513;-0.697296801;5.066039751
17:21:29.935261;-0.162345461;-1.197939416;1.164827017;0.463197706;0.349555671;0.75410661;-0.656752024;5.096857977
17:21:29.946273;-0.184214667;-1.391354613;1.172255164;0.482431324;0.412022173;0.789140509;-0.614212713;5.127676203
17:21:29.955452;-0.18014437;-1.037162296;1.177330887;0.500105516;0.480399847;0.821777815;-0.569808058;5.15849443
17:21:29.966980;-0.18014437;-0.829729837;1.180438446;0.515839377;0.560951531;0.851919409;-0.523672914;5.189312656
17:21:29.977034;-0.18014437;-0.663783869;1.181788719;0.529133882;0.64227134;0.879473751;-0.475947393;5.220130882
17:21:29.986229;-0.206693964;-1.057644475;1.185244777;0.544524765;0.690599561;0.904357161;-0.426776435;5.250949108
17:21:29.996850;-0.210503403;-0.918605045;1.187759852;0.559511749;0.726890743;0.926494067;-0.376309372;5.248378931
17:21:30.008184;-0.212403199;-0.77068588;1.18904925;0.57341477;0.783738911;0.945817242;-0.324699469;5.245643955
17:21:30.019091;-0.214299707;-0.651289674;1.18922803;0.586577789;0.834249675;0.962268;-0.272103465;5.2430211
17:21:30.028646;-0.214811829;-0.531029475;1.188302418;0.597831681;0.887350142;0.975796383;-0.218681091;5.240731887
17:21:30.039413;-0.214377753;-0.41645659;1.186302384;0.608151791;0.917771935;0.986361303;-0.16459459;5.238163151
17:21:30.049804;-0.212053884;-0.28700974;1.183227792;0.617008101;0.963946104;0.993930677;-0.110008221;5.235696327
17:21:30.059662;-0.181069951;0.385696968;1.175604599;0.621263205;1.022040844;0.998481516;-0.05508776;5.233368314
17:21:30.070225;-0.183102365;0.270313333;1.167474559;0.625585301;1.095847845;1;0;5.23088836
17:21:30.079985;-0.12849902;1.300812719;1.152689387;0.62248105;1.187819123;0.998481516;0.05508776;5.228611303
17:21:30.090565;-0.106919708;1.466606978;1.135303463;0.616685951;1.269989371;0.993930677;0.110008221;5.226158887
17:21:30.101322;-0.083516619;1.611461763;1.114264284;0.607661197;1.341966271;0.986361303;0.16459459;5.223682648
17:21:30.112030;-0.088678907;1.193623811;1.094342481;0.599671844;1.402373195;0.975796383;0.218681091;5.221235113
17:21:30.122188;-0.066358667;1.371507555;1.072136589;0.589072379;1.457250714;0.962268;0.272103465;5.218929537
17:21:30.133291;-0.042400353;1.571867749;1.048802435;0.576442819;1.51924181;0.945817242;0.324699469;5.216427768
17:21:30.142808;0.013036856;2.317887417;1.017910497;0.55635447;1.569144487;0.926494067;0.376309372;5.21429873
17:21:30.152889;0.039092608;2.365255656;0.985484628;0.534143716;1.613679051;0.904357161;0.426776435;5.212059155
17:21:30.163492;0.027828825;1.669668388;0.956305737;0.514792142;1.650387764;0.879473751;0.475947393;5.209721143
17:21:30.174141;0.08913967;2.480908458;0.917787162;0.486305387;1.710378528;0.851919409;0.523672914;5.207391265
17:21:30.184587;0.120100027;2.598169089;0.878864626;0.456448834;1.794361472;0.821777815;0.569808058;5.205123785
17:21:30.194533;0.119080976;2.058377494;0.842069919;0.428352368;1.880764365;0.789140509;0.614212713;5.202981556
17:21:30.205547;0.174749852;2.672335827;0.795919682;0.391090129;1.942962408;0.75410661;0.656752024;5.200628518
17:21:30.215464;0.20255805;2.688302383;0.751318355;0.354303204;1.991726518;0.716782513;0.697296801;5.198527297
17:21:30.225654;0.204595203;2.190945088;0.709153895;0.319518444;2.044541836;0.677281572;0.735723911;5.19638563
17:21:30.236134;0.290257421;3.317293211;0.651985324;0.269798559;2.124135017;0.635723748;0.771916651;5.194201583
17:21:30.246226;0.319220166;3.222600351;0.597948139;0.222122885;2.200990438;0.592235253;0.805765106;5.192116363
17:21:30.257181;0.321257487;2.618319641;0.547866186;0.177838844;2.257100344;0.546948158;0.837166478;5.189872976
17:21:30.266834;0.322275955;2.114813235;0.501633488;0.136905532;2.316723585;0.5;0.866025404;5.18791376
17:21:30.277542;0.371259813;2.634427722;0.449679196;0.089890979;2.364002228;0.451533358;0.892254239;5.185759826
17:21:30.288451;0.39532665;2.551116473;0.396004826;0.040800232;2.416230917;0.401695425;0.915773327;5.18358665
17:21:30.299112;0.419376506;2.482585142;0.342969838;-0.00821604;2.477456331;0.350637555;0.936511241;5.18148374
17:21:30.310057;0.441617453;2.396936817;0.291497156;-0.056259184;2.543084145;0.298514811;0.954405002;5.179346465
17:21:30.320259;0.463597344;2.323571925;0.241355546;-0.103521165;2.595789909;0.245485487;0.969400266;5.177374219
17:21:30.330483;0.500766772;2.596047452;0.193229926;-0.149459837;2.646374941;0.191710632;0.981451493;5.175417195
17:21:30.340351;0.49154089;1.893971733;0.151432253;-0.189522371;2.715896606;0.137353558;0.990522085;5.173546964
17:21:30.354935;0.516825258;1.868215053;0.093550844;-0.245659846;2.780845404;0.082579345;0.996584493;5.170816806
17:21:30.366094;0.515806519;1.476512431;0.054022179;-0.284360563;2.842298985;0.027554342;0.999620307;5.168755372
17:21:30.375975;0.533858925;1.539729392;0.019707918;-0.318306718;2.910290241;-0.027554342;0.999620307;5.166950167
17:21:30.386215;0.54089323;1.370193402;0.001;-0.350425705;2.987188101;-0.082579345;0.996584493;5.165099505
17:21:30.398902;0.546398698;1.197650934;0.001;-0.382141244;3.073315144;-0.137353558;0.990522085;5.162835274
17:21:30.408122;0.549273818;1.014121842;0.001;-0.409387404;-3.139680862;-0.191710632;0.981451493;5.161209877
17:21:30.417603;0.549569854;0.817054321;0.001;-0.433910654;-3.076413155;-0.245485487;0.969400266;5.159556245
17:21:30.429548;0.549569854;0.653643457;0.001;-0.457557409;-3.025123835;-0.298514811;0.954405002;5.157498724
17:21:30.439003;0.545379547;0.43984726;0.001;-0.476237892;-2.971565008;-0.350637555;0.936511241;5.155890722
17:21:30.449232;0.540223745;0.25094135;0.001;-0.492550005;-2.912195683;-0.401695425;0.915773327;5.154171773
17:21:30.459745;0.53505981;0.10016685;0.001;-0.506602125;-2.856494188;-0.451533358;0.892254239;5.152427677
17:21:30.470350;0.53505981;0.08013348;0.001;-0.519797971;-2.801615;-0.5;0.866025404;5.150691693
17:21:30.481186;0.526594805;-0.092440935;0.001;-0.530567133;-2.753597498;-0.546948158;0.837166478;5.148942343
17:21:30.491424;0.510383115;-0.37438744;0.001;-0.537816733;-2.707751274;-0.592235253;0.805765106;5.147312417
17:21:30.501554;0.500902266;-0.487681629;0.001;-0.542623546;-2.667621374;-0.635723748;0.771916651;5.14572174
17:21:30.513171;0.49501462;-0.498628264;0.001;-0.546444309;-2.630271196;-0.677281572;0.735723911;5.143924784
17:21:30.523425;0.492062542;-0.452848457;0.001;-0.549489712;-2.590382814;-0.716782513;0.697296801;5.142363016
17:21:30.533614;0.49406652;-0.322469943;0.001;-0.552322598;-2.546114206;-0.75410661;0.656752024;5.140833944
17:21:30.544810;0.498624359;-0.16966295;0.001;-0.555631603;-2.494152069;-0.789140509;0.614212713;5.139180155
17:21:30.554718;0.511798619;0.12423585;0.001;-0.560452916;-2.445808649;-0.821777815;0.569808058;5.137739855
17:21:30.563924;0.525889138;0.37825466;0.001;-0.566812279;-2.399544001;-0.851919409;0.523672914;5.136421296
17:21:30.575282;0.534804591;0.470996777;0.001;-0.574178815;-2.362579584;-0.879473751;0.475947393;5.13482084
17:21:30.585416;0.541433655;0.498909955;0.001;-0.582016055;-2.33045435;-0.904357161;0.426776435;5.133417589
17:21:30.595497;0.546786423;0.505061087;0.001;-0.589384194;-2.303367615;-0.926494067;0.376309372;5.132044986
17:21:30.606060;0.552553859;0.51859964;0.001;-0.596872769;-2.276385784;-0.945817242;0.324699469;5.130631877
17:21:30.615813;0.557556941;0.513664896;0.001;-0.604432743;-2.245730877;-0.962268;0.272103465;5.129350115
17:21:30.627829;0.561629475;0.490313019;0.001;-0.611980456;-2.205296755;-0.975796383;0.218681091;5.127801515
17:21:30.639127;0.567956041;0.495677648;0.001;-0.621148064;-2.159861565;-0.986361303;0.16459459;5.126376464
17:21:30.649189;0.575276896;0.541085056;0.001;-0.628987418;-2.115206003;-0.993930677;0.110008221;5.125132811
17:21:30.659020;0.582884535;0.583319713;0.001;-0.637146304;-2.078655481;-0.998481516;0.05508776;5.123941072
17:21:30.670622;0.573778083;0.308281973;0.001;-0.644232184;-2.044896841;-1;-1.22E-16;5.122564562
17:21:30.680543;0.562361132;0.021269034;0.001;-0.648417421;-2.008132219;-0.998558371;-0.05367663;5.121413358
17:21:30.692119;0.553770135;-0.146821478;0.001;-0.651227762;-1.967126012;-0.994237639;-0.107198496;5.120100474
17:21:30.702198;0.544769498;-0.285024787;0.001;-0.652621053;-1.923035383;-0.987050263;-0.160411281;5.118984185
17:21:30.713745;0.531532421;-0.45465908;0.001582505;-0.65202341;-1.873972893;-0.977016965;-0.213161559;5.117736207
17:21:30.723398;0.51891533;-0.606047109;0.003741531;-0.64983651;-1.824515462;-0.964166675;-0.265297237;5.11671842
17:21:30.734347;0.509472561;-0.669558225;0.006936749;-0.646586487;-1.78626287;-0.948536442;-0.316667994;5.115592276
17:21:30.744123;0.505399157;-0.616508085;0.010373829;-0.643061976;-1.767002583;-0.930171333;-0.367125715;5.114612353
17:21:30.756234;0.505931933;-0.484134477;0.013970051;-0.63932246;-1.768860102;-0.9091243;-0.416524918;5.113432065
17:21:30.766794;0.505198203;-0.400767232;0.017123514;-0.635999247;-1.78399086;-0.885456026;-0.464723172;5.112433564
17:21:30.776887;0.497967524;-0.464160425;0.020751466;-0.632180268;-1.799087763;-0.859234753;-0.511581509;5.111506075
17:21:30.787423;0.485194637;-0.612460834;0.026032283;-0.626651248;-1.809075475;-0.830536083;-0.556964823;5.110566057
17:21:30.798614;0.474251182;-0.679480583;0.032962244;-0.619380019;-1.811511517;-0.799442763;-0.600742264;5.109599331
17:21:30.810765;0.461701895;-0.775180292;0.040714657;-0.61122779;-1.804657578;-0.766044443;-0.64278761;5.108586946
17:21:30.820648;0.45086121;-0.827197486;0.049119567;-0.602351939;-1.781047583;-0.730437418;-0.682979632;5.10779233
17:21:30.830749;0.43717192;-0.915614459;0.059067282;-0.591820078;-1.744577169;-0.692724354;-0.721202447;5.107007061
17:21:30.841226;0.422471412;-1.023640054;0.0696676;-0.580569064;-1.704922676;-0.653013985;-0.757345849;5.106221439
17:21:30.852848;0.403557757;-1.156075969;0.083403259;-0.565973628;-1.661862969;-0.611420808;-0.791305627;5.105384581
17:21:30.862588;0.370714231;-1.572589187;0.099451964;-0.548996709;-1.616480708;-0.568064747;-0.822983866;5.104711462
17:21:30.873379;0.353934846;-1.5754117;0.117406436;-0.529894327;-1.564116836;-0.523070808;-0.852289229;5.103995952
17:21:30.883093;0.352917065;-1.280485821;0.133381222;-0.512652146;-1.50764966;-0.47656872;-0.879137222;5.103379203
17:21:30.893860;0.3159404;-1.723186636;0.154426052;-0.490082873;-1.447665453;-0.428692561;-0.903450435;5.10272606
17:21:30.903745;0.292826204;-1.827884423;0.176743827;-0.466059989;-1.384630084;-0.379580371;-0.925158766;5.102154785
17:21:30.914814;0.269686413;-1.889105791;0.202072577;-0.438675425;-1.318962216;-0.329373752;-0.944199625;5.101547505
17:21:30.925756;0.265614426;-1.588868799;0.225186948;-0.413316825;-1.254682899;-0.278217464;-0.960518112;5.100981063
17:21:30.935883;0.219274682;-2.186351556;0.252768854;-0.383313064;-1.187909722;-0.226259002;-0.974067176;5.100487001
17:21:30.946779;0.177125218;-2.58278919;0.284645755;-0.348716907;-1.114361167;-0.173648178;-0.984807753;5.099988025
17:21:30.956352;0.157097047;-2.433026306;0.319522968;-0.310537726;-1.037425876;-0.12053668;-0.992708874;5.099577685
17:21:30.966514;0.139134294;-2.295392062;0.352361417;-0.274238222;-0.95372498;-0.067077644;-0.997747759;5.099170969
17:21:30.977223;0.122194581;-2.170847783;0.384491987;-0.238373876;-0.862639487;-0.013425206;-0.999909878;5.098774718
17:21:30.988028;0.106319217;-2.030735339;0.418221984;-0.200307025;-0.768490434;0.04026594;-0.999188998;5.098408762
17:21:30.997469;0.091511407;-1.918640023;0.448989877;-0.165169395;-0.675974727;0.093840989;-0.995587198;5.098116994
17:21:31.011049;0.076589697;-1.817809665;0.480521997;-0.1287314;-0.59071219;0.147145471;-0.989114862;5.097743373
17:21:31.018758;0.060649402;-1.750758004;0.512005287;-0.091909027;-0.509982526;0.200025694;-0.979790652;5.097555592
17:21:31.029895;0.044523458;-1.715556249;0.541432098;-0.057085577;-0.435777843;0.252329191;-0.967641452;5.097315584
17:21:31.040578;0.027541046;-1.683620471;0.57230353;-0.020132422;-0.365258723;0.303905158;-0.952702291;5.097120278
17:21:31.051336;0.009162435;-1.689468224;0.602309692;0.016178786;-0.297635436;0.354604887;-0.935016243;5.096958352
17:21:31.062717;-0.009246525;-1.696405864;0.631832547;0.052293514;-0.233488902;0.404282199;-0.914634301;5.096825229
17:21:31.072246;-0.027398758;-1.716529636;0.659470856;0.086456589;-0.171784833;0.45279386;-0.891615231;5.09674413
17:21:31.083069;-0.046794189;-1.73096824;0.6889729;0.123272919;-0.11141336;0.5;-0.866025404;5.096685766
17:21:31.093962;-0.063862904;-1.700302806;0.717663575;0.159576414;-0.05330655;0.54576451;-0.837938601;5.096663464
17:21:31.104242;-0.079897676;-1.672079441;0.744166438;0.193599038;0.00318454;0.58995544;-0.807435805;5.096676132
17:21:31.114313;-0.092869814;-1.581074376;0.770373318;0.227880592;0.071656175;0.632445376;-0.774604962;5.096720459
17:21:31.124235;-0.103826571;-1.482394697;0.793756884;0.259144917;0.142775238;0.673111807;-0.739540732;5.096795181
17:21:31.135110;-0.11577333;-1.404393211;0.817901969;0.292106035;0.210413396;0.711837484;-0.702344215;5.096912667
17:21:31.145700;-0.12671376;-1.339973927;0.839018037;0.321599009;0.265699059;0.748510748;-0.663122658;5.097063031
17:21:31.155541;-0.135317876;-1.242790929;0.858732008;0.349867106;0.321166009;0.783025862;-0.621989147;5.097234732
17:21:31.166269;-0.141870925;-1.120907387;0.877401487;0.377520084;0.377058864;0.81528331;-0.57906228;5.09745718
17:21:31.177252;-0.147101635;-0.994098734;0.895041737;0.404683917;0.431047916;0.845190086;-0.534465826;5.097723231
17:21:31.187025;-0.151299498;-0.878183868;0.91008565;0.428869795;0.495378971;0.872659959;-0.488328369;5.097992734
17:21:31.197249;-0.155482305;-0.781972156;0.924300442;0.452746929;0.563504994;0.897613728;-0.440782935;5.098307864
17:21:31.208157;-0.154583477;-0.607959012;0.936093174;0.474031985;0.641301334;0.919979444;-0.39196661;5.098681687
17:21:31.217588;-0.155405024;-0.502265672;0.946550154;0.494218767;0.724110246;0.939692621;-0.342020143;5.099036345
17:21:31.229058;-0.155638894;-0.405950293;0.956386704;0.514812441;0.805688679;0.956696421;-0.291087544;5.099507193
17:21:31.240364;-0.154130386;-0.297180863;0.964250726;0.533182934;0.880338788;0.970941817;-0.239315664;5.10001397
17:21:31.251198;-0.150659032;-0.174307957;0.970401512;0.549921388;0.952494562;0.982387737;-0.186853775;5.100539544
17:21:31.261535;-0.1426548;0.013824389;0.974212032;0.563887846;1.014745355;0.991001179;-0.133853139;5.101077648
17:21:31.272050;-0.132778489;0.207196925;0.975906157;0.57540197;1.072300076;0.996757308;-0.080466569;5.101661913
17:21:31.282581;-0.121295695;0.380141941;0.975605779;0.585554446;1.127525687;0.999639528;-0.026847993;5.102284546
17:21:31.293483;-0.104266041;0.623145702;0.972639697;0.59298789;1.183066607;0.999639528;0.026847993;5.102968784
17:21:31.302724;-0.085475645;0.87003508;0.967322131;0.597481886;1.240961909;0.996757308;0.080466569;5.103580132
17:21:31.315066;-0.060006361;1.112478939;0.957117199;0.599045584;1.300991774;0.991001179;0.133853139;5.104440752
17:21:31.325146;-0.042074937;1.243804507;0.94682426;0.59840107;1.358868003;0.982387737;0.186853775;5.10518045
17:21:31.336091;-0.019220785;1.435658621;0.933828755;0.595159429;1.413831234;0.970941817;0.239315664;5.106020424
17:21:31.345761;0.003594143;1.601418168;0.918996286;0.589659854;1.467569947;0.956696421;0.291087544;5.106793892
17:21:31.357680;-0.002517803;1.163990404;0.905628102;0.585810674;1.519565225;0.939692621;0.342020143;5.10778697
17:21:31.367308;0.045754798;1.834130258;0.885896535;0.575655502;1.584834218;0.919979444;0.39196661;5.10862062
17:21:31.377988;0.07278641;1.973918749;0.86372478;0.562817694;1.653365254;0.897613728;0.440782935;5.109577628
17:21:31.388449;0.101748656;2.131674361;0.839350286;0.547368482;1.718047142;0.872659959;0.488328369;5.11054732
17:21:31.398939;0.12645794;2.149521548;0.811602919;0.528803021;1.787856936;0.845190086;0.534465826;5.111551196
17:21:31.409719;0.15220814;2.229240339;0.78458871;0.509852315;1.860051632;0.81528331;0.57906228;5.112615042
17:21:31.419295;0.177931735;2.285117927;0.755360462;0.488517495;1.943631053;0.783025862;0.621989147;5.113586932
17:21:31.429654;0.203676631;2.336030146;0.724761;0.465418091;2.022713661;0.748510748;0.663122658;5.11466619
17:21:31.440355;0.233540124;2.460496517;0.692041337;0.439847335;2.087316036;0.711837484;0.702344215;5.11581092
17:21:31.451048;0.267559478;2.58903908;0.653629276;0.408808357;2.139219046;0.673111807;0.739540732;5.116984446
17:21:31.461768;0.319325381;3.048987627;0.611070848;0.372942619;2.180304289;0.632445376;0.774604962;5.118190042
17:21:31.471902;0.346281141;2.937217675;0.566526102;0.334768158;2.233535528;0.58995544;0.807435805;5.119355946
17:21:31.483464;0.371354061;2.811636907;0.521296248;0.295440071;2.287191391;0.54576451;0.837938601;5.120716535
17:21:31.493425;0.393188805;2.658776752;0.476947774;0.256411164;2.335618258;0.5;0.866025404;5.121914105
17:21:31.504685;0.415402684;2.550655844;0.433345774;0.217578956;2.381674528;0.45279386;0.891615231;5.123295449
17:21:31.515671;0.433322698;2.369735314;0.388967586;0.17767299;2.42753768;0.404282199;0.914634301;5.124670718
17:21:31.525667;0.448473229;2.196616962;0.349103671;0.141523129;2.479178905;0.354604887;0.935016243;5.125945093
17:21:31.537153;0.466438096;2.095784108;0.307776753;0.103678896;2.53689456;0.303905158;0.952702291;5.127435826
17:21:31.546190;0.478031141;1.897672725;0.268787223;0.067709856;2.601986408;0.252329191;0.967641452;5.128628056
17:21:31.557721;0.487619538;1.695350914;0.230745827;0.032367701;2.671625137;0.200025694;0.979790652;5.130173384
17:21:31.567812;0.493155825;1.45756022;0.195156006;-0.000897438;2.743894339;0.147145471;0.989114862;5.131547287
17:21:31.577980;0.500521592;1.311626131;0.164209441;-0.030028322;2.821075916;0.093840989;0.995587198;5.132951448
17:21:31.588961;0.511784722;1.271404859;0.134269685;-0.058456998;2.902911663;0.04026594;0.999188998;5.13448954
17:21:31.598764;0.515982014;1.099210822;0.10628286;-0.085216248;2.988287449;-0.013425206;0.999909878;5.135881076
17:21:31.608460;0.51688689;0.897338137;0.081221845;-0.10933517;3.075781584;-0.067077644;0.997747759;5.137274035
17:21:31.619753;0.515924981;0.70008326;0.057134399;-0.132676745;-3.124866486;-0.12053668;0.992708874;5.138916606
17:21:31.629797;0.51138897;0.470281743;0.03759413;-0.151740089;-3.051710606;-0.173648178;0.984807753;5.140395173
17:21:31.640862;0.50719407;0.299053273;0.019373738;-0.169652596;-2.988129616;-0.226259002;0.974067176;5.142042626
17:21:31.650782;0.50719407;0.239242618;0.003758813;-0.185149182;-2.929792166;-0.278217464;0.960518112;5.143535599
17:21:31.661849;0.502080668;0.095111874;0.001;-0.1987683;-2.876148224;-0.329373752;0.944199625;5.14521839
17:21:31.671257;0.495610407;-0.052429503;0.001;-0.209414608;-2.822433233;-0.379580371;0.925158766;5.146662668
17:21:31.681255;0.487510999;-0.201967726;0.001;-0.217816283;-2.770014048;-0.428692561;0.903450435;5.148210845
17:21:31.691991;0.478407507;-0.341678338;0.001;-0.223972408;-2.717263222;-0.47656872;0.879137222;5.149887998
17:21:31.702650;0.478407507;-0.273342671;0.001;-0.229873574;-2.667266846;-0.523070808;0.852289229;5.151567551
17:21:31.713588;0.459811866;-0.56068138;0.001;-0.232113232;-2.619346619;-0.568064747;0.822983866;5.15330534
17:21:31.723837;0.453593814;-0.571439233;0.001;-0.233011266;-2.572252512;-0.611420808;0.791305627;5.154946177
17:21:31.733355;0.453593814;-0.457151387;0.001;-0.233825445;-2.525822163;-0.653013985;0.757345849;5.156480317
17:21:31.743306;0.454165556;-0.354462934;0.001;-0.234661062;-2.47621727;-0.692724354;0.721202447;5.158094385
17:21:31.754012;0.457426467;-0.219491137;0.001;-0.235942276;-2.427793264;-0.730437418;0.682979632;5.159841898
17:21:31.763555;0.467513453;0.024127915;0.001;-0.238695045;-2.37912178;-0.766044443;0.64278761;5.161408661
17:21:31.773764;0.483852427;0.343838516;0.001;-0.243764331;-2.336069584;-0.799442763;0.600742264;5.163093707
17:21:31.785046;0.500569338;0.578508757;0.001;-0.251647575;-2.297959089;-0.830536083;0.556964823;5.164965945
17:21:31.794737;0.509452504;0.639201058;0.001;-0.25954846;-2.266720295;-0.859234753;0.511581509;5.166582056
17:21:31.805159;0.514090273;0.603459836;0.001;-0.267445036;-2.239783525;-0.885456026;0.464723172;5.168327639
17:21:31.815205;0.516390775;0.526940059;0.001;-0.275219954;-2.211270571;-0.9091243;0.416524918;5.170017124
17:21:31.825602;0.524846168;0.589370312;0.001;-0.283352205;-2.181853056;-0.930171333;0.367125715;5.171772172
17:21:31.836491;0.531228593;0.593824042;0.001;-0.292010344;-2.146287918;-0.948536442;0.316667994;5.173616758
17:21:31.846392;0.534508466;0.539835643;0.001;-0.30013447;-2.105810881;-0.964166675;0.265297237;5.175299173
17:21:31.856290;0.539734184;0.535597481;0.001;-0.308279985;-2.056133986;-0.977016965;0.213161559;5.176985497
17:21:31.871138;0.545920778;0.510997799;0.001;-0.320455029;-2.009297371;-0.987050263;0.160411281;5.179522318
17:21:31.881921;0.543981149;0.371333212;0.001;-0.327587794;-1.969835043;-0.994237639;0.107198496;5.181369149
17:21:31.892033;0.548201807;0.376446382;0.001;-0.334902028;-1.939122081;-0.998558371;0.05367663;5.183103853
17:21:31.902012;0.5452361;0.242247968;0.001;-0.340738078;-1.909128428;-1;-1.22E-16;5.18481785
17:21:31.913839;0.539206617;0.084203404;0.001;-0.345535354;-1.876374602;-0.998454529;-0.055574762;5.18685125
17:21:31.924660;0.528947127;-0.121168791;0.001;-0.34816216;-1.840122461;-0.993822892;-0.110977746;5.188712877
17:21:31.935473;0.508911272;-0.4626002;0.001859783;-0.34728663;-1.804540992;-0.986119405;-0.166037704;5.190573574
17:21:31.946208;0.503604875;-0.471428327;0.003431539;-0.345687041;-1.775697708;-0.97536788;-0.220584449;5.192420632
17:21:31.957970;0.502585002;-0.396829376;0.005004826;-0.344069922;-1.758462787;-0.961601548;-0.274449381;5.194443372
17:21:31.966966;0.501927778;-0.329761652;0.006584628;-0.342428048;-1.756259918;-0.944862961;-0.327466004;5.195989196
17:21:31.977428;0.501268834;-0.276710773;0.008057299;-0.340880476;-1.768550873;-0.925203857;-0.37947045;5.197785021
17:21:31.987200;0.49538651;-0.337957237;0.010269003;-0.338576139;-1.790297866;-0.902685001;-0.430301974;5.199460043
17:21:31.997980;0.480601778;-0.549408586;0.01472234;-0.333990016;-1.815528631;-0.877375998;-0.479803459;5.201304596
17:21:32.008889;0.46276234;-0.766639067;0.021796036;-0.326716544;-1.83336401;-0.849355075;-0.527821899;5.203167095
17:21:32.019543;0.443823273;-0.969983888;0.031081399;-0.31714964;-1.838679552;-0.818708844;-0.574208871;5.204981398
17:21:32.029981;0.433987796;-0.958063309;0.041279359;-0.306559923;-1.824545264;-0.785532032;-0.618820998;5.206753832
17:21:32.040862;0.418219963;-1.069581316;0.052709745;-0.294639726;-1.792764187;-0.749927185;-0.661520383;5.208595481
17:21:32.050079;0.383270159;-1.547233623;0.068259576;-0.278477401;-1.748519778;-0.712004356;-0.702175048;5.210150196
17:21:32.060204;0.3663073;-1.573856614;0.085114309;-0.260847271;-1.699769497;-0.671880762;-0.740659329;5.211851951
17:21:32.071514;0.352429174;-1.520471212;0.103573249;-0.241384964;-1.651596904;-0.629680423;-0.776854275;5.213744646
17:21:32.082031;0.336644046;-1.517563722;0.122729106;-0.221041482;-1.598948717;-0.585533778;-0.810648009;5.215496199
17:21:32.092350;0.320797472;-1.521655988;0.142425939;-0.199977085;-1.541840076;-0.539577282;-0.841936076;5.217206266
17:21:32.103184;0.302749356;-1.54748649;0.164490769;-0.176232477;-1.480457306;-0.491952984;-0.870621767;5.218991972
17:21:32.114089;0.281642093;-1.627074871;0.187906225;-0.150903173;-1.418038487;-0.442808087;-0.896616417;5.22077867
17:21:32.124965;0.259514483;-1.709633055;0.212868521;-0.123764833;-1.353955388;-0.392294495;-0.919839676;5.222549235
17:21:32.134826;0.235188203;-1.849044661;0.237869232;-0.096484097;-1.287766576;-0.340568344;-0.940219763;5.224144169
17:21:32.145593;0.210922219;-1.937455563;0.26571715;-0.065966793;-1.220670938;-0.287789515;-0.957693685;5.225873737
17:21:32.155658;0.188708126;-1.990893086;0.293285434;-0.035579926;-1.149965644;-0.234121146;-0.972207431;5.227478735
17:21:32.165686;0.164427509;-2.054083168;0.323422897;-0.002194084;-1.074121475;-0.179729121;-0.983716139;5.229065943
17:21:32.176074;0.142197419;-2.066153479;0.354280719;0.032229173;-0.99053973;-0.124781565;-0.992184237;5.230697049
17:21:32.186419;0.119892626;-2.091001324;0.384842423;0.066556885;-0.906495392;-0.069448315;-0.997585551;5.232307593
17:21:32.197318;0.099790521;-2.066166113;0.415746085;0.101554647;-0.822055817;-0.013900405;-0.999903385;5.233988832
17:21:32.208290;0.079599201;-2.023041468;0.448785194;0.139313761;-0.73829037;0.041690471;-0.999130574;5.235664534
17:21:32.218132;0.061514495;-1.958360367;0.480552388;0.176028481;-0.655365705;0.097152484;-0.995269509;5.237152745
17:21:32.229266;0.044321146;-1.88620381;0.512076537;0.212897424;-0.574548542;0.152314204;-0.988332122;5.238818664
17:21:32.240093;0.028337931;-1.808044727;0.542570165;0.249030462;-0.496000797;0.207005129;-0.978339857;5.240420009
17:21:32.250894;0.011156718;-1.766823401;0.572594693;0.285038493;-0.421709597;0.261056214;-0.9653236;5.241998522
17:21:32.261898;-0.005008664;-1.71128491;0.6022076;0.321031326;-0.353734195;0.314300389;-0.949323583;5.243586513
17:21:32.273476;-0.041917309;-2.049328231;0.634547338;0.360084554;-0.290301859;0.366573079;-0.930389261;5.245234572
17:21:32.282814;-0.060099559;-1.996887353;0.664233334;0.396380445;-0.231276646;0.417712713;-0.90857916;5.246546225
17:21:32.292986;-0.078520721;-1.935882852;0.69536061;0.434913;-0.175115287;0.467561221;-0.883960692;5.247956645
17:21:32.304015;-0.093635307;-1.843671631;0.72355194;0.470378003;-0.115366861;0.515964524;-0.856609952;5.249463611
17:21:32.314589;-0.109673305;-1.772283236;0.752301664;0.507091342;-0.054744631;0.56277301;-0.82661148;5.250886
17:21:32.325657;-0.123986323;-1.680987565;0.780047468;0.543174633;0.008384828;0.607841997;-0.794058;5.252350656
17:21:32.335989;-0.138289138;-1.623089261;0.80525705;0.576534286;0.073985554;0.651032179;-0.759050131;5.25369497
17:21:32.345712;-0.138289138;-1.298471409;0.827173235;0.606673866;0.14345035;0.692210058;-0.721696082;5.254939277
17:21:32.356871;-0.163485814;-1.511400705;0.851318238;0.639769984;0.212979749;0.731248356;-0.682111312;5.256341899
17:21:32.366971;-0.172314733;-1.383214365;0.872825038;0.670022688;0.283453256;0.768026406;-0.640418175;5.257587366
17:21:32.377063;-0.181275636;-1.28372682;0.893043124;0.699174933;0.34995088;0.802430531;-0.596745542;5.258808467
17:21:32.386337;-0.185856148;-1.117971338;0.91150841;0.726726308;0.418122917;0.83435439;-0.551228403;5.259909522
17:21:32.396398;-0.192063608;-1.016758836;0.928818326;0.753372471;0.483430892;0.863699306;-0.504007448;5.261080686
17:21:32.407117;-0.196327935;-0.898048509;0.944618445;0.778612717;0.543815136;0.890374578;-0.455228636;5.262301149
17:21:32.417062;-0.200174822;-0.794517202;0.959174378;0.802796574;0.615832865;0.914297753;-0.405042737;5.263407744
17:21:32.427446;-0.197001203;-0.575201856;0.972211542;0.825981292;0.690963805;0.935394886;-0.353604875;5.26453617
17:21:32.437626;-0.195510187;-0.431549927;0.983477318;0.84743983;0.778096139;0.953600767;-0.30107404;5.265615075
17:21:32.448388;-0.194018239;-0.315672934;0.992969637;0.866906243;0.85755223;0.968859122;-0.247612603;5.266725592
17:21:32.458340;-0.190677313;-0.190301742;1.001492178;0.886136277;0.933700502;0.98112279;-0.193385809;5.267724463
17:21:32.469342;-0.178613267;0.082036945;1.007371436;0.902360779;0.997134626;0.990353863;-0.138561271;5.268796695
17:21:32.479527;-0.166022875;0.301359972;1.011281231;0.917052824;1.059493065;0.996523809;-0.083308448;5.269758736
17:21:32.490392;-0.166022875;0.241087978;1.01446088;0.93073092;1.11654985;0.999613557;-0.027798124;5.270751964
17:21:32.500610;-0.152214162;0.465587876;1.015659314;0.942208949;1.173360467;0.999613557;0.027798124;5.271654332
17:21:32.510380;-0.134230482;0.710757589;1.014654886;0.9519981;1.232068062;0.996523809;0.083308448;5.272488024
17:21:32.521817;-0.084922515;1.488468191;1.008299139;0.956486056;1.301283121;0.990353863;0.138561271;5.273427777
17:21:32.531814;-0.090014184;1.096065794;1.002524946;0.961522284;1.353316665;0.98112279;0.193385809;5.274217252
17:21:32.543040;-0.035795971;1.896756328;0.991326778;0.960923194;1.402811527;0.968859122;0.247612603;5.275068265
17:21:32.554095;-0.012972438;1.940929871;0.977893799;0.958101904;1.452808857;0.953600767;0.30107404;5.275869614
17:21:32.564995;0.006129269;1.930427948;0.963736261;0.953764021;1.506461501;0.935394886;0.353604875;5.276624084
17:21:32.575085;0.02521503;1.89830591;0.947016487;0.947346636;1.568763375;0.914297753;0.405042737;5.277290959
17:21:32.585430;0.054176474;2.074543845;0.928275697;0.938375401;1.630959272;0.890374578;0.455228636;5.277943229
17:21:32.596349;0.046012079;1.509333098;0.910140934;0.930226457;1.705514073;0.863699306;0.504007448;5.278597155
17:21:32.607043;0.043970406;1.17002115;0.892660058;0.922574753;1.785833716;0.83435439;0.551228403;5.279203243
17:21:32.617331;0.13684461;2.768957916;0.866993607;0.90582395;1.878865838;0.802430531;0.596745542;5.27975424
17:21:32.627107;0.16262136;2.725373802;0.839106514;0.886555992;1.963605523;0.768026406;0.640418175;5.280248678
17:21:32.636777;0.188437285;2.692870434;0.808951976;0.864701533;2.01163888;0.731248356;0.682111312;5.280709832
17:21:32.647540;0.216347295;2.667524987;0.773546279;0.837901055;2.067991972;0.692210058;0.721696082;5.281190469
17:21:32.658310;0.244244149;2.684729892;0.737841307;0.80985167;2.123219013;0.651032179;0.759050131;5.281637011
17:21:32.668911;0.281461525;2.852913862;0.696507757;0.776088106;2.176073074;0.607841997;0.794058;5.282042949
17:21:32.680889;0.330429158;3.238500937;0.650723968;0.737203182;2.235507965;0.56277301;0.82661148;5.282461526
17:21:32.690068;0.332468985;2.628208026;0.602589586;0.695902185;2.288274288;0.515964524;0.856609952;5.282753517
17:21:32.705569;0.377471775;2.689806219;0.527391479;0.629360356;2.331647158;0.467561221;0.883960692;5.283189961
17:21:32.716296;0.397462168;2.497522257;0.469186474;0.576916718;2.384447098;0.417712713;0.90857916;5.283450345
17:21:32.727178;0.432693516;2.645509216;0.410460862;0.522975627;2.441131353;0.366573079;0.930389261;5.283679703
17:21:32.737408;0.44662678;2.393016216;0.355826489;0.472199469;2.496343613;0.314300389;0.949323583;5.283863381
17:21:32.747863;0.443567629;1.853986035;0.303595076;0.423304484;2.541339397;0.261056214;0.9653236;5.284019133
17:21:32.757664;0.455233586;1.71476317;0.25204982;0.374556277;2.59817934;0.207005129;0.978339857;5.28413581
17:21:32.768928;0.465882873;1.568610105;0.197628735;0.322565672;2.666982651;0.152314204;0.988332122;5.28423486
17:21:32.779523;0.464862791;1.2361678;0.146259927;0.273067744;2.756011486;0.097152484;0.995269509;5.28429384
17:21:32.790265;0.463842672;0.969364777;0.100411471;0.228502496;2.861637831;0.041690471;0.999130574;5.284319818
17:21:32.800382;0.494081466;1.376186702;0.053686503;0.182550617;2.960198641;-0.013900405;0.999903385;5.28431316
17:21:32.810993;0.505396892;1.311150489;0.005032847;0.134209737;3.038641214;-0.069448315;0.997585551;5.284273751
17:21:32.821837;0.508285456;1.102814624;0.001;0.088662998;3.112439871;-0.124781565;0.992184237;5.284199193
17:21:32.832124;0.51026709;0.918708743;0.001;0.045675321;-3.10055232;-0.179729121;0.983716139;5.284096445
17:21:32.842172;0.511287172;0.755162151;0.001;0.008700161;-3.039062738;-0.234121146;0.972207431;5.283966002
17:21:32.853837;0.510383516;0.587310547;0.001;-0.027331691;-2.985957384;-0.287789515;0.957693685;5.283777292
17:21:32.863544;0.508111364;0.426353213;0.001;-0.059054835;-2.935103178;-0.340568344;0.940219763;5.28358974
17:21:32.874831;0.503966785;0.264746609;0.001;-0.088480546;-2.883376122;-0.392294495;0.919839676;5.28333682
17:21:32.884937;0.504986747;0.231967197;0.001;-0.113796344;-2.835555315;-0.442808087;0.896616417;5.283078588
17:21:32.895038;0.504986747;0.185573758;0.001;-0.136982229;-2.785068035;-0.491952984;0.870621767;5.282790499
17:21:32.905854;0.506006664;0.167246997;0.001;-0.160124177;-2.739942551;-0.539577282;0.841936076;5.282448795
17:21:32.915483;0.469962801;-0.577744513;0.001;-0.173477642;-2.695600033;-0.585533778;0.810648009;5.282115696
17:21:32.926192;0.461815913;-0.623085993;0.001;-0.184318879;-2.652449846;-0.629680423;0.776854275;5.281713281
17:21:32.937079;0.461157804;-0.510704169;0.001;-0.194783244;-2.608054876;-0.671880762;0.740659329;5.281269697
17:21:32.946808;0.463735068;-0.357394483;0.001;-0.204245837;-2.557938337;-0.712004356;0.702175048;5.280843893
17:21:32.958032;0.466016104;-0.244109255;0.001;-0.214106083;-2.501961708;-0.749927185;0.661520383;5.280318198
17:21:32.968084;0.480725343;0.076611995;0.001;-0.225836931;-2.440878391;-0.785532032;0.618820998;5.279816074
17:21:32.978143;0.492856922;0.301686995;0.001;-0.238021824;-2.395335913;-0.818708844;0.574208871;5.279283984
17:21:32.989428;0.494896411;0.279873078;0.001;-0.25015663;-2.364475489;-0.849355075;0.527821899;5.278651796
17:21:33.000529;0.502812367;0.36937093;0.001;-0.263081881;-2.345038176;-0.877375998;0.479803459;5.277993567
17:21:33.010309;0.508164324;0.401774299;0.001;-0.274997001;-2.330187321;-0.902685001;0.430301974;5.27738381
17:21:33.021189;0.513831716;0.426620003;0.001;-0.287766593;-2.307891846;-0.925203857;0.37947045;5.276672622
17:21:33.031766;0.523154965;0.517550462;0.001;-0.300953188;-2.276535988;-0.944862961;0.327466004;5.27594809
17:21:33.042356;0.53246897;0.587859155;0.001;-0.314907408;-2.235519648;-0.961601548;0.274449381;5.275189938
17:21:33.052474;0.541773331;0.644463638;0.001;-0.329346043;-2.194430113;-0.97536788;0.220584449;5.274434999
17:21:33.063102;0.551017956;0.698078446;0.001;-0.343505293;-2.150811434;-0.986119405;0.166037704;5.273609843
17:21:33.072792;0.560617015;0.748001463;0.001;-0.358175993;-2.123224258;-0.993822892;0.110977746;5.272828805
17:21:33.083663;0.563025679;0.64599968;0.001;-0.372087708;-2.106428146;-0.998454529;0.055574762;5.271919997
17:21:33.093945;0.56404431;0.536997529;0.001;-0.385039539;-2.091343641;-1;-1.22E-16;5.271028743
17:21:33.103233;0.563025679;0.409940509;0.001;-0.397131087;-2.058958769;-0.998533414;-0.054138909;5.270197179
17:21:33.115046;0.559969144;0.271746714;0.001;-0.40825629;-2.011594296;-0.994137957;-0.108119018;5.269103266
17:21:33.124308;0.531984076;-0.33658396;0.001;-0.413157123;-1.95075202;-0.986826523;-0.161781997;5.268217181
17:21:33.134933;0.518065888;-0.544225204;0.001;-0.415407613;-1.887285233;-0.976620556;-0.21497044;5.267169968
17:21:33.145680;0.506441938;-0.655061332;0.001;-0.415582864;-1.838825107;-0.963549993;-0.267528339;5.266077342
17:21:33.156564;0.501413188;-0.616107575;0.001712147;-0.414855849;-1.810009956;-0.947653171;-0.31930153;5.264936577
17:21:33.166017;0.502728542;-0.466896658;0.00210592;-0.414442727;-1.796542525;-0.92897672;-0.370138155;5.263917874
17:21:33.177529;0.50177807;-0.391379429;0.002652302;-0.413870986;-1.79463923;-0.90757542;-0.419889102;5.262642245
17:21:33.188147;0.493603367;-0.456209474;0.004702146;-0.411778967;-1.804655433;-0.883512044;-0.468408441;5.261431581
17:21:33.199327;0.460573532;-1.01784626;0.011822867;-0.404574214;-1.818590999;-0.856857176;-0.515553857;5.260121489
17:21:33.210112;0.463632646;-0.759552372;0.018557503;-0.397669245;-1.836476326;-0.827688998;-0.561187065;5.258823341
17:21:33.220384;0.451752656;-0.84016723;0.026242224;-0.389755154;-1.848944426;-0.796093066;-0.605174215;5.257555595
17:21:33.231229;0.414841871;-1.352276206;0.040394456;-0.375240319;-1.838619471;-0.762162055;-0.647386285;5.25618396
17:21:33.242038;0.395675546;-1.435822731;0.056912538;-0.35819427;-1.807282567;-0.725995492;-0.687699459;5.25478299
17:21:33.252192;0.38997561;-1.254211409;0.073198258;-0.341204812;-1.768669009;-0.687699459;-0.725995492;5.253436111
17:21:33.262208;0.373976041;-1.319281373;0.090086046;-0.323489021;-1.728647232;-0.647386285;-0.762162055;5.252078315
17:21:33.272952;0.359134946;-1.350232676;0.108212672;-0.304363013;-1.680295825;-0.605174215;-0.796093066;5.250589578
17:21:33.283271;0.343112047;-1.396461317;0.127913496;-0.283464702;-1.62650764;-0.561187065;-0.827688998;5.249128318
17:21:33.293044;0.326187528;-1.43543123;0.150134774;-0.259763258;-1.574954867;-0.515553857;-0.856857176;5.24771601
17:21:33.303921;0.326187528;-1.148344984;0.169659197;-0.238620784;-1.519618034;-0.468408441;-0.883512044;5.246111728
17:21:33.314610;0.281691823;-1.737146152;0.197386797;-0.208895676;-1.460962534;-0.419889102;-0.90757542;5.244501903
17:21:33.325477;0.257282399;-1.846109709;0.227035214;-0.176975113;-1.396866202;-0.370138155;-0.92897672;5.242831474
17:21:33.336103;0.257282399;-1.476887768;0.254060646;-0.147395326;-1.335530519;-0.31930153;-0.947653171;5.241165157
17:21:33.346656;0.207461873;-2.102338763;0.288801718;-0.109714404;-1.269212365;-0.267528339;-0.963549993;5.239478073
17:21:33.357508;0.183023122;-2.135539312;0.325097185;-0.070108982;-1.199534774;-0.21497044;-0.976620556;5.237709721
17:21:33.367757;0.159584512;-2.146636851;0.362432416;-0.029093241;-1.124401808;-0.161781997;-0.986826523;5.236008486
17:21:33.378279;0.11802604;-2.504466004;0.40379035;0.01631342;-1.044634819;-0.108119018;-0.994137957;5.234230476
17:21:33.389878;0.099800745;-2.337807935;0.446070089;0.063231169;-0.960334182;-0.054138909;-0.998533414;5.232233558
17:21:33.399985;0.081613295;-2.228024032;0.485036225;0.106933744;-0.8683725;6.12E-17;-1;5.230461958
17:21:33.410744;0.082630798;-1.763268744;0.521648539;0.1488982;-0.778692663;0.054138909;-0.998533414;5.228543802
17:21:33.421333;0.047166984;-2.077578145;0.561114927;0.194125665;-0.687951446;0.108119018;-0.994137957;5.226623474
17:21:33.430623;0.032970237;-1.942984468;0.597268329;0.236136348;-0.59988004;0.161781997;-0.986826523;5.224912199
17:21:33.440753;0.014636558;-1.915701923;0.633008595;0.278122567;-0.522895694;0.21497044;-0.976620556;5.22301795
17:21:33.452536;-0.002893984;-1.864661253;0.669286553;0.321278708;-0.450009912;0.267528339;-0.963549993;5.220777549
17:21:33.461591;-0.020163479;-1.828693766;0.703516949;0.36254818;-0.381784856;0.31930153;-0.947653171;5.219028783
17:21:33.472587;-0.020163479;-1.462955013;0.733562541;0.399875649;-0.314107746;0.370138155;-0.92897672;5.216873548
17:21:33.482586;-0.036643763;-1.475829739;0.764627002;0.439026688;-0.243146449;0.419889102;-0.90757542;5.214883643
17:21:33.492959;-0.036643763;-1.180663791;0.79049284;0.472844269;-0.169623047;0.468408441;-0.883512044;5.21278904
17:21:33.503027;-0.037661544;-0.964603022;0.81320313;0.503688852;-0.089248881;0.515553857;-0.856857176;5.210726558
17:21:33.513491;-0.082084396;-1.654129645;0.839708282;0.538517725;-0.0185569;0.561187065;-0.827688998;5.208552207
17:21:33.523547;-0.096243129;-1.588874733;0.866446187;0.5743552;0.05859188;0.605174215;-0.796093066;5.206433118
17:21:33.534902;-0.109301262;-1.513767394;0.891850163;0.609223999;0.124139018;0.647386285;-0.762162055;5.204005528
17:21:33.545402;-0.11933039;-1.401200159;0.914853047;0.641757135;0.198047057;0.687699459;-0.725995492;5.201727933
17:21:33.556268;-0.139009882;-1.491055479;0.937700076;0.674457954;0.248034477;0.725995492;-0.687699459;5.199337782
17:21:33.565939;-0.138935966;-1.191377761;0.956388951;0.702695116;0.298883826;0.762162055;-0.647386285;5.19718213
17:21:33.576823;-0.146666936;-1.101097582;0.974099012;0.730492017;0.339791775;0.796093066;-0.605174215;5.194724172
17:21:33.587122;-0.160195129;-1.144997629;0.990706602;0.757165504;0.375221819;0.827688998;-0.561187065;5.192367202
17:21:33.597098;-0.164491532;-1.00131839;1.005223149;0.781734677;0.436949909;0.856857176;-0.515553857;5.190055309
17:21:33.607045;-0.164491532;-0.801054712;1.018058314;0.805156942;0.498212993;0.883512044;-0.468408441;5.187721891
17:21:33.617753;-0.169286481;-0.735602374;1.029101708;0.826560884;0.592972219;0.90757542;-0.419889102;5.185178441
17:21:33.627527;-0.1678264;-0.55953647;1.038198812;0.846087345;0.657741129;0.92897672;-0.370138155;5.182828333
17:21:33.637605;-0.164426332;-0.38262999;1.045621952;0.864412138;0.735321045;0.947653171;-0.31930153;5.18037665
17:21:33.648299;-0.161701728;-0.252419041;1.051164685;0.880597464;0.806049526;0.963549993;-0.267528339;5.177743505
17:21:33.658971;-0.155978132;-0.095077416;1.055105101;0.895820657;0.891720176;0.976620556;-0.21497044;5.175083348
17:21:33.669239;-0.147049642;0.089064332;1.056977386;0.909113955;0.977017641;0.986826523;-0.161781997;5.172493329
17:21:33.679906;-0.132416222;0.361636238;1.056402955;0.919190015;1.074614167;0.994137957;-0.108119018;5.169770934
17:21:33.690800;-0.093113928;1.020791132;1.050853028;0.92496251;1.175337672;0.998533414;-0.054138909;5.166957244
17:21:33.701622;-0.067443834;1.307717315;1.042495204;0.927547085;1.244636893;1;0;5.164128788
17:21:33.711882;-0.040147689;1.554402693;1.030903242;0.927090823;1.296307206;0.998533414;0.054138909;5.161416551
17:21:33.722364;-0.012673325;1.767309434;1.016791898;0.923719999;1.344911933;0.994137957;0.108119018;5.158614976
17:21:33.732568;0.015434644;1.970132348;1.000548337;0.917669272;1.403300166;0.986826523;0.161781997;5.15585815
17:21:33.742529;0.044232156;2.143662963;0.981575721;0.908753348;1.46585989;0.976620556;0.21497044;5.153139046
17:21:33.753119;0.019668704;1.245068344;0.965422275;0.902777977;1.520428181;0.963549993;0.267528339;5.15021819
17:21:33.763088;0.019668704;0.996054676;0.949518494;0.897052148;1.578241944;0.947653171;0.31930153;5.147440511
17:21:33.774786;0.012538313;0.674799863;0.933555435;0.892090355;1.649757743;0.92897672;0.370138155;5.14414658
17:21:33.785585;0.01050011;0.499431557;0.920461559;0.888347826;1.738799453;0.90757542;0.419889102;5.141072972
17:21:33.794964;0.01050011;0.399545246;0.90772579;0.884868481;1.844650745;0.883512044;0.468408441;5.138378148
17:21:33.808910;0.173731155;2.816758926;0.867543856;0.856289287;1.915967107;0.856857176;0.515553857;5.134327842
17:21:33.818935;0.196463253;2.704750412;0.83498467;0.832304041;1.958934903;0.827688998;0.561187065;5.131384591
17:21:33.828581;0.224343911;2.699278901;0.798897062;0.804722396;1.962607861;0.796093066;0.605174215;5.128527772
17:21:33.839790;0.254338639;2.731051189;0.759838388;0.773841471;2.020870686;0.762162055;0.647386285;5.125177671
17:21:33.849924;0.280200548;2.698275293;0.720326282;0.741783699;2.075669765;0.725995492;0.687699459;5.122120968
17:21:33.859676;0.333278534;3.153082406;0.672350329;0.701239135;2.12851429;0.687699459;0.725995492;5.119154668
17:21:33.870820;0.333278534;2.522465925;0.627715025;0.663359936;2.200096369;0.647386285;0.762162055;5.115735381
17:21:33.881658;0.384526536;2.96395001;0.57527161;0.617431163;2.257419825;0.605174215;0.796093066;5.112379963
17:21:33.891728;0.40745292;2.799937368;0.522531881;0.570558583;2.311641932;0.561187065;0.827688998;5.109235996
17:21:33.902263;0.40745292;2.239949895;0.475613894;0.528678943;2.378599167;0.515553857;0.856857176;5.10591993
17:21:33.912357;0.40745292;1.791959916;0.430125477;0.487923829;2.447703838;0.468408441;0.883512044;5.102717053
17:21:33.922675;0.462606691;2.502511241;0.378810246;0.440779287;2.490203381;0.419889102;0.90757542;5.099417388
17:21:33.933520;0.461587967;1.981895265;0.332185533;0.397752658;2.525501013;0.370138155;0.92897672;5.095921397
17:21:33.943187;0.460569118;1.565361102;0.289327401;0.358033396;2.591483831;0.31930153;0.947653171;5.092781325
17:21:33.953187;0.489088384;1.802923175;0.243723906;0.315187389;2.66981411;0.267528339;0.963549993;5.08950965
17:21:33.964152;0.489088384;1.44233854;0.199844904;0.273723436;2.762352943;0.21497044;0.976620556;5.085895084
17:21:33.974861;0.489088384;1.153870832;0.162922481;0.238624335;2.862572908;0.161781997;0.986826523;5.082337703
17:21:33.984209;0.522386596;1.583245906;0.12308897;0.20023037;2.943839073;0.108119018;0.994137957;5.079210633
17:21:33.994775;0.526611058;1.34629516;0.084268599;0.162505672;2.988522053;0.054138909;0.998533414;5.075651866
17:21:34.005227;0.52823074;1.108384214;0.049730189;0.128656629;3.027249336;6.12E-17;1;5.072106382
17:21:34.016266;0.530221394;0.924200369;0.017302809;0.096582155;3.088922024;-0.054138909;0.998533414;5.068334896
17:21:34.026331;0.527951108;0.694491211;0.001;0.069154173;-3.122782469;-0.108119018;0.994137957;5.064872319
17:21:34.037469;0.525682275;0.514060561;0.001;0.042788018;-3.059474945;-0.161781997;0.986826523;5.061014322
17:21:34.047045;0.519518922;0.289722703;0.001;0.02192948;-2.993313074;-0.21497044;0.976620556;5.057675486
17:21:34.057602;0.51463499;0.134943191;0.001;0.004094033;-2.933285952;-0.267528339;0.963549993;5.053971364
17:21:34.067604;0.51463499;0.107954553;0.001;-0.01261791;-2.873797417;-0.31930153;0.947653171;5.050439682
17:21:34.078508;0.502582314;-0.152129767;0.001;-0.024941629;-2.813211203;-0.370138155;0.92897672;5.046565018
17:21:34.089354;0.494680975;-0.278193618;0.001;-0.034624634;-2.750912428;-0.419889102;0.90757542;5.042685859
17:21:34.099228;0.494680975;-0.222554894;0.001;-0.044344758;-2.695879698;-0.468408441;0.883512044;5.039132774
17:21:34.109245;0.487760922;-0.314723423;0.001;-0.050934831;-2.646861315;-0.515553857;0.856857176;5.035507417
17:21:34.120749;0.480784581;-0.380944686;0.001;-0.055917253;-2.599627495;-0.561187065;0.827688998;5.031318266
17:21:34.130885;0.475058557;-0.418421281;0.001;-0.059064635;-2.555243254;-0.605174215;0.796093066;5.02760479
17:21:34.140475;0.472320833;-0.38892835;0.001;-0.061423849;-2.509420156;-0.647386285;0.762162055;5.024072148
17:21:34.151455;0.473876228;-0.281438185;0.001;-0.063932254;-2.462052822;-0.687699459;0.725995492;5.020004769
17:21:34.161269;0.478739594;-0.128582026;0.001;-0.067003968;-2.416462898;-0.725995492;0.687699459;5.016348996
17:21:34.172105;0.489950545;0.104498389;0.001;-0.072175265;-2.378898382;-0.762162055;0.647386285;5.012290462
17:21:34.182433;0.505465555;0.371648929;0.001;-0.079830195;-2.342448711;-0.796093066;0.605174215;5.008400858
17:21:34.192923;0.503427733;0.257132506;0.001;-0.085962763;-2.307790279;-0.827688998;0.561187065;5.004429145
17:21:34.203102;0.502350342;0.185522571;0.001;-0.091592609;-2.275337219;-0.856857176;0.515553857;5.00055506
17:21:34.213082;0.501332164;0.128250109;0.001;-0.096220759;-2.241078854;-0.883512044;0.468408441;4.996737665
17:21:34.224540;0.502350342;0.12178032;0.001;-0.10082005;-2.203099489;-0.90757542;0.419889102;4.992331916
17:21:34.234332;0.503427733;0.118749315;0.001;-0.104976242;-2.159085035;-0.92897672;0.370138155;4.988547475
17:21:34.244891;0.548762618;0.924596331;0.001;-0.117912346;-2.114027262;-0.947653171;0.31930153;4.984446895
17:21:34.256328;0.554013823;0.836691645;0.001;-0.130448171;-2.072780609;-0.963549993;0.267528339;4.979982526
17:21:34.267062;0.557069223;0.725785268;0.001;-0.142322304;-2.037615538;-0.976620556;0.21497044;4.975771227
17:21:34.277157;0.56086494;0.65138901;0.001;-0.153641936;-2.01416707;-0.986826523;0.161781997;4.971791985
17:21:34.287596;0.56861559;0.67504535;0.001;-0.164633094;-2.007201195;-0.994137957;0.108119018;4.967658351
17:21:34.297421;0.569633526;0.560178004;0.001;-0.174826181;-2.004271746;-0.998533414;0.054138909;4.963750582
17:21:34.310686;0.578896057;0.587724668;0.001;-0.188952032;-1.982018113;-1;-1.22E-16;4.958448356
17:21:34.321536;0.575602322;0.404996163;0.001;-0.197967815;-1.939393759;-0.998814055;-0.048687607;4.954089305
17:21:34.331800;0.566342182;0.140037088;0.001;-0.204498866;-1.880756021;-0.995259034;-0.097259732;4.949947582
17:21:34.341559;0.566342182;0.11202967;0.001;-0.210460765;-1.832029223;-0.989343368;-0.145601168;4.945993505
17:21:34.351598;0.553171948;-0.15694297;0.001;-0.213737212;-1.798911452;-0.981081089;-0.193597254;4.941909759
17:21:34.362272;0.532081886;-0.543608886;0.001886317;-0.212836265;-1.787277341;-0.970491794;-0.241134148;4.937549871
17:21:34.373956;0.523481097;-0.59558766;0.004336133;-0.210352933;-1.784570932;-0.9576006;-0.288099099;4.932756637
17:21:34.383268;0.517437348;-0.594944342;0.007530472;-0.207097806;-1.78526938;-0.942438083;-0.334380711;4.928921115
17:21:34.393825;0.507122541;-0.674371359;0.012358493;-0.202165995;-1.788212776;-0.925040207;-0.379869209;4.924556502
17:21:34.404294;0.503047398;-0.616686831;0.01756263;-0.19680345;-1.774927974;-0.905448237;-0.424456699;4.920211389
17:21:34.415164;0.467686413;-1.139666532;0.0291945;-0.184914726;-1.757085443;-0.883708645;-0.468037424;4.915682285
17:21:34.425276;0.451606314;-1.209245318;0.04265659;-0.17106311;-1.745826364;-0.859872993;-0.510508017;4.911453161
17:21:34.436160;0.435496884;-1.287030968;0.05693862;-0.156278027;-1.748482704;-0.833997818;-0.551767741;4.906884322
17:21:34.446771;0.421407075;-1.289040417;0.073624178;-0.138881825;-1.749181032;-0.806144492;-0.591718733;4.902413498
17:21:34.457557;0.405479589;-1.327638604;0.091592619;-0.120023975;-1.731937051;-0.77637908;-0.630266233;4.897852394
17:21:34.467137;0.389711354;-1.375220848;0.109697687;-0.100903759;-1.695655823;-0.744772183;-0.667318811;4.893787476
17:21:34.477535;0.357844701;-1.722311671;0.132270274;-0.077089904;-1.646585226;-0.711398768;-0.702788583;4.88936098
17:21:34.487413;0.357844701;-1.377849337;0.152438078;-0.055483046;-1.596013069;-0.676337994;-0.736591418;4.885142068
17:21:34.498082;0.368589193;-0.901084814;0.169599659;-0.0366;-1.544856668;-0.639673022;-0.76864714;4.880570447
17:21:34.508113;0.35675616;-0.955313165;0.186325431;-0.018076308;-1.490326047;-0.601490815;-0.798879715;4.876258319
17:21:34.519185;0.339694188;-1.089562056;0.205162859;0.002816218;-1.429854274;-0.561881939;-0.827217436;4.871483291
17:21:34.529923;0.320435793;-1.235575426;0.225847201;0.025783455;-1.376781225;-0.52094034;-0.853593089;4.866837113
17:21:34.539828;0.299132548;-1.388588454;0.24852219;0.050986348;-1.326918125;-0.478763129;-0.877944113;4.862538299
17:21:34.551407;0.27666159;-1.531984505;0.273099291;0.078349418;-1.274625063;-0.435450345;-0.900212751;4.857497321
17:21:34.561377;0.254214142;-1.671206288;0.297888253;0.106016991;-1.214974403;-0.39110472;-0.920346184;4.853143534
17:21:34.571144;0.232908133;-1.760120239;0.323896725;0.135158669;-1.151159406;-0.345831439;-0.938296657;4.848866655
17:21:34.582189;0.19000438;-2.20645216;0.356847263;0.171771184;-1.081166625;-0.299737883;-0.954021594;4.844016375
17:21:34.593041;0.171747474;-2.101535324;0.38973203;0.208711883;-1.006724596;-0.252933382;-0.967483697;4.839236843
17:21:34.603492;0.155582247;-1.995411279;0.420156684;0.243306812;-0.929158092;-0.205528952;-0.978651036;4.834621028
17:21:34.613045;0.13941703;-1.906195172;0.450293256;0.277987788;-0.850209177;-0.157637029;-0.987497123;4.830390942
17:21:34.623085;0.142460963;-1.464620685;0.475347186;0.307714319;-0.772928417;-0.109371208;-0.994000975;4.825934194
17:21:34.633921;0.113340271;-1.749960124;0.502402677;0.339696621;-0.695358932;-0.060845972;-0.998147167;4.82111165
17:21:34.644117;0.100284568;-1.657927127;0.528490587;0.371004993;-0.620591879;-0.012176415;-0.999925865;4.81656234
17:21:34.653697;0.087228159;-1.58566728;0.553397544;0.401361832;-0.552345455;0.036522023;-0.999332848;4.812277819
17:21:34.663887;0.072970836;-1.540403715;0.578456773;0.432359849;-0.488056302;0.085133835;-0.996369525;4.807709974
17:21:34.675404;0.045893399;-1.702176318;0.607232267;0.467972826;-0.429168612;0.133543718;-0.991042923;4.802534481
17:21:34.685781;0.033681439;-1.60265095;0.630995112;0.498015228;-0.369912982;0.181636851;-0.983365677;4.797859879
17:21:34.695710;0.02173392;-1.517351625;0.65355453;0.527101714;-0.308976263;0.229299161;-0.973355996;4.793377175
17:21:34.707451;0.009801285;-1.450336881;0.674831283;0.555084711;-0.245789766;0.276417599;-0.961037622;4.788064141
17:21:34.716772;-6.54E-05;-1.341388102;0.696209881;0.583935341;-0.175883785;0.322880405;-0.946439773;4.783836939
17:21:34.728238;-0.010932877;-1.288382682;0.714853221;0.609704388;-0.106080286;0.368577374;-0.929597074;4.778625945
17:21:34.737630;-0.02106158;-1.219184985;0.733475808;0.636112834;-0.020635102;0.413400118;-0.910549473;4.774348669
17:21:34.747596;-0.030891205;-1.169787028;0.749916053;0.660054271;0.062490217;0.457242323;-0.889342149;4.769801445
17:21:34.758490;-0.030891205;-0.935829622;0.76449163;0.682557169;0.160550728;0.5;-0.866025404;4.764820957
17:21:34.768813;-0.043046168;-0.989933059;0.778193792;0.704033024;0.244461492;0.541571732;-0.840654542;4.760092247
17:21:34.779169;-0.052837042;-0.982513614;0.791532034;0.725437922;0.323714972;0.581858916;-0.813289741;4.755339569
17:21:34.789623;-0.064961199;-1.017972609;0.804812393;0.747063877;0.379332691;0.620765994;-0.783995906;4.750533136
17:21:34.799849;-0.077068748;-1.039044461;0.818172793;0.769172699;0.429733038;0.658200684;-0.752842519;4.745823203
17:21:34.810471;-0.089808865;-1.082893287;0.830547042;0.78989514;0.480984986;0.694074195;-0.719903474;4.740922375
17:21:34.821299;-0.100887545;-1.073298406;0.843226685;0.811535356;0.521386862;0.728301439;-0.685256897;4.735917815
17:21:34.831210;-0.108207367;-1.002932061;0.854423473;0.831345543;0.563577473;0.760801232;-0.648984966;4.731329595
17:21:34.840863;-0.121199152;-1.059565484;0.86559285;0.851203854;0.584784091;0.791496488;-0.611173714;4.726854117
17:21:34.850925;-0.122086081;-0.865075286;0.875391779;0.869866692;0.630717516;0.820314403;-0.571912826;4.722182163
17:21:34.861876;-0.123274541;-0.713849111;0.884509525;0.888585054;0.670500159;0.847186622;-0.531295424;4.717089707
17:21:34.872757;-0.123167399;-0.569111683;0.892208974;0.905960438;0.731769204;0.872049408;-0.489417848;4.712022067
17:21:34.883593;-0.120129217;-0.396920718;0.89809163;0.921162757;0.799803257;0.894843789;-0.446379427;4.706967963
17:21:34.894048;-0.117978024;-0.277583514;0.902954022;0.935723321;0.878143668;0.9155157;-0.402282243;4.702084769
17:21:34.905119;-0.121605523;-0.293642743;0.907158157;0.9491018;0.956874251;0.934016109;-0.35723089;4.69690683
17:21:34.915258;-0.118868336;-0.182137904;0.910452424;0.961823467;1.029172659;0.950301134;-0.311332225;4.692158658
17:21:34.925980;-0.111862382;-0.016231606;0.912468911;0.973704066;1.102434516;0.964332151;-0.264695114;4.687131309
17:21:34.936748;-0.111862382;-0.012985285;0.913973381;0.984978079;1.159363508;0.976075878;-0.217430176;4.682076255
17:21:34.947208;-0.101178836;0.201382014;0.91392617;0.994152612;1.218491673;0.98550446;-0.169649517;4.677160128
17:21:34.957691;-0.08661248;0.429230322;0.912045091;1.002191563;1.268117428;0.992595535;-0.121466468;4.672227809
17:21:34.968243;-0.068050898;0.690789384;0.908142485;1.00801403;1.322941661;0.997332284;-0.072995315;4.667257803
17:21:34.978631;-0.0564566;0.778675251;0.903286185;1.012448848;1.369818568;0.99970347;-0.024351024;4.662360139
17:21:34.989283;-0.038213877;0.958081106;0.896346532;1.015304888;1.41563201;0.99970347;0.024351024;4.657333174
17:21:35.000293;-0.018958696;1.121077495;0.88765743;1.016302442;1.4636693;0.997332284;0.072995315;4.652132262
17:21:35.011096;-0.00197008;1.211280311;0.877586929;1.015769484;1.511215568;0.992595535;0.121466468;4.64702422
17:21:35.021401;0.048928423;1.973387799;0.863452631;1.01045784;1.56242466;0.98550446;0.169649517;4.642147132
17:21:35.030847;0.072315692;2.033648599;0.847269297;1.003068372;1.610200047;0.976075878;0.217430176;4.637672726
17:21:35.041730;0.0986073;2.114196244;0.828049475;0.992887264;1.659474134;0.964332151;0.264695114;4.632513077
17:21:35.052312;0.124702226;2.18493121;0.807036769;0.980518497;1.725639582;0.950301134;0.311332225;4.627491465
17:21:35.062227;0.145507261;2.160180886;0.785409451;0.966927478;1.805932641;0.934016109;0.35723089;4.622782214
17:21:35.073053;0.176538149;2.311427589;0.759718652;0.949456126;1.891905069;0.9155157;0.402282243;4.617635694
17:21:35.083826;0.178572616;1.886387989;0.733919798;0.931815125;1.968840837;0.894843789;0.446379427;4.612509643
17:21:35.095147;0.227064404;2.416088492;0.703421521;0.909000889;2.021548986;0.872049408;0.489417848;4.607117779
17:21:35.105817;0.250773845;2.381964868;0.671093425;0.883928662;2.075838089;0.847186622;0.531295424;4.602031238
17:21:35.116555;0.277620183;2.403839188;0.635338023;0.85521142;2.12170577;0.820314403;0.571912826;4.596907667
17:21:35.127298;0.303435388;2.402773763;0.596921394;0.823425338;2.18772006;0.791496488;0.611173714;4.591777096
17:21:35.138275;0.350108216;2.822393258;0.554230702;0.786702427;2.23605299;0.760801232;0.648984966;4.586530024
17:21:35.148480;0.373046799;2.679967381;0.506979451;0.745217822;2.279025793;0.728301439;0.685256897;4.581647684
17:21:35.158628;0.398105691;2.641187264;0.46050224;0.703615642;2.322951555;0.694074195;0.719903474;4.576788533
17:21:35.168028;0.398105691;2.112949811;0.415199154;0.662731046;2.373133421;0.658200684;0.752842519;4.572283928
17:21:35.178819;0.41899809;2.10305855;0.367802031;0.619296475;2.422839403;0.620765994;0.783995906;4.567108464
17:21:35.189617;0.437841279;2.033424439;0.315978893;0.571142616;2.480792046;0.581858916;0.813289741;4.561925087
17:21:35.200528;0.451706306;1.880821549;0.26288299;0.521203371;2.542300224;0.541571732;0.840654542;4.556682858
17:21:35.209873;0.481479028;2.094661104;0.210670528;0.471378602;2.604826927;0.5;0.866025404;4.55218935
17:21:35.222243;0.493214727;1.896033522;0.15592108;0.418579439;2.670262575;0.457242323;0.889342149;4.546236096
17:21:35.231607;0.504681808;1.723681327;0.099766173;0.363838777;2.741654634;0.413400118;0.910549473;4.541725613
17:21:35.243019;0.51532931;1.586350992;0.04883146;0.313664199;2.818463564;0.368577374;0.929597074;4.536224102
17:21:35.252091;0.524773899;1.456622063;0.001;0.265239788;2.893817186;0.322880405;0.946439773;4.531847117
17:21:35.263286;0.532906879;1.315682157;0.001;0.214612954;2.96714282;0.276417599;0.961037622;4.526441534
17:21:35.273813;0.540385855;1.195993761;0.001;0.167919973;3.044043541;0.229299161;0.973355996;4.521354172
17:21:35.284192;0.545267867;1.046689287;0.001;0.122031476;3.115611315;0.181636851;0.983365677;4.516334245
17:21:35.294253;0.545267867;0.83735143;0.001;0.082689391;-3.097728252;0.133543718;0.991042923;4.511464263
17:21:35.305099;0.545267867;0.669881144;0.001;0.046485003;-3.032296181;0.085133835;0.996369525;4.506210066
17:21:35.314645;0.551431085;0.657620632;0.001;0.011998621;-2.975541353;0.036522023;0.999332848;4.501582013
17:21:35.325642;0.55036958;0.506267832;0.001;-0.021140732;-2.927361012;-0.012176415;0.999925865;4.496246303
17:21:35.335371;0.55036958;0.405014266;0.001;-0.049608901;-2.882068872;-0.060845972;0.998147167;4.491522098
17:21:35.346184;0.550696459;0.330483661;0.001;-0.075829933;-2.833432436;-0.109371208;0.994000975;4.486267441
17:21:35.356711;0.547734134;0.205681991;0.001;-0.099218169;-2.784594059;-0.157637029;0.987497123;4.481147653
17:21:35.367003;0.544769106;0.111583281;0.001;-0.122214128;-2.735350609;-0.205528952;0.978651036;4.47613825
17:21:35.377774;0.542123841;0.038723235;0.001;-0.141209797;-2.687944889;-0.252933382;0.967483697;4.470891583
17:21:35.387776;0.538211741;-0.046350536;0.001;-0.157212686;-2.646590471;-0.299737883;0.954021594;4.466015748
17:21:35.398559;0.534009958;-0.115918423;0.001;-0.171746623;-2.611585379;-0.345831439;0.938296657;4.460755149
17:21:35.408401;0.528784866;-0.196222473;0.001;-0.183302872;-2.575031281;-0.39110472;0.920346184;4.455949988
17:21:35.418220;0.52256771;-0.279962889;0.001;-0.192694337;-2.537346601;-0.435450345;0.900212751;4.451152608
17:21:35.429494;0.518047691;-0.309254957;0.001;-0.200785084;-2.497975111;-0.478763129;0.877944113;4.445640113
17:21:35.439570;0.513798159;-0.330926061;0.001;-0.207060824;-2.456637621;-0.52094034;0.853593089;4.440709579
17:21:35.449639;0.510274434;-0.334468937;0.001;-0.212096469;-2.414901257;-0.561881939;0.827217436;4.435778895
17:21:35.460663;0.507042692;-0.327488021;0.001;-0.216352859;-2.374278545;-0.601490815;0.798879715;4.430376475
17:21:35.470105;0.504776646;-0.306981028;0.001;-0.219554508;-2.33106637;-0.639673022;0.76864714;4.425745952
17:21:35.481037;0.508673785;-0.171207408;0.001;-0.223387815;-2.288418531;-0.676337994;0.736591418;4.42038083
17:21:35.491996;0.511723045;-0.084732039;0.001;-0.227954778;-2.247717857;-0.711398768;0.702788583;4.414998302
17:21:35.502643;0.518988352;0.075524367;0.001;-0.232969895;-2.209210157;-0.744772183;0.667318811;4.409765045
17:21:35.513687;0.518988352;0.060419494;0.001;-0.237816972;-2.174510002;-0.77637908;0.630266233;4.40433254
17:21:35.523428;0.518988352;0.048335595;0.001;-0.242009399;-2.141670704;-0.806144492;0.591718733;4.399537517
17:21:35.533656;0.528485474;0.227364591;0.001;-0.247654366;-2.112142086;-0.833997818;0.551767741;4.394499292
17:21:35.544112;0.531599978;0.242718814;0.001;-0.253526722;-2.081914663;-0.859872993;0.510508017;4.389345092
17:21:35.554402;0.533601383;0.23369779;0.001;-0.259236351;-2.050688267;-0.883708645;0.468037424;4.38426912
17:21:35.564160;0.533601383;0.186958232;0.001;-0.264517076;-2.015102148;-0.905448237;0.424456699;4.379452295
17:21:35.574227;0.533336897;0.14456979;0.001;-0.269482088;-1.980598569;-0.925040207;0.379869209;4.374479602
17:21:35.584688;0.531366304;0.076598719;0.001;-0.273446148;-1.94538033;-0.942438083;0.334380711;4.369308716
17:21:35.596870;0.531424578;0.062280059;0.001;-0.277637798;-1.908228993;-0.9576006;0.288099099;4.363282568
17:21:35.606682;0.529187916;0.005491261;0.001;-0.28052973;-1.870466471;-0.970491794;0.241134148;4.358425245
17:21:35.616858;0.523958346;-0.093219395;0.001;-0.282301619;-1.830561876;-0.981081089;0.193597254;4.353384392
17:21:35.626983;0.523958346;-0.074575516;0.001;-0.28386193;-1.792237759;-0.989343368;0.145601168;4.348365445
17:21:35.637608;0.519715708;-0.143788643;0.001;-0.284467354;-1.75812161;-0.995259034;0.097259732;4.343095066
17:21:35.648667;0.518599287;-0.135754642;0.001;-0.284836979;-1.728375316;-0.998814055;0.048687607;4.337605527
17:21:35.659187;0.530048118;0.106010272;0.001;-0.287447628;-1.704743147;1;0;0
17:21:35.668963;0.530048118;0.084808218;0.001;-0.289708346;-1.687554717;1;0;0
17:21:35.679575;0.544001704;0.338056144;0.001;-0.29451908;-1.683642983;1;0;0
17:21:35.690515;0.541867151;0.23031639;0.001;-0.298637447;-1.687654972;1;0;0
17:21:35.701154;0.548676245;0.313309756;0.001;-0.303706668;-1.701017857;1;0;0
17:21:35.710410;0.542580291;0.132534704;0.001;-0.307086057;-1.710893035;1;0;0
17:21:35.720649;0.535389832;-0.036747964;0.001;-0.308775719;-1.718614221;1;0;0
17:21:35.730674;0.519984901;-0.335413461;0.002298367;-0.307460659;-1.713194847;1;0;0
17:21:35.741133;0.515915973;-0.348991959;0.004252301;-0.305473544;-1.695327759;1;0;0
17:21:35.751067;0.506705025;-0.455778018;0.007879416;-0.30178288;-1.66949892;1;0;0
17:21:35.761995;0.475454394;-0.938064197;0.017635097;-0.29188739;-1.627293706;1;0;0
17:21:35.773566;0.460628544;-1.027054257;0.029385972;-0.279883591;-1.585203409;1;0;0
17:21:35.783632;0.447033298;-1.09032536;0.04216277;-0.266743891;-1.544867396;1;0;0
17:21:35.792995;0.447033298;-0.872260288;0.053922902;-0.254497483;-1.510957956;1;0;0
17:21:35.803036;0.419764899;-1.239483178;0.069887828;-0.237908201;-1.475086689;1;0;0
17:21:35.813330;0.419764899;-0.991586542;0.084718777;-0.222291216;-1.435293078;1;0;0
17:21:35.824357;0.396705387;-1.234503038;0.103316759;-0.202709144;-1.396110654;1;0;0
17:21:35.835081;0.387124017;-1.167424672;0.122638244;-0.182182191;-1.358041167;1;0;0
17:21:35.845310;0.377715454;-1.106606682;0.142644802;-0.160728434;-1.319705725;1;0;0
17:21:35.856233;0.334583898;-1.732006583;0.168236463;-0.133551316;-1.276570439;1;0;0
17:21:35.865901;0.328255519;-1.510816014;0.192784857;-0.107176468;-1.226237178;1;0;0
17:21:35.876815;0.311695231;-1.518818716;0.219931139;-0.077824385;-1.170262694;1;0;0
17:21:35.887290;0.305368532;-1.333380986;0.245994153;-0.04926793;-1.107072353;1;0;0
17:21:35.898766;0.290879348;-1.321504788;0.274303026;-0.017997622;-1.042363763;1;0;0
17:21:35.910736;0.280596223;-1.222676448;0.304519831;0.015819828;-0.975015402;1;0;0
17:21:35.922146;0.270175185;-1.180457389;0.329132666;0.043698583;-0.913237631;1;0;0
17:21:35.932106;0.259878383;-1.143700097;0.353584162;0.07167881;-0.85434258;1;0;0
17:21:35.942583;0.250578501;-1.090656224;0.378146359;0.100116415;-0.799832046;1;0;0
17:21:35.954316;0.247514383;-0.929751522;0.401151701;0.127296597;-0.750423133;1;0;0
17:21:35.964126;0.240154612;-0.879515155;0.423605186;0.154224971;-0.701846361;1;0;0
17:21:35.974134;0.228819274;-0.916925026;0.445656321;0.180897437;-0.656745493;1;0;0
17:21:35.985780;0.21529891;-0.98187773;0.46871824;0.208939866;-0.611163914;1;0;0
17:21:35.995477;0.206001796;-0.970066855;0.489662512;0.234713645;-0.571493387;1;0;0
17:21:36.005995;0.200791193;-0.871614704;0.511062301;0.261572246;-0.530845106;1;0;0
17:21:36.017076;0.195577408;-0.79723342;0.530378026;0.286322852;-0.491234213;1;0;0
17:21:36.026456;0.19036072;-0.740770519;0.548170049;0.309579942;-0.448320031;1;0;0
17:21:36.038258;0.185141413;-0.695803377;0.565076025;0.332118403;-0.401605189;1;0;0
17:21:36.047468;0.167636155;-0.88106034;0.584663241;0.35791154;-0.357960731;1;0;0
17:21:36.058323;0.164566306;-0.764921249;0.601795106;0.381108066;-0.314689666;1;0;0
17:21:36.069134;0.152026517;-0.844439801;0.620370958;0.406277489;-0.279866606;1;0;0
17:21:36.079059;0.144730201;-0.820059146;0.637217194;0.429474966;-0.23557204;1;0;0
17:21:36.089149;0.1321518;-0.893679345;0.655360202;0.45446171;-0.201462969;1;0;0
17:21:36.100672;0.125882255;-0.839205964;0.671928289;0.477728029;-0.162595332;1;0;0
17:21:36.109837;0.12266112;-0.735111917;0.687354381;0.500023995;-0.119837321;1;0;0
17:21:36.120404;0.114303026;-0.751935769;0.702744921;0.522507143;-0.066688471;1;0;0
17:21:36.131204;0.121473388;-0.459438709;0.715128458;0.542045954;0.017490903;1;0;0
17:21:36.140436;0.11615883;-0.466390974;0.727801685;0.562479101;0.111983351;1;0;0
17:21:36.150960;0.110865325;-0.478068086;0.739236371;0.581314011;0.25078094;1;0;0
17:21:36.161962;0.105554828;-0.480460511;0.751071356;0.601225606;0.369223505;1;0;0
17:21:36.172782;0.100197151;-0.484024245;0.762371388;0.620663417;0.492102802;1;0;0
17:21:36.182820;0.094893275;-0.485125338;0.773340967;0.63995366;0.592141747;1;0;0
17:21:36.193116;0.085436481;-0.574948088;0.783927865;0.658423262;0.650393486;1;0;0
17:21:36.203149;0.09257228;-0.318235754;0.792212796;0.674644955;0.716450989;1;0;0
17:21:36.213947;0.074618727;-0.585137384;0.803068714;0.694166732;0.742251039;1;0;0
17:21:36.224122;0.053541642;-0.886562283;0.81520467;0.714454882;0.757550538;1;0;0
17:21:36.234550;0.056603748;-0.649645143;0.825844385;0.733526266;0.733051121;1;0;0
17:21:36.245225;0.059697662;-0.459990347;0.834968839;0.751254968;0.7496503;1;0;0
17:21:36.256063;0.027898697;-0.96351832;0.848142304;0.773416948;0.706799388;1;0;0
17:21:36.265785;0.027845976;-0.771859408;0.859319875;0.793211788;0.627266884;1;0;0
17:21:36.276844;0.030896409;-0.560976464;0.869588665;0.812814178;0.564091086;1;0;0
17:21:36.287521;0.033998479;-0.387557744;0.877791179;0.829871078;0.580571055;1;0;0
17:21:36.297713;0.038081277;-0.232506101;0.884848447;0.846210079;0.631688297;1;0;0
17:21:36.307372;0.038081277;-0.186004881;0.891137996;0.861880432;0.687052071;1;0;0
17:21:36.318074;0.041142422;-0.091413664;0.896354845;0.876632191;0.844898105;1;0;0
17:21:36.328529;0.040108072;-0.093584994;0.900856057;0.890222248;0.986368239;1;0;0
17:21:36.338611;0.037989035;-0.115420173;0.905236809;0.904041136;1.117489338;1;0;0
17:21:36.350170;0.032663137;-0.189953157;0.909954357;0.918662746;1.186758637;1;0;0
17:21:36.360356;0.028539904;-0.233853551;0.914295457;0.932189404;1.220285892;1;0;0
17:21:36.370659;0.032450518;-0.109779397;0.917727424;0.944889526;1.221095443;1;0;0
17:21:36.380311;0.0273086;-0.189336635;0.921360178;0.957838118;1.192444205;1;0;0
17:21:36.390316;0.028103317;-0.136286849;0.924602042;0.970742907;1.187450171;1;0;0
17:21:36.401316;0.024000267;-0.190544839;0.927815039;0.983280294;1.163088799;1;0;0
17:21:36.412058;0.026921631;-0.099429845;0.930593201;0.996301188;1.145943046;1;0;0
17:21:36.422708;0.026905247;-0.079849718;0.932968571;1.008659987;1.12951982;1;0;0
17:21:36.433410;0.027918946;-0.044927425;0.934944083;1.020626578;1.14267695;1;0;0
17:21:36.444321;0.027707106;-0.03984578;0.936723761;1.032562996;1.139885545;1;0;0
17:21:36.454990;0.027707106;-0.031876624;0.9382864;1.044327117;1.123640537;1;0;0
17:21:36.465977;0.025660445;-0.063340637;0.939861465;1.056060921;1.133035779;1;0;0
17:21:36.478222;0.031643207;0.06381317;0.940616033;1.066642534;1.203749061;1;0;0
17:21:36.486424;0.03061992;0.031559513;0.941371403;1.077278506;1.300641894;1;0;0
17:21:36.496677;0.029597057;0.005196005;0.942110056;1.087625163;1.340966225;1;0;0
17:21:36.507537;0.026319795;-0.06065444;0.943057127;1.098104903;1.328552842;1;0;0
17:21:36.517143;0.029364077;0.011904331;0.943641155;1.108193935;1.254400969;1;0;0
17:21:36.527892;0.029364077;0.009523465;0.944183411;1.118510703;1.156530142;1;0;0
17:21:36.537849;0.025057326;-0.077522988;0.945032684;1.128916315;0.991068363;1;0;0
17:21:36.548735;0.021776782;-0.12384605;0.946137074;1.140055237;0.792466402;1;0;0
17:21:36.559474;0.020850094;-0.116025161;0.947265459;1.151536311;0.606515348;1;0;0
17:21:36.569353;0.017568861;-0.15801276;0.948485334;1.162297833;0.455562711;1;0;0
17:21:36.579374;0.014285492;-0.191284247;0.949878142;1.173298621;0.316090435;1;0;0
17:21:36.589631;0.015302611;-0.132898363;0.951094699;1.184120859;0.199983537;1;0;0
17:21:36.599712;0.013269994;-0.146611926;0.95237728;1.195005696;0.127314329;1;0;0
17:21:36.610645;0.01201801;-0.140578812;0.95374625;1.206621692;0.082014449;1;0;0
17:21:36.620824;0.011004011;-0.131126927;0.955110069;1.218356317;0.056757376;1;0;0
17:21:36.631747;0.00897525;-0.14225194;0.956526626;1.230156399;0.052329771;1;0;0
17:21:36.641688;0.007718057;-0.138717045;0.957837244;1.241126643;0.064928047;1;0;0
17:21:36.653062;0.005690315;-0.149363866;0.959252773;1.252668178;0.060600266;1;0;0
17:21:36.663128;0.004673601;-0.138291489;0.960669514;1.264467832;0.065066524;1;0;0
17:21:36.675163;0.000374269;-0.182792281;0.962408994;1.277665409;0.05856213;1;0;0
17:21:36.685631;-0.001649375;-0.185271386;0.963922757;1.289165063;0.057371844;1;0;0
17:21:36.696273;-0.002666293;-0.168238399;0.965354976;1.300396523;0.03764753;1;0;0
17:21:36.706459;-0.002918562;-0.13920668;0.966797788;1.312398927;0.039200321;1;0;0
17:21:36.717537;-0.003930579;-0.130679732;0.968131085;1.323870775;0.048231792;1;0;0
17:21:36.728300;-0.004947699;-0.123466534;0.96944915;1.335603647;0.056462955;1;0;0
17:21:36.739178;-0.005965018;-0.117705951;0.970715971;1.34729572;0.062235009;1;0;0
17:21:36.749144;-0.006976523;-0.114223921;0.971859589;1.358235057;0.070395537;1;0;0
17:21:36.759466;-0.006976523;-0.091379137;0.972924058;1.369144369;0.082938187;1;0;0
17:21:36.770724;-0.007987513;-0.092940813;0.973955795;1.38009817;0.08728186;1;0;0
17:21:36.780220;-0.007987513;-0.07435265;0.974961314;1.391596814;0.09780021;1;0;0
17:21:36.790813;-0.00900503;-0.079476644;0.975871652;1.402434961;0.103741802;1;0;0
17:21:36.801993;-0.00900503;-0.063581315;0.976732428;1.413510551;0.114300057;1;0;0
17:21:36.811112;-0.010015503;-0.06938992;0.977585654;1.425024046;0.124198511;1;0;0
17:21:36.821751;-0.008997987;-0.036371303;0.978313657;1.436149677;0.141948253;1;0;0
17:21:36.833185;-0.008997987;-0.029097042;0.978985817;1.447382241;0.162463129;1;0;0
17:21:36.844029;-0.010007942;-0.041923598;0.979620503;1.45862575;0.174653664;1;0;0
17:21:36.854846;-0.010007942;-0.033538879;0.980189355;1.469816292;0.1870168;1;0;0
17:21:36.865039;-0.010007942;-0.026831103;0.980667147;1.48030889;0.189808473;1;0;0
17:21:36.874762;-0.011017379;-0.041515642;0.981101007;1.49061913;0.194406345;1;0;0
17:21:36.886061;-0.011275902;-0.038060341;0.981504659;1.501488948;0.186451808;1;0;0
17:21:36.895482;-0.011275902;-0.030448272;0.981831601;1.511752538;0.182981715;1;0;0
17:21:36.906094;-0.013303285;-0.062146617;0.982141987;1.522599999;0.171895444;1;0;0
17:21:36.917526;-0.014312628;-0.068627347;0.982395315;1.533339293;0.159373209;1;0;0
17:21:36.928101;-0.015425337;-0.075467418;0.982593004;1.544168712;0.141257659;1;0;0
17:21:36.937626;-0.016434153;-0.080293749;0.982720642;1.554249508;0.124845237;1;0;0
17:21:36.949359;-0.017705292;-0.087871048;0.982793322;1.564892718;0.10653308;1;0;0
17:21:36.959583;-0.018713998;-0.08876726;0.982796943;1.575630882;0.086501867;1;0;0
17:21:36.970778;-0.019722172;-0.090983735;0.982735294;1.585492195;0.075387202;1;0;0
17:21:36.980396;-0.020729811;-0.091745054;0.982600872;1.595803784;0.064394057;1;0;0
17:21:36.991126;-0.023020962;-0.117862935;0.982393217;1.605720791;0.05386287;1;0;0
17:21:37.002111;-0.02402847;-0.112877724;0.982096952;1.616072899;0.043529268;1;0;0
17:21:37.011848;-0.025035438;-0.110169881;0.981746427;1.625675905;0.037960313;1;0;0
17:21:37.022476;-0.026041864;-0.107497917;0.981311804;1.635445197;0.036362898;1;0;0
17:21:37.032675;-0.026312398;-0.090964715;0.980784456;1.645606037;0.035403281;1;0;0
17:21:37.043998;-0.027319219;-0.091497382;0.98018102;1.655546198;0.034203507;1;0;0
17:21:37.054127;-0.027319219;-0.073197905;0.979524911;1.665234806;0.040717646;1;0;0
17:21:37.064234;-0.029331219;-0.098316463;0.978800088;1.674420327;0.045440949;1;0;0
17:21:37.075080;-0.029331219;-0.07865317;0.978007217;1.683672912;0.05537251;1;0;0
17:21:37.084448;-0.030611227;-0.088331354;0.977145449;1.692660574;0.061502054;1;0;0
17:21:37.095421;-0.030611227;-0.070665084;0.976200273;1.701862038;0.069848098;1;0;0
17:21:37.106176;-0.031616785;-0.075351957;0.975141822;1.711229777;0.06959521;1;0;0
17:21:37.116879;-0.031616785;-0.060281566;0.974020333;1.720560911;0.069853313;1;0;0
17:21:37.126690;-0.031616785;-0.048225253;0.972911799;1.72927465;0.076947846;1;0;0
17:21:37.136931;-0.032621788;-0.057502409;0.97165693;1.738347893;0.077959239;1;0;0
17:21:37.147884;-0.032621788;-0.046001927;0.970415471;1.746887484;0.087165222;1;0;0
17:21:37.158469;-0.035660565;-0.093766499;0.968937648;1.755755123;0.083360448;1;0;0
17:21:37.168990;-0.036956201;-0.098789151;0.967324046;1.764692947;0.085570343;1;0;0
17:21:37.178858;-0.03796102;-0.098692874;0.965724785;1.772972724;0.07323198;1;0;0
17:21:37.189513;-0.038978652;-0.099130656;0.964062869;1.78104408;0.064437509;1;0;0
17:21:37.200099;-0.03998291;-0.098832362;0.962283549;1.789171417;0.050456554;1;0;0
17:21:37.210013;-0.03998291;-0.07906589;0.960483146;1.797143646;0.040676743;1;0;0
17:21:37.219335;-0.03998291;-0.063252712;0.958659017;1.804981607;0.040682729;1;0;0
17:21:37.229598;-0.03998291;-0.050602169;0.956794663;1.812760845;0.045879763;1;0;0
17:21:37.240995;-0.040986605;-0.058908918;0.954683317;1.821061013;0.060734801;1;0;0
17:21:37.252551;-0.040986605;-0.047127134;0.952420256;1.829697328;0.071708165;1;0;0
17:21:37.263202;-0.040986605;-0.037701707;0.950209935;1.837890248;0.089773655;1;0;0
17:21:37.274874;-0.043007549;-0.064905503;0.947694211;1.846414009;0.094831094;1;0;0
17:21:37.285956;-0.044010114;-0.069163816;0.945075715;1.854803029;0.09515059;1;0;0
17:21:37.296705;-0.044010114;-0.055331053;0.942686059;1.862287487;0.087636493;1;0;0
17:21:37.306698;-0.046030106;-0.083663046;0.940200905;1.869456136;0.083066903;1;0;0
17:21:37.318029;-0.046030106;-0.066930437;0.937608285;1.876802549;0.076799795;1;0;0
17:21:37.328352;-0.046030106;-0.05354435;0.934927645;1.884263491;0.074183822;1;0;0
17:21:37.339057;-0.046030106;-0.04283548;0.932347075;1.891323224;0.080867715;1;0;0
17:21:37.349979;-0.046030106;-0.034268384;0.929806802;1.898161666;0.085126609;1;0;0
17:21:37.359364;-0.047048279;-0.046419951;0.927015657;1.905318147;0.084290355;1;0;0
17:21:37.369982;-0.04833495;-0.061016501;0.924103209;1.912379446;0.084803112;1;0;0
17:21:37.380389;-0.04833495;-0.048813201;0.921366551;1.918937416;0.085175164;1;0;0
17:21:37.391568;-0.04833495;-0.03905056;0.918503149;1.925724594;0.082402669;1;0;0
17:21:37.400742;-0.04833495;-0.031240448;0.915743676;1.932198704;0.078506924;1;0;0
17:21:37.411120;-0.048049707;-0.019464866;0.912924158;1.938815926;0.079613969;1;0;0
17:21:37.421969;-0.048049707;-0.015571893;0.910044718;1.945511866;0.080605373;1;0;0
17:21:37.432155;-0.048049707;-0.012457514;0.907272165;1.951906448;0.088703737;1;0;0
17:21:37.442760;-0.048049707;-0.009966012;0.904345056;1.95860828;0.099788897;1;0;0
17:21:37.452897;-0.048049707;-0.007972809;0.901567053;1.964928709;0.108347468;1;0;0
17:21:37.463712;-0.048049707;-0.006378247;0.898531804;1.971797843;0.115709968;1;0;0
17:21:37.474531;-0.048049707;-0.005102598;0.895641834;1.978310645;0.118466631;1;0;0
17:21:37.485296;-0.048049707;-0.004082078;0.892695444;1.984931349;0.114157207;1;0;0
17:21:37.495357;-0.048049707;-0.003265663;0.889912085;1.991175745;0.107627772;1;0;0
17:21:37.505083;-0.048049707;-0.00261253;0.887144423;1.99738311;0.100891545;1;0;0
17:21:37.515420;-0.048049707;-0.002090024;0.884341566;2.003675701;0.095841937;1;0;0
17:21:37.526650;-0.048049707;-0.001672019;0.881395881;2.010305208;0.095641255;1;0;0
17:21:37.537470;-0.048049707;-0.001337615;0.878438263;2.01698883;0.094448291;1;0;0
17:21:37.547843;-0.049068057;-0.019821183;0.875439986;2.023515636;0.091155522;1;0;0
17:21:37.558123;-0.049068057;-0.015856946;0.872599517;2.02975264;0.083481967;1;0;0
17:21:37.568701;-0.049068057;-0.012685557;0.869701575;2.036180698;0.07272964;1;0;0
17:21:37.579481;-0.049068057;-0.010148446;0.866844786;2.042593168;0.066916116;1;0;0
17:21:37.590764;-0.048783385;-0.003113807;0.863867104;2.049459419;0.059202962;1;0;0
17:21:37.601016;-0.049801909;-0.022617384;0.861166552;2.055488632;0.053110134;1;0;0
17:21:37.612696;-0.049801909;-0.018093907;0.858304393;2.061993031;0.05159492;1;0;0
17:21:37.623013;-0.049801909;-0.014475126;0.855556143;2.068363579;0.04717366;1;0;0
17:21:37.633287;-0.049801909;-0.011580101;0.852988699;2.074439413;0.047533277;1;0;0
17:21:37.644108;-0.049801909;-0.00926408;0.850274266;2.08100958;0.04772513;1;0;0
17:21:37.654697;-0.049801909;-0.007411264;0.847675874;2.087456598;0.046521731;1;0;0
17:21:37.664764;-0.049801909;-0.005929012;0.84512394;2.093956271;0.046458766;1;0;0
17:21:37.676153;-0.048801402;0.014068569;0.842740238;2.10054945;0.046026405;1;0;0
17:21:37.686807;-0.048801402;0.011254855;0.840360846;2.107316886;0.048850369;1;0;0
17:21:37.697489;-0.047782878;0.027344159;0.838095128;2.114372394;0.055399217;1;0;0
17:21:37.708064;-0.047782878;0.021875328;0.835986984;2.121134521;0.063286327;1;0;0
17:21:37.718071;-0.047782878;0.017500262;0.834029554;2.12760305;0.065877236;1;0;0
17:21:37.728336;-0.046781803;0.033767409;0.832212365;2.134224206;0.069900304;1;0;0
17:21:37.738379;-0.045763454;0.047204606;0.83054834;2.14094655;0.070672773;1;0;0
17:21:37.749155;-0.045763454;0.037763685;0.828929205;2.147681508;0.073101841;1;0;0
17:21:37.760156;-0.045763454;0.030210948;0.827219753;2.155022655;0.070735566;1;0;0
17:21:37.771061;-0.045763454;0.024168758;0.825558993;2.162406776;0.068936378;1;0;0
17:21:37.780865;-0.045763454;0.019335007;0.824065577;2.169282412;0.066389695;1;0;0
17:21:37.791846;-0.045763454;0.015468005;0.822536006;2.176580737;0.060801171;1;0;0
17:21:37.801925;-0.045481191;0.017950301;0.821167172;2.183532606;0.052081678;1;0;0
17:21:37.811768;-0.045481191;0.014360241;0.819843614;2.190501231;0.04324374;1;0;0
17:21:37.822615;-0.044463018;0.030819492;0.818621824;2.19790915;0.035917677;1;0;0
17:21:37.832824;-0.0434623;0.043109604;0.817519783;2.205679487;0.032572761;1;0;0
17:21:37.845396;-0.0434623;0.034487683;0.816510679;2.21303707;0.032412134;1;0;0
17:21:37.854360;-0.0434623;0.027590147;0.815479818;2.220813176;0.031302668;1;0;0
17:21:37.864562;-0.042444306;0.041208238;0.81461389;2.228618925;0.03693324;1;0;0
17:21:37.875979;-0.042444306;0.032966591;0.813760138;2.236550461;0.041619096;1;0;0
17:21:37.886085;-0.042444306;0.026373273;0.812928051;2.244518456;0.04274492;1;0;0
17:21:37.896724;-0.042444306;0.021098618;0.812172956;2.251961492;0.038266007;1;0;0
17:21:37.907552;-0.042444306;0.016878894;0.811347035;2.260341902;0.032055065;1;0;0
17:21:37.919176;-0.041426492;0.031622843;0.810681729;2.268787779;0.025506787;1;0;0
17:21:37.929151;-0.041426492;0.025298275;0.810095128;2.276364388;0.02257655;1;0;0
17:21:37.939504;-0.041426492;0.02023862;0.809477796;2.284459907;0.021992277;1;0;0
17:21:37.949671;-0.041426492;0.016190896;0.808904844;2.292073592;0.021330405;1;0;0
17:21:37.960499;-0.041426492;0.012952717;0.808298031;2.300225998;0.017738365;1;0;0
17:21:37.972033;-0.041426492;0.010362173;0.807694802;2.308400172;0.013321087;1;0;0
17:21:37.982010;-0.04040886;0.02841489;0.807260492;2.316131912;0.010745819;1;0;0
17:21:37.992543;-0.04040886;0.022731912;0.806783215;2.324476742;0.007929747;1;0;0
17:21:38.004003;-0.04040886;0.01818553;0.806301477;2.332719911;0.001726487;1;0;0
17:21:38.014099;-0.039407581;0.034006579;0.805960233;2.340675077;0.001347807;1;0;0
17:21:38.024295;-0.038390134;0.046020656;0.805716197;2.349146247;0.004355413;1;0;0
17:21:38.035897;-0.038390134;0.036816525;0.805438471;2.357565034;0.012547769;1;0;0
17:21:38.045801;-0.038390134;0.02945322;0.805147942;2.365386409;0.016800469;1;0;0
17:21:38.055737;-0.038390134;0.023562576;0.804824959;2.373207852;0.018231452;1;0;0
17:21:38.066202;-0.037372874;0.038396649;0.804595057;2.381353866;0.019740235;1;0;0
17:21:38.076671;-0.037372874;0.030717319;0.804308354;2.389766152;0.018534262;1;0;0
17:21:38.087518;-0.037372874;0.024573856;0.803989459;2.39773172;0.013379686;1;0;0
17:21:38.097016;-0.036355804;0.039748431;0.803767181;2.405649136;0.011226882;1;0;0
17:21:38.108071;-0.036355804;0.031798745;0.803485451;2.413636749;0.010290964;1;0;0
17:21:38.118212;-0.036355804;0.025438996;0.803148198;2.421548634;0.009687891;1;0;0
17:21:38.129174;-0.036355804;0.020351197;0.802733005;2.429803462;0.007181133;1;0;0
17:21:38.138995;-0.035338924;0.03647181;0.802427566;2.437582211;0.007154012;1;0;0
17:21:38.150383;-0.035338924;0.029177448;0.802022509;2.445936235;0.004426287;1;0;0
17:21:38.160377;-0.035338924;0.023341958;0.801570063;2.453744628;0.001119966;1;0;0
17:21:38.171956;-0.034226215;0.039065979;0.801182896;2.462102941;-0.003065066;1;0;0
17:21:38.183637;-0.034226215;0.031252784;0.800630894;2.471513362;-0.003294537;1;0;0
17:21:38.193849;-0.034226215;0.025002227;0.800060778;2.479534435;-0.00218534;1;0;0
17:21:38.204557;-0.033208698;0.040202572;0.799590944;2.487122144;-0.001188362;1;0;0
17:21:38.213791;-0.033192659;0.032479737;0.799034621;2.494637142;0.002010991;1;0;0
17:21:38.226212;-0.032175539;0.045042191;0.798505518;2.50263398;0.007738645;1;0;0
17:21:38.235386;-0.032175539;0.036033753;0.797858155;2.510613886;0.009171347;1;0;0
17:21:38.245924;-0.030157342;0.068913718;0.797446826;2.518234348;0.012424607;1;0;0
17:21:38.256162;-0.030157342;0.055130974;0.796873972;2.52626462;0.015222774;1;0;0
17:21:38.267138;-0.029140628;0.064201739;0.796364934;2.533815955;0.02188446;1;0;0
17:21:38.278039;-0.0291254;0.051659607;0.795724701;2.541305683;0.022178732;1;0;0
17:21:38.287194;-0.0291254;0.041327685;0.79496807;2.548577713;0.022923118;1;0;0
17:21:38.297433;-0.028390439;0.047662598;0.794202537;2.555811888;0.025768207;1;0;0
17:21:38.308071;-0.028390439;0.038130078;0.79324263;2.563412413;0.01885229;1;0;0
17:21:38.318464;-0.028375989;0.030777779;0.792168664;2.570708237;0.013266867;1;0;0
17:21:38.329352;-0.027360111;0.044288416;0.791146013;2.577864487;0.003904368;1;0;0
17:21:38.338971;-0.027254673;0.037482928;0.790008357;2.584850678;-0.000664465;1;0;0
17:21:38.349037;-0.026237987;0.04953435;0.788878408;2.591932599;-0.004184921;1;0;0
17:21:38.360814;-0.026237987;0.03962748;0.787547581;2.599116154;-0.004339063;1;0;0
17:21:38.370619;-0.026237987;0.031701984;0.786159684;2.605689313;-0.004449136;1;0;0
17:21:38.380322;-0.024205268;0.065581106;0.784951882;2.61242214;-0.00249941;1;0;0
17:21:38.390526;-0.024205268;0.052464885;0.78353082;2.619231873;0.000348366;1;0;0
17:21:38.401828;-0.023189238;0.061538862;0.782123701;2.62595469;0.003892382;1;0;0
17:21:38.412067;-0.022173431;0.068942466;0.780718467;2.632603567;0.00550897;1;0;0
17:21:38.422170;-0.022173431;0.055153973;0.779030631;2.639456885;0.00727696;1;0;0
17:21:38.432237;-0.022173431;0.044123178;0.77730667;2.645574891;0.008626009;1;0;0
17:21:38.442856;-0.021157849;0.054473249;0.775490275;2.651983;0.009576431;1;0;0
17:21:38.454317;-0.020142494;0.062290404;0.773608208;2.658506965;0.011893109;1;0;0
17:21:38.465510;-0.019140854;0.068205382;0.771681722;2.665005103;0.013207424;1;0;0
17:21:38.475796;-0.018011906;0.076985753;0.769889599;2.670975151;0.013624297;1;0;0
17:21:38.485493;-0.018011906;0.061588602;0.767905667;2.676732861;0.008978795;1;0;0
17:21:38.495517;-0.016995992;0.069450599;0.765897993;2.682447025;0.009378853;1;0;0
17:21:38.505593;-0.016995992;0.055560479;0.763691363;2.687963744;0.006630349;1;0;0
17:21:38.516611;-0.016995992;0.044448383;0.761130521;2.693623649;0.005236106;1;0;0
17:21:38.526353;-0.016981952;0.035836341;0.758545951;2.698724141;-0.001807865;1;0;0
17:21:38.535809;-0.016981952;0.028669073;0.755801297;2.703604529;-0.011770139;1;0;0
17:21:38.547216;-0.017251333;0.017916483;0.752648195;2.70854814;-0.023037227;1;0;0
17:21:38.558310;-0.017251333;0.014333186;0.749325867;2.713271282;-0.038861699;1;0;0
17:21:38.568313;-0.018252762;-0.008315232;0.745868135;2.717382897;-0.046449229;1;0;0
17:21:38.578950;-0.018252762;-0.006652185;0.74228768;2.721316782;-0.055008616;1;0;0
17:21:38.588362;-0.018252762;-0.005321748;0.738352087;2.725306611;-0.056922302;1;0;0
17:21:38.598658;-0.018252762;-0.004257399;0.734375949;2.729022941;-0.061080683;1;0;0
17:21:38.609481;-0.018238412;-0.003139545;0.730140624;2.73267696;-0.060066558;1;0;0
17:21:38.620154;-0.018238412;-0.002511636;0.726044199;2.735938582;-0.061484046;1;0;0
17:21:38.631008;-0.018238412;-0.002009309;0.72154604;2.739242389;-0.060072813;1;0;0
17:21:38.641197;-0.017509609;0.011953287;0.717056961;2.742485012;-0.05631775;1;0;0
17:21:38.651915;-0.018510814;-0.010257698;0.712549067;2.745198724;-0.052188545;1;0;0
17:21:38.662920;-0.017496088;0.010735487;0.707830054;2.748088964;-0.044546202;1;0;0
17:21:38.673770;-0.017375925;0.010908405;0.703163666;2.75073076;-0.038484346;1;0;0
17:21:38.683878;-0.017375925;0.008726724;0.698212332;2.753285119;-0.031809792;1;0;0
17:21:38.694237;-0.016360428;0.026244746;0.69339037;2.755799322;-0.025959654;1;0;0
17:21:38.704234;-0.016360428;0.020995797;0.688661678;2.758029189;-0.022396702;1;0;0
17:21:38.715103;-0.016360428;0.016796638;0.683445424;2.760245432;-0.018386325;1;0;0
17:21:38.725932;-0.016360428;0.01343731;0.678162027;2.762254806;-0.015867697;1;0;0
17:21:38.735998;-0.015345176;0.030613011;0.673176008;2.764175887;-0.011739549;1;0;0
17:21:38.746819;-0.015345176;0.024490409;0.667802284;2.766012227;-0.010248499;1;0;0
17:21:38.756273;-0.014330173;0.039757336;0.66282287;2.767730601;-0.00805513;1;0;0
17:21:38.766602;-0.014330173;0.031805869;0.657720377;2.769280071;-0.009767222;1;0;0
17:21:38.778547;-0.01331542;0.043452634;0.65206255;2.771003057;-0.007042125;1;0;0
17:21:38.788168;-0.01331542;0.034762107;0.64685167;2.772366642;-0.00334239;1;0;0
17:21:38.798166;-0.01431605;0.00865486;0.641185193;2.773428833;-0.002982849;1;0;0
17:21:38.809665;-0.01431605;0.006923888;0.635179239;2.77436745;-0.003778569;1;0;0
17:21:38.819539;-0.01330155;0.025639703;0.629684158;2.775256365;-0.007028099;1;0;0
17:21:38.829449;-0.013176062;0.023003011;0.624125597;2.776013492;-0.006528663;1;0;0
17:21:38.839596;-0.012160802;0.037876928;0.618448395;2.776814264;-0.009475257;1;0;0
17:21:38.850289;-0.012160802;0.030301542;0.612766148;2.777440463;-0.010376956;1;0;0
17:21:38.861238;-0.012160802;0.024241234;0.606738443;2.777931203;-0.010076315;1;0;0
17:21:38.873045;-0.012160802;0.019392987;0.600148568;2.778282281;-0.003376618;1;0;0
17:21:38.883100;-0.012160802;0.01551439;0.59416228;2.778448191;0.001978713;1;0;0
17:21:38.893096;-0.011145799;0.032512694;0.588389228;2.778646464;0.007497374;1;0;0
17:21:38.903493;-0.011145799;0.026010155;0.582033804;2.778707415;0.008598824;1;0;0
17:21:38.914891;-0.011145799;0.020808124;0.575635031;2.778616843;0.004493086;1;0;0
17:21:38.925778;-0.010131055;0.035432208;0.569395386;2.778562362;0.00125105;1;0;0
17:21:38.936584;-0.010131055;0.028345766;0.563147833;2.778362722;0.002430729;1;0;0
17:21:38.946562;-0.009130426;0.042480724;0.55733418;2.77821052;0.007585123;1;0;0
17:21:38.957255;-0.008115943;0.053701402;0.551508899;2.778090602;0.012258996;1;0;0
17:21:38.966745;-0.008115943;0.042961122;0.545441553;2.777821425;0.019147296;1;0;0
17:21:38.977166;-0.007101723;0.054148594;0.53965063;2.777594468;0.024681995;1;0;0
17:21:38.987973;-0.006100519;0.063105255;0.534022387;2.777399158;0.027434979;1;0;0
17:21:38.998026;-0.006100519;0.050484204;0.528316752;2.77706594;0.028243983;1;0;0
17:21:39.008138;-0.006087769;0.040622254;0.52211601;2.776567001;0.026952446;1;0;0
17:21:39.019649;-0.006375427;0.027220922;0.515767412;2.775876272;0.021037692;1;0;0
17:21:39.029781;-0.005228903;0.04304228;0.509629513;2.775266829;0.017468499;1;0;0
17:21:39.041130;-0.005216023;0.034674218;0.50346774;2.774533194;0.013128629;1;0;0
17:21:39.050668;-0.005216023;0.027739375;0.497616945;2.773732182;0.007116256;1;0;0
17:21:39.061669;-0.004201866;0.040847863;0.491441489;2.772933287;-0.000206418;1;0;0
17:21:39.073102;-0.003187982;0.051683901;0.485499073;2.772202568;-0.000932458;1;0;0
17:21:39.083807;-0.003187982;0.041347121;0.479814032;2.771396221;0.000136452;1;0;0
17:21:39.092886;-0.002186434;0.051893633;0.473946482;2.770605473;0.000498732;1;0;0
17:21:39.104582;-0.001172826;0.061612336;0.468496238;2.769908462;0.003101477;1;0;0
17:21:39.114373;-0.001172826;0.049289869;0.46260568;2.7690391;0.005959554;1;0;0
17:21:39.124604;-0.000159496;0.058309895;0.456859948;2.768228917;0.008722826;1;0;0
17:21:39.134733;0.000853554;0.066667071;0.451549873;2.767515817;0.00879882;1;0;0
17:21:39.145753;0.002006497;0.074466669;0.445956744;2.766819247;0.012963684;1;0;0
17:21:39.156664;0.003019988;0.079615913;0.44086574;2.766212694;0.01756054;1;0;0
17:21:39.166075;0.003031645;0.063924236;0.435728765;2.765489351;0.019891627;1;0;0
17:21:39.176515;0.004044561;0.070119465;0.430389007;2.764771904;0.023007873;1;0;0
17:21:39.188126;0.003043591;0.037680098;0.424706626;2.763737427;0.022734752;1;0;0
17:21:39.197677;0.004056217;0.04982025;0.419448742;2.762823998;0.021708408;1;0;0
17:21:39.207769;0.005068551;0.059823458;0.414384555;2.761987367;0.011319683;1;0;0
17:21:39.217762;0.007228057;0.090672788;0.409637264;2.761396445;0.007358552;1;0;0
17:21:39.228777;0.008240803;0.09255589;0.404962993;2.760843523;0.00422219;1;0;0
17:21:39.239170;0.009242352;0.093313514;0.400243532;2.760309421;0.001461745;1;0;0
17:21:39.249904;0.013290328;0.152955023;0.39612037;2.760303225;0.012592816;1;0;0
17:21:39.260870;0.014454369;0.142384092;0.391535517;2.760298269;0.026568856;1;0;0
17:21:39.271040;0.015466292;0.133904078;0.387568558;2.760274019;0.048367254;1;0;0
17:21:39.281717;0.017489201;0.144653563;0.3835448;2.760406765;0.057418611;1;0;0
17:21:39.292723;0.017489201;0.11572285;0.379339862;2.760336334;0.065313473;1;0;0
17:21:39.303385;0.018500183;0.111212202;0.37516088;2.760251026;0.064195886;1;0;0
17:21:39.314167;0.020521194;0.127139486;0.37128219;2.760324741;0.053483505;1;0;0
17:21:39.324856;0.021691328;0.123445408;0.367383405;2.760403026;0.044813693;1;0;0
17:21:39.334942;0.023712394;0.13870796;0.363900008;2.760619166;0.037538905;1;0;0
17:21:39.344735;0.024722437;0.130816691;0.36040729;2.760812068;0.031280618;1;0;0
17:21:39.356180;0.02573215;0.123530461;0.356745083;2.76098597;0.027416589;1;0;0
17:21:39.366119;0.028195801;0.147641969;0.353531091;2.761356633;0.029495347;1;0;0
17:21:39.376322;0.02920584;0.136611103;0.350043798;2.76171132;0.025886487;1;0;0
17:21:39.387153;0.031217321;0.148216906;0.346898385;2.762167293;0.022541266;1;0;0
17:21:39.397964;0.032226686;0.13735436;0.343609108;2.762589282;0.010600499;1;0;0
17:21:39.407340;0.03323571;0.129887032;0.340512205;2.762943385;0.002993887;1;0;0
17:21:39.418125;0.034244392;0.123905763;0.337414529;2.763265572;-0.009185895;1;0;0
17:21:39.427611;0.034244392;0.099124611;0.334157522;2.763399491;-0.021181723;1;0;0
17:21:39.438138;0.033242614;0.060355064;0.330432998;2.763189387;-0.030829119;1;0;0
17:21:39.448702;0.033242614;0.048284052;0.326723441;2.762836524;-0.044057973;1;0;0
17:21:39.459653;0.033242614;0.038627241;0.322830112;2.762337219;-0.061344784;1;0;0
17:21:39.469722;0.035424418;0.074005564;0.319320414;2.762078015;-0.076450132;1;0;0
17:21:39.480424;0.035424418;0.059204452;0.315438916;2.761647727;-0.089948326;1;0;0
17:21:39.491246;0.035424418;0.047363561;0.31143253;2.761071129;-0.10353262;1;0;0
17:21:39.502135;0.035138602;0.032526957;0.307401251;2.76033737;-0.113631576;1;0;0
17:21:39.512796;0.035138602;0.026021566;0.303270341;2.759489258;-0.11725197;1;0;0
17:21:39.523538;0.036147582;0.039408111;0.29921606;2.758704905;-0.116221167;1;0;0
17:21:39.533411;0.035144881;0.011616286;0.295244081;2.757726723;-0.119542353;1;0;0
17:21:39.544457;0.034142755;-0.009469906;0.29083686;2.75644976;-0.125363544;1;0;0
17:21:39.554452;0.034142755;-0.007575925;0.286402245;2.755113773;-0.134504959;1;0;0
17:21:39.564873;0.033141207;-0.025770172;0.282048238;2.75364837;-0.141733855;1;0;0
17:21:39.574818;0.033141207;-0.020616138;0.277684259;2.752149551;-0.145103216;1;0;0
17:21:39.586068;0.032132227;-0.035505307;0.273022061;2.750409888;-0.1474756;1;0;0
17:21:39.595869;0.030841181;-0.054039931;0.268441143;2.748555792;-0.146423638;1;0;0
17:21:39.606668;0.029831855;-0.062667354;0.263622471;2.74650018;-0.147206709;1;0;0
17:21:39.616829;0.029831855;-0.050133883;0.259020259;2.744535103;-0.146567672;1;0;0
17:21:39.627326;0.028822183;-0.059134499;0.254099426;2.742337005;-0.148236752;1;0;0
17:21:39.637456;0.028822183;-0.047307599;0.249293051;2.740193887;-0.149634778;1;0;0
17:21:39.647996;0.028822183;-0.037846079;0.244787205;2.738188007;-0.148525923;1;0;0
17:21:39.657972;0.028822183;-0.030276864;0.240157934;2.736130224;-0.143204063;1;0;0
17:21:39.669401;0.027820875;-0.042861309;0.235398486;2.733925307;-0.134919852;1;0;0
17:21:39.678900;0.026810861;-0.054350858;0.230881357;2.731755579;-0.126049727;1;0;0
17:21:39.690516;0.026810861;-0.043480686;0.22646357;2.729644388;-0.116671503;1;0;0
17:21:39.699492;0.025810136;-0.054650279;0.222000705;2.727440538;-0.109990984;1;0;0
17:21:39.710319;0.025810136;-0.043720223;0.217394806;2.725180515;-0.101304375;1;0;0
17:21:39.721114;0.025810136;-0.034976178;0.212874892;2.722976603;-0.094216004;1;0;0
17:21:39.732386;0.02479978;-0.047564314;0.208496105;2.720771672;-0.089181639;1;0;0
17:21:39.742102;0.022778052;-0.075578283;0.20372199;2.718218203;-0.086162157;1;0;0
17:21:39.752619;0.022778052;-0.060462626;0.199228087;2.715836529;-0.08214201;1;0;0
17:21:39.763614;0.021601937;-0.069967417;0.194516315;2.713268799;-0.075859331;1;0;0
17:21:39.773641;0.020591231;-0.075965247;0.190134495;2.710831539;-0.070064031;1;0;0
17:21:39.784348;0.019580194;-0.07945275;0.185443425;2.708173024;-0.070813432;1;0;0
17:21:39.795207;0.019580194;-0.0635622;0.181024212;2.705694576;-0.071812622;1;0;0
17:21:39.805470;0.019580194;-0.05084976;0.176877909;2.703392292;-0.06465444;1;0;0
17:21:39.814917;0.018568828;-0.060768049;0.172811028;2.701085837;-0.058719095;1;0;0
17:21:39.825643;0.019569552;-0.029208805;0.168948375;2.698985484;-0.045080427;1;0;0
17:21:39.836736;0.019569552;-0.023367044;0.165069382;2.696895873;-0.029672841;1;0;0
17:21:39.846361;0.019569552;-0.018693635;0.161528795;2.695005701;-0.008089015;1;0;0
17:21:39.856694;0.018557859;-0.034504195;0.157859419;2.692989077;0.00559062;1;0;0
17:21:39.866649;0.018557859;-0.027603356;0.154319453;2.691061766;0.019872261;1;0;0
17:21:39.878342;0.018557859;-0.022082685;0.150770725;2.68914763;0.029593585;1;0;0
17:21:39.888221;0.018557859;-0.017666148;0.147472616;2.687384762;0.034798183;1;0;0
17:21:39.898833;0.018557859;-0.014132918;0.144256571;2.685680636;0.04118016;1;0;0
17:21:39.908125;0.018557859;-0.011306335;0.141221146;2.684085625;0.04473028;1;0;0
17:21:39.918654;0.018557859;-0.009045068;0.138228952;2.682525985;0.053657882;1;0;0
17:21:39.929191;0.018557859;-0.007236054;0.135309914;2.68101648;0.056207605;1;0;0
17:21:39.939088;0.017557135;-0.025599515;0.132380581;2.67943929;0.059598651;1;0;0
17:21:39.948875;0.017557135;-0.020479612;0.12955129;2.677929028;0.061303582;1;0;0
17:21:39.959680;0.017557135;-0.01638369;0.126797169;2.676471181;0.062019501;1;0;0
17:21:39.969660;0.017557135;-0.013106952;0.124119665;2.675065459;0.05733899;1;0;0
17:21:39.980857;0.017557135;-0.010485561;0.121330926;2.67361338;0.050110932;1;0;0
17:21:39.990183;0.017264642;-0.014149533;0.118765359;2.672266726;0.047864363;1;0;0
17:21:40.002015;0.017264642;-0.011319627;0.115851904;2.670750604;0.047377449;1;0;0
17:21:40.013766;0.017264642;-0.009055701;0.113267289;2.669417193;0.050060589;1;0;0
17:21:40.023512;0.016263587;-0.027055242;0.110796791;2.668078848;0.052572466;1;0;0
17:21:40.033730;0.016263587;-0.021644194;0.108299394;2.666737888;0.055572338;1;0;0
17:21:40.044638;0.016263587;-0.017315355;0.105902201;2.665462025;0.052111696;1;0;0
17:21:40.054726;0.01526312;-0.032573881;0.103375973;2.664054081;0.04757737;1;0;0
17:21:40.066102;0.01526312;-0.026059105;0.100947058;2.662713502;0.042354971;1;0;0
17:21:40.076476;0.014263242;-0.039679826;0.098454334;2.661279375;0.035856824;1;0;0
17:21:40.086785;0.012967218;-0.055931824;0.095830831;2.659696777;0.030256389;1;0;0
17:21:40.097629;0.012967218;-0.044745459;0.093458364;2.658280425;0.02438323;1;0;0
17:21:40.107788;0.012967218;-0.035796367;0.091029989;2.656845625;0.021673264;1;0;0
17:21:40.118425;0.0119552;-0.04865277;0.088689988;2.655414227;0.020455858;1;0;0
17:21:40.129054;0.0119552;-0.038922216;0.086321664;2.653980491;0.01567328;1;0;0
17:21:40.139843;0.0119552;-0.031137773;0.084069402;2.652631394;0.013942421;1;0;0
17:21:40.149535;0.010955596;-0.04466675;0.081857973;2.651259414;0.012836402;1;0;0
17:21:40.160388;0.010955596;-0.0357334;0.079619625;2.649885091;0.014897928;1;0;0
17:21:40.170317;0.010955596;-0.02858672;0.077601986;2.648659052;0.018734528;1;0;0
17:21:40.180446;0.010955596;-0.022869376;0.075616248;2.647464563;0.02345714;1;0;0
17:21:40.191903;0.009956586;-0.036733128;0.073461537;2.646117512;0.026369423;1;0;0
17:21:40.202091;0.009657435;-0.035202099;0.071461661;2.644863037;0.027389327;1;0;0
17:21:40.212022;0.009657435;-0.028161679;0.069583819;2.643696965;0.027791427;1;0;0
17:21:40.222315;0.008658115;-0.041667046;0.067572045;2.642401298;0.02823534;1;0;0
17:21:40.232976;0.008658115;-0.033333637;0.065652954;2.641177895;0.029084273;1;0;0
17:21:40.242378;0.008658115;-0.026666909;0.063876688;2.640056939;0.028314082;1;0;0
17:21:40.253376;0.007645774;-0.041023997;0.061999497;2.638826834;0.028791834;1;0;0
17:21:40.264246;0.007645774;-0.032819197;0.060124909;2.637610813;0.026323942;1;0;0
17:21:40.277298;0.007645774;-0.026255358;0.058000231;2.636248281;0.026266329;1;0;0
17:21:40.287413;0.007487337;-0.023945345;0.056293652;2.635157337;0.027680064;1;0;0
17:21:40.298226;0.007487337;-0.019156276;0.054747711;2.634179174;0.031581718;1;0;0
17:21:40.308026;0.006488616;-0.034182555;0.053065426;2.633067806;0.030636232;1;0;0
17:21:40.318678;0.006488616;-0.027346044;0.051540259;2.632070067;0.03261805;1;0;0
17:21:40.329932;0.005476954;-0.040932169;0.049855489;2.630923535;0.032057248;1;0;0
17:21:40.338881;0.006475674;-0.013031615;0.048474897;2.630041033;0.034554742;1;0;0
17:21:40.348991;0.006475674;-0.010425292;0.047162588;2.629210382;0.035396125;1;0;0
17:21:40.359541;0.006475674;-0.008340234;0.045853804;2.628390245;0.038391519;1;0;0
17:21:40.369999;0.006475674;-0.006672187;0.044636117;2.6276349;0.043840628;1;0;0
17:21:40.379828;0.006475674;-0.00533775;0.043484406;2.626927557;0.047768291;1;0;0
17:21:40.390908;0.006475674;-0.0042702;0.042366628;2.626247845;0.055612423;1;0;0
17:21:40.402376;0.006475674;-0.00341616;0.041221469;2.625558632;0.061014403;1;0;0
17:21:40.412343;0.005476954;-0.021323141;0.039987284;2.624760669;0.06009097;1;0;0
17:21:40.423023;0.005476954;-0.017058513;0.038806131;2.624004852;0.056430075;1;0;0
17:21:40.432610;0.005476954;-0.01364681;0.037754328;2.623338562;0.052352659;1;0;0
17:21:40.443373;0.005476954;-0.010917448;0.036726459;2.622693838;0.04796797;1;0;0
17:21:40.453575;0.005476954;-0.008733959;0.035758844;2.622092912;0.042935438;1;0;0
17:21:40.463010;0.004464973;-0.027089801;0.034690012;2.62137868;0.038613234;1;0;0
17:21:40.474682;0.003466854;-0.040033727;0.033437819;2.620496752;0.034994036;1;0;0
17:21:40.484906;0.003466854;-0.032026981;0.032263602;2.619677147;0.03256109;1;0;0
17:21:40.494740;0.003466854;-0.025621585;0.031217965;2.618953747;0.030193755;1;0;0
17:21:40.505903;0.003466854;-0.020497268;0.030187114;2.618246928;0.026747558;1;0;0
17:21:40.516137;0.003466854;-0.016397814;0.029186917;2.617567544;0.023800241;1;0;0
17:21:40.527156;0.003466854;-0.013118252;0.028264035;2.61694663;0.022155264;1;0;0
17:21:40.538082;0.000275902;-0.068812105;0.026855761;2.615839865;0.016440842;1;0;0
17:21:40.549134;0.000275902;-0.055049684;0.025561284;2.614827859;0.016064798;1;0;0
17:21:40.559127;-0.000721614;-0.063781253;0.024281717;2.61380007;0.009514865;1;0;0
17:21:40.568775;-0.000721614;-0.051025002;0.023084444;2.612842141;0.01003175;1;0;0
17:21:40.579413;-0.000721614;-0.040820002;0.021894989;2.611894466;0.004575417;1;0;0
17:21:40.589700;-0.001733846;-0.052319357;0.020683529;2.610902119;-0.001628621;1;0;0
17:21:40.601155;-0.001733846;-0.041855485;0.019499;2.609934836;-0.001412709;1;0;0
17:21:40.611880;-0.002746386;-0.05222824;0.018244447;2.608884086;-0.002405567;1;0;0
17:21:40.622152;-0.002746386;-0.041782592;0.017072147;2.607904151;0.007968069;1;0;0
17:21:40.633593;-0.003759232;-0.052357463;0.015851879;2.606859944;0.011130281;1;0;0
17:21:40.644482;-0.003759232;-0.041885971;0.014713208;2.60588622;0.019041596;1;0;0
17:21:40.653884;-0.003759232;-0.033508776;0.013728853;2.605045032;0.019446122;1;0;0
17:21:40.665228;-0.003759232;-0.026807021;0.012742934;2.604203111;0.017713083;1;0;0
17:21:40.674808;-0.004772381;-0.041556156;0.011752526;2.603336044;0.017826155;1;0;0
17:21:40.685153;-0.004921184;-0.036137074;0.010794117;2.602493575;0.020091642;1;0;0
17:21:40.695313;-0.004921184;-0.02890966;0.009910966;2.601716475;0.028142888;1;0;0
17:21:40.706833;-0.004921184;-0.023127728;0.009058623;2.600965655;0.03333557;1;0;0
17:21:40.717261;-0.005933631;-0.037297152;0.00811476;2.60011423;0.039506786;1;0;0
17:21:40.727516;-0.005933631;-0.029837721;0.007247493;2.599329671;0.039821621;1;0;0
17:21:40.738048;-0.006930542;-0.043664284;0.006359261;2.598509906;0.037987281;1;0;0
17:21:40.748432;-0.007943289;-0.054982187;0.005394484;2.597604428;0.031390246;1;0;0
17:21:40.758775;-0.007943289;-0.04398575;0.004441277;2.596704727;0.025610775;1;0;0
17:21:40.768619;-0.007943289;-0.0351886;0.00363472;2.595938781;0.024012335;1;0;0
17:21:40.779177;-0.008956332;-0.04742015;0.002713461;2.595050824;0.024479145;1;0;0
17:21:40.794086;-0.008956332;-0.03793612;0.001858387;2.59422014;0.022743832;1;0;0
17:21:40.800925;-0.009969671;-0.049520458;0.001;2.593315155;0.021665506;1;0;0
17:21:40.810889;-0.009969671;-0.039616367;0.001;2.592520825;0.025121916;1;0;0
17:21:40.820699;-0.009969671;-0.031693093;0.001;2.591797497;0.028409462;1;0;0
17:21:40.832195;-0.009969671;-0.025354475;0.001;2.591085977;0.033857848;1;0;0
17:21:40.842804;-0.009969671;-0.02028358;0.001;2.590455298;0.039627016;1;0;0
17:21:40.852221;-0.009969671;-0.016226864;0.001;2.589909383;0.045367263;1;0;0
17:21:40.863541;-0.010983303;-0.032181001;0.001;2.58924061;0.047221258;1;0;0
17:21:40.875304;-0.010983303;-0.025744801;0.001;2.588618247;0.04922922;1;0;0
17:21:40.883855;-0.010983303;-0.020595841;0.001;2.588091987;0.051824268;1;0;0
17:21:40.894866;-0.010983303;-0.016476673;0.001;2.587560333;0.058723576;1;0;0
17:21:40.905575;-0.010983303;-0.013181338;0.001;2.587100273;0.061597373;1;0;0
17:21:40.916958;-0.010983303;-0.01054507;0.001;2.586680409;0.059858434;1;0;0
17:21:40.927175;-0.011979608;-0.028151803;0.001;2.586179508;0.057832934;1;0;0
17:21:40.937070;-0.011979608;-0.022521443;0.001;2.585722605;0.05659017;1;0;0
17:21:40.947757;-0.012284788;-0.023783389;0.001;2.585240947;0.054994624;1;0;0
17:21:40.958202;-0.012284788;-0.019026711;0.001;2.584794765;0.053732585;1;0;0
17:21:40.968738;-0.013281385;-0.0347469;0.001;2.584268253;0.050300963;1;0;0
17:21:40.979529;-0.014277372;-0.046607939;0.001;2.583623054;0.041593973;1;0;0
17:21:40.989502;-0.014277372;-0.037286351;0.001;2.583064056;0.034359522;1;0;0
17:21:40.999373;-0.014277372;-0.029829081;0.001;2.582527405;0.029925874;1;0;0
17:21:41.010808;-0.014277372;-0.023863265;0.001;2.582035902;0.029549211;1;0;0
17:21:41.021299;-0.014277372;-0.019090612;0.001;2.581595424;0.028776275;1;0;0
17:21:41.032948;-0.012267754;0.019396848;0.001;2.581482261;0.036218829;1;0;0
17:21:41.043681;-0.012267754;0.015517478;0.001;2.581386546;0.045170143;1;0;0
17:21:41.053561;-0.012267754;0.012413983;0.001;2.581304644;0.058183145;1;0;0
17:21:41.064154;-0.011271157;0.02954278;0.001056244;2.581371342;0.070165545;1;0;0
17:21:41.074846;-0.010257818;0.04242526;0.001261156;2.58158877;0.084435456;1;0;0
17:21:41.085266;-0.009244775;0.052437113;0.001602385;2.581945716;0.097528145;1;0;0
17:21:41.097620;-0.009244775;0.041949691;0.001905944;2.582268292;0.103722893;1;0;0
17:21:41.107048;-0.007943289;0.057941044;0.002368687;2.582753895;0.109532528;1;0;0
17:21:41.117920;-0.007943289;0.046352835;0.002779219;2.583191477;0.110389508;1;0;0
17:21:41.127475;-0.006930542;0.057190607;0.003277598;2.583720402;0.112297103;1;0;0
17:21:41.137366;-0.006930542;0.045752486;0.003728668;2.584206776;0.108778298;1;0;0
17:21:41.147993;-0.004921184;0.075637921;0.004433987;2.584954173;0.109433353;1;0;0
17:21:41.160006;-0.004921184;0.060510337;0.005156403;2.585733012;0.10661003;1;0;0
17:21:41.170102;-0.003606265;0.072954744;0.005941207;2.586577339;0.103788935;1;0;0
17:21:41.180776;-0.003606265;0.058363795;0.006635919;2.587338479;0.093164213;1;0;0
17:21:41.192060;-0.001597808;0.083992742;0.007573197;2.588352355;0.090901397;1;0;0
17:21:41.202756;-0.00043446;0.088926999;0.008583227;2.589448966;0.092168175;1;0;0
17:21:41.212968;-0.00043446;0.071141599;0.009439568;2.59039631;0.088758968;1;0;0
17:21:41.223525;0.001589695;0.094513012;0.01056407;2.591628611;0.091785319;1;0;0
17:21:41.234185;0.002601306;0.094664709;0.011707803;2.592890698;0.09034133;1;0;0
17:21:41.244431;0.002601306;0.075731767;0.012751431;2.59406695;0.091387771;1;0;0
17:21:41.255319;0.004623586;0.097711633;0.013993927;2.595455258;0.087269045;1;0;0
17:21:41.266519;0.004623586;0.078169307;0.015044357;2.596655465;0.087217323;1;0;0
17:21:41.276196;0.006631465;0.102163871;0.016254198;2.598023998;0.087734587;1;0;0
17:21:41.286773;0.006631465;0.081731097;0.017390923;2.599340079;0.080684274;1;0;0
17:21:41.297398;0.008952201;0.10956347;0.018730297;2.600869333;0.078219056;1;0;0
17:21:41.308283;0.00911231;0.09062815;0.019974565;2.602321872;0.068201557;1;0;0
17:21:41.317659;0.01010922;0.092291642;0.021152346;2.603706948;0.066254765;1;0;0
17:21:41.329169;0.011119916;0.093520619;0.022367293;2.605145435;0.05666016;1;0;0
17:21:41.338973;0.011119916;0.074816496;0.023450422;2.606464954;0.048045374;1;0;0
17:21:41.348602;0.010123007;0.040534794;0.024261298;2.607522136;0.035077423;1;0;0
17:21:41.359346;0.010123007;0.032427835;0.02498789;2.608510673;0.012698056;1;0;0
17:21:41.370409;0.010123007;0.025942268;0.025601164;2.609387538;-0.006830356;1;0;0
17:21:41.381186;0.010123007;0.020753815;0.026140836;2.610205803;-0.027567966;1;0;0
17:21:41.391350;0.010123007;0.016603052;0.026568556;2.610900619;-0.043606557;1;0;0
17:21:41.402331;0.01214342;0.050659401;0.02725603;2.611879139;-0.054500639;1;0;0
17:21:41.412154;0.01214342;0.040527521;0.027805434;2.612707215;-0.056885552;1;0;0
17:21:41.422847;0.013140329;0.051285129;0.028439858;2.613638983;-0.054032806;1;0;0
17:21:41.432964;0.013140329;0.041028103;0.028990902;2.614502399;-0.051683165;1;0;0
17:21:41.444407;0.013140329;0.032822482;0.029419182;2.615226668;-0.045122541;1;0;0
17:21:41.453522;0.013140329;0.026257986;0.029770804;2.615876995;-0.044111237;1;0;0
17:21:41.464689;0.013140329;0.021006389;0.030072359;2.616503206;-0.045270264;1;0;0
17:21:41.474233;0.013140329;0.016805111;0.030290635;2.617030861;-0.052321564;1;0;0
17:21:41.484739;0.013140329;0.013444089;0.030447445;2.617493564;-0.05765475;1;0;0
17:21:41.495524;0.01214342;-0.008421541;0.030406675;2.617769179;-0.064094812;1;0;0
17:21:41.506378;0.01214342;-0.006737233;0.030327833;2.618008561;-0.070758931;1;0;0
17:21:41.516027;0.01214342;-0.005389786;0.030210304;2.618218825;-0.072582513;1;0;0
17:21:41.526171;0.012130286;-0.004571618;0.030068747;2.618382023;-0.071906619;1;0;0
17:21:41.537736;0.012130286;-0.003657295;0.02989172;2.618524174;-0.07327988;1;0;0
17:21:41.548123;0.012130286;-0.002925836;0.029691449;2.618637234;-0.076625705;1;0;0
17:21:41.557561;0.012130286;-0.002340669;0.029475604;2.618723105;-0.079826891;1;0;0
17:21:41.567696;0.013127792;0.01787931;0.029386905;2.6189317;-0.078302048;1;0;0
17:21:41.578500;0.013127792;0.014303448;0.029259049;2.619121049;-0.076704293;1;0;0
17:21:41.589215;0.013127792;0.011442759;0.02911187;2.619268721;-0.069986284;1;0;0
17:21:41.599208;0.013127792;0.009154207;0.028929751;2.619396946;-0.06232439;1;0;0
17:21:41.610697;0.013127792;0.007323365;0.028721651;2.619499419;-0.054735627;1;0;0
17:21:41.621580;0.013127792;0.005858692;0.02848949;2.619577983;-0.048628055;1;0;0
17:21:41.631448;0.013127792;0.004686954;0.028255691;2.619630685;-0.045003254;1;0;0
17:21:41.641618;0.013127792;0.003749563;0.027992931;2.619666866;-0.043753427;1;0;0
17:21:41.652061;0.013127792;0.00299965;0.027718904;2.619684879;-0.041485555;1;0;0
17:21:41.662967;0.013127792;0.00239972;0.027431567;2.619686926;-0.039068602;1;0;0
17:21:41.672912;0.014137835;0.021973616;0.027290356;2.619821351;-0.036144808;1;0;0
17:21:41.683648;0.014137835;0.017578893;0.027118649;2.619936595;-0.03252548;1;0;0
17:21:41.694778;0.014137835;0.014063114;0.026920868;2.620029569;-0.028135782;1;0;0
17:21:41.705525;0.014137835;0.011250491;0.026698924;2.620100862;-0.026979275;1;0;0
17:21:41.717277;0.014137835;0.009000393;0.026463944;2.620149945;-0.023130415;1;0;0
17:21:41.726308;0.014137835;0.007200314;0.026227817;2.620179254;-0.020666951;1;0;0
17:21:41.737076;0.014137835;0.005760252;0.025977923;2.620193572;-0.021005036;1;0;0
17:21:41.746210;0.014137835;0.004608201;0.025705908;2.620193796;-0.020977944;1;0;0
17:21:41.756367;0.014137835;0.003686561;0.025434384;2.62018117;-0.021185929;1;0;0
17:21:41.766853;0.014137835;0.002949249;0.025146722;2.620156324;-0.017935202;1;0;0
17:21:41.777748;0.015147548;0.021974164;0.025002359;2.620270133;-0.015879838;1;0;0
17:21:41.788745;0.015147548;0.017579331;0.024832267;2.620364642;-0.010110945;1;0;0
17:21:41.798726;0.015147548;0.014063465;0.024652596;2.62043479;-0.004157906;1;0;0
17:21:41.808397;0.015147548;0.011250772;0.024456794;2.620487455;-8.39E-05;1;0;0
17:21:41.818963;0.015147548;0.009000618;0.024239083;2.62052499;0.004324686;1;0;0
17:21:41.829363;0.015147548;0.007200494;0.024017183;2.620546148;0.004213243;1;0;0
17:21:41.840091;0.015147548;0.005760395;0.023782634;2.620553982;0.002647168;1;0;0
17:21:41.849571;0.015147548;0.004608316;0.023539851;2.620549562;-0.001030596;1;0;0
17:21:41.858885;0.015147548;0.003686653;0.023288557;2.620534069;-0.00281055;1;0;0
17:21:41.869832;0.015147548;0.002949322;0.023021183;2.620507507;-0.003318957;1;0;0
17:21:41.879979;0.015147548;0.002359458;0.022735441;2.620469523;-0.003980513;1;0;0
17:21:41.891491;0.015147548;0.001887566;0.022446934;2.620422678;-0.003153075;1;0;0
17:21:41.901271;0.015147548;0.001510053;0.0221705;2.620370942;-0.002135883;1;0;0
17:21:41.910909;0.015147548;0.001208042;0.021890112;2.620312521;-0.001633505;1;0;0
17:21:41.921425;0.015147548;0.000966434;0.021605587;2.620247867;-0.003979551;1;0;0
17:21:41.932068;0.014137835;-0.018543813;0.02115816;2.620023959;-0.005945498;1;0;0
17:21:41.942789;0.014137835;-0.014835051;0.020720035;2.619806093;-0.008813757;1;0;0
17:21:41.953205;0.014137835;-0.011868041;0.020271058;2.619584232;-0.014742501;1;0;0
17:21:41.963838;0.014137835;-0.009494432;0.019865191;2.619384874;-0.015548653;1;0;0
17:21:41.974655;0.013127792;-0.026475452;0.019300166;2.619029353;-0.017903604;1;0;0
17:21:41.986272;0.012130286;-0.039880338;0.018610483;2.618541861;-0.020280877;1;0;0
17:21:41.995894;0.012130286;-0.03190427;0.017953318;2.618081392;-0.020819131;1;0;0
17:21:42.006363;0.012130286;-0.025523416;0.01735448;2.617665469;-0.02222752;1;0;0
17:21:42.016183;0.010820455;-0.046330872;0.016611442;2.617094086;-0.023841828;1;0;0
17:21:42.027067;0.010820455;-0.037064698;0.015877484;2.616532988;-0.026313882;1;0;0
17:21:42.038175;0.010820455;-0.029651758;0.015176047;2.616000122;-0.026171606;1;0;0
17:21:42.049757;0.010820455;-0.023721407;0.014524631;2.615508498;-0.025430877;1;0;0
17:21:42.059779;0.009809759;-0.037481258;0.013748118;2.614886361;-0.02298259;1;0;0
17:21:42.071395;0.008798738;-0.047227611;0.012806813;2.614100684;-0.021818092;1;0;0
17:21:42.081563;0.008798738;-0.037782089;0.012057814;2.613476897;-0.019323066;1;0;0
17:21:42.092139;0.008798738;-0.030225671;0.011313719;2.612858565;-0.013794793;1;0;0
17:21:42.102281;0.008798738;-0.024180537;0.010666513;2.612321994;-0.010924604;1;0;0
17:21:42.112394;0.007629279;-0.041335145;0.009854033;2.611618585;-0.010985809;1;0;0
17:21:42.123687;0.007629279;-0.033068116;0.009139437;2.610999913;-0.006682072;1;0;0
17:21:42.133457;0.007629279;-0.026454493;0.008439755;2.610394142;-0.003721493;1;0;0
17:21:42.144827;0.007629279;-0.021163594;0.007792289;2.609833565;0.000208605;1;0;0
17:21:42.154793;0.006618614;-0.036959996;0.007082951;2.609199239;0.003681091;1;0;0
17:21:42.164196;0.006618614;-0.029567996;0.006423443;2.608608273;0.009492685;1;0;0
17:21:42.175769;0.006618614;-0.023654397;0.005771657;2.608022902;0.010609184;1;0;0
17:21:42.186353;0.006618614;-0.018923518;0.005177664;2.607488097;0.011663948;1;0;0
17:21:42.197012;0.007617027;0.003853929;0.00479551;2.607158344;0.0176886;1;0;0
17:21:42.206876;0.007617027;0.003083143;0.00445638;2.606865756;0.022333255;1;0;0
17:21:42.217303;0.006618614;-0.016720655;0.003984263;2.606437526;0.028323531;1;0;0
17:21:42.226929;0.006618614;-0.013376524;0.003563223;2.606054462;0.031249279;1;0;0
17:21:42.237303;0.006618614;-0.010701219;0.003164955;2.605690939;0.037215985;1;0;0
17:21:42.247387;0.006618614;-0.008560975;0.002807481;2.605363518;0.040430382;1;0;0
17:21:42.258039;0.006618614;-0.00684878;0.002478004;2.605060632;0.040956791;1;0;0
17:21:42.268510;0.006618614;-0.005479024;0.002160733;2.604767793;0.038467877;1;0;0
17:21:42.277957;0.0056208;-0.024191937;0.001739905;2.604366583;0.035628527;1;0;0
17:21:42.289276;0.0056208;-0.01935355;0.001342945;2.603985585;0.034772895;1;0;0
17:21:42.298433;0.0056208;-0.01548284;0.001;2.603644187;0.032172989;1;0;0
17:21:42.311245;0.0056208;-0.012386272;0.001;2.60331019;0.03208432;1;0;0
17:21:42.320043;0.005319835;-0.015495286;0.001;2.602960033;0.034098674;1;0;0
17:21:42.330456;0.005319835;-0.012396229;0.001;2.602660147;0.032015629;1;0;0
17:21:42.340967;0.005319835;-0.009916983;0.001;2.602388672;0.030306127;1;0;0
17:21:42.351676;0.005319835;-0.007933586;0.001;2.602122828;0.028733354;1;0;0
17:21:42.362336;0.004321716;-0.025073871;0.001;2.601735048;0.030212462;1;0;0
17:21:42.371780;0.004321716;-0.020059097;0.001;2.601400742;0.030301552;1;0;0
17:21:42.382881;0.004321716;-0.016047278;0.001;2.601087901;0.029081134;1;0;0
17:21:42.392856;0.004321716;-0.012837822;0.001;2.600809613;0.032077461;1;0;0
17:21:42.404613;0.004321716;-0.010270258;0.001;2.600523799;0.03094832;1;0;0
17:21:42.415032;0.0033242;-0.02757599;0.001;2.600145547;0.02803361;1;0;0
17:21:42.425157;0.004334865;-0.00247305;0.001;2.599948395;0.028289387;1;0;0
17:21:42.434805;0.004334865;-0.00197844;0.001;2.599772555;0.029460507;1;0;0
17:21:42.444920;0.004334865;-0.001582752;0.001;2.599611078;0.033769414;1;0;0
17:21:42.455293;0.004334865;-0.001266202;0.001;2.599464667;0.037395988;1;0;0
17:21:42.466133;0.005345211;0.018249675;0.001000225;2.599475385;0.040754691;1;0;0
17:21:42.475352;0.005041834;0.008661855;0.001;2.599440581;0.043600351;1;0;0
17:21:42.486821;0.00404402;-0.011566706;0.001;2.599254651;0.041987166;1;0;0
17:21:42.497660;0.003046814;-0.028999596;0.001;2.598953526;0.038762581;1;0;0
17:21:42.507485;0.003046814;-0.023199676;0.001;2.598670814;0.032143995;1;0;0
17:21:42.517050;0.001743528;-0.043702299;0.001;2.598223255;0.026379704;1;0;0
17:21:42.527991;0.000746643;-0.054506771;0.001;2.597678415;0.013752004;1;0;0
17:21:42.538068;0.000746643;-0.043605417;0.001;2.597185595;0.003979878;1;0;0
17:21:42.548187;-0.002593552;-0.097324866;0.001;2.59620764;-0.011658985;1;0;0
17:21:42.558730;-0.004616461;-0.117826292;0.001;2.595077626;-0.026870774;1;0;0
17:21:42.568558;-0.005628384;-0.114344044;0.001;2.593908542;-0.04315399;1;0;0
17:21:42.579143;-0.008801134;-0.153623097;0.001;2.592372663;-0.055653512;1;0;0
17:21:42.589549;-0.008801134;-0.122898478;0.001;2.590989061;-0.062022932;1;0;0
17:21:42.599792;-0.008801134;-0.098318782;0.001;2.589653724;-0.069234036;1;0;0
17:21:42.610862;-0.015170528;-0.196039705;0.001;2.587461013;-0.07626164;1;0;0
17:21:42.620301;-0.018211422;-0.21723013;0.001;2.585184952;-0.085224576;1;0;0
17:21:42.631486;-0.020380593;-0.215059103;0.001;2.582705302;-0.091488294;1;0;0
17:21:42.641611;-0.022408427;-0.212244668;0.001;2.580255697;-0.090407133;1;0;0
17:21:42.651681;-0.025434213;-0.225223654;0.001;2.577389212;-0.090943687;1;0;0
17:21:42.663345;-0.026449107;-0.198732165;0.001;2.574638889;-0.089597762;1;0;0
17:21:42.674203;-0.028479717;-0.196491708;0.001;2.571872244;-0.085036777;1;0;0
17:21:42.683738;-0.028479717;-0.157193366;0.001;2.569532745;-0.07330624;1;0;0
17:21:42.694711;-0.028479717;-0.125754693;0.001;2.567213939;-0.053605568;1;0;0
17:21:42.706525;-0.027464276;-0.081809519;0.001;2.565307157;-0.025658857;1;0;0
17:21:42.715618;-0.027464276;-0.065447615;0.001;2.56368394;0.008916147;1;0;0
17:21:42.726786;-0.02982328;-0.098228688;0.001;2.561846619;0.036987107;1;0;0
17:21:42.737636;-0.027793217;-0.038374823;0.001;2.560486105;0.066133387;1;0;0
17:21:42.746604;-0.027480275;-0.024508596;0.001;2.559287092;0.091098003;1;0;0
17:21:42.757419;-0.027480275;-0.019606877;0.001;2.558164046;0.11904531;1;0;0
17:21:42.767322;-0.026487981;0.0038321;0.001;2.557301466;0.13698411;1;0;0
17:21:42.777515;-0.023155565;0.068906523;0.001;2.556982129;0.165335819;1;0;0
17:21:42.787208;-0.022162925;0.074841448;0.001;2.556829396;0.202474222;1;0;0
17:21:42.797849;-0.020861518;0.085715205;0.001030355;2.556869978;0.239187494;1;0;0
17:21:42.807717;-0.019868542;0.087626061;0.001199263;2.557050521;0.276080549;1;0;0
17:21:42.818044;-0.017555141;0.113318849;0.001693949;2.557560738;0.307021916;1;0;0
17:21:42.829642;-0.014554162;0.145877063;0.002593453;2.558483623;0.347808689;1;0;0
17:21:42.840306;-0.013559654;0.135238989;0.003542666;2.55946584;0.366847575;1;0;0
17:21:42.851225;-0.011249483;0.150797866;0.004752295;2.560720556;0.389010638;1;0;0
17:21:42.861094;-0.010254671;0.14032405;0.005911819;2.561934064;0.395503849;1;0;0
17:21:42.872103;-0.009259261;0.130591615;0.007187232;2.563280722;0.409901649;1;0;0
17:21:42.883074;-0.007964986;0.12817088;0.008535675;2.564715167;0.40853259;1;0;0
17:21:42.895742;-0.006969289;0.121028289;0.0098785;2.566157272;0.414622515;1;0;0
17:21:42.904028;-0.005973;0.116097714;0.011181183;2.567568923;0.404657453;1;0;0
17:21:42.914498;-0.005989612;0.092577419;0.01242871;2.568946989;0.357093155;1;0;0
17:21:42.925600;-0.005989612;0.074061935;0.013448603;2.57009735;0.305395573;1;0;0
17:21:42.934766;-0.005989612;0.059249548;0.014381327;2.571173124;0.247220904;1;0;0
17:21:42.946237;-0.004698086;0.071854323;0.015424491;2.572373805;0.205451071;1;0;0
17:21:42.955427;-0.003684595;0.077523026;0.016457895;2.573568549;0.158034533;1;0;0
17:21:42.966724;-0.002687449;0.081075161;0.01755625;2.574844994;0.128182992;1;0;0
17:21:42.977368;-0.002687449;0.064860129;0.018557201;2.576039936;0.106181048;1;0;0
17:21:42.986725;-0.001689718;0.071710873;0.019528174;2.577202695;0.09161184;1;0;0
17:21:42.999638;0.000336403;0.096286447;0.020712143;2.578596282;0.085196003;1;0;0
17:21:43.007854;0.003373403;0.133782397;0.022242156;2.580356311;0.088553369;1;0;0
17:21:43.018833;0.006543406;0.169624427;0.023980176;2.58232856;0.101375192;1;0;0
17:21:43.028712;0.009566291;0.192414327;0.026063693;2.584679018;0.113870606;1;0;0
17:21:43.039167;0.01057783;0.173942976;0.027974363;2.586863014;0.126120225;1;0;0
17:21:43.050061;0.012588536;0.177813791;0.030024124;2.589214629;0.140121877;1;0;0
17:21:43.060593;0.012588536;0.142251033;0.031909613;2.591433219;0.147091717;1;0;0
17:21:43.071242;0.01359946;0.132883969;0.033704135;2.593575521;0.14196983;1;0;0
17:21:43.082203;0.013888376;0.111705928;0.035347863;2.59558897;0.12329039;1;0;0
17:21:43.092201;0.015898126;0.128574151;0.037023553;2.597635787;0.093853377;1;0;0
17:21:43.101969;0.015898126;0.102859321;0.038512798;2.599514969;0.049694262;1;0;0
17:21:43.112654;0.017064231;0.105371301;0.039959433;2.601358169;0.007675411;1;0;0
17:21:43.122309;0.018075213;0.103852472;0.041404506;2.603224045;-0.025814813;1;0;0
17:21:43.133037;0.018075213;0.083081977;0.042640855;2.604885875;-0.045864146;1;0;0
17:21:43.143051;0.018075213;0.066465582;0.04377556;2.606485009;-0.059376281;1;0;0
17:21:43.153305;0.018797877;0.067519851;0.044789362;2.607945031;-0.073551774;1;0;0
17:21:43.164113;0.018797877;0.054015881;0.045662405;2.609276487;-0.087673351;1;0;0
17:21:43.174077;0.018808171;0.043403821;0.04644356;2.610553833;-0.105899163;1;0;0
17:21:43.184199;0.018808171;0.034723056;0.047047461;2.611629292;-0.122202113;1;0;0
17:21:43.195593;0.019818195;0.046356795;0.04772745;2.61282466;-0.13002637;1;0;0
17:21:43.205676;0.019818195;0.037085436;0.048261586;2.61386897;-0.128101289;1;0;0
17:21:43.216389;0.019818195;0.029668349;0.048659153;2.614755184;-0.11884135;1;0;0
17:21:43.227101;0.018818721;0.005945314;0.04882894;2.615472788;-0.112887166;1;0;0
17:21:43.237171;0.019828422;0.024796653;0.049045829;2.616182875;-0.104296781;1;0;0
17:21:43.247121;0.019828422;0.019837322;0.049180696;2.616812621;-0.099177234;1;0;0
17:21:43.258164;0.019828422;0.015869858;0.049240629;2.617369203;-0.101307794;1;0;0
17:21:43.268860;0.019828422;0.012695886;0.049229083;2.617886745;-0.10774298;1;0;0
17:21:43.279619;0.019828422;0.010156709;0.049146254;2.618335664;-0.111529022;1;0;0
17:21:43.289658;0.020837799;0.027263778;0.049154551;2.618862473;-0.113221675;1;0;0
17:21:43.299423;0.021837273;0.041663908;0.049240701;2.619444046;-0.113374703;1;0;0
17:21:43.310938;0.021837273;0.033331127;0.049254423;2.619991027;-0.108131856;1;0;0
17:21:43.321510;0.022846323;0.045669397;0.049348212;2.620608423;-0.102536775;1;0;0
17:21:43.331755;0.023009413;0.039596708;0.049387491;2.621173803;-0.098567583;1;0;0
17:21:43.342346;0.024019126;0.05167294;0.049501256;2.62178699;-0.093283698;1;0;0
17:21:43.352096;0.024019126;0.041338352;0.049540755;2.622325157;-0.091278657;1;0;0
17:21:43.363810;0.024019126;0.033070682;0.049510246;2.62281506;-0.088857338;1;0;0
17:21:43.372390;0.025028507;0.046335398;0.049563849;2.62337179;-0.088978395;1;0;0
17:21:43.382413;0.025028507;0.037068319;0.049547876;2.623856422;-0.088017687;1;0;0
17:21:43.394041;0.025028507;0.029654655;0.049458691;2.624313432;-0.087022275;1;0;0
17:21:43.404496;0.025028507;0.023723724;0.049317598;2.624670805;-0.087101281;1;0;0
17:21:43.414328;0.025028507;0.018978979;0.049125447;2.624974453;-0.086498193;1;0;0
17:21:43.425186;0.025028507;0.015183183;0.048867137;2.625246721;-0.087467611;1;0;0
17:21:43.437744;0.025028507;0.012146547;0.048536414;2.625481927;-0.086460464;1;0;0
17:21:43.447494;0.025028507;0.009717237;0.048183261;2.625653011;-0.087274998;1;0;0
17:21:43.458399;0.025028507;0.00777379;0.04779914;2.62577975;-0.087359153;1;0;0
17:21:43.468351;0.025028507;0.006219032;0.047401082;2.625866065;-0.086679317;1;0;0
17:21:43.479245;0.024019126;-0.013662198;0.046791982;2.625767116;-0.086697169;1;0;0
17:21:43.490490;0.024019126;-0.010929759;0.046108219;2.625637069;-0.083534494;1;0;0
17:21:43.501231;0.024019126;-0.008743807;0.045485919;2.625503795;-0.080170758;1;0;0
17:21:43.512074;0.024009466;-0.007186363;0.044889144;2.625363349;-0.073567554;1;0;0
17:21:43.522867;0.024009466;-0.00574909;0.044236238;2.625198444;-0.069844186;1;0;0
17:21:43.533673;0.025297179;0.019224371;0.04378573;2.625223732;-0.063414291;1;0;0
17:21:43.544347;0.024287136;-0.003286989;0.043156682;2.625065134;-0.054822892;1;0;0
17:21:43.555993;0.024287136;-0.002629591;0.042533302;2.624898148;-0.047720704;1;0;0
17:21:43.565301;0.025287422;0.016729385;0.042060326;2.624874491;-0.040988732;1;0;0
17:21:43.576701;0.025287422;0.013383508;0.041574602;2.624829933;-0.033087652;1;0;0
17:21:43.586363;0.024115948;-0.011313021;0.040893039;2.624587101;-0.027082017;1;0;0
17:21:43.597636;0.025116805;0.008730072;0.040337601;2.624488917;-0.027809771;1;0;0
17:21:43.608355;0.024107104;-0.012919835;0.039682104;2.624239345;-0.029141271;1;0;0
17:21:43.618450;0.025108532;0.009442222;0.039179417;2.624135966;-0.028641012;1;0;0
17:21:43.628172;0.025108532;0.007553778;0.038673296;2.624021844;-0.028193571;1;0;0
17:21:43.639487;0.025392283;0.011212803;0.038160237;2.623930506;-0.025138;1;0;0
17:21:43.651171;0.026393357;0.025914362;0.037765731;2.623984605;-0.020001782;1;0;0
17:21:43.662457;0.025374627;0.002975275;0.037191802;2.623840736;-0.016297083;1;0;0
17:21:43.673421;0.025374627;0.00238022;0.036669114;2.623701241;-0.013216455;1;0;0
17:21:43.683898;0.025374627;0.001904176;0.036122639;2.623547736;-0.015118495;1;0;0
17:21:43.694012;0.023189079;-0.040632645;0.035273166;2.623068383;-0.017519169;1;0;0
17:21:43.703782;0.023189079;-0.032506116;0.034476811;2.622623089;-0.024925947;1;0;0
17:21:43.714460;0.023189079;-0.026004893;0.033706171;2.62219597;-0.035025563;1;0;0
17:21:43.725243;0.021167543;-0.058976546;0.032618559;2.621459548;-0.041958246;1;0;0
17:21:43.735884;0.021167543;-0.047181237;0.031569107;2.620755824;-0.048780285;1;0;0
17:21:43.745554;0.020156311;-0.057822888;0.03049117;2.619990407;-0.054302294;1;0;0
17:21:43.756311;0.020156311;-0.04625831;0.029446372;2.619254685;-0.052592643;1;0;0
17:21:43.765974;0.019144773;-0.05702898;0.028331426;2.618431581;-0.049876042;1;0;0
17:21:43.776794;0.019144773;-0.045623184;0.027201896;2.617603948;-0.044583444;1;0;0
17:21:43.786973;0.02014754;-0.016780332;0.026351961;2.617026324;-0.039225727;1;0;0
17:21:43.798321;0.017975048;-0.054592789;0.025188973;2.616135254;-0.034534674;1;0;0
17:21:43.808185;0.016963603;-0.06375127;0.02400218;2.615196211;-0.030607205;1;0;0
17:21:43.818822;0.016963603;-0.051001016;0.0228175;2.614263383;-0.030554766;1;0;0
17:21:43.829661;0.017966932;-0.022044847;0.021870257;2.613555139;-0.019528938;1;0;0
17:21:43.840514;0.015943149;-0.054655399;0.020649247;2.612566493;-0.015165783;1;0;0
17:21:43.850564;0.01622171;-0.038555214;0.019572977;2.611706909;-0.009780158;1;0;0
17:21:43.860699;0.01622171;-0.030844171;0.018634254;2.610960479;-0.006584059;1;0;0
17:21:43.872102;0.01622171;-0.024675337;0.017749074;2.61025975;0.003741308;1;0;0
17:21:43.882978;0.015209376;-0.03728423;0.016645799;2.609354858;0.008045112;1;0;0
17:21:43.893235;0.016212334;-0.009903018;0.015895142;2.608767967;0.010408649;1;0;0
17:21:43.903204;0.015199708;-0.027958816;0.015043406;2.608072542;0.01988749;1;0;0
17:21:43.913945;0.015199708;-0.022367053;0.01420727;2.607392105;0.02233135;1;0;0
17:21:43.924111;0.015199708;-0.017893642;0.013413484;2.606748445;0.023907086;1;0;0
17:21:43.934930;0.015199708;-0.014314914;0.012727344;2.606194105;0.021553984;1;0;0
17:21:43.945903;0.016203224;0.007069996;0.012193073;2.605794822;0.029714713;1;0;0
17:21:43.955298;0.016203224;0.005655997;0.011718316;2.605442496;0.033218469;1;0;0
17:21:43.966664;0.016060032;0.001750897;0.01124657;2.605089272;0.040636871;1;0;0
17:21:43.975989;0.016060032;0.001400717;0.010799594;2.604756869;0.047619514;1;0;0
17:21:43.986947;0.016060032;0.001120574;0.010386286;2.604451647;0.056698933;1;0;0
17:21:43.996328;0.016060032;0.000896459;0.009999269;2.604167868;0.059661932;1;0;0
17:21:44.006615;0.01504812;-0.018985039;0.009482365;2.603750992;0.055966776;1;0;0
17:21:44.017531;0.01504812;-0.015188031;0.009001938;2.603365;0.053148586;1;0;0
17:21:44.027467;0.01504812;-0.012150425;0.008529609;2.602987051;0.047503915;1;0;0
17:21:44.038740;0.01504812;-0.00972034;0.008095069;2.602640842;0.043955658;1;0;0
17:21:44.049109;0.01504812;-0.007776272;0.007682343;2.602313501;0.037795283;1;0;0
17:21:44.059277;0.01504812;-0.006221018;0.007316394;2.602024609;0.038234901;1;0;0
17:21:44.069823;0.01504812;-0.004976814;0.006970687;2.601752991;0.038824085;1;0;0
17:21:44.079808;0.01504812;-0.003981451;0.006653788;2.60150523;0.04226543;1;0;0
17:21:44.089843;0.014044605;-0.023110906;0.006216437;2.60113267;0.040103231;1;0;0
17:21:44.100927;0.014044605;-0.018488725;0.005792501;2.600771881;0.039013475;1;0;0
17:21:44.111417;0.014044605;-0.01479098;0.005402508;2.600440317;0.036537889;1;0;0
17:21:44.122012;0.013032406;-0.030958702;0.004885743;2.599977962;0.028833542;1;0;0
17:21:44.131732;0.012029447;-0.044689275;0.004290352;2.599428726;0.022388063;1;0;0
17:21:44.141906;0.012029447;-0.03575142;0.003730019;2.598909673;0.014409677;1;0;0
17:21:44.153384;0.012029447;-0.028601136;0.003185163;2.598402599;0.014301528;1;0;0
17:21:44.163717;0.011016962;-0.04275009;0.002575441;2.597822186;0.010598646;1;0;0
17:21:44.173840;0.011016962;-0.034200072;0.00202106;2.59729101;0.009030703;1;0;0
17:21:44.183468;0.010738401;-0.032860597;0.001473148;2.596760753;0.008233155;1;0;0
17:21:44.194240;0.009725633;-0.045841688;0.001;2.596113564;0.00745402;1;0;0
17:21:44.204205;0.009725633;-0.03667335;0.001;2.595533336;0.00636239;1;0;0
17:21:44.213827;0.009725633;-0.02933868;0.001;2.595005979;0.00548713;1;0;0
17:21:44.224977;0.009725633;-0.023470944;0.001;2.594525711;0.008381919;1;0;0
17:21:44.234096;0.009725633;-0.018776755;0.001;2.594088884;0.011026151;1;0;0
17:21:44.244163;0.009725633;-0.015021404;0.001;2.593689127;0.013540825;1;0;0
17:21:44.254796;0.008722304;-0.030883103;0.001;2.593156659;0.017591618;1;0;0
17:21:44.265192;0.008722304;-0.024706482;0.001;2.592697465;0.023160772;1;0;0
17:21:44.275490;0.007709254;-0.038771377;0.001;2.592104665;0.024480512;1;0;0
17:21:44.285956;0.007709254;-0.031017102;0.001;2.591594304;0.025806136;1;0;0
17:21:44.295999;0.007709254;-0.024813681;0.001;2.591111565;0.025224369;1;0;0
17:21:44.307496;0.006695924;-0.038466344;0.001;2.590502982;0.020857209;1;0;0
17:21:44.317117;0.005693157;-0.050687558;0.001;2.589850033;0.013508589;1;0;0
17:21:44.328118;0.005693157;-0.040550047;0.001;2.589240923;0.009685684;1;0;0
17:21:44.339020;0.00467955;-0.052514025;0.001;2.588554399;0.009032482;1;0;0
17:21:44.348087;0.00467955;-0.04201122;0.001;2.587929753;0.008833594;1;0;0
17:21:44.358928;0.00467955;-0.033608976;0.001;2.587322752;0.008550567;1;0;0
17:21:44.369705;0.004543684;-0.02939784;0.001;2.586750168;0.010021493;1;0;0
17:21:44.380837;0.004543684;-0.023518272;0.001;2.58621423;0.011540743;1;0;0
17:21:44.391813;0.004543684;-0.018814617;0.001;2.585748294;0.016388403;1;0;0
17:21:44.401653;0.00354148;-0.033945453;0.001;2.585183653;0.020970453;1;0;0
17:21:44.412977;0.003259576;-0.032489985;0.001;2.584631418;0.02854603;1;0;0
17:21:44.423000;0.002257011;-0.045854053;0.001;2.584010093;0.03296018;1;0;0
17:21:44.433359;0.001255014;-0.05502531;0.001;2.583246481;0.03146914;1;0;0
17:21:44.444851;0.000242139;-0.061921058;0.001;2.582372694;0.025822697;1;0;0
17:21:44.455888;0.000242139;-0.049536847;0.001;2.581638019;0.020283787;1;0;0
17:21:44.465188;0.000242139;-0.039629477;0.001;2.580998673;0.016678967;1;0;0
17:21:44.476005;0.000242139;-0.031703582;0.001;2.580414701;0.018596023;1;0;0
17:21:44.486351;-0.000759289;-0.045251264;0.001;2.579742256;0.019431992;1;0;0
17:21:44.496207;-0.000759289;-0.036201011;0.001;2.579080855;0.021870896;1;0;0
17:21:44.507389;-0.00204631;-0.052711486;0.001;2.578291497;0.025496842;1;0;0
17:21:44.517961;-0.00204631;-0.042169189;0.001;2.577609301;0.029297443;1;0;0
17:21:44.528963;-0.00204631;-0.033735351;0.001;2.576968796;0.028988553;1;0;0
17:21:44.539282;-0.00204631;-0.026988281;0.001;2.576407439;0.029618632;1;0;0
17:21:44.549753;-0.00204631;-0.021590625;0.001;2.575877949;0.031337779;1;0;0
17:21:44.560684;-0.003047515;-0.035792866;0.001;2.575241748;0.031056864;1;0;0
17:21:44.571403;-0.003047515;-0.028634293;0.001;2.574653773;0.037700344;1;0;0
17:21:44.582085;-0.004060663;-0.042425429;0.001;2.574006421;0.041441597;1;0;0
17:21:44.592056;-0.004060663;-0.033940343;0.001;2.573432172;0.049382795;1;0;0
17:21:44.603807;-0.004060663;-0.027152275;0.001;2.572873598;0.048329271;1;0;0
17:21:44.613110;-0.004060663;-0.02172182;0.001;2.572362921;0.049189255;1;0;0
17:21:44.623841;-0.004060663;-0.017377456;0.001;2.571933921;0.046926472;1;0;0
17:21:44.633528;-0.004060663;-0.013901965;0.001;2.571543739;0.045893822;1;0;0
17:21:44.644639;-0.005074081;-0.030184813;0.001;2.571019236;0.047752641;1;0;0
17:21:44.654826;-0.005074081;-0.02414785;0.001;2.570567339;0.050012641;1;0;0
17:21:44.664584;-0.006087769;-0.038573317;0.001;2.569989084;0.051240765;1;0;0
17:21:44.675518;-0.007088398;-0.050452707;0.001;2.569337198;0.045841526;1;0;0
17:21:44.685529;-0.008102353;-0.060429194;0.001;2.568607337;0.038917769;1;0;0
17:21:44.696421;-0.008102353;-0.048343355;0.001;2.567895886;0.031135647;1;0;0
17:21:44.706162;-0.009116573;-0.058764001;0.001;2.567151682;0.0215354;1;0;0
17:21:44.717079;-0.009116573;-0.047011201;0.001;2.566437533;0.014029711;1;0;0
17:21:44.728207;-0.009116573;-0.037608961;0.001;2.565775036;0.014144745;1;0;0
17:21:44.739320;-0.010116625;-0.04764524;0.001;2.564992317;0.018368118;1;0;0
17:21:44.749411;-0.010406121;-0.043562842;0.001;2.564289523;0.02287988;1;0;0
17:21:44.759588;-0.010406121;-0.034850273;0.001;2.563677849;0.027125558;1;0;0
17:21:44.770488;-0.012420994;-0.066868219;0.001;2.562824537;0.029286534;1;0;0
17:21:44.781139;-0.013435737;-0.072657944;0.001;2.561881738;0.024720283;1;0;0
17:21:44.792179;-0.013435737;-0.058126355;0.001;2.56101074;0.021551194;1;0;0
17:21:44.802123;-0.013435737;-0.046501084;0.001;2.560271261;0.019596115;1;0;0
17:21:44.812885;-0.012420994;-0.017104854;0.001;2.559735938;0.021590514;1;0;0
17:21:44.822643;-0.012420994;-0.013683883;0.001;2.559218939;0.027236097;1;0;0
17:21:44.832649;-0.012420994;-0.010947107;0.001;2.558757168;0.036176953;1;0;0
17:21:44.842933;-0.012420994;-0.008757685;0.001;2.558354364;0.05033097;1;0;0
17:21:44.853674;-0.012420994;-0.007006148;0.001;2.55795835;0.064021073;1;0;0
17:21:44.865166;-0.013549329;-0.026340051;0.001;2.557431613;0.072008371;1;0;0
17:21:44.875112;-0.013549329;-0.02107204;0.001;2.556966408;0.074081823;1;0;0
17:21:44.888015;-0.014841377;-0.040653454;0.001;2.556341334;0.066873297;1;0;0
17:21:44.896873;-0.014841377;-0.032522763;0.001;2.555810875;0.057282586;1;0;0
17:21:44.906402;-0.014841377;-0.026018211;0.001;2.555320457;0.047866955;1;0;0
17:21:44.917100;-0.014841377;-0.020814569;0.001;2.554881315;0.04025574;1;0;0
17:21:44.928207;-0.012684148;0.023522327;0.001;2.554772768;0.047415357;1;0;0
17:21:44.937986;-0.012684148;0.018817861;0.001;2.554679816;0.054735899;1;0;0
17:21:44.948665;-0.012684148;0.015054289;0.001;2.554589512;0.069990925;1;0;0
17:21:44.958698;-0.012669747;0.012311256;0.001;2.554508923;0.078072995;1;0;0
17:21:44.970399;-0.012669747;0.009849005;0.001;2.554435323;0.086170249;1;0;0
17:21:44.980382;-0.012950259;0.002718105;0.001;2.554325887;0.084816813;1;0;0
17:21:44.991648;-0.012950259;0.002174484;0.001;2.554227744;0.079542145;1;0;0
17:21:45.002283;-0.012936128;0.002007384;0.001;2.55414159;0.073716991;1;0;0
17:21:45.013010;-0.012936128;0.001605907;0.001;2.55406345;0.065514266;1;0;0
17:21:45.023104;-0.014232469;-0.023600619;0.001;2.55380747;0.058577884;1;0;0
17:21:45.033891;-0.014232469;-0.018880495;0.001;2.553567397;0.051901843;1;0;0
17:21:45.045328;-0.013219321;0.002825268;0.001;2.55349448;0.051399596;1;0;0
17:21:45.056082;-0.013517563;-0.003212682;0.001;2.553386089;0.050851986;1;0;0
17:21:45.066666;-0.01453071;-0.021973855;0.001;2.553146661;0.047406822;1;0;0
17:21:45.076132;-0.015530629;-0.037309113;0.001;2.552795833;0.035323981;1;0;0
17:21:45.086593;-0.015530629;-0.029847291;0.001;2.552476375;0.026477437;1;0;0
17:21:45.096690;-0.017543368;-0.061993579;0.001;2.551881497;0.011736218;1;0;0
17:21:45.107448;-0.019571011;-0.087307693;0.001;2.551033736;-0.001786585;1;0;0
17:21:45.119151;-0.020871298;-0.09414393;0.001;2.550078304;-0.014914645;1;0;0
17:21:45.128584;-0.022015056;-0.097772774;0.001;2.54909236;-0.02728598;1;0;0
17:21:45.139156;-0.024027552;-0.116843684;0.001;2.547887654;-0.037135728;1;0;0
17:21:45.149828;-0.024027552;-0.093474947;0.001;2.546787783;-0.045703739;1;0;0
17:21:45.160714;-0.026343686;-0.117186821;0.001;2.545401543;-0.050009262;1;0;0
17:21:45.171624;-0.027342404;-0.112004786;0.001;2.543996139;-0.050289087;1;0;0
17:21:45.182269;-0.028340512;-0.108202295;0.001;2.542601689;-0.047007427;1;0;0
17:21:45.194711;-0.030659301;-0.122756586;0.001;2.540704826;-0.043098986;1;0;0
17:21:45.205831;-0.031657086;-0.117982619;0.001;2.539224581;-0.039433472;1;0;0
17:21:45.215788;-0.033668501;-0.132882186;0.001;2.537543375;-0.039951123;1;0;0
17:21:45.226006;-0.033668501;-0.106305749;0.001;2.535964174;-0.037332717;1;0;0
17:21:45.237427;-0.035679554;-0.122288277;0.001;2.534241042;-0.036317162;1;0;0
17:21:45.248256;-0.037004922;-0.12231316;0.001;2.532481853;-0.029565742;1;0;0
17:21:45.257805;-0.037004922;-0.097850528;0.001;2.530994198;-0.021593863;1;0;0
17:21:45.268425;-0.038001752;-0.098038741;0.001;2.529498165;-0.01120197;1;0;0
17:21:45.278907;-0.038001752;-0.078430993;0.001;2.528069608;0.002341883;1;0;0
17:21:45.288788;-0.038997961;-0.082378336;0.001;2.52668576;0.014509741;1;0;0
17:21:45.299475;-0.038997961;-0.065902669;0.001;2.525395231;0.027059071;1;0;0
17:21:45.310332;-0.039993547;-0.071090994;0.001;2.524025741;0.035502438;1;0;0
17:21:45.322227;-0.04100855;-0.076046862;0.001;2.522667653;0.045715846;1;0;0
17:21:45.330583;-0.042003512;-0.080567425;0.001;2.521354823;0.048563249;1;0;0
17:21:45.341354;-0.042318326;-0.070597341;0.001;2.520094103;0.054115511;1;0;0
17:21:45.351172;-0.043313552;-0.075342619;0.001;2.518771692;0.057421956;1;0;0
17:21:45.362294;-0.043313552;-0.060274095;0.001;2.517523634;0.05856315;1;0;0
17:21:45.373659;-0.043313552;-0.048219276;0.001;2.516438346;0.063828513;1;0;0
17:21:45.382713;-0.043313552;-0.038575421;0.001;2.515487769;0.07386966;1;0;0
17:21:45.393687;-0.043313552;-0.030860337;0.001;2.514601703;0.085209645;1;0;0
17:21:45.404607;-0.043313552;-0.024688269;0.001;2.513749362;0.094153836;1;0;0
17:21:45.414923;-0.043313552;-0.019750615;0.001;2.512995502;0.110371277;1;0;0
17:21:45.426103;-0.043313552;-0.015800492;0.001;2.512315233;0.118541189;1;0;0
17:21:45.435486;-0.043313552;-0.012640394;0.001;2.511716654;0.128128543;1;0;0
17:21:45.445857;-0.042318326;0.008416533;0.001;2.511279206;0.134082064;1;0;0
17:21:45.457388;-0.042318326;0.006733226;0.001;2.510878481;0.138961375;1;0;0
17:21:45.468606;-0.042318326;0.005386581;0.001;2.510519233;0.144589394;1;0;0
17:21:45.479294;-0.042318326;0.004309265;0.001;2.510184347;0.14997676;1;0;0
17:21:45.489008;-0.042318326;0.003447412;0.001;2.509901619;0.153832197;1;0;0
17:21:45.498972;-0.042318326;0.002757929;0.001;2.50964445;0.155274928;1;0;0
17:21:45.509816;-0.042318326;0.002206344;0.001;2.509401158;0.152108103;1;0;0
17:21:45.521095;-0.040988509;0.026203901;0.001;2.509360794;0.146572649;1;0;0
17:21:45.529884;-0.039973756;0.041108924;0.001090678;2.509462011;0.141987324;1;0;0
17:21:45.542173;-0.038978794;0.050172751;0.001333573;2.509718886;0.140205339;1;0;0
17:21:45.552812;-0.038978794;0.040138201;0.001535674;2.509936288;0.139426813;1;0;0
17:21:45.563457;-0.038978794;0.032110561;0.001722286;2.510140733;0.140701532;1;0;0
17:21:45.573588;-0.038978794;0.025688449;0.001881376;2.51031854;0.14104782;1;0;0
17:21:45.586630;-0.038978794;0.020550759;0.002047913;2.510509097;0.140296131;1;0;0
17:21:45.596837;-0.038978794;0.016440607;0.002181356;2.510666008;0.128804266;1;0;0
17:21:45.607293;-0.038978794;0.013152486;0.002289531;2.510796807;0.112132147;1;0;0
17:21:45.617351;-0.038978794;0.010521989;0.00238941;2.51092131;0.096754208;1;0;0
17:21:45.628799;-0.038978794;0.008417591;0.002480365;2.511038817;0.077557035;1;0;0
17:21:45.641457;-0.038978794;0.006734073;0.002562874;2.511150043;0.067327075;1;0;0
17:21:45.650029;-0.038978794;0.005387258;0.002627458;2.511241378;0.060029265;1;0;0
17:21:45.660022;-0.038978794;0.004309807;0.002682315;2.511323119;0.05633086;1;0;0
17:21:45.671501;-0.037983208;0.021784406;0.002874828;2.511545824;0.051751886;1;0;0
17:21:45.681876;-0.035827961;0.057420555;0.003350847;2.512055438;0.053462345;1;0;0
17:21:45.692589;-0.035827961;0.045936444;0.003778526;2.512521495;0.053944048;1;0;0
17:21:45.702747;-0.035827961;0.036749155;0.004142323;2.512925548;0.052006382;1;0;0
17:21:45.712725;-0.035827961;0.029399324;0.004468747;2.513295536;0.053607054;1;0;0
17:21:45.723854;-0.034812958;0.042736847;0.004916125;2.513792524;0.059134342;1;0;0
17:21:45.734460;-0.034812958;0.034189478;0.005320017;2.514250879;0.062693022;1;0;0
17:21:45.745183;-0.034812958;0.027351582;0.005675063;2.514663415;0.062018976;1;0;0
17:21:45.754699;-0.035808544;0.002209996;0.005848819;2.514895514;0.050224964;1;0;0
17:21:45.765245;-0.035808544;0.001767997;0.006004575;2.515112882;0.038730353;1;0;0
17:21:45.776375;-0.0347938;0.019546506;0.006298536;2.515475733;0.026622266;1;0;0
17:21:45.786576;-0.0347938;0.015637205;0.00653547;2.51577847;0.017419215;1;0;0
17:21:45.796636;-0.0347938;0.012509764;0.006741154;2.516051239;0.012400697;1;0;0
17:21:45.808031;-0.0347938;0.010007811;0.006932968;2.516316958;0.00802081;1;0;0
17:21:45.818404;-0.033649516;0.030653148;0.007241449;2.516697089;0.005618825;1;0;0
17:21:45.828746;-0.033649516;0.024522518;0.007523251;2.517055905;0.002329628;1;0;0
17:21:45.839175;-0.032634283;0.03838552;0.007924806;2.517541072;0.005217316;1;0;0
17:21:45.849408;-0.032634283;0.030708416;0.008256931;2.517954944;0.005489289;1;0;0
17:21:45.860141;-0.032634283;0.024566733;0.008569566;2.518358339;0.008509645;1;0;0
17:21:45.870753;-0.031619317;0.038798465;0.008980707;2.518862566;0.012120376;1;0;0
17:21:45.880808;-0.031619317;0.031038772;0.009348651;2.51932922;0.014954269;1;0;0
17:21:45.891726;-0.030604618;0.044985898;0.009787027;2.519863977;0.023485515;1;0;0
17:21:45.901463;-0.030604618;0.035988718;0.010194421;2.520376922;0.022097699;1;0;0
17:21:45.911517;-0.030604618;0.028790974;0.010537322;2.520824426;0.023819378;1;0;0
17:21:45.921638;-0.02959019;0.043181302;0.010973991;2.521369444;0.021486003;1;0;0
17:21:45.932546;-0.02959019;0.034545041;0.011365468;2.521874965;0.024487944;1;0;0
17:21:45.943146;-0.02959019;0.027636033;0.011725372;2.522358636;0.02152667;1;0;0
17:21:45.953854;-0.030585151;0.003739749;0.011897028;2.522658272;0.011640374;1;0;0
17:21:45.964198;-0.030585151;0.002991799;0.012034504;2.522923113;0.004610741;1;0;0
17:21:45.974469;-0.030585151;0.002393439;0.012142292;2.523157677;-0.006250129;1;0;0
17:21:45.985726;-0.029570994;0.021063557;0.012368565;2.523513798;-0.012833309;1;0;0
17:21:45.995428;-0.029570994;0.016850846;0.012550329;2.523821444;-0.021557527;1;0;0
17:21:46.005355;-0.030585151;-0.006656744;0.012564867;2.52396248;-0.023949264;1;0;0
17:21:46.016144;-0.030585151;-0.005325395;0.01256316;2.524088137;-0.024687821;1;0;0
17:21:46.027827;-0.030585151;-0.004260316;0.012544659;2.524206404;-0.024977388;1;0;0
17:21:46.037080;-0.030585151;-0.003408253;0.01251337;2.524301955;-0.022449143;1;0;0
17:21:46.047707;-0.030585151;-0.002726602;0.012467492;2.524388229;-0.020759974;1;0;0
17:21:46.058651;-0.030585151;-0.002181282;0.012407832;2.524463375;-0.020795187;1;0;0
17:21:46.069387;-0.030585151;-0.001745025;0.012336502;2.524526317;-0.023072187;1;0;0
17:21:46.080093;-0.030585151;-0.00139602;0.012256132;2.52457724;-0.020495009;1;0;0
17:21:46.090840;-0.030585151;-0.001116816;0.012167054;2.524618028;-0.020009274;1;0;0
17:21:46.102568;-0.028576032;0.033425519;0.012371395;2.524966064;-0.011662966;1;0;0
17:21:46.112091;-0.028576032;0.026740415;0.01251812;2.52524108;-0.003149297;1;0;0
17:21:46.123377;-0.028576032;0.021392332;0.012643216;2.52550433;0.003517532;1;0;0
17:21:46.134054;-0.028576032;0.017113866;0.012735913;2.525731365;0.009728274;1;0;0
17:21:46.146099;-0.028576032;0.013691093;0.012804601;2.525937752;0.011295042;1;0;0
17:21:46.154972;-0.028576032;0.010952874;0.012847478;2.526110506;0.013365518;1;0;0
17:21:46.166173;-0.028576032;0.008762299;0.012872067;2.526273418;0.010197301;1;0;0
17:21:46.175897;-0.028576032;0.007009839;0.01287719;2.526408606;0.008211923;1;0;0
17:21:46.186967;-0.028576032;0.005607872;0.012864811;2.52653733;0.002335481;1;0;0
17:21:46.196992;-0.027580447;0.024170388;0.012972876;2.526776101;0.002408836;1;0;0
17:21:46.206904;-0.027580447;0.01933631;0.013058922;2.526999181;-0.001645437;1;0;0
17:21:46.217072;-0.027580447;0.015469048;0.013118363;2.527191139;0.000493942;1;0;0
17:21:46.227813;-0.027580447;0.012375239;0.013158665;2.527373009;0.003064076;1;0;0
17:21:46.239140;-0.028576032;-0.008761232;0.013035587;2.527389684;0.003879093;1;0;0
17:21:46.248985;-0.028576032;-0.007008986;0.012908457;2.52739863;0.000432333;1;0;0
17:21:46.259001;-0.028576032;-0.005607188;0.012781262;2.527400876;-0.005185727;1;0;0
17:21:46.270754;-0.027426008;0.018256875;0.012804708;2.527553717;-0.006366235;1;0;0
17:21:46.282385;-0.027426008;0.0146055;0.012810234;2.527707134;-0.010266446;1;0;0
17:21:46.291614;-0.027426008;0.0116844;0.012798156;2.527824404;-0.009817539;1;0;0
17:21:46.302002;-0.027426008;0.00934752;0.012770489;2.527930658;-0.005977569;1;0;0
17:21:46.311876;-0.026411391;0.027351019;0.012868519;2.52815961;0.006110546;1;0;0
17:21:46.322179;-0.026411391;0.021880815;0.012944689;2.528372835;0.01859685;1;0;0
17:21:46.333113;-0.025397052;0.036363387;0.013142949;2.528711444;0.023987975;1;0;0
17:21:46.343311;-0.025397052;0.029090709;0.013301093;2.529007801;0.027594909;1;0;0
17:21:46.355090;-0.025083755;0.029141634;0.013475163;2.529324838;0.025990769;1;0;0
17:21:46.365027;-0.023075003;0.063055765;0.013880667;2.529868655;0.030502917;1;0;0
17:21:46.374183;-0.022079688;0.070160766;0.014368864;2.530499513;0.033850875;1;0;0
17:21:46.385313;-0.021065913;0.075543284;0.014953384;2.531237209;0.043978926;1;0;0
17:21:46.395650;-0.020069978;0.078950227;0.015624647;2.532073026;0.054949012;1;0;0
17:21:46.406470;-0.016754563;0.126197049;0.016668566;2.533286894;0.071709447;1;0;0
17:21:46.417488;-0.016754563;0.10095764;0.017618823;2.534421909;0.081788719;1;0;0
17:21:46.427860;-0.014744473;0.119976565;0.018697392;2.535686755;0.093801893;1;0;0
17:21:46.438554;-0.014744473;0.095981252;0.019698216;2.536893056;0.095536672;1;0;0
17:21:46.448431;-0.013731557;0.09690352;0.020670352;2.538068531;0.094733194;1;0;0
17:21:46.459395;-0.01273406;0.096222889;0.021725747;2.539350191;0.091572516;1;0;0
17:21:46.469145;-0.011721434;0.09709887;0.022744533;2.540592886;0.082076579;1;0;0
17:21:46.479858;-0.011415644;0.083317246;0.023759003;2.541859691;0.074553855;1;0;0
17:21:46.490597;-0.01040331;0.085754986;0.024772721;2.543130734;0.059947237;1;0;0
17:21:46.500901;-0.009406104;0.08830871;0.025760964;2.544374818;0.050952226;1;0;0
17:21:46.512601;-0.009406104;0.070646968;0.026694909;2.545594775;0.037137162;1;0;0
17:21:46.521090;-0.009406104;0.056517574;0.0274469;2.546619463;0.032264452;1;0;0
17:21:46.531768;-0.009406104;0.045214059;0.028144174;2.547616855;0.016923526;1;0;0
17:21:46.543582;-0.009406104;0.036171248;0.028741949;2.548523982;0.003232988;1;0;0
17:21:46.554494;-0.009406104;0.028936998;0.029244036;2.549341776;-0.013804811;1;0;0
17:21:46.564441;-0.009406104;0.023149598;0.029630751;2.550025909;-0.02988058;1;0;0
17:21:46.573816;-0.009406104;0.018519679;0.029947603;2.550643878;-0.041614063;1;0;0
17:21:46.584254;-0.008408291;0.034119114;0.030345226;2.551353229;-0.048286289;1;0;0
17:21:46.595558;-0.008408291;0.027295291;0.03068088;2.552018103;-0.04701943;1;0;0
17:21:46.605301;-0.008408291;0.021836233;0.030928208;2.552577093;-0.044253632;1;0;0
17:21:46.616509;-0.008262798;0.020230151;0.031143151;2.55311916;-0.040653776;1;0;0
17:21:46.627229;-0.008262798;0.016184121;0.031300744;2.553616279;-0.040657785;1;0;0
17:21:46.636476;-0.008262798;0.012947297;0.031393716;2.554025571;-0.039154828;1;0;0
17:21:46.648308;-0.007249755;0.028955575;0.031591481;2.554566485;-0.039001022;1;0;0
17:21:46.658665;-0.007249755;0.02316446;0.031722385;2.555032392;-0.041422702;1;0;0
17:21:46.669241;-0.007249755;0.018531568;0.031799369;2.555452505;-0.043991886;1;0;0
17:21:46.679098;-0.007249755;0.014825254;0.031824125;2.555799273;-0.046157159;1;0;0
17:21:46.689282;-0.006251335;0.031484569;0.031945439;2.55624507;-0.045986816;1;0;0
17:21:46.701937;-0.006251335;0.025187656;0.032017961;2.556657928;-0.042465243;1;0;0
17:21:46.710506;-0.005238589;0.039030676;0.032187701;2.557172123;-0.039714675;1;0;0
17:21:46.721956;-0.004239564;0.050100757;0.032439807;2.557766332;-0.037100289;1;0;0
17:21:46.732238;-0.004239564;0.040080606;0.032632381;2.558320677;-0.03596459;1;0;0
17:21:46.742134;-0.003937997;0.038055481;0.03278998;2.558807639;-0.035021007;1;0;0
17:21:46.753187;-0.002939277;0.050271241;0.033030941;2.559380208;-0.03415541;1;0;0
17:21:46.762806;-0.002939277;0.040216993;0.0332108;2.55989555;-0.031849336;1;0;0
17:21:46.772794;-0.002939277;0.032173594;0.03333282;2.560352844;-0.030731771;1;0;0
17:21:46.783099;-0.001926829;0.045851371;0.033542317;2.560899037;-0.029372001;1;0;0
17:21:46.793257;-0.001926829;0.036681096;0.033692057;2.561387456;-0.030430991;1;0;0
17:21:46.804892;-0.001926829;0.029344877;0.033790299;2.561842663;-0.031376705;1;0;0
17:21:46.814342;-0.001926829;0.023475902;0.03383293;2.562234296;-0.032636724;1;0;0
17:21:46.824469;8.46E-05;0.0585066;0.034107208;2.562852638;-0.029932449;1;0;0
17:21:46.834946;8.46E-05;0.04680528;0.034329073;2.56345004;-0.027698522;1;0;0
17:21:46.845814;8.46E-05;0.037444224;0.034472163;2.563947532;-0.02407624;1;0;0
17:21:46.855317;0.001096481;0.050052182;0.034696092;2.564519767;-0.020853607;1;0;0
17:21:46.866297;0.001096481;0.040041746;0.034862349;2.565049916;-0.018792108;1;0;0
17:21:46.876282;0.003107939;0.071136344;0.035249311;2.565797605;-0.011112574;1;0;0
17:21:46.886224;0.00427198;0.08001517;0.035711544;2.566617399;-0.007577591;1;0;0
17:21:46.898117;0.005582145;0.088077184;0.036311158;2.567609227;0.004448392;1;0;0
17:21:46.909103;0.005582145;0.070461748;0.036822384;2.568537642;0.008723975;1;0;0
17:21:46.918576;0.007593361;0.096305904;0.037461692;2.569551137;0.019143838;1;0;0
17:21:46.929316;0.007593361;0.077044723;0.038000916;2.570472484;0.026033156;1;0;0
17:21:46.938506;0.008604659;0.081632526;0.038585207;2.571444182;0.0325514;1;0;0
17:21:46.949654;0.009604857;0.084298157;0.039232408;2.572501304;0.03510344;1;0;0
17:21:46.958975;0.011626505;0.107585266;0.040026622;2.573694743;0.033460435;1;0;0
17:21:46.969843;0.011626505;0.086068213;0.04070362;2.574779963;0.031952154;1;0;0
17:21:46.980742;0.013796755;0.106353851;0.041687735;2.576241082;0.028455829;1;0;0
17:21:46.991641;0.015102687;0.110888713;0.042593635;2.577573617;0.028400291;1;0;0
17:21:47.001455;0.016103154;0.107849666;0.043533612;2.578963953;0.025863035;1;0;0
17:21:47.012343;0.016103154;0.086279733;0.044303649;2.580177162;0.02816803;1;0;0
17:21:47.021907;0.018114905;0.107341269;0.045266231;2.581610143;0.027711831;1;0;0
17:21:47.032813;0.019116547;0.105700863;0.04619123;2.58299728;0.026937038;1;0;0
17:21:47.044047;0.019408122;0.090107747;0.047047507;2.584343788;0.018500883;1;0;0
17:21:47.053282;0.019408122;0.072086197;0.047770606;2.585573196;0.004956448;1;0;0
17:21:47.064766;0.02040943;0.076167525;0.048516056;2.586839968;-0.005689529;1;0;0
17:21:47.075474;0.02040943;0.06093402;0.049125481;2.587983282;-0.011767094;1;0;0
17:21:47.086538;0.02040943;0.048747216;0.049590849;2.588972243;-0.02137674;1;0;0
17:21:47.095598;0.02040943;0.038997773;0.049928672;2.589812672;-0.033021137;1;0;0
17:21:47.107008;0.021411319;0.051034749;0.050313661;2.590704044;-0.042569034;1;0;0
17:21:47.117635;0.021411319;0.040827799;0.050622198;2.591570904;-0.050660606;1;0;0
17:21:47.128682;0.02242169;0.052736207;0.050951205;2.592411237;-0.056957185;1;0;0
17:21:47.137357;0.02242169;0.042188965;0.051187055;2.59316429;-0.064722769;1;0;0
17:21:47.148497;0.023424159;0.052955414;0.051484917;2.593998193;-0.062806427;1;0;0
17:21:47.159168;0.023424159;0.042364331;0.051694765;2.594783018;-0.060702052;1;0;0
17:21:47.169352;0.023424159;0.033891465;0.051800084;2.59543625;-0.060512904;1;0;0
17:21:47.179366;0.023424159;0.027113172;0.051822899;2.595982268;-0.060779043;1;0;0
17:21:47.189979;0.024427207;0.040473966;0.051921572;2.596635023;-0.061152738;1;0;0
17:21:47.200870;0.024427207;0.032379172;0.051935562;2.597213894;-0.063943006;1;0;0
17:21:47.211276;0.024427207;0.025903338;0.051875124;2.597691882;-0.068227224;1;0;0
17:21:47.222470;0.024427207;0.02072267;0.051744837;2.598114571;-0.071184926;1;0;0
17:21:47.232762;0.02426511;0.013415011;0.051537543;2.598436603;-0.072868243;1;0;0
17:21:47.242552;0.02426511;0.010732009;0.051276466;2.598709412;-0.074653268;1;0;0
17:21:47.254099;0.023255733;-0.009917795;0.050798572;2.598788376;-0.0804483;1;0;0
17:21:47.264133;0.023255733;-0.007934236;0.050297133;2.598830859;-0.084827073;1;0;0
17:21:47.275493;0.023255733;-0.006347389;0.049771328;2.598841495;-0.089943454;1;0;0
17:21:47.285798;0.023249656;-0.005190341;0.049217113;2.598822296;-0.096531883;1;0;0
17:21:47.296566;0.023249656;-0.004152273;0.048643216;2.598776901;-0.099456258;1;0;0
17:21:47.307179;0.022239632;-0.023266953;0.047945959;2.598568774;-0.100612223;1;0;0
17:21:47.317167;0.021236007;-0.037915058;0.047083967;2.598200899;-0.100270949;1;0;0
17:21:47.328354;0.020225661;-0.048968197;0.046047933;2.597669745;-0.100737266;1;0;0
17:21:47.338672;0.020225661;-0.039174557;0.045112839;2.597193827;-0.098263986;1;0;0
17:21:47.349344;0.019222613;-0.050070848;0.043996608;2.596554735;-0.09873195;1;0;0
17:21:47.360019;0.018211948;-0.058586656;0.042749043;2.595780248;-0.098432787;1;0;0
17:21:47.371700;0.018211948;-0.046869325;0.041595051;2.595071406;-0.098989286;1;0;0
17:21:47.380985;0.017200966;-0.056181745;0.040310843;2.594230274;-0.096944556;1;0;0
17:21:47.391656;0.017045161;-0.048038087;0.039150074;2.593469771;-0.090721704;1;0;0
17:21:47.401922;0.017045161;-0.03843047;0.038042826;2.592751314;-0.083424829;1;0;0
17:21:47.411840;0.017045161;-0.030744376;0.036933023;2.592038358;-0.071413592;1;0;0
17:21:47.422571;0.017045161;-0.024595501;0.035924907;2.591397215;-0.060573015;1;0;0
17:21:47.432894;0.017045161;-0.019676401;0.034915365;2.590761613;-0.05170422;1;0;0
17:21:47.442479;0.016042691;-0.035655912;0.033854106;2.590046481;-0.045029849;1;0;0
17:21:47.453105;0.016198496;-0.025437004;0.032863635;2.589392624;-0.037824549;1;0;0
17:21:47.463804;0.016198496;-0.020349603;0.031866248;2.588740653;-0.029262405;1;0;0
17:21:47.474144;0.016198496;-0.016279683;0.030900997;2.588116162;-0.021936977;1;0;0
17:21:47.484735;0.018211948;0.026809437;0.030327441;2.587852089;-0.011051517;1;0;0
17:21:47.495140;0.018211948;0.02144755;0.029722342;2.587574337;-0.000665718;1;0;0
17:21:47.505755;0.018211948;0.01715804;0.02917569;2.587324139;0.011521184;1;0;0
17:21:47.515486;0.017200966;-0.00583208;0.028480847;2.586927301;0.017092589;1;0;0
17:21:47.526520;0.017200966;-0.004665664;0.027795234;2.586539532;0.025493974;1;0;0
17:21:47.537565;0.017200966;-0.003732531;0.027126295;2.586164878;0.030854901;1;0;0
17:21:47.547657;0.017200966;-0.002986025;0.026518192;2.585827485;0.030624792;1;0;0
17:21:47.558148;0.017200966;-0.00238882;0.025884598;2.585479208;0.025921656;1;0;0
17:21:47.568908;0.01603486;-0.024187193;0.025127083;2.584988695;0.013555313;1;0;0
17:21:47.579395;0.01603486;-0.019349755;0.024385097;2.584513121;0.007403236;1;0;0
17:21:47.589884;0.014021778;-0.05250015;0.023367985;2.58375562;-0.003168888;1;0;0
17:21:47.601040;0.014021778;-0.04200012;0.022409197;2.583046903;-0.001952512;1;0;0
17:21:47.612223;0.014021778;-0.033600096;0.021522838;2.582396761;-0.004663239;1;0;0
17:21:47.621699;0.015032391;-0.006942722;0.020877699;2.581966521;0.001770243;1;0;0
17:21:47.632464;0.015032391;-0.005554178;0.020267361;2.581563294;0.001818664;1;0;0
17:21:47.642936;0.015032391;-0.004443342;0.019649064;2.581158778;0.002022341;1;0;0
17:21:47.653614;0.015032391;-0.003554674;0.019058621;2.580776406;0.009903545;1;0;0
17:21:47.663535;0.015032391;-0.002843739;0.01852954;2.580437182;0.018837105;1;0;0
17:21:47.674298;0.014021778;-0.021397191;0.017853435;2.579953328;0.030824317;1;0;0
17:21:47.685130;0.015032391;0.002152659;0.01736638;2.57965096;0.038722735;1;0;0
17:21:47.697875;0.015032391;0.001722127;0.016782113;2.57929241;0.047192428;1;0;0
17:21:47.707619;0.012729232;-0.044358237;0.016036986;2.578712512;0.039869856;1;0;0
17:21:47.717855;0.012729232;-0.035486589;0.015337574;2.578171077;0.02980501;1;0;0
17:21:47.728500;0.012729232;-0.028389271;0.014678348;2.57766356;0.020230265;1;0;0
17:21:47.739006;0.011718309;-0.041887401;0.013886464;2.577022215;0.016916061;1;0;0
17:21:47.749955;0.011718309;-0.033509921;0.013124605;2.576407537;0.012761103;1;0;0
17:21:47.760817;0.010716083;-0.045283247;0.012269933;2.575690562;0.006374645;1;0;0
17:21:47.771827;0.010716083;-0.036226597;0.011478407;2.57502786;0.005298658;1;0;0
17:21:47.782111;0.010716083;-0.028981278;0.010739215;2.574410256;-0.000273543;1;0;0
17:21:47.792234;0.010716083;-0.023185022;0.010106589;2.573882802;-0.002364158;1;0;0
17:21:47.802405;0.012737619;0.020211414;0.00978847;2.573668432;0.001618179;1;0;0
17:21:47.813062;0.012737619;0.016169131;0.009496264;2.57347335;0.013517408;1;0;0
17:21:47.823838;0.012746277;0.013095826;0.009199907;2.573277828;0.026361426;1;0;0
17:21:47.834468;0.012746277;0.010476661;0.008925732;2.573098731;0.037318703;1;0;0
17:21:47.845319;0.01492373;0.048598779;0.008980083;2.573250045;0.05390498;1;0;0
17:21:47.855326;0.015934075;0.058939991;0.009154462;2.57351578;0.070859559;1;0;0
17:21:47.865244;0.015934075;0.047151993;0.009306592;2.5737642;0.081687167;1;0;0
17:21:47.875756;0.015934075;0.037721594;0.009431231;2.573985724;0.089219697;1;0;0
17:21:47.886833;0.0169441;0.048900139;0.009685638;2.574343295;0.092971258;1;0;0
17:21:47.897008;0.017953802;0.058030268;0.010048299;2.57481137;0.098431192;1;0;0
17:21:47.907764;0.017953802;0.046424214;0.010346117;2.575211899;0.094501257;1;0;0
17:21:47.917240;0.017953802;0.037139371;0.010606573;2.575578772;0.089880027;1;0;0
17:21:47.927849;0.017953802;0.029711497;0.010842378;2.575929993;0.079935037;1;0;0
17:21:47.938786;0.017953802;0.023769198;0.01104193;2.576248338;0.069658592;1;0;0
17:21:47.950033;0.015943045;-0.018882964;0.01090914;2.576232016;0.047801003;1;0;0
17:21:47.960663;0.015943045;-0.015106371;0.01077171;2.576210984;0.027652731;1;0;0
17:21:47.972637;0.015943045;-0.012085097;0.010620919;2.576183795;0.009274665;1;0;0
17:21:47.982857;0.015943045;-0.009668078;0.01048675;2.576156492;-0.002890988;1;0;0
17:21:47.992081;0.013922675;-0.047855697;0.010070908;2.575844151;-0.019011974;1;0;0
17:21:48.002513;0.013922675;-0.038284558;0.009658344;2.57553635;-0.029291948;1;0;0
17:21:48.014020;0.01090056;-0.087389612;0.008826972;2.574803337;-0.037404206;1;0;0
17:21:48.023903;0.01090056;-0.069911689;0.008048046;2.57411578;-0.04371329;1;0;0
17:21:48.035049;0.008723842;-0.097188533;0.007033753;2.573180977;-0.054412145;1;0;0
17:21:48.045894;0.006713041;-0.115899509;0.005813517;2.572028362;-0.059495721;1;0;0
17:21:48.056266;0.006713041;-0.092719607;0.004688368;2.570959009;-0.063600525;1;0;0
17:21:48.066702;0.006417216;-0.079558914;0.003585607;2.56990162;-0.068506278;1;0;0
17:21:48.077676;0.006417216;-0.063647131;0.002599333;2.568948701;-0.06429527;1;0;0
17:21:48.087572;0.003382602;-0.111024329;0.001338986;2.567708141;-0.063083962;1;0;0
17:21:48.098291;0.002382403;-0.108596241;0.001;2.566424704;-0.05282988;1;0;0
17:21:48.108533;0.002382403;-0.086876993;0.001;2.565183465;-0.045735102;1;0;0
17:21:48.118956;0.003394247;-0.049407561;0.001;2.564267377;-0.030868327;1;0;0
17:21:48.129516;0.005405984;-0.000174565;0.001;2.563703283;-0.01766672;1;0;0
17:21:48.140437;0.005405984;-0.000139652;0.001;2.563163474;-0.006035388;1;0;0
17:21:48.151128;0.006406776;0.018415149;0.001;2.562821244;0.009859295;1;0;0
17:21:48.160603;0.007418008;0.034739398;0.001;2.562670781;0.026622564;1;0;0
17:21:48.171092;0.008428931;0.047772849;0.001;2.56267383;0.057435073;1;0;0
17:21:48.180713;0.008428931;0.038218279;0.001;2.562676224;0.080174416;1;0;0
17:21:48.191298;0.008428931;0.030574623;0.001;2.562678061;0.100627944;1;0;0
17:21:48.201112;0.008428931;0.024459699;0.001;2.562679331;0.103478037;1;0;0
17:21:48.211847;0.008428931;0.019567759;0.001;2.562680127;0.098959893;1;0;0
17:21:48.222250;0.00742814;-0.002883817;0.001;2.562532325;0.087799989;1;0;0
17:21:48.232861;0.006417216;-0.021820941;0.001;2.562259488;0.069630876;1;0;0
17:21:48.242925;0.006417216;-0.017456753;0.001;2.562015007;0.056152299;1;0;0
17:21:48.253713;0.004394446;-0.052131856;0.001;2.561489569;0.037643831;1;0;0
17:21:48.263777;0.003394247;-0.061566111;0.001;2.560897169;0.02508473;1;0;0
17:21:48.274365;0.003394247;-0.049252889;0.001;2.560344972;0.005534614;1;0;0
17:21:48.284458;0.002382403;-0.059477037;0.001;2.559713166;-0.009005931;1;0;0
17:21:48.294026;0.002382403;-0.04758163;0.001;2.559137725;-0.022059912;1;0;0
17:21:48.303810;0.002382403;-0.038065304;0.001;2.558612954;-0.027906502;1;0;0
17:21:48.314835;0.002382403;-0.030452243;0.001;2.558133494;-0.021820258;1;0;0
17:21:48.324813;0.003382602;-0.004504927;0.001;2.557835123;-0.007946298;1;0;0
17:21:48.334539;0.004394446;0.016406015;0.001;2.557702009;0.012596957;1;0;0
17:21:48.345334;0.00469027;0.018705037;0.001;2.557617593;0.0351112;1;0;0
17:21:48.355818;0.00469027;0.01496403;0.001;2.557540838;0.057245493;1;0;0
17:21:48.366129;0.003690983;-0.00668578;0.001;2.557323603;0.074641109;1;0;0
17:21:48.378485;0.003690983;-0.005348624;0.001;2.557106511;0.081218511;1;0;0
17:21:48.388599;0.003690983;-0.004278899;0.001;2.556929945;0.083937764;1;0;0
17:21:48.398793;0.003690983;-0.003423119;0.001;2.556773049;0.080559731;1;0;0
17:21:48.409846;0.003690983;-0.002738496;0.001;2.556628617;0.072613783;1;0;0
17:21:48.421545;0.00469027;0.016384707;0.001001804;2.556641191;0.062235914;1;0;0
17:21:48.431241;0.00469027;0.013107766;0.001002028;2.556651922;0.05495128;1;0;0
17:21:48.441619;0.002679139;-0.026333613;0.001;2.556361835;0.04664265;1;0;0
17:21:48.451694;0.002679139;-0.02106689;0.001;2.556118198;0.039689038;1;0;0
17:21:48.462678;0.001666993;-0.035799175;0.001;2.555735725;0.030515853;1;0;0
17:21:48.472886;0.001666993;-0.02863934;0.001;2.555397095;0.021213155;1;0;0
17:21:48.483798;0.001666993;-0.022911472;0.001;2.555095964;0.006074719;1;0;0
17:21:48.493646;0.000654546;-0.038360615;0.001;2.554683023;-0.007402473;1;0;0
17:21:48.504554;0.001653833;-0.011834725;0.001;2.554433376;-0.012689094;1;0;0
17:21:48.513735;0.001653833;-0.00946778;0.001;2.554216885;-0.010514259;1;0;0
17:21:48.524445;0.00266628;0.011245685;0.001;2.554155262;0.002869908;1;0;0
17:21:48.535830;0.00266628;0.008996548;0.001;2.554099797;0.017329916;1;0;0
17:21:48.545705;0.003678427;0.027243174;0.001080808;2.554191119;0.039646901;1;0;0
17:21:48.555582;0.004678305;0.041344137;0.001293077;2.554415548;0.053496778;1;0;0
17:21:48.566587;0.004678305;0.03307531;0.001499596;2.554637535;0.062705636;1;0;0
17:21:48.577274;0.004678305;0.026460248;0.001668698;2.554822635;0.070822656;1;0;0
17:21:48.587399;0.005690148;0.040740462;0.00196666;2.555139417;0.073352858;1;0;0
17:21:48.597931;0.005690148;0.032592369;0.002238125;2.555432886;0.076670446;1;0;0
17:21:48.608682;0.005690148;0.026073896;0.002488008;2.555708145;0.073592365;1;0;0
17:21:48.618774;0.005690148;0.020859116;0.002698919;2.555945289;0.073116384;1;0;0
17:21:48.628840;0.00469027;-0.002058386;0.002752893;2.556028351;0.063356921;1;0;0
17:21:48.639717;0.003678427;-0.021738561;0.00265693;2.555959628;0.05037481;1;0;0
17:21:48.649812;0.002679139;-0.035982352;0.002414311;2.555744249;0.027858471;1;0;0
17:21:48.660817;0.001680445;-0.046935222;0.002036873;2.555391272;0.009305741;1;0;0
17:21:48.671517;0.001680445;-0.037548177;0.001716655;2.555090173;-0.009080632;1;0;0
17:21:48.682174;-0.000628357;-0.072859528;0.001069021;2.554457504;-0.028315218;1;0;0
17:21:48.692987;-0.000628357;-0.058287622;0.001;2.553886093;-0.041832753;1;0;0
17:21:48.702884;-0.000628357;-0.046630098;0.001;2.553366693;-0.051006027;1;0;0
17:21:48.713594;-0.001640805;-0.056142439;0.001;2.552741564;-0.05005626;1;0;0
17:21:48.724107;-0.001640805;-0.044913951;0.001;2.552187716;-0.046267577;1;0;0
17:21:48.734910;-0.003651964;-0.073775047;0.001;2.551387391;-0.042504765;1;0;0
17:21:48.750706;-0.003651964;-0.059020038;0.001;2.550355846;-0.034212507;1;0;0
17:21:48.760850;-0.004665007;-0.066474957;0.001;2.549586731;-0.029594444;1;0;0
17:21:48.771832;-0.0048105;-0.05600434;0.001;2.548881707;-0.022388766;1;0;0
17:21:48.782504;-0.005822833;-0.063500497;0.001;2.548059946;-0.020915918;1;0;0
17:21:48.792479;-0.005822833;-0.050800398;0.001;2.547361882;-0.016865734;1;0;0
17:21:48.802934;-0.005822833;-0.040640318;0.001;2.54671063;-0.010336547;1;0;0
17:21:48.813727;-0.007833273;-0.069973071;0.001;2.545806219;-0.00768766;1;0;0
17:21:48.824775;-0.007833273;-0.055978456;0.001;2.544979873;-0.001672469;1;0;0
17:21:48.834732;-0.007833273;-0.044782765;0.001;2.544227285;0.002284977;1;0;0
17:21:48.846951;-0.007833273;-0.035826212;0.001;2.543583839;0.009703241;1;0;0
17:21:48.855547;-0.006820647;-0.009454978;0.001;2.543126465;0.01189243;1;0;0
17:21:48.866201;-0.006820647;-0.007563983;0.001;2.542713014;0.017470153;1;0;0
17:21:48.876715;-0.005822833;0.013769484;0.001;2.542487654;0.025525356;1;0;0
17:21:48.887731;-0.005822833;0.011015587;0.001;2.542266607;0.035381336;1;0;0
17:21:48.897460;-0.004824421;0.028593869;0.001;2.542215899;0.053844724;1;0;0
17:21:48.908087;-0.003812087;0.042308501;0.001083869;2.542310632;0.068375289;1;0;0
17:21:48.918269;-0.003812087;0.033846801;0.001161567;2.542400501;0.086487919;1;0;0
17:21:48.929157;-0.0048105;0.008548366;0.001085346;2.542336382;0.092311308;1;0;0
17:21:48.940036;-0.0048105;0.006838693;0.001019057;2.542280702;0.090424068;1;0;0
17:21:48.951773;-0.0048105;0.005470954;0.001;2.542228828;0.086131394;1;0;0
17:21:48.961103;-0.0048105;0.004376763;0.001;2.542176653;0.080602378;1;0;0
17:21:48.971360;-0.005808314;-0.015946993;0.001;2.541993677;0.070914201;1;0;0
17:21:48.981796;-0.005808314;-0.012757594;0.001;2.541814174;0.058412913;1;0;0
17:21:48.991768;-0.005808314;-0.010206075;0.001;2.541665626;0.051203258;1;0;0
17:21:49.002444;-0.006109279;-0.014131197;0.001;2.541488357;0.042818666;1;0;0
17:21:49.013420;-0.006109279;-0.011304958;0.001;2.541304119;0.034538224;1;0;0
17:21:49.024986;-0.006109279;-0.009043966;0.001;2.541147377;0.029104877;1;0;0
17:21:49.035528;-0.006109279;-0.007235173;0.001;2.54101428;0.029836966;1;0;0
17:21:49.045322;-0.006109279;-0.005788138;0.001;2.540887048;0.02965248;1;0;0
17:21:49.055412;-0.006109279;-0.004630511;0.001;2.540776339;0.029286552;1;0;0
17:21:49.066792;-0.006109279;-0.003704409;0.001;2.540667663;0.032108709;1;0;0
17:21:49.076133;-0.006095358;-0.002688759;0.001;2.540577133;0.035614956;1;0;0
17:21:49.086563;-0.006095358;-0.002151008;0.001;2.540494298;0.038998064;1;0;0
17:21:49.096211;-0.006946378;-0.01858911;0.001;2.540302435;0.038697351;1;0;0
17:21:49.107065;-0.006946378;-0.014871288;0.001;2.540126189;0.043098554;1;0;0
17:21:49.116693;-0.005933631;0.008207389;0.001;2.540104335;0.043372475;1;0;0
17:21:49.127416;-0.005933631;0.006565911;0.001;2.540084048;0.041534159;1;0;0
17:21:49.137497;-0.006946378;-0.014860452;0.001;2.539927162;0.038032658;1;0;0
17:21:49.147222;-0.006946378;-0.011888362;0.001;2.539782685;0.034296513;1;0;0
17:21:49.156928;-0.006946378;-0.00951069;0.001;2.539651525;0.029615071;1;0;0
17:21:49.168170;-0.006946378;-0.007608552;0.001;2.539527748;0.024286307;1;0;0
17:21:49.178089;-0.006946378;-0.006086841;0.001;2.539409329;0.01992704;1;0;0
17:21:49.189006;-0.006946378;-0.004869473;0.001;2.539303239;0.016569806;1;0;0
17:21:49.198997;-0.006946378;-0.003895578;0.001;2.53921272;0.014939647;1;0;0
17:21:49.209209;-0.006946378;-0.003116463;0.001;2.539129121;0.015373709;1;0;0
17:21:49.219700;-0.006946378;-0.00249317;0.001;2.539051327;0.014328144;1;0;0
17:21:49.229670;-0.006946378;-0.001994536;0.001;2.538981804;0.016920365;1;0;0
17:21:49.240501;-0.006946378;-0.001595629;0.001;2.538918066;0.021216558;1;0;0
17:21:49.249757;-0.006946378;-0.001276503;0.001;2.538859194;0.021808021;1;0;0
17:21:49.260210;-0.006946378;-0.001021203;0.001;2.538803205;0.021476096;1;0;0
17:21:49.271549;-0.006946378;-0.000816962;0.001;2.538750747;0.021987271;1;0;0
17:21:49.281175;-0.006946378;-0.00065357;0.001;2.5387058;0.022050789;1;0;0
17:21:49.292404;-0.006946378;-0.000522856;0.001;2.538661535;0.019296249;1;0;0
17:21:49.302932;-0.008262798;-0.025930886;0.001;2.538439302;0.015176027;1;0;0
17:21:49.312843;-0.008262798;-0.020744709;0.001;2.538240667;0.017071949;1;0;0
17:21:49.323665;-0.008262798;-0.016595767;0.001;2.538052106;0.013271138;1;0;0
17:21:49.334651;-0.008262798;-0.013276614;0.001;2.537886328;0.009476784;1;0;0
17:21:49.343648;-0.008262798;-0.010621291;0.001;2.53773526;0.006745805;1;0;0
17:21:49.353574;-0.009276137;-0.027783464;0.001;2.537448342;0.001501073;1;0;0
17:21:49.364415;-0.009276137;-0.022226772;0.001;2.537197259;0.001309801;1;0;0
17:21:49.374480;-0.010273951;-0.03760084;0.001;2.536832696;-0.000825493;1;0;0
17:21:49.384549;-0.010273951;-0.030080672;0.001;2.536498995;0.000986553;1;0;0
17:21:49.394540;-0.010273951;-0.024064538;0.001;2.536194232;0.000822364;1;0;0
17:21:49.405612;-0.010273951;-0.01925163;0.001;2.535896406;0.000830669;1;0;0
17:21:49.416197;-0.010273951;-0.015401304;0.001;2.535628999;0.000619372;1;0;0
17:21:49.426759;-0.010273951;-0.012321043;0.001;2.535385514;0.002970233;1;0;0
17:21:49.437670;-0.010273951;-0.009856835;0.001;2.53515334;0.006998393;1;0;0
17:21:49.448485;-0.010273951;-0.007885468;0.001;2.53496518;0.013805484;1;0;0
17:21:49.458723;-0.010273951;-0.006308374;0.001;2.534784054;0.021706181;1;0;0
17:21:49.468459;-0.010273951;-0.005046699;0.001;2.534627774;0.027026502;1;0;0
17:21:49.478518;-0.010273951;-0.00403736;0.001;2.534484188;0.030816386;1;0;0
17:21:49.490212;-0.010273951;-0.003229888;0.001;2.534345152;0.030550817;1;0;0
17:21:49.500316;-0.010273951;-0.00258391;0.001;2.534221902;0.029522087;1;0;0
17:21:49.511877;-0.009260612;0.017055292;0.001019901;2.53425251;0.03068139;1;0;0
17:21:49.521185;-0.009260612;0.013644234;0.001036944;2.534280698;0.032558467;1;0;0
17:21:49.532489;-0.009260612;0.010915387;0.001050608;2.534305377;0.037968703;1;0;0
17:21:49.542545;-0.009260612;0.00873231;0.001061879;2.53432809;0.041903373;1;0;0
17:21:49.553114;-0.009260612;0.006985848;0.001070068;2.534347015;0.044038687;1;0;0
17:21:49.563028;-0.008262798;0.025397716;0.001211043;2.534499493;0.045774162;1;0;0
17:21:49.572867;-0.008262798;0.020318173;0.001338254;2.534639551;0.045199141;1;0;0
17:21:49.583652;-0.008262798;0.016254538;0.001452999;2.53476839;0.044106014;1;0;0
17:21:49.593567;-0.008262798;0.01300363;0.001561821;2.534893351;0.040715169;1;0;0
17:21:49.603985;-0.008262798;0.010402904;0.001653501;2.535001301;0.039916612;1;0;0
17:21:49.614276;-0.008262798;0.008322324;0.001734758;2.535099617;0.036546085;1;0;0
17:21:49.624494;-0.008262798;0.006657859;0.00180706;2.535189807;0.034662381;1;0;0
17:21:49.635012;-0.008262798;0.005326287;0.001874301;2.535276723;0.033311177;1;0;0
17:21:49.644545;-0.008262798;0.00426103;0.001929635;2.535351212;0.029032515;1;0;0
17:21:49.655469;-0.008262798;0.003408824;0.001978922;2.535420675;0.026213896;1;0;0
17:21:49.666279;-0.007249755;0.021273191;0.002171522;2.535635966;0.025129519;1;0;0
17:21:49.677056;-0.007249755;0.017018553;0.002332117;2.535819535;0.025753533;1;0;0
17:21:49.686067;-0.007249755;0.013614842;0.002474006;2.535985637;0.027188329;1;0;0
17:21:49.696886;-0.006251335;0.029506427;0.002751683;2.53629137;0.029147996;1;0;0
17:21:49.706843;-0.007264379;0.003500295;0.002848597;2.536416513;0.031870082;1;0;0
17:21:49.716956;-0.007264379;0.002800236;0.002933944;2.536531139;0.032175239;1;0;0
17:21:49.727263;-0.008277717;-0.017837126;0.002870631;2.536497121;0.025129331;1;0;0
17:21:49.738062;-0.008988876;-0.028389211;0.002713219;2.536367824;0.016106632;1;0;0
17:21:49.748297;-0.008988876;-0.022711369;0.00255226;2.536235983;0.006878093;1;0;0
17:21:49.759124;-0.008988876;-0.018169095;0.002415366;2.536124181;-0.002838145;1;0;0
17:21:49.768842;-0.010145274;-0.037431875;0.00213071;2.535862466;-0.010267352;1;0;0
17:21:49.779479;-0.010145274;-0.0299455;0.0018683;2.535620235;-0.017566675;1;0;0
17:21:49.790118;-0.010145274;-0.0239564;0.001611102;2.53538176;-0.018624494;1;0;0
17:21:49.800430;-0.010145274;-0.01916512;0.001385853;2.535171901;-0.018224835;1;0;0
17:21:49.810295;-0.009147155;0.004483108;0.001317738;2.535117401;-0.011584874;1;0;0
17:21:49.820260;-0.009147155;0.003586486;0.00125063;2.535063919;-0.007263431;1;0;0
17:21:49.831752;-0.013201685;-0.071916256;0.001;2.534422273;-0.009412864;1;0;0
17:21:49.842359;-0.013201685;-0.057533005;0.001;2.533849078;-0.013492601;1;0;0
17:21:49.853018;-0.013201685;-0.046026404;0.001;2.533323704;-0.017738272;1;0;0
17:21:49.863020;-0.013201685;-0.036821123;0.001;2.532874321;-0.01695296;1;0;0
17:21:49.873172;-0.013201685;-0.029456899;0.001;2.532464392;-0.019675676;1;0;0
17:21:49.883646;-0.013201685;-0.023565519;0.001;2.532080677;-0.020277396;1;0;0
17:21:49.894238;-0.013201685;-0.018852415;0.001;2.531731049;-0.014440009;1;0;0
17:21:49.904434;-0.011188907;0.024551854;0.001;2.531693181;-0.001563061;1;0;0
17:21:49.914296;-0.011188907;0.019641483;0.001;2.531658392;0.015179079;1;0;0
17:21:49.925903;-0.011188907;0.015713187;0.001;2.531625422;0.027970754;1;0;0
17:21:49.934984;-0.011188907;0.012570549;0.001;2.531594298;0.039578333;1;0;0
17:21:49.945304;-0.010175131;0.029924562;0.001100978;2.531706005;0.047694188;1;0;0
17:21:49.955797;-0.010175131;0.023939649;0.001191195;2.531807857;0.049176417;1;0;0
17:21:49.966299;-0.010175131;0.019151719;0.001275775;2.531905568;0.04743154;1;0;0
17:21:49.976372;-0.010175131;0.015321376;0.001347148;2.531990165;0.045923486;1;0;0
17:21:49.986979;-0.010175131;0.0122571;0.001414376;2.532072179;0.046159808;1;0;0
17:21:49.997919;-0.00887666;0.03444892;0.001655443;2.532329443;0.052691214;1;0;0
17:21:50.007312;-0.009175811;0.02165363;0.001823951;2.532515591;0.056002814;1;0;0
17:21:50.018313;-0.009175811;0.017322904;0.001987065;2.532699589;0.054745987;1;0;0
17:21:50.028682;-0.010175131;-0.005326086;0.001986118;2.53271934;0.045068797;1;0;0
17:21:50.038680;-0.010175131;-0.004260869;0.001982813;2.532736028;0.035520677;1;0;0
17:21:50.049103;-0.010175131;-0.003408695;0.001977369;2.532750534;0.028827984;1;0;0
17:21:50.059500;-0.010175131;-0.002726956;0.001969941;2.53276308;0.018957417;1;0;0
17:21:50.070131;-0.010175131;-0.002181565;0.001960102;2.532774363;0.012973332;1;0;0
17:21:50.079594;-0.010175131;-0.001745252;0.001949232;2.532783182;0.003825035;1;0;0
17:21:50.090715;-0.010175131;-0.001396202;0.001936506;2.532790653;0.003640007;1;0;0
17:21:50.101429;-0.010175131;-0.001116961;0.001922828;2.532796451;0.004353557;1;0;0
17:21:50.111190;-0.009175811;0.018382668;0.002046158;2.532940369;0.01749707;1;0;0
17:21:50.121300;-0.009175811;0.014706134;0.00215324;2.533068685;0.02431934;1;0;0
17:21:50.132358;-0.00887666;0.017296028;0.002297801;2.533237335;0.031390276;1;0;0
17:21:50.142691;-0.00887666;0.013836822;0.002423233;2.533387789;0.031872332;1;0;0
17:21:50.153688;-0.00887666;0.011069458;0.002529097;2.533518671;0.033965509;1;0;0
17:21:50.163061;-0.00887666;0.008855566;0.002624863;2.533641135;0.034050342;1;0;0
17:21:50.175032;-0.00887666;0.007084453;0.002719023;2.533766668;0.030083692;1;0;0
17:21:50.185508;-0.00916164;1.03E-05;0.002750201;2.533825402;0.028476411;1;0;0
17:21:50.194365;-0.00916164;8.23E-06;0.00277539;2.533878543;0.023490055;1;0;0
17:21:50.205076;-0.00916164;6.58E-06;0.002795026;2.533926475;0.022012345;1;0;0
17:21:50.215624;-0.00916164;5.27E-06;0.002809887;2.533970827;0.014098743;1;0;0
17:21:50.225938;-0.00916164;4.21E-06;0.002819911;2.534011512;0.009495806;1;0;0
17:21:50.238187;-0.00916164;3.37E-06;0.002824868;2.53404607;0.005126511;1;0;0
17:21:50.247990;-0.00916164;2.70E-06;0.002825595;2.534077341;0.00370977;1;0;0
17:21:50.258911;-0.00916164;2.16E-06;0.002822305;2.534104443;0.003180556;1;0;0
17:21:50.270173;-0.00916164;1.73E-06;0.002815281;2.53412812;0.001489724;1;0;0
17:21:50.280483;-0.00916164;1.38E-06;0.00280518;2.534147902;0.001609991;1;0;0
17:21:50.291058;-0.008148435;0.019129222;0.00293581;2.534308956;0.003143349;1;0;0
17:21:50.302850;-0.008148435;0.015303377;0.003055604;2.534461995;0.005349678;1;0;0
17:21:50.311644;-0.008148435;0.012242702;0.003151083;2.534588933;0.009535552;1;0;0
17:21:50.322297;-0.009147155;-0.009505417;0.003097513;2.534567698;0.010726511;1;0;0
17:21:50.332381;-0.009147155;-0.007604333;0.003046057;2.534547222;0.011099627;1;0;0
17:21:50.342723;-0.009147155;-0.006083467;0.002993188;2.534526107;0.012473272;1;0;0
17:21:50.354476;-0.009147155;-0.004866773;0.00294077;2.534505101;0.012001725;1;0;0
17:21:50.362901;-0.009147155;-0.003893419;0.002891651;2.534485353;0.007271155;1;0;0
17:21:50.374621;-0.009147155;-0.003114735;0.002840117;2.534464574;0.001801906;1;0;0
17:21:50.384747;-0.009147155;-0.002491788;0.002792168;2.534445185;0.000368371;1;0;0
17:21:50.394420;-0.009147155;-0.00199343;0.002745012;2.534426068;-0.000998066;1;0;0
17:21:50.405078;-0.010145274;-0.020371784;0.002554369;2.534263582;-0.001413288;1;0;0
17:21:50.415050;-0.010145274;-0.016297427;0.002380013;2.534115089;-2.84E-05;1;0;0
17:21:50.427692;-0.010145274;-0.013037941;0.002200982;2.533962744;-0.000154597;1;0;0
17:21:50.439623;-0.009132358;0.005429399;0.002192525;2.533982351;0.000953693;1;0;0
17:21:50.450882;-0.009132358;0.004343519;0.002182439;2.53399656;-3.85E-05;1;0;0
17:21:50.461693;-0.008119732;0.023224895;0.002310189;2.534147357;0.003171647;1;0;0
17:21:50.471686;-0.008119732;0.018579916;0.00242206;2.534283125;0.008662793;1;0;0
17:21:50.482229;-0.007107398;0.033829404;0.002671078;2.534559353;0.017642707;1;0;0
17:21:50.492013;-0.007107398;0.027063524;0.002887226;2.534804294;0.030484283;1;0;0
17:21:50.502780;-0.007107398;0.021650819;0.003080711;2.535028747;0.039520677;1;0;0
17:21:50.512660;-0.007107398;0.017320655;0.003248211;2.53522813;0.045199621;1;0;0
17:21:50.522998;-0.007107398;0.013856524;0.003399735;2.535413755;0.042028744;1;0;0
17:21:50.534132;-0.007107398;0.011085219;0.003539165;2.535590374;0.036588408;1;0;0
17:21:50.544773;-0.007107398;0.008868175;0.003662011;2.535752209;0.029596042;1;0;0
17:21:50.555497;-0.007107398;0.00709454;0.003766104;2.535895642;0.021972043;1;0;0
17:21:50.566147;-0.006095358;0.024748812;0.003999627;2.536170396;0.019412149;1;0;0
17:21:50.576073;-0.006095358;0.019799049;0.004204717;2.536418664;0.019344242;1;0;0
17:21:50.587499;-0.006095358;0.015839239;0.004391182;2.536651856;0.021168625;1;0;0
17:21:50.597888;-0.006095358;0.012671392;0.004555075;2.536864732;0.019320359;1;0;0
17:21:50.608134;-0.00509724;0.029367983;0.004829143;2.537187534;0.02207567;1;0;0
17:21:50.619419;-0.00509724;0.023494386;0.005077871;2.537488936;0.019331466;1;0;0
17:21:50.629643;-0.00509724;0.018795509;0.005287295;2.537750886;0.019753454;1;0;0
17:21:50.640416;-0.00509724;0.015036407;0.005482439;2.538003967;0.016567666;1;0;0
17:21:50.650631;-0.007121613;-0.028116092;0.005367568;2.537943805;0.009864976;1;0;0
17:21:50.660661;-0.008119732;-0.042239367;0.005120235;2.537749472;0.00224599;1;0;0
17:21:50.670843;-0.008119732;-0.033791493;0.004870468;2.537554185;-0.004782581;1;0;0
17:21:50.681448;-0.009132358;-0.046028594;0.004497642;2.537231273;-0.0140691;1;0;0
17:21:50.692236;-0.009132358;-0.036822875;0.004171011;2.536948325;-0.021711715;1;0;0
17:21:50.702260;-0.010145274;-0.049475729;0.003729049;2.536546308;-0.033297122;1;0;0
17:21:50.712051;-0.01114279;-0.059387821;0.003188206;2.536040264;-0.040151972;1;0;0
17:21:50.722713;-0.01114279;-0.047510257;0.002671608;2.53555432;-0.042821515;1;0;0
17:21:50.732399;-0.012155995;-0.058122908;0.002078762;2.534985358;-0.04141967;1;0;0
17:21:50.742749;-0.012155995;-0.046498326;0.001533916;2.534458714;-0.040144313;1;0;0
17:21:50.753693;-0.013169486;-0.056538543;0.001;2.533812072;-0.037110578;1;0;0
17:21:50.764126;-0.013169486;-0.045230834;0.001;2.533204293;-0.033683684;1;0;0
17:21:50.773919;-0.01217197;-0.016629463;0.001;2.532816681;-0.028009892;1;0;0
17:21:50.785295;-0.01217197;-0.013303571;0.001;2.532466759;-0.02037227;1;0;0
17:21:50.796246;-0.011158479;0.00868456;0.001;2.53227805;-0.008208142;1;0;0
17:21:50.804895;-0.011158479;0.006947648;0.001;2.532112187;0.005416771;1;0;0
17:21:50.816827;-0.011158479;0.005558118;0.001;2.531955625;0.02362312;1;0;0
17:21:50.825547;-0.011158479;0.004446495;0.001;2.531817452;0.037621193;1;0;0
17:21:50.836289;-0.011158479;0.003557196;0.001;2.531686544;0.046742581;1;0;0
17:21:50.846866;-0.010145274;0.021573313;0.001012936;2.531710372;0.049166549;1;0;0
17:21:50.857377;-0.010145274;0.01725865;0.001023311;2.531731848;0.048686236;1;0;0
17:21:50.868245;-0.010145274;0.01380692;0.001030755;2.531749676;0.047824368;1;0;0
17:21:50.877943;-0.009147155;0.030874117;0.001170739;2.531900754;0.04487301;1;0;0
17:21:50.888165;-0.007121613;0.064781073;0.001571623;2.532315528;0.050651245;1;0;0
17:21:50.898273;-0.005808314;0.077897062;0.002111799;2.532874301;0.063854918;1;0;0
17:21:50.908832;-0.005808314;0.062317649;0.002627868;2.533415583;0.074567467;1;0;0
17:21:50.919352;-0.004796274;0.068734333;0.003242581;2.53406182;0.085117571;1;0;0
17:21:50.929204;-0.00509724;0.049134178;0.003733437;2.534588589;0.090467446;1;0;0
17:21:50.940079;-0.00509724;0.039307342;0.004196939;2.535094937;0.093504898;1;0;0
17:21:50.950576;-0.006109279;0.011388998;0.004449031;2.535390679;0.081634097;1;0;0
17:21:50.961094;-0.007121613;-0.010327113;0.004539231;2.535527702;0.064900272;1;0;0
17:21:50.972043;-0.006122893;0.010136647;0.004763318;2.535802312;0.046836704;1;0;0
17:21:50.982762;-0.006835459;-0.005012108;0.004856291;2.535947539;0.027184993;1;0;0
17:21:50.993632;-0.006835459;-0.004009686;0.004933392;2.536077607;0.014291096;1;0;0
17:21:51.003586;-0.007848376;-0.023230013;0.004855134;2.536048868;-0.000312045;1;0;0
17:21:51.014602;-0.009002762;-0.040084689;0.004607101;2.535851624;-0.006320196;1;0;0
17:21:51.024077;-0.009002762;-0.032067751;0.004387233;2.535677533;-0.012910252;1;0;0
17:21:51.034200;-0.010015247;-0.04573254;0.004046116;2.535378921;-0.018875239;1;0;0
17:21:51.044566;-0.010015247;-0.036586032;0.003728998;2.535101094;-0.023257714;1;0;0
17:21:51.055162;-0.009002762;-0.009887708;0.003567261;2.534977464;-0.028061854;1;0;0
17:21:51.065986;-0.009002762;-0.007910167;0.003414207;2.53486117;-0.028542813;1;0;0
17:21:51.076011;-0.009002762;-0.006328133;0.003275907;2.534756729;-0.025072386;1;0;0
17:21:51.085523;-0.009002762;-0.005062507;0.003146281;2.534659441;-0.014805227;1;0;0
17:21:51.097394;-0.007990563;0.013843175;0.003162219;2.534711072;0.00207522;1;0;0
17:21:51.107717;-0.007990563;0.01107454;0.00317132;2.534753745;0.017017225;1;0;0
17:21:51.118416;-0.007848376;0.011622605;0.00319485;2.534810042;0.029429419;1;0;0
17:21:51.128644;-0.007848376;0.009298084;0.00321296;2.534862879;0.033541039;1;0;0
17:21:51.140245;-0.007848376;0.007438467;0.003224883;2.534909885;0.032919966;1;0;0
17:21:51.150879;-0.006849963;0.024427777;0.003375291;2.535095975;0.028651068;1;0;0
17:21:51.161774;-0.007848376;-0.000277795;0.003363678;2.535118311;0.021310674;1;0;0
17:21:51.172710;-0.007848376;-0.000222236;0.00334637;2.53514011;0.018494425;1;0;0
17:21:51.183316;-0.007848376;-0.000177789;0.003327033;2.535156744;0.015734835;1;0;0
17:21:51.194191;-0.006849963;0.018718162;0.003446722;2.535312305;0.016330339;1;0;0
17:21:51.203963;-0.006849963;0.014974529;0.003546101;2.535446908;0.011505463;1;0;0
17:21:51.214580;-0.006849963;0.011979623;0.00363607;2.535574673;0.008891571;1;0;0
17:21:51.225274;-0.006849963;0.009583699;0.003713986;2.535691794;0.006532092;1;0;0
17:21:51.236708;-0.004838038;0.043226485;0.004087142;2.53610913;0.008548673;1;0;0
17:21:51.246659;-0.004838038;0.034581188;0.004405022;2.53647312;0.014587239;1;0;0
17:21:51.257017;-0.004838038;0.02766495;0.004672221;2.536786857;0.020196417;1;0;0
17:21:51.267044;-0.003825412;0.042080031;0.005045849;2.537209851;0.029456833;1;0;0
17:21:51.277183;-0.004824421;0.013821546;0.005242732;2.537458555;0.031751975;1;0;0
17:21:51.288495;-0.004824421;0.011057237;0.005425673;2.537698427;0.034955066;1;0;0
17:21:51.298765;-0.0048105;0.009104053;0.005587892;2.537920036;0.029719999;1;0;0
17:21:51.309620;-0.005822833;-0.011415479;0.005580927;2.537973544;0.027400991;1;0;0
17:21:51.320517;-0.005822833;-0.009132383;0.005567926;2.538016654;0.018377477;1;0;0
17:21:51.329948;-0.006122893;-0.013245099;0.005508382;2.538013072;0.007066489;1;0;0
17:21:51.340987;-0.006122893;-0.010596079;0.005443621;2.538006859;-0.000247669;1;0;0
17:21:51.351552;-0.006122893;-0.008476863;0.005377643;2.537998438;-0.006943315;1;0;0
17:21:51.361770;-0.006122893;-0.006781491;0.005313661;2.537988552;-0.008131717;1;0;0
17:21:51.371462;-0.006122893;-0.005425193;0.005248967;2.537977067;-0.011229062;1;0;0
17:21:51.382467;-0.006122893;-0.004340154;0.005181712;2.53796374;-0.009173544;1;0;0
17:21:51.392107;-0.006122893;-0.003472123;0.005115565;2.537949417;-0.00518727;1;0;0
17:21:51.404005;-0.007121613;-0.019661916;0.004879622;2.537772581;-0.005333715;1;0;0
17:21:51.414274;-0.007107398;-0.015463292;0.004682255;2.537626256;-0.007415667;1;0;0
17:21:51.424986;-0.007107398;-0.012370634;0.004496777;2.537489736;-0.00714231;1;0;0
17:21:51.434840;-0.008104913;-0.029654559;0.004196002;2.537232829;-0.009582898;1;0;0
17:21:51.446354;-0.008104913;-0.023723647;0.003895306;2.53697616;-0.010145986;1;0;0
17:21:51.456833;-0.008104913;-0.018978918;0.003626825;2.536747151;-0.008999672;1;0;0
17:21:51.467564;-0.008104913;-0.015183134;0.003374485;2.53653207;-0.007957821;1;0;0
17:21:51.478237;-0.008104913;-0.012146507;0.003136935;2.536329756;-0.00498748;1;0;0
17:21:51.489096;-0.008104913;-0.009717206;0.00291856;2.536143928;-0.002594806;1;0;0
17:21:51.498988;-0.009117247;-0.027808053;0.002590859;2.535844045;-0.003853438;1;0;0
17:21:51.509822;-0.009117247;-0.022246443;0.002274126;2.535553102;-0.001595866;1;0;0
17:21:51.520681;-0.009117247;-0.017797154;0.001981906;2.53528356;-0.003187214;1;0;0
17:21:51.529981;-0.009117247;-0.014237723;0.001728167;2.535048491;-0.003512939;1;0;0
17:21:51.540344;-0.009117247;-0.011390179;0.001490673;2.534827466;-0.002767716;1;0;0
17:21:51.550291;-0.009117247;-0.009112143;0.001274305;2.53462511;-0.003158784;1;0;0
17:21:51.560888;-0.009117247;-0.007289714;0.001076792;2.534439419;-0.000695389;1;0;0
17:21:51.570414;-0.010129873;-0.025898245;0.001;2.534129631;0.002237209;1;0;0
17:21:51.581999;-0.009132358;-0.001922189;0.001;2.533974245;0.009102028;1;0;0
17:21:51.591857;-0.009434831;-0.007144532;0.001;2.533786725;0.012669149;1;0;0
17:21:51.602262;-0.009434831;-0.005715626;0.001;2.533626491;0.01918387;1;0;0
17:21:51.613258;-0.010433251;-0.023838869;0.001;2.533337496;0.016051847;1;0;0
17:21:51.622572;-0.010433251;-0.019071095;0.001;2.533079072;0.013232696;1;0;0
17:21:51.633593;-0.010433251;-0.015256876;0.001;2.532828928;0.011425989;1;0;0
17:21:51.644169;-0.010433251;-0.012205501;0.001;2.532603016;0.01046804;1;0;0
17:21:51.655362;-0.010433251;-0.009764401;0.001;2.532397645;0.011540171;1;0;0
17:21:51.666197;-0.013457186;-0.065046132;0.001;2.531785227;0.006836515;1;0;0
17:21:51.677103;-0.013457186;-0.052036905;0.001;2.531177483;0.00574881;1;0;0
17:21:51.687982;-0.013457186;-0.041629524;0.001;2.53069836;-0.002627827;1;0;0
17:21:51.697489;-0.013457186;-0.033303619;0.001;2.530246463;-0.003556998;1;0;0
17:21:51.708477;-0.015484452;-0.06449182;0.001;2.529533942;-0.012365494;1;0;0
17:21:51.719141;-0.016481658;-0.070060505;0.001;2.52873829;-0.01760152;1;0;0
17:21:51.729971;-0.016481658;-0.056048404;0.001;2.52805435;-0.021218315;1;0;0
17:21:51.740815;-0.016481658;-0.044838723;0.001;2.527438067;-0.019560628;1;0;0
17:21:51.750432;-0.016481658;-0.035870979;0.001;2.526845041;-0.011589712;1;0;0
17:21:51.760793;-0.016481658;-0.028696783;0.001;2.526321095;-0.006121364;1;0;0
17:21:51.771535;-0.016481658;-0.022957426;0.001;2.525847266;0.004321397;1;0;0
17:21:51.781242;-0.016481658;-0.018365941;0.001;2.525422241;0.009314879;1;0;0
17:21:51.793069;-0.014454391;0.020510991;0.001;2.525293988;0.025508592;1;0;0
17:21:51.802976;-0.014454391;0.016408793;0.001;2.525192027;0.040240776;1;0;0
17:21:51.815217;-0.012443981;0.053062602;0.00116661;2.525369558;0.059963498;1;0;0
17:21:51.823472;-0.012443981;0.042450082;0.001324983;2.525541156;0.073433109;1;0;0
17:21:51.834549;-0.010273951;0.072761719;0.001796284;2.526029959;0.092127696;1;0;0
17:21:51.845203;-0.010273951;0.058209375;0.002182814;2.526436726;0.108170241;1;0;0
17:21:51.854963;-0.009276137;0.066304233;0.002665999;2.526944464;0.119076721;1;0;0
17:21:51.866053;-0.00897276;0.058369011;0.003202337;2.527514288;0.125119224;1;0;0
17:21:51.876093;-0.00897276;0.046695209;0.003628619;2.527974991;0.122745745;1;0;0
17:21:51.886629;-0.012155995;-0.022826675;0.003583817;2.527968339;0.112626925;1;0;0
17:21:51.897480;-0.014183262;-0.058511612;0.003268041;2.527687052;0.082780547;1;0;0
17:21:51.907127;-0.016211658;-0.086952334;0.002701509;2.527150644;0.045664437;1;0;0
17:21:51.917955;-0.017362417;-0.091544715;0.002002946;2.526476653;0.003443165;1;0;0
17:21:51.928586;-0.0183763;-0.092510729;0.00122016;2.525710757;-0.031976938;1;0;0
17:21:51.939440;-0.019390457;-0.093190354;0.001;2.524859825;-0.063190281;1;0;0
17:21:51.948568;-0.01940737;-0.074885261;0.001;2.524111449;-0.075845592;1;0;0
17:21:51.960081;-0.020553895;-0.081044922;0.001;2.523218808;-0.080073662;1;0;0
17:21:51.970853;-0.020553895;-0.064835938;0.001;2.522356755;-0.07213366;1;0;0
17:21:51.982162;-0.021567849;-0.070796296;0.001;2.521492543;-0.059315104;1;0;0
17:21:51.992712;-0.024611296;-0.113548267;0.001;2.520276598;-0.047664013;1;0;0
17:21:52.002384;-0.024611296;-0.090838614;0.001;2.519233922;-0.039789017;1;0;0
17:21:52.013779;-0.026641558;-0.110569784;0.001;2.517936693;-0.037589315;1;0;0
17:21:52.023819;-0.02779818;-0.109917871;0.001;2.51658784;-0.034451712;1;0;0
17:21:52.035278;-0.02779818;-0.087934297;0.001;2.515375316;-0.03382007;1;0;0
17:21:52.044651;-0.029828435;-0.110674669;0.001;2.514064205;-0.029525332;1;0;0
17:21:52.054746;-0.030826554;-0.108266497;0.001;2.51272803;-0.021726919;1;0;0
17:21:52.066321;-0.031842051;-0.10673263;0.001;2.511376254;-0.01286911;1;0;0
17:21:52.076336;-0.031842051;-0.085386104;0.001;2.510055896;-0.002403477;1;0;0
17:21:52.086465;-0.032839567;-0.08777624;0.001;2.508786517;0.003323712;1;0;0
17:21:52.095919;-0.033142944;-0.076244459;0.001;2.50760824;0.005762855;1;0;0
17:21:52.106573;-0.032127447;-0.041841271;0.001;2.506620063;0.008886679;1;0;0
17:21:52.116943;-0.03312526;-0.052720705;0.001;2.505604836;0.013431488;1;0;0
17:21:52.128561;-0.033107215;-0.041842201;0.001;2.504646394;0.022526871;1;0;0
17:21:52.139234;-0.032110009;-0.015242853;0.001;2.503908605;0.032479972;1;0;0
17:21:52.149985;-0.032110009;-0.012194282;0.001;2.503258922;0.053053685;1;0;0
17:21:52.160761;-0.032110009;-0.009755426;0.001;2.502661577;0.070249155;1;0;0
17:21:52.171264;-0.031112195;0.010845076;0.001;2.502260711;0.089228094;1;0;0
17:21:52.182114;-0.031112195;0.008676061;0.001;2.501896065;0.104275063;1;0;0
17:21:52.192364;-0.031112195;0.006940849;0.001;2.501557925;0.116371557;1;0;0
17:21:52.203692;-0.031112195;0.005552679;0.001;2.501257254;0.123346157;1;0;0
17:21:52.213233;-0.031112195;0.004442143;0.001;2.500999139;0.125596911;1;0;0
17:21:52.224056;-0.031112195;0.003553714;0.001;2.500758194;0.131554782;1;0;0
17:21:52.234678;-0.028957966;0.044051382;0.001061035;2.500830009;0.136583626;1;0;0
17:21:52.245983;-0.028957966;0.035241106;0.001116683;2.500897357;0.135577962;1;0;0
17:21:52.254900;-0.02995578;0.008371093;0.001031594;2.500823077;0.131231412;1;0;0
17:21:52.265736;-0.02995578;0.006696875;0.001;2.500753246;0.126091719;1;0;0
17:21:52.275856;-0.02995578;0.0053575;0.001;2.500683967;0.12298017;1;0;0
17:21:52.286119;-0.027925005;0.044596511;0.001199567;2.500894631;0.121447787;1;0;0
17:21:52.296720;-0.026910002;0.055781855;0.001514964;2.501223758;0.122437768;1;0;0
17:21:52.307064;-0.026910002;0.044625484;0.001815786;2.501542302;0.123084784;1;0;0
17:21:52.317933;-0.025895258;0.054868213;0.002226465;2.501974418;0.121554278;1;0;0
17:21:52.328450;-0.025895258;0.043894571;0.002599698;2.502373398;0.123966552;1;0;0
17:21:52.338105;-0.025895258;0.035115657;0.002918325;2.502719839;0.126090705;1;0;0
17:21:52.349656;-0.024880776;0.046896672;0.003368525;2.503204;0.130506352;1;0;0
17:21:52.358954;-0.024880776;0.037517338;0.00374836;2.503619793;0.129694894;1;0;0
17:21:52.369560;-0.025185663;0.023992182;0.00405172;2.503962673;0.116418153;1;0;0
17:21:52.380348;-0.026183771;0.00027072;0.004197194;2.504151674;0.093997933;1;0;0
17:21:52.390968;-0.026183771;0.000216576;0.004327907;2.504328793;0.072197281;1;0;0
17:21:52.401661;-0.025185663;0.01888865;0.004577652;2.504626058;0.05669523;1;0;0
17:21:52.412324;-0.025185663;0.01511092;0.004795285;2.504892875;0.046823915;1;0;0
17:21:52.423329;-0.025185663;0.012088736;0.004990677;2.505140565;0.037733722;1;0;0
17:21:52.434713;-0.025055862;0.011813393;0.005203333;2.505415015;0.032304373;1;0;0
17:21:52.445031;-0.025055862;0.009450715;0.005362389;2.505629431;0.028388852;1;0;0
17:21:52.455916;-0.025055862;0.007560572;0.005496511;2.505818726;0.021594524;1;0;0
17:21:52.465910;-0.025055862;0.006048457;0.005611687;2.505989978;0.016297679;1;0;0
17:21:52.475682;-0.024057144;0.024675045;0.005841996;2.506277978;0.016152738;1;0;0
17:21:52.486407;-0.020756088;0.081913376;0.006515069;2.507016724;0.023467448;1;0;0
17:21:52.496676;-0.014298282;0.184993855;0.008043952;2.508624448;0.045763146;1;0;0
17:21:52.508465;-0.011009878;0.208670754;0.009893852;2.510571737;0.073495731;1;0;0
17:21:52.518209;-0.007720418;0.232270686;0.011885825;2.512673525;0.117007673;1;0;0
17:21:52.528199;-0.006441736;0.209729251;0.013981526;2.514907738;0.160832897;1;0;0
17:21:52.540270;-0.006170518;0.172814972;0.015923068;2.51701066;0.205816865;1;0;0
17:21:52.549901;-0.007186287;0.118220455;0.017432049;2.518688912;0.230479941;1;0;0
17:21:52.560092;-0.009329372;0.052091802;0.018496728;2.51993493;0.220573515;1;0;0
17:21:52.569972;-0.012636137;-0.023610804;0.019006972;2.520635196;0.162801355;1;0;0
17:21:52.581021;-0.015645961;-0.073958203;0.019047131;2.520883369;0.068821773;1;0;0
17:21:52.590857;-0.019956178;-0.140334805;0.018450741;2.520486074;-0.034465857;1;0;0
17:21:52.602018;-0.02295835;-0.168565756;0.017458255;2.519685016;-0.119985357;1;0;0
17:21:52.612823;-0.027267132;-0.217124087;0.015952547;2.518354184;-0.177274898;1;0;0
17:21:52.622974;-0.032574694;-0.271007787;0.013744281;2.516307716;-0.213948652;1;0;0
17:21:52.634419;-0.032692823;-0.219147279;0.011854634;2.514547108;-0.22659725;1;0;0
17:21:52.644982;-0.034705244;-0.215301858;0.009853391;2.512654981;-0.227647543;1;0;0
17:21:52.653474;-0.036736368;-0.211778068;0.007704358;2.510595985;-0.219737023;1;0;0
17:21:52.664565;-0.037752282;-0.189110857;0.005591424;2.508551495;-0.209782109;1;0;0
17:21:52.675222;-0.038768427;-0.171427888;0.003566844;2.506572972;-0.191816568;1;0;0
17:21:52.684756;-0.038768427;-0.13714231;0.001573369;2.504607341;-0.163184986;1;0;0
17:21:52.695884;-0.042622417;-0.183391191;0.001;2.502346442;-0.134154215;1;0;0
17:21:52.706738;-0.044654697;-0.184119081;0.001;2.499920326;-0.102139495;1;0;0
17:21:52.717396;-0.045671166;-0.166244494;0.001;2.497607198;-0.075299099;1;0;0
17:21:52.728145;-0.04679329;-0.154368544;0.001;2.495398112;-0.049245518;1;0;0
17:21:52.738311;-0.046491721;-0.117975779;0.001;2.4933546;-0.033236586;1;0;0
17:21:52.750784;-0.049539989;-0.146812;0.001;2.490931551;-0.021747654;1;0;0
17:21:52.761497;-0.049539989;-0.1174496;0.001;2.489025466;-0.009866671;1;0;0
17:21:52.771285;-0.050232335;-0.106942463;0.001;2.487097226;-0.000872943;1;0;0
17:21:52.782259;-0.050232335;-0.08555397;0.001;2.485304297;0.011942019;1;0;0
17:21:52.792214;-0.05338157;-0.130676507;0.001;2.483382267;0.016379124;1;0;0
17:21:52.803356;-0.054397665;-0.123822177;0.001;2.481419928;0.020814763;1;0;0
17:21:52.812252;-0.056430452;-0.139419904;0.001;2.479446906;0.018232208;1;0;0
17:21:52.822983;-0.056430452;-0.111535923;0.001;2.477637961;0.015952149;1;0;0
17:21:52.833804;-0.056129184;-0.083522425;0.001;2.475957019;0.016507037;1;0;0
17:21:52.843685;-0.057145871;-0.086920218;0.001;2.474357331;0.021531779;1;0;0
17:21:52.854385;-0.057170331;-0.069991578;0.001;2.472805879;0.038885489;1;0;0
17:21:52.866049;-0.058996614;-0.088180386;0.001;2.471055903;0.049128603;1;0;0
17:21:52.875963;-0.059020914;-0.070998657;0.001;2.46955827;0.077821054;1;0;0
17:21:52.886408;-0.057730808;-0.031174975;0.001;2.468439565;0.103851452;1;0;0
17:21:52.897155;-0.05978876;-0.061761803;0.001;2.467016047;0.126389191;1;0;0
17:21:52.907634;-0.05956677;-0.045017291;0.001;2.465874245;0.137494579;1;0;0
17:21:52.918952;-0.058411383;-0.014709338;0.001;2.464916506;0.146299019;1;0;0
17:21:52.928882;-0.049396381;0.167195109;0.001335194;2.465263489;0.188317478;1;0;0
17:21:52.939000;-0.044914893;0.217081458;0.00227059;2.466218358;0.24022378;1;0;0
17:21:52.950303;-0.049058967;0.096894012;0.002556177;2.466530026;0.296636373;1;0;0
17:21:52.959832;-0.039522198;0.266419739;0.004020924;2.468028088;0.37455368;1;0;0
17:21:52.971108;-0.015925047;0.679060937;0.008409861;2.472480302;0.531241775;1;0;0
17:21:52.980382;-0.010256486;0.653836921;0.013221831;2.477403517;0.716629624;1;0;0
17:21:52.990969;-0.003652072;0.64436759;0.018804745;2.48316129;0.873340607;1;0;0
17:21:53.001572;0.010132985;0.789228061;0.025307977;2.489887147;1.037560701;1;0;0
17:21:53.012147;0.006056987;0.55279027;0.030879279;2.495750302;1.220391154;1;0;0
17:21:53.021784;0.018820712;0.695601899;0.037488168;2.5027041;1.415133953;1;0;0
17:21:53.032223;0.034643893;0.870761122;0.04561103;2.511245955;1.571373224;1;0;0
17:21:53.042299;0.055565168;1.091885485;0.056320718;2.522496027;1.675369978;1;0;0
17:21:53.052241;0.10453704;1.845733955;0.072229373;2.539053319;1.736029387;1;0;0
17:21:53.064355;0.130494295;1.958740097;0.091582414;2.55928982;1.793071508;1;0;0
17:21:53.073781;0.153213593;1.994359372;0.112345483;2.581138652;1.871663094;1;0;0
17:21:53.084141;0.154442432;1.619884575;0.13049223;2.600509903;1.971169114;1;0;0
17:21:53.094242;0.174009259;1.683713955;0.149859828;2.621293515;2.05790329;1;0;0
17:21:53.104988;0.188444566;1.623555;0.170219504;2.64332546;2.148797035;1;0;0
17:21:53.114784;0.213152097;1.786989836;0.191734462;2.666674188;2.217148542;1;0;0
17:21:53.125560;0.239885221;1.938094281;0.216068268;2.693154052;2.278351784;1;0;0
17:21:53.137031;0.264732555;2.014903197;0.242315279;2.721855909;2.337643147;1;0;0
17:21:53.146670;0.284364802;1.985147709;0.268606047;2.750836652;2.393919468;1;0;0
17:21:53.157060;0.299765061;1.874104324;0.295218008;2.780487477;2.446799278;1;0;0
17:21:53.168101;0.31325146;1.757218768;0.32042808;2.808919009;2.471857548;1;0;0
17:21:53.178311;0.327755096;1.673708758;0.346026107;2.838127454;2.498195171;1;0;0
17:21:53.189584;0.341237803;1.592315609;0.370489462;2.866406644;2.539107084;1;0;0
17:21:53.199824;0.344332156;1.333635671;0.391980793;2.891846831;2.59877491;1;0;0
17:21:53.210001;0.353773645;1.25356529;0.411958935;2.915893619;2.678424597;1;0;0
17:21:53.220486;0.36199547;1.157803289;0.431657652;2.940071048;2.760181665;1;0;0
17:21:53.230361;0.355988542;0.811999948;0.447589938;2.960628529;2.837174892;1;0;0
17:21:53.241560;0.36134182;0.7484592;0.462549629;2.98051883;2.897011518;1;0;0
17:21:53.252748;0.363332448;0.634604025;0.475873287;2.999057326;2.960261345;1;0;0
17:21:53.262648;0.365560753;0.551720345;0.486433811;3.014488696;3.037919283;1;0;0
17:21:53.273431;0.357375366;0.289424377;0.494390268;3.027730212;3.130891323;1;0;0
17:21:53.283999;0.357349703;0.231031901;0.50037703;3.0387473;-3.055059671;1;0;0
17:21:53.294818;0.358343331;0.203318489;0.505491156;3.049267222;-2.966577053;1;0;0
17:21:53.304489;0.361566933;0.226670823;0.509585573;3.058474159;-2.890869379;1;0;0
17:21:53.315383;0.363799626;0.224292679;0.513013302;3.067217986;-2.829500437;1;0;0
17:21:53.325607;0.370826338;0.30954296;0.516611693;3.076378152;-2.776405334;1;0;0
17:21:53.336178;0.375071343;0.331399495;0.519583798;3.08460234;-2.728508949;1;0;0
17:21:53.346647;0.380536558;0.365365165;0.522595137;3.093296567;-2.686718225;1;0;0
17:21:53.357269;0.382576524;0.332734836;0.524677697;3.100662484;-2.644617081;1;0;0
17:21:53.367606;0.383565768;0.285723315;0.525996544;3.107302539;-2.606302738;1;0;0
17:21:53.377658;0.383565768;0.228578652;0.526456726;3.113181742;-2.566964149;1;0;0
17:21:53.388062;0.384817299;0.206028045;0.526296478;3.118709925;-2.528768301;1;0;0
17:21:53.398523;0.384817299;0.164822436;0.525324059;3.123425989;-2.487995625;1;0;0
17:21:53.409972;0.386070649;0.155242263;0.52385893;3.127584882;-2.443624496;1;0;0
17:21:53.420049;0.386040146;0.123590895;0.52186623;3.130883222;-2.396150112;1;0;0
17:21:53.430169;0.390532002;0.182846663;0.519959615;3.134550007;-2.35077548;1;0;0
17:21:53.440796;0.393769461;0.210329461;0.518135088;3.137972905;-2.313273668;1;0;0
17:21:53.450515;0.40108826;0.310099853;0.516945529;-3.141060365;-2.277723789;1;0;0
17:21:53.461861;0.408229925;0.375535165;0.516256764;-3.135959069;-2.24570775;1;0;0
17:21:53.472126;0.411502806;0.363490146;0.515487678;-3.131372886;-2.21457386;1;0;0
17:21:53.483108;0.4167507;0.391714499;0.514959852;-3.126541861;-2.189475536;1;0;0
17:21:53.493105;0.419006649;0.356490394;0.514151464;-3.121965424;-2.167442799;1;0;0
17:21:53.503053;0.42308817;0.366023752;0.513440792;-3.117486832;-2.151257515;1;0;0
17:21:53.513308;0.428372019;0.397770908;0.513008348;-3.112751045;-2.13676095;1;0;0
17:21:53.523268;0.432599651;0.402044012;0.512662559;-3.107923572;-2.123648167;1;0;0
17:21:53.534163;0.435843316;0.381681304;0.512189518;-3.102859767;-2.111605406;1;0;0
17:21:53.544712;0.439087595;0.366797441;0.511630003;-3.098013614;-2.09890151;1;0;0
17:21:53.555276;0.444597448;0.401074937;0.511399341;-3.093006922;-2.088723421;1;0;0
17:21:53.565898;0.454024432;0.499584826;0.5121256;-3.086881329;-2.080024481;-0.94442478;-0.328727599;3.81980404
17:21:53.576955;0.464731423;0.599338427;0.513965984;-3.079537912;-2.073037624;-0.94442478;-0.328727599;3.832116274
17:21:53.586927;0.47223894;0.628021793;0.516148959;-3.072148218;-2.067691803;-0.94442478;-0.328727599;3.843240623
17:21:53.597605;0.470938388;0.478104871;0.517383949;-3.065383827;-2.063521862;-0.94442478;-0.328727599;3.855173902
17:21:53.608115;0.466724698;0.302597551;0.5171336;-3.060176938;-2.059387684;-0.94442478;-0.328727599;3.866941002
17:21:53.618918;0.462508252;0.164239995;0.515509341;-3.056206937;-2.05424428;-0.94442478;-0.328727599;3.879058463
17:21:53.629977;0.457629347;0.035136286;0.512731139;-3.053773008;-2.047448874;-0.94442478;-0.328727599;3.891486519
17:21:53.638655;0.451443088;-0.093846314;0.508606835;-3.052716321;-2.035003901;-0.942438083;-0.334380711;3.901255436
17:21:53.649893;0.420604153;-0.656011571;0.498793205;-3.057182387;-2.010974884;-0.925040207;-0.379869209;3.913927901
17:21:53.660600;0.408352047;-0.751869319;0.486940841;-3.063716154;-1.983895779;-0.905448237;-0.424456699;3.926024411
17:21:53.671458;0.398852756;-0.777134672;0.473835349;-3.071625892;-1.961092949;-0.883708645;-0.468037424;3.938314276
17:21:53.681666;0.386505144;-0.849369308;0.459081667;-3.08132041;-1.93994379;-0.859872993;-0.510508017;3.949889337
17:21:53.692480;0.373853358;-0.915892561;0.443023146;-3.092551718;-1.917582989;-0.833997818;-0.551767741;3.962173675
17:21:53.703209;0.362427022;-0.959274884;0.426779569;-3.104409292;-1.892067075;-0.806144492;-0.591718733;3.97438396
17:21:53.713939;0.351989978;-0.958970079;0.40833615;-3.118303434;-1.871459961;-0.77637908;-0.630266233;3.986617814
17:21:53.724530;0.341321743;-0.969540569;0.389695957;-3.132737595;-1.851408601;-0.744772183;-0.667318811;3.998715198
17:21:53.735176;0.341321743;-0.775632455;0.371966126;3.136785331;-1.829202056;-0.711398768;-0.702788583;4.010897455
17:21:53.745556;0.32119207;-1.019255442;0.352841609;3.121318754;-1.800498843;-0.676337994;-0.736591418;4.022796626
17:21:53.755608;0.310680377;-1.008840961;0.331690649;3.103886297;-1.765042305;-0.639673022;-0.76864714;4.034339846
17:21:53.766201;0.300992278;-0.998950595;0.311717701;3.087160833;-1.731542945;-0.601490815;-0.798879715;4.046525689
17:21:53.776766;0.286316555;-1.075830125;0.289555977;3.068187063;-1.692236662;-0.561881939;-0.827217436;4.058701172
17:21:53.786804;0.275563152;-1.073649364;0.26812057;3.049565999;-1.646187782;-0.52094034;-0.853593089;4.07028955
17:21:53.798102;0.261847705;-1.115376911;0.244596396;3.028782198;-1.590155959;-0.478763129;-0.877944113;4.083356125
17:21:53.808354;0.228264003;-1.534437873;0.217427835;3.004028106;-1.530998468;-0.435450345;-0.900212751;4.095234594
17:21:53.818878;0.214430872;-1.482882137;0.189009889;2.977809911;-1.471161246;-0.39110472;-0.920346184;4.107449637
17:21:53.829490;0.214430872;-1.186305709;0.163271027;2.953953333;-1.410200834;-0.345831439;-0.938296657;4.119788807
17:21:53.840377;0.179715109;-1.610687492;0.133987563;2.926227305;-1.344841838;-0.299737883;-0.954021594;4.132470693
17:21:53.850945;0.165903487;-1.543524932;0.103856015;2.897381592;-1.276983142;-0.252933382;-0.967483697;4.144803239
17:21:53.861038;0.150052121;-1.53483764;0.074269384;2.868733661;-1.210538983;-0.205528952;-0.978651036;4.156601952
17:21:53.871267;0.134172316;-1.540815157;0.045663069;2.840733709;-1.144470572;-0.157637029;-0.987497123;4.168580072
17:21:53.881868;0.117301636;-1.566281735;0.016830888;2.812215279;-1.077760458;-0.109371208;-0.994000975;4.18101551
17:21:53.893510;0.100422485;-1.566628552;0.001;2.78138789;-1.009192705;-0.060845972;-0.998147167;4.194697558
17:21:53.903418;0.085614104;-1.525392378;0.001;2.750454595;-0.939780772;-0.012176415;-0.999925865;4.206362768
17:21:53.913534;0.069757964;-1.534698273;0.001;2.721931859;-0.870164454;0.036522023;-0.999332848;4.218292814
17:21:53.923822;0.05391508;-1.535762019;0.001;2.692930338;-0.799748957;0.085133835;-0.996369525;4.230446387
17:21:53.933934;0.052911706;-1.248376221;0.001;2.666848984;-0.731275141;0.133543718;-0.991042923;4.242412381
17:21:53.944448;0.052911706;-0.998700977;0.001;2.642290783;-0.664074361;0.181636851;-0.983365677;4.25487547
17:21:53.955009;0.038029779;-1.081931244;0.001;2.617743231;-0.599095047;0.229299161;-0.973355996;4.267416238
17:21:53.965684;0.025346278;-1.104015405;0.001;2.593239531;-0.535162568;0.276417599;-0.961037622;4.280114761
17:21:53.976463;0.010459132;-1.162234686;0.001;2.568638878;-0.476236403;0.322880405;-0.946439773;4.292959846
17:21:53.986404;-0.016231641;-1.429579913;0.001;2.542147486;-0.420546353;0.368577374;-0.929597074;4.304826669
17:21:53.997167;-0.031122229;-1.438804317;0.001;2.517323066;-0.369503587;0.413400118;-0.910549473;4.317696775
17:21:54.007499;-0.060050501;-1.713499142;0.001;2.490084911;-0.32588917;0.457242323;-0.889342149;4.330073072
17:21:54.018616;-0.075120927;-1.628879905;0.001;2.45984691;-0.280567348;0.5;-0.866025404;4.343413303
17:21:54.029008;-0.104482324;-1.862644452;0.001;2.431232608;-0.241439193;0.541571732;-0.840654542;4.355905691
17:21:54.039860;-0.12053099;-1.808808067;0.001;2.40428467;-0.203048483;0.581858916;-0.813289741;4.368973907
17:21:54.050762;-0.134832348;-1.709722061;0.001;2.376000968;-0.173678622;0.620765994;-0.783995906;4.382125859
17:21:54.060817;-0.146071872;-1.590910467;0.001;2.351005204;-0.130306259;0.658200684;-0.752842519;4.394276921
17:21:54.071221;-0.157995097;-1.495728473;0.001;2.3254801;-0.082927473;0.694074195;-0.719903474;4.406870872
17:21:54.082145;-0.169206936;-1.408112701;0.001;2.301267927;-0.036083769;0.728301439;-0.685256897;4.420117429
17:21:54.092113;-0.17941815;-1.315816421;0.001;2.277789891;0.032658514;0.760801232;-0.648984966;4.432225433
17:21:54.103452;-0.19022638;-1.252497365;0.001;2.255257219;0.097369902;0.791496488;-0.611173714;4.446022805
17:21:54.114105;-0.198401643;-1.155652882;0.001;2.234313103;0.172853082;0.820314403;-0.571912826;4.459008765
17:21:54.124806;-0.205205026;-1.053287666;0.001;2.214749771;0.242491379;0.847186622;-0.531295424;4.472075992
17:21:54.135429;-0.209655405;-0.925123574;0.001;2.196198376;0.339261323;0.872049408;-0.489417848;4.485070543
17:21:54.145584;-0.21312533;-0.805301848;0.001;2.179273511;0.442755282;0.894843789;-0.446379427;4.49751365
17:21:54.156571;-0.21874503;-0.755058462;0.001;2.164042132;0.55147779;0.9155157;-0.402282243;4.510999392
17:21:54.166515;-0.220922581;-0.644088419;0.001;2.148968073;0.661884546;0.934016109;-0.35723089;4.523225701
17:21:54.177502;-0.215826529;-0.418816249;0.001;2.136225078;0.767362416;0.950301134;-0.311332225;4.536757361
17:21:54.188892;-0.211751891;-0.259561457;0.001;2.124808721;0.869363606;0.964332151;-0.264695114;4.550810824
17:21:54.198274;-0.215624396;-0.282985715;0.001;2.114490839;0.94482553;0.976075878;-0.217430176;4.562406216
17:21:54.208902;-0.21489;-0.21265664;0.001;2.104742445;1.014489651;0.98550446;-0.169649517;4.575562835
17:21:54.219470;-0.214740716;-0.167170222;0.001;2.096315189;1.063565493;0.992595535;-0.121466468;4.588667597
17:21:54.229828;-0.211558504;-0.075013073;0.001;2.088335189;1.119432688;0.997332284;-0.072995315;4.601533656
17:21:54.241224;-0.203523499;0.089828943;0.001;2.081884895;1.16484642;0.99970347;-0.024351024;4.615713892
17:21:54.251374;-0.191964398;0.294458155;0.001;2.077226975;1.21647799;0.99970347;0.024351024;4.628365562
17:21:54.261757;-0.174851416;0.5729475;0.001;2.07459176;1.271833062;0.997332284;0.072995315;4.641327563
17:21:54.272047;-0.157554818;0.780565681;0.001;2.073684077;1.328718185;0.992595535;0.121466468;4.654190794
17:21:54.282933;-0.133978077;1.074873821;0.00240046;2.075102419;1.393850565;0.98550446;0.169649517;4.667815
17:21:54.294083;-0.110258622;1.289897015;0.006151944;2.078901312;1.457689166;0.976075878;0.217430176;4.681783484
17:21:54.304755;-0.086025683;1.480206539;0.011994212;2.084842;1.520569444;0.964332151;0.264695114;4.695163308
17:21:54.314687;-0.061798637;1.662775251;0.019426717;2.092433907;1.577725649;0.950301134;0.311332225;4.707621762
17:21:54.325355;-0.038973728;1.767731617;0.02891435;2.10217419;1.633936882;0.934016109;0.35723089;4.721007611
17:21:54.334778;-0.038973728;1.414185294;0.037585589;2.11118097;1.692212462;0.9155157;0.402282243;4.732832647
17:21:54.345977;-0.018565441;1.528833693;0.047981038;2.122016237;1.759164691;0.894843789;0.446379427;4.746885251
17:21:54.355106;0.005530417;1.701513948;0.060050641;2.134630445;1.838074207;0.872049408;0.489417848;4.758337312
17:21:54.365627;0.029632094;1.837711431;0.074030982;2.149289578;1.916355491;0.847186622;0.531295424;4.771529658
17:21:54.376355;0.090596521;2.631469104;0.094503712;2.170647872;1.975577474;0.820314403;0.571912826;4.784972306
17:21:54.386421;0.115307919;2.592815894;0.116087024;2.193299165;2.01528883;0.791496488;0.611173714;4.797574374
17:21:54.396015;0.13688306;2.501607334;0.139063486;2.217564632;2.045589209;0.760801232;0.648984966;4.80957331
17:21:54.406059;0.160499713;2.467275735;0.163833974;2.243871191;2.092038393;0.728301439;0.685256897;4.822119981
17:21:54.417356;0.18409109;2.415735102;0.191662172;2.273598437;2.143712521;0.694074195;0.719903474;4.836210529
17:21:54.428150;0.210745289;2.438761889;0.221168268;2.305279757;2.204002619;0.658200684;0.752842519;4.849649595
17:21:54.438915;0.237436532;2.443231252;0.253618468;2.340306163;2.262414455;0.620765994;0.783995906;4.863026113
17:21:54.449587;0.262148098;2.417985248;0.287213013;2.376786497;2.319213867;0.581858916;0.813289741;4.876258121
17:21:54.460163;0.285768449;2.370145329;0.322823298;2.415705502;2.379341364;0.541571732;0.840654542;4.889339848
17:21:54.470474;0.329189679;2.718637369;0.361799997;2.458298466;2.429369926;0.5;0.866025404;4.902061178
17:21:54.483039;0.330208652;2.191936124;0.403174025;2.504253906;2.482022285;0.457242323;0.889342149;4.917516123
17:21:54.492953;0.371748628;2.578532869;0.441691282;2.54702747;2.516833067;0.413400118;0.910549473;4.929670815
17:21:54.502939;0.388389335;2.373637598;0.482459757;2.592746641;2.558005333;0.368577374;0.929597074;4.941876012
17:21:54.513719;0.388389335;1.898910078;0.518108355;2.633468616;2.610185385;0.322880405;0.946439773;4.955006428
17:21:54.524737;0.406289665;1.856934191;0.555338613;2.676389977;2.673610449;0.276417599;0.961037622;4.968375219
17:21:54.535255;0.421977308;1.776146278;0.592642633;2.719894424;2.748455524;0.229299161;0.973355996;4.981085877
17:21:54.546194;0.436647102;1.692623485;0.629054346;2.762905501;2.820895195;0.181636851;0.983365677;4.994249001
17:21:54.556892;0.45158045;1.628805061;0.664812466;2.805700611;2.893603086;0.133543718;0.991042923;5.007063691
17:21:54.566732;0.478929821;1.840947264;0.699609609;2.847438015;2.959070206;0.085133835;0.996369525;5.01879711
17:21:54.577301;0.490319152;1.683177981;0.735014279;2.890611334;3.016586065;0.036522023;0.999332848;5.031340069
17:21:54.587669;0.502027542;1.572311761;0.767441053;2.930832892;3.076265812;-0.012176415;0.999925865;5.043581755
17:21:54.598511;0.511526473;1.442654333;0.797861472;2.969301833;3.130472898;-0.060845972;0.998147167;5.056313787
17:21:54.609177;0.518970271;1.295095708;0.827046761;3.007070197;-3.101577044;-0.109371208;0.994000975;5.068767129
17:21:54.619384;0.524144694;1.136282626;0.853301717;3.042004785;-3.055556774;-0.157637029;0.987497123;5.080615034
17:21:54.630097;0.529364652;1.008230709;0.877920947;3.075736052;-3.008602381;-0.205528952;0.978651036;5.092974383
17:21:54.639447;0.533615678;0.890653446;0.899562093;3.106367437;-2.961295366;-0.252933382;0.967483697;5.103695515
17:21:54.649954;0.534915871;0.73818562;0.918943529;3.134964275;-2.918154955;-0.299737883;0.954021594;5.115667689
17:21:54.660114;0.534283366;0.578573893;0.936574074;-3.120787436;-2.875656843;-0.345831439;0.938296657;5.127165894
17:21:54.670796;0.532013918;0.41808822;0.950978057;-3.096813763;-2.836652517;-0.39110472;0.920346184;5.139168805
17:21:54.681324;0.528135646;0.259561837;0.963114008;-3.074766406;-2.800343275;-0.435450345;0.900212751;5.150909626
17:21:54.692049;0.522994684;0.112692705;0.973095678;-3.054300616;-2.7628057;-0.478763129;0.877944113;5.162776396
17:21:54.702634;0.516822723;-0.027009123;0.980247487;-3.03685781;-2.718742132;-0.52094034;0.853593089;5.17439268
17:21:54.713348;0.509348885;-0.160179597;0.984991666;-3.021513245;-2.674056053;-0.561881939;0.827217436;5.186050977
17:21:54.722944;0.502175134;-0.270397518;0.987328813;-3.00922924;-2.628205776;-0.601490815;0.798879715;5.196405353
17:21:54.734604;0.492717237;-0.400913838;0.987419309;-2.999020552;-2.586180687;-0.639673022;0.76864714;5.208872622
17:21:54.744442;0.483246508;-0.494263474;0.985301451;-2.990371758;-2.549767256;-0.676337994;0.736591418;5.219291699
17:21:54.754950;0.474040958;-0.563345797;0.981213655;-2.98367977;-2.517083645;-0.711398768;0.702788583;5.230316536
17:21:54.766011;0.470084773;-0.526578107;0.976560748;-2.978128236;-2.483598471;-0.744772183;0.667318811;5.241802794
17:21:54.777243;0.470357078;-0.416453342;0.971575304;-2.972082878;-2.447255373;-0.77637908;0.630266233;5.25333875
17:21:54.788296;0.472394652;-0.296189723;0.967148558;-2.965825386;-2.406703711;-0.806144492;0.591718733;5.264561853
17:21:54.799266;0.488336553;0.060674099;0.96571754;-2.956903132;-2.363901615;-0.833997818;0.551767741;5.275571
17:21:54.809619;0.497900497;0.220521357;0.965824918;-2.946054156;-2.322963953;-0.859872993;0.510508017;5.285839653
17:21:54.821135;0.514324482;0.46444714;0.968730019;-2.932117375;-2.283531666;-0.883708645;0.468037424;5.29712022
17:21:54.832103;0.515342685;0.391742316;0.971061613;-2.920000294;-2.251719475;-0.905448237;0.424456699;5.307722159
17:21:54.841179;0.522892713;0.462980384;0.974304713;-2.906938068;-2.224071026;-0.925040207;0.379869209;5.316388367
17:21:54.852712;0.533492546;0.566190221;0.979219459;-2.89144752;-2.200236797;-0.942438083;0.334380711;5.327258063
17:21:54.863316;0.543177409;0.632588428;0.985266401;-2.874808717;-2.172301292;-0.9576006;0.288099099;5.337108511
17:21:54.873921;0.552672811;0.683573504;0.992298475;-2.857197153;-2.138361931;-0.970491794;0.241134148;5.346819338
17:21:54.884734;0.559002698;0.665757105;0.999718277;-2.839171664;-2.097408533;-0.981081089;0.193597254;5.356573007
17:21:54.895851;0.565024763;0.642619645;1.007702851;-2.820197965;-2.056937456;-0.989343368;0.145601168;5.366442388
17:21:54.905821;0.571348505;0.639404569;1.015448685;-2.802241707;-2.020693302;-0.995259034;0.097259732;5.375154183
17:21:54.915662;0.571348505;0.511523655;1.022580798;-2.784845827;-1.989707708;-0.998814055;0.048687607;5.383621709
17:21:54.925513;0.574835071;0.477484854;1.029836064;-2.767107728;-1.956642985;-1;-1.22E-16;5.391964698
17:21:54.935596;0.57381775;0.362143004;1.036450608;-2.749900252;-1.919595003;-0.998276396;-0.058687617;5.400363877
17:21:54.946454;0.543441578;-0.268775312;1.038009362;-2.737058603;-1.872489572;-0.993111527;-0.117172925;5.409247184
17:21:54.957750;0.531515146;-0.439735768;1.037699091;-2.72635261;-1.81866169;-0.984523197;-0.175254314;5.418307985
17:21:54.967793;0.523558191;-0.50143345;1.036393074;-2.716630563;-1.76958704;-0.972541011;-0.232731565;5.426206148
17:21:54.978596;0.514527339;-0.579495589;1.034147194;-2.708392484;-1.73047936;-0.957206275;-0.289406542;5.434533586
17:21:54.990517;0.508884905;-0.575269965;1.031526532;-2.700576544;-1.703340888;-0.938571851;-0.345083875;5.443516767
17:21:54.998784;0.514130181;-0.356651925;1.030226151;-2.691435016;-1.693139434;-0.916701975;-0.399571632;5.449617466
17:21:55.008791;0.508638894;-0.393502419;1.028546095;-2.682665134;-1.703417301;-0.891672037;-0.452681983;5.456858729
17:21:55.019352;0.504931653;-0.385734743;1.026776016;-2.67369376;-1.728223681;-0.863568321;-0.504231846;5.46432799
17:21:55.030077;0.495608754;-0.484723416;1.024114222;-2.665500769;-1.758920312;-0.832487707;-0.554043516;5.471728745
17:21:55.040876;0.480321105;-0.669142979;1.019669738;-2.658841407;-1.785142541;-0.798537334;-0.601945284;5.478989799
17:21:55.051358;0.463412249;-0.850879818;1.01353429;-2.654083383;-1.796848059;-0.761834239;-0.647772022;5.485851838
17:21:55.062102;0.445681645;-1.014004766;1.005750504;-2.651126314;-1.788476825;-0.722504942;-0.691365756;5.492692516
17:21:55.071879;0.43302895;-1.061579318;0.997629128;-2.649124681;-1.762968779;-0.680685022;-0.732576209;5.498745381
17:21:55.082181;0.422320501;-1.054423459;0.988866135;-2.647520246;-1.72510016;-0.636518639;-0.771261319;5.504943313
17:21:55.093178;0.411587293;-1.043867052;0.979580151;-2.646261021;-1.677525401;-0.590158044;-0.807287732;5.511352756
17:21:55.105373;0.400639205;-1.038138063;0.969981793;-2.645348829;-1.631585598;-0.541763053;-0.840531257;5.518207237
17:21:55.114850;0.389886137;-1.034374228;0.960407149;-2.644742747;-1.587473631;-0.491500492;-0.870877297;5.523347508
17:21:55.125447;0.378202103;-1.044981507;0.950355929;-2.644530054;-1.543120265;-0.439543627;-0.898221242;5.528899414
17:21:55.136142;0.367484048;-1.037096628;0.940291693;-2.644519735;-1.495183229;-0.386071564;-0.922468833;5.534290271
17:21:55.145753;0.355899983;-1.059702555;0.930539056;-2.644852157;-1.445882797;-0.331268632;-0.943536482;5.538950346
17:21:55.156442;0.354882047;-0.867918468;0.922083067;-2.643953273;-1.394036412;-0.275323749;-0.961351566;5.543925469
17:21:55.167204;0.329498701;-1.159850628;0.910425831;-2.645620079;-1.340274692;-0.218429768;-0.975852672;5.548710851
17:21:55.178077;0.314815222;-1.205512976;0.898594158;-2.647885829;-1.286233425;-0.160782814;-0.986989811;5.55331465
17:21:55.189006;0.312708217;-1.00319204;0.887973455;-2.64880179;-1.233858585;-0.102581608;-0.994724592;5.557705201
17:21:55.199516;0.285306316;-1.287587359;0.874225007;-2.652596874;-1.181471944;-0.044026783;-0.999030351;5.561700496
17:21:55.209827;0.270649265;-1.312852413;0.861267235;-2.656561016;-1.12823987;0.014679812;-0.999892246;5.56540126
17:21:55.220500;0.254839261;-1.362970279;0.848043203;-2.661144129;-1.071844459;0.073335803;-0.997307305;5.569000849
17:21:55.230770;0.240121535;-1.374396839;0.834110413;-2.666361905;-1.014863133;0.13173899;-0.991284439;5.57223995
17:21:55.241610;0.227463833;-1.33430043;0.819647017;-2.671911501;-0.957195044;0.189688045;-0.98184441;5.575417053
17:21:55.252208;0.214798683;-1.306563583;0.805476446;-2.677476499;-0.899057031;0.246983207;-0.96901976;5.578280361
17:21:55.263083;0.204169803;-1.239567932;0.791219811;-2.68300146;-0.841977298;0.303426966;-0.952854699;5.580965931
17:21:55.273779;0.184154956;-1.368308253;0.77617819;-2.689716117;-0.785448968;0.358824749;-0.933404949;5.583354841
17:21:55.283889;0.175673162;-1.254034327;0.761852462;-2.695859134;-0.729625344;0.412985589;-0.91073756;5.585380099
17:21:55.294208;0.166215297;-1.186468922;0.748408344;-2.701509843;-0.674960911;0.465722783;-0.884930669;5.587211379
17:21:55.304326;0.158734056;-1.097711618;0.735927841;-2.706515789;-0.620805383;0.516854533;-0.85607324;5.588773173
17:21:55.314542;0.158734056;-0.878169294;0.72515035;-2.709935854;-0.567510247;0.566204579;-0.824264748;5.590112712
17:21:55.325725;0.136622556;-1.127275964;0.71208125;-2.715524541;-0.51463747;0.6136028;-0.789614845;5.591302634
17:21:55.335700;0.136622556;-0.901820771;0.70088581;-2.719416932;-0.462104499;0.658885806;-0.752242976;5.592117649
17:21:55.346174;0.11248888;-1.182226926;0.687264374;-2.725769367;-0.412074476;0.701897495;-0.71227797;5.59272076
17:21:55.356830;0.09974417;-1.185620303;0.673217398;-2.732588685;-0.35885337;0.742489599;-0.669857594;5.59306598
17:21:55.366179;0.0860616;-1.220240096;0.659502837;-2.73959438;-0.313428551;0.780522187;-0.62512808;5.593143711
17:21:55.377743;0.074300927;-1.194952189;0.64477609;-2.747311071;-0.262053907;0.815864153;-0.57824362;5.592945738
17:21:55.386967;0.060480169;-1.230480376;0.630558398;-2.755109551;-0.211820006;0.848393666;-0.529365834;5.592552363
17:21:55.397418;0.045629786;-1.274424234;0.615468904;-2.763820861;-0.164593875;0.877998591;-0.478663215;5.591851645
17:21:55.408864;0.030593699;-1.297784391;0.59894448;-2.773784646;-0.115716934;0.904576873;-0.426310545;5.590770326
17:21:55.418200;0.01961011;-1.254424292;0.583503554;-2.783219879;-0.072994545;0.928036891;-0.372488294;5.589642981
17:21:55.429664;0.002521058;-1.320277411;0.566126116;-2.794396635;-0.021396583;0.948297773;-0.317381998;5.587954118
17:21:55.440424;-0.027520464;-1.615668416;0.545755046;-2.808799207;0.002529607;0.965289677;-0.261181621;5.58606059
17:21:55.451110;-0.03338173;-1.399649723;0.526322227;-2.822367817;0.040549126;0.978954027;-0.204080897;5.583881597
17:21:55.460945;-0.03886874;-1.228641934;0.509509143;-2.833964407;0.067090638;0.98924372;-0.146276664;5.581610794
17:21:55.472034;-0.045472983;-1.108277167;0.492699467;-2.845496073;0.116754726;0.996123285;-0.087968185;5.578742539
17:21:55.482708;-0.053087116;-1.030447341;0.476360046;-2.856706941;0.165715396;0.999569006;-0.029356461;5.575670476
17:21:55.492799;-0.05938149;-0.94188229;0.460552503;-2.867498192;0.237203777;0.999569006;0.029356461;5.572482974
17:21:55.504132;-0.064963846;-0.850820789;0.444502768;-2.878358065;0.349134594;0.996123285;0.087968185;5.568575022
17:21:55.514319;-0.071579447;-0.81168803;0.430841698;-2.887600866;0.459831327;0.98924372;0.146276664;5.564769725
17:21:55.524435;-0.07684709;-0.752140654;0.417522602;-2.896573614;0.590024889;0.978954027;0.204080897;5.560720664
17:21:55.536880;-0.0821292;-0.699305739;0.404010962;-2.905640182;0.683940589;0.965289677;0.261181621;5.516651555
17:21:55.545856;-0.087718719;-0.664455445;0.391172415;-2.914247379;0.773409605;0.948297773;0.317381998;5.472582447
17:21:55.557427;-0.090959448;-0.591644484;0.378963275;-2.922303615;0.82620424;0.928036891;0.372488294;5.428513338
17:21:55.567531;-0.094082692;-0.530644888;0.367385327;-2.9298167;0.885868609;0.904576873;0.426310545;5.38444423
17:21:55.578901;-0.103241662;-0.595357258;0.355600876;-2.937726287;0.937835872;0.877998591;0.478663215;5.340375121
17:21:55.589924;-0.101093179;-0.4368182;0.345243473;-2.944269564;0.991201997;0.848393666;0.529365834;5.296306013
17:21:55.601103;-0.099836938;-0.328236498;0.335438841;-2.950045297;1.042047739;0.815864153;0.57824362;5.252236905
17:21:55.612288;-0.101408471;-0.293254822;0.327593359;-2.954493607;1.09044385;0.780522187;0.62512808;5.208167796
17:21:55.622049;-0.096128151;-0.130096642;0.321479147;-2.957328861;1.131804943;0.742489599;0.669857594;5.164098688
17:21:55.632664;-0.092721203;-0.039664122;0.316310392;-2.959124723;1.164998531;0.701897495;0.71227797;5.120029579
17:21:55.644396;-0.090374496;0.011843058;0.312018412;-2.960033274;1.209453225;0.658885806;0.752242976;5.075960471
17:21:55.654254;-0.086698078;0.077845087;0.308844022;-2.959869518;1.262043476;0.6136028;0.789614845;5.031891362
17:21:55.665337;-0.081791675;0.152091332;0.306859511;-2.958490835;1.328999639;0.566204579;0.824264748;4.987822254
17:21:55.674987;-0.075003222;0.256217109;0.306367702;-2.95588869;1.39107728;0.516854533;0.85607324;4.943753145
17:21:55.685065;-0.061619969;0.460045073;0.308236937;-2.950794627;1.449346304;0.465722783;0.884930669;4.899684037
17:21:55.695072;-0.061619969;0.368036058;0.309948294;-2.945969968;1.495306492;0.412985589;0.91073756;4.855614928
17:21:55.706872;-0.03074993;0.90608386;0.316610518;-2.936145093;1.546330571;0.358824749;0.933404949;4.81154582
17:21:55.715769;-0.009959909;1.135944952;0.32618366;-2.923320415;1.595647454;0.303426966;0.952854699;4.767476712
17:21:55.726577;0.006549291;1.200280007;0.339029399;-2.90670643;1.639801025;0.246983207;0.96901976;4.723407603
17:21:55.739076;0.019698562;1.201774331;0.352619146;-2.889350473;1.685931444;0.189688045;0.98184441;4.679338495
17:21:55.748935;0.040103759;1.340805023;0.36842886;-2.869661366;1.735326171;0.13173899;0.991284439;4.635269386
17:21:55.759016;0.066227438;1.591600574;0.386214461;-2.848075729;1.792845964;0.073335803;0.997307305;4.591200278
17:21:55.769827;0.085263362;1.628215314;0.406832492;-2.823202759;1.843087316;0.014679812;0.999892246;4.547131169
17:21:55.779458;0.116240048;1.914608944;0.429613478;-2.796186654;1.887429953;-0.044026783;0.999030351;4.503062061
17:21:55.791050;0.160449025;2.331188613;0.459983365;-2.760894973;1.923624873;-0.102581608;0.994724592;4.458992952
17:21:55.800857;0.174820684;2.150291785;0.487449597;-2.728654795;1.964707255;-0.160782814;0.986989811;4.414923844
17:21:55.811986;0.195270216;2.095727004;0.517939219;-2.692687102;2.019491196;-0.218429768;0.975852672;4.370854735
17:21:55.822014;0.214747481;2.058341411;0.546953908;-2.658237098;2.081918955;-0.275323749;0.961351566;4.326785627
17:21:55.832047;0.238340568;2.113477265;0.576751746;-2.622757546;2.130622864;-0.331268632;0.943536482;4.282716518
17:21:55.842712;0.259815811;2.094557605;0.608630227;-2.584571712;2.183514118;-0.386071564;0.922468833;4.23864741
17:21:55.852660;0.28030761;2.06948101;0.640002636;-2.546699846;2.237066507;-0.439543627;0.898221242;4.194578302
17:21:55.863318;0.302835907;2.100356719;0.670973526;-2.509086181;2.293682814;-0.491500492;0.870877297;4.150509193
17:21:55.874962;0.324422871;2.083499174;0.703816533;-2.468879921;2.350714445;-0.541763053;0.840531257;4.106440085
17:21:55.883604;0.324422871;1.666799339;0.73191548;-2.433517421;2.416406631;-0.590158044;0.807287732;4.062370976
17:21:55.893807;0.366600944;2.152490727;0.763550354;-2.394178711;2.464829683;-0.636518639;0.771261319;4.018301868
17:21:55.904483;0.364569811;1.683617808;0.792645884;-2.356843789;2.508447409;-0.680685022;0.732576209;3.974232759
17:21:55.915017;0.400747754;2.061897366;0.822281838;-2.319034047;2.550578594;-0.722504942;0.691365756;3.930163651
17:21:55.925803;0.417383962;1.961786474;0.852497254;-2.279893308;2.610352755;-0.761834239;0.647772022;3.886094542
17:21:55.935861;0.430985422;1.83947374;0.87978555;-2.243877604;2.67370224;-0.798537334;0.601945284;3.842025434
17:21:55.946592;0.447628673;1.782789288;0.907797178;-2.206303406;2.735189199;-0.832487707;0.554043516;3.797956325
17:21:55.957374;0.458304634;1.627999004;0.933827337;-2.170526317;2.801923752;-0.863568321;0.504231846;3.753887217
17:21:55.967399;0.467654465;1.474040196;0.958839561;-2.135201589;2.858883858;-0.891672037;0.452681983;3.709818109
17:21:55.979365;0.467654465;1.179232157;0.981441961;-2.101913925;2.922856331;-0.916701975;0.399571632;3.665749
17:21:55.988637;0.482608135;1.238922172;1.00144838;-2.071872637;2.99056077;-0.938571851;0.345083875;3.621679892
17:21:55.999737;0.492992372;1.191810973;1.020770167;-2.042084679;3.06215167;-0.957206275;0.289406542;3.577610783
17:21:56.008954;0.505605659;1.202816055;1.038769338;-2.013666495;3.137400627;-0.972541011;0.232731565;3.533541675
17:21:56.020134;0.507047848;0.989630621;1.055693138;-1.985707966;-3.078966141;-0.984523197;0.175254314;3.489472566
17:21:56.030966;0.510232544;0.85003242;1.071603431;-1.958180989;-3.018510342;-0.993111527;0.117172925;3.445403458
17:21:56.041589;0.513415175;0.739296438;1.085779152;-1.932419379;-2.970919609;-0.998276396;0.058687617;3.401334349
17:21:56.052812;0.514649706;0.614283857;1.098574461;-1.907819489;-2.924741507;-1;-1.22E-16;3.357265241
17:21:56.063591;0.516905089;0.533306014;1.110067805;-1.884430325;-2.87697506;-0.999074115;-0.043022233;3.313196132
17:21:56.073219;0.514756921;0.384600021;1.119668587;-1.863436376;-2.830406904;-0.996298175;-0.085964799;3.269127024
17:21:56.084010;0.514756921;0.307680017;1.128392963;-1.843016867;-2.782397032;-0.99167732;-0.128748177;3.225057916
17:21:56.094249;0.512765304;0.206683303;1.135842302;-1.824139017;-2.74085331;-0.985220107;-0.171293144;3.180988807
17:21:56.104206;0.510772958;0.125892489;1.142395676;-1.806080416;-2.702147484;-0.976938493;-0.213520915;3.136919699
17:21:56.115186;0.506523814;0.027770104;1.148853707;-1.786274491;-2.669692755;-0.966847814;-0.255353295;3.09285059
17:21:56.126424;0.50550472;0.002996379;1.153960774;-1.768956545;-2.633735657;-0.954966755;-0.296712819;3.048781482
17:21:56.137215;0.504485508;-0.016694689;1.15843258;-1.752139528;-2.600671053;-0.941317318;-0.3375229;3.004712373
17:21:56.147714;0.486670556;-0.344415518;1.161744736;-1.736341652;-2.561763525;-0.925924777;-0.377707965;2.960643265
17:21:56.158440;0.477960998;-0.443763656;1.164254862;-1.721789218;-2.519207478;-0.908817637;-0.417193603;2.916574156
17:21:56.167865;0.477960998;-0.355010925;1.166380821;-1.707922286;-2.475765944;-0.890027576;-0.455906694;2.872505048
17:21:56.179081;0.458867762;-0.64193021;1.167823;-1.694028153;-2.432120323;-0.869589389;-0.49377555;2.828435939
17:21:56.189487;0.450440162;-0.676896264;1.168822526;-1.680973355;-2.390731573;-0.847540923;-0.530730048;2.784366831
17:21:56.199429;0.443004034;-0.679812479;1.169544308;-1.66767809;-2.351210833;-0.823923006;-0.566701756;2.740297722
17:21:56.210084;0.435571866;-0.691361178;1.169977353;-1.655457586;-2.311594009;-0.798779373;-0.601624063;2.696228614
17:21:56.220770;0.43034106;-0.653021822;1.170262266;-1.642923055;-2.270299196;-0.772156584;-0.635432301;2.652159506
17:21:56.231393;0.426130084;-0.600385736;1.170435183;-1.63010826;-2.226513863;-0.74410394;-0.668063864;2.608090397
17:21:56.242289;0.423911179;-0.520954884;1.170539357;-1.617224535;-2.182754755;-0.714673386;-0.699458327;2.564021289
17:21:56.253014;0.427125144;-0.35625219;1.170633948;-1.604695213;-2.140308619;-0.683919422;-0.729557554;2.51995218
17:21:56.264089;0.434367432;-0.141144769;1.170728738;-1.592813103;-2.100404739;-0.651898996;-0.758305808;2.475883072
17:21:56.273410;0.440802907;0.014889418;1.170798543;-1.580952779;-2.06232214;-0.618671403;-0.785649855;2.431813963
17:21:56.283174;0.446034031;0.115786575;1.170820025;-1.569138907;-2.027222872;-0.584298174;-0.811539059;2.387744855
17:21:56.293210;0.451236264;0.19086689;1.170774712;-1.556784104;-1.993346334;-0.548842958;-0.835925479;2.343675746
17:21:56.304674;0.452255236;0.171718114;1.170661421;-1.544356427;-1.96329844;-0.512371412;-0.858763958;2.299606638
17:21:56.315483;0.453274085;0.156012539;1.170483783;-1.531736141;-1.935460687;-0.474951072;-0.880012204;2.255537529
17:21:56.326396;0.463992877;0.325512633;1.170169143;-1.519550159;-1.904272199;-0.436651232;-0.89963087;2.211468421
17:21:56.336395;0.466261056;0.305284097;1.169799666;-1.508092106;-1.869014859;-0.397542814;-0.917583626;2.167399313
17:21:56.347401;0.468297594;0.284677988;1.169368096;-1.496746832;-1.826528788;-0.357698239;-0.933837229;2.123330204
17:21:56.357290;0.47033359;0.266818882;1.168859693;-1.485072385;-1.783343673;-0.317191289;-0.94836158;2.079261096
17:21:56.366245;0.471379783;0.234229399;1.168330144;-1.473831841;-1.74322021;-0.276096973;-0.961129784;2.035191987
17:21:56.378489;0.469399749;0.149480519;1.167810592;-1.46214751;-1.705519557;-0.23449139;-0.972118197;1.991122879
17:21:56.387389;0.471434609;0.159860396;1.167266337;-1.450894278;-1.667946458;-0.192451582;-0.98130647;1.94705377
17:21:56.398325;0.466573374;0.037164233;1.166824092;-1.438829871;-1.63020277;-0.150055398;-0.98867759;1.902984662
17:21:56.408958;0.462345605;-0.047631884;1.166520662;-1.426382009;-1.592337012;-0.107381347;-0.994217907;1.858915553
17:21:56.420665;0.460153843;-0.075789399;1.166315141;-1.413019394;-1.557707906;-0.064508449;-0.997917161;1.814846445
17:21:56.430708;0.46114929;-0.040918417;1.166152381;-1.401403996;-1.525934696;-0.021516097;-0.999768502;1.770777336
17:21:56.441482;0.462271689;-0.012026742;1.165992087;-1.388923833;-1.503381491;0.021516097;-0.999768502;1.726708228
17:21:56.451493;0.463266094;0.009447169;1.165860129;-1.37689548;-1.490726352;0.064508449;-0.997917161;1.68263912
17:21:56.461646;0.460034307;-0.056445841;1.1659152;-1.36506643;-1.488503575;0.107381347;-0.994217907;1.638570011
17:21:56.472634;0.443075222;-0.368998753;1.166749065;-1.352016847;-1.493880749;0.150055398;-0.98867759;1.594500903
17:21:56.482051;0.43163465;-0.521827426;1.168116493;-1.338862702;-1.500257134;0.192451582;-0.98130647;1.550431794
17:21:56.492896;0.422415776;-0.594988041;1.170034476;-1.324802851;-1.501541734;0.23449139;-0.972118197;1.506362686
17:21:56.503431;0.413163274;-0.653417184;1.172506268;-1.310115187;-1.49567616;0.276096973;-0.961129784;1.462293577
17:21:56.513639;0.414180632;-0.502527585;1.17492528;-1.295877194;-1.480854511;0.317191289;-0.94836158;1.418224469
17:21:56.523067;0.414180632;-0.402022068;1.177436855;-1.281460106;-1.460923553;0.357698239;-0.933837229;1.37415536
17:21:56.533447;0.414180632;-0.321617654;1.180024477;-1.266946968;-1.444677711;0.397542814;-0.917583626;1.330086252
17:21:56.543424;0.414180632;-0.257294124;1.182683922;-1.252346507;-1.434615731;0.436651232;-0.89963087;1.286017143
17:21:56.553439;0.35636675;-1.344978163;1.189016036;-1.233977602;-1.424007773;0.474951072;-0.880012204;1.241948035
17:21:56.564431;0.32212548;-1.736921662;1.197878926;-1.212749041;-1.406146526;0.512371412;-0.858763958;1.197878926
17:21:56.575189;0.306643093;-1.67095648;1.208597281;-1.188791495;-1.374422193;0.548842958;-0.835925479;1.208597281
17:21:56.585465;0.291068425;-1.63934934;1.219918367;-1.164970413;-1.325693846;0.584298174;-0.811539059;1.219918367
17:21:56.597364;0.271587246;-1.646162324;1.23460964;-1.135991996;-1.253280759;0.618671403;-0.785649855;1.23460964
17:21:56.608619;0.260207799;-1.538231943;1.248655179;-1.109177476;-1.16972816;0.651898996;-0.758305808;1.248655179
17:21:56.618267;0.244805776;-1.519634726;1.264710466;-1.079729743;-1.088441014;0.683919422;-0.729557554;1.264710466
17:21:56.628657;0.224205388;-1.622512467;1.281931922;-1.049612242;-1.014934897;0.714673386;-0.699458327;1.281931922
17:21:56.639318;0.212844084;-1.505988655;1.301717718;-1.015712649;-0.947323442;0.74410394;-0.668063864;1.301717718
17:21:56.650206;0.196309937;-1.514115862;1.322830653;-0.980570797;-0.882359684;0.772156584;-0.635432301;1.322830653
17:21:56.659768;0.181834297;-1.496321258;1.34435621;-0.945499354;-0.811063111;0.798779373;-0.601624063;1.34435621
17:21:56.669782;0.167332233;-1.483612074;1.367271951;-0.908860311;-0.736461282;0.823923006;-0.566701756;1.367271951
17:21:56.680267;0.150746447;-1.51545321;1.391832399;-0.870371689;-0.659577906;0.847540923;-0.530730048;1.391832399
17:21:56.690754;0.136262999;-1.488673694;1.418801051;-0.828670036;-0.589790225;0.869589389;-0.49377555;1.418801051
17:21:56.701542;0.119658576;-1.504551287;1.447752263;-0.784541048;-0.528564751;0.890027576;-0.455906694;1.447752263
17:21:56.711379;0.106146359;-1.45790026;1.478007135;-0.738736898;-0.465700597;0.908817637;-0.417193603;1.478007135
17:21:56.722459;0.092541042;-1.436419975;1.507759422;-0.693944063;-0.400640577;0.925924777;-0.377707965;1.507759422
17:21:56.731683;0.081164069;-1.37214483;1.53856001;-0.647601443;-0.326370627;0.941317318;-0.3375229;1.53856001
17:21:56.744547;0.069751095;-1.309262964;1.571673234;-0.59770714;-0.255468994;0.954966755;-0.296712819;1.571673234
17:21:56.753650;0.069751095;-1.047410371;1.602754526;-0.549749897;-0.185309082;0.966847814;-0.255353295;1.602754526
17:21:56.764358;0.04781898;-1.231977193;1.637496754;-0.496971075;-0.123737745;0.976938493;-0.213520915;1.637496754
17:21:56.775733;0.036263093;-1.204751303;1.670521208;-0.446503073;-0.06105845;0.985220107;-0.171293144;1.670521208
17:21:56.785605;0.036263093;-0.963801042;1.700365191;-0.399564484;-0.001700704;0.99167732;-0.128748177;1.700365191
17:21:56.796330;0.010918355;-1.249208798;1.734183628;-0.347539518;0.051950276;0.996298175;-0.085964799;1.734183628
17:21:56.806584;0.009898985;-1.019518785;1.764424579;-0.29959914;0.112252079;0.999074115;-0.043022233;1.764424579
17:21:56.815863;-0.019730438;-1.396476938;1.79814368;-0.247705414;0.151901335;1;0;1.79814368
17:21:56.827002;-0.035555362;-1.420638951;1.832982343;-0.193928412;0.193449035;0.999074115;0.043022233;1.832982343
17:21:56.837565;-0.052629737;-1.451281985;1.869622315;-0.137201145;0.211809799;0.996298175;0.085964799;1.869622315
17:21:56.847745;-0.069705955;-1.498911626;1.904051465;-0.083697944;0.236393273;0.99167732;0.128748177;1.904051465
17:21:56.858046;-0.084531177;-1.493038829;1.938268658;-0.030096957;0.247466117;0.985220107;0.171293144;1.938268658
17:21:56.868867;-0.098584264;-1.454851399;1.974366626;0.027118013;0.2553702;0.976938493;0.213520915;1.974366626
17:21:56.878716;-0.112635911;-1.441811749;2.007662372;0.080548816;0.277458698;0.966847814;0.255353295;2.007662372
17:21:56.889461;-0.126680573;-1.418882859;2.041943637;0.13626051;0.285591632;0.954966755;0.296712819;2.041943637
17:21:56.900122;-0.136730625;-1.32342693;2.075062457;0.191353515;0.332183719;0.941317318;0.3375229;2.075062457
17:21:56.910833;-0.159943497;-1.490115189;2.109544738;0.248357144;0.352131397;0.925924777;0.377707965;2.109544738
17:21:56.921842;-0.168769421;-1.35565343;2.142235132;0.303993764;0.396755636;0.908817637;0.417193603;2.142235132
17:21:56.931508;-0.176634627;-1.240755611;2.171040973;0.354516333;0.426631033;0.890027576;0.455906694;2.171040973
17:21:56.941613;-0.176634627;-0.992604488;2.19780398;0.403943263;0.490110636;0.869589389;0.49377555;2.19780398
17:21:56.951980;-0.188319571;-1.017504106;2.224124651;0.453393153;0.549872398;0.847540923;0.530730048;2.224124651
17:21:56.963103;-0.193942637;-0.920409028;2.24900279;0.501912097;0.618566573;0.823923006;0.566701756;2.24900279
17:21:56.974313;-0.200517819;-0.858051792;2.27296231;0.550300202;0.697191238;0.798779373;0.601624063;2.27296231
17:21:56.984051;-0.207700214;-0.82851686;2.294270195;0.594698817;0.770950794;0.772156584;0.635432301;2.294270195
17:21:56.994727;-0.213248122;-0.768391201;2.315121301;0.63977331;0.853664696;0.74410394;0.668063864;2.315121301
17:21:57.004563;-0.213248122;-0.614712961;2.333176268;0.681244479;0.907402873;0.714673386;0.699458327;2.333176268
17:21:57.014440;-0.221612577;-0.653101127;2.351198357;0.723555059;0.960736871;0.683919422;0.729557554;2.351198357
17:21:57.024535;-0.220593484;-0.502312466;2.366954436;0.76315285;0.993756235;0.651898996;0.758305808;2.366954436
17:21:57.035256;-0.217536938;-0.342192756;2.381046457;0.801572482;1.036535501;0.618671403;0.785649855;2.381046457
17:21:57.045938;-0.222218828;-0.363243452;2.394712389;0.840225365;1.075178504;0.584298174;0.811539059;2.394712389
17:21:57.057449;-0.220181764;-0.254544616;2.407772608;0.880423986;1.122653127;0.548842958;0.835925479;2.407772608
17:21:57.067214;-0.218737761;-0.174952093;2.418156186;0.915103276;1.167172194;0.512371412;0.858763958;2.418156186
17:21:57.077760;-0.216361281;-0.094668753;2.427751254;0.950125176;1.211272001;0.474951072;0.880012204;2.427751254
17:21:57.087687;-0.211696434;0.016856424;2.435679723;0.982556664;1.251039982;0.436651232;0.89963087;2.435679723
17:21:57.097531;-0.206100052;0.123983957;2.442435251;1.014018625;1.288362026;0.397542814;0.917583626;2.442435251
17:21:57.108304;-0.199314564;0.229902257;2.448147495;1.045118526;1.325066328;0.357698239;0.933837229;2.448147495
17:21:57.120193;-0.186937789;0.410477272;2.452498649;1.076242284;1.368057966;0.317191289;0.94836158;2.452498649
17:21:57.128815;-0.171337664;0.638056237;2.454938384;1.103403728;1.425267816;0.276096973;0.961129784;2.454938384
17:21:57.139917;-0.160662447;0.71380633;2.456513002;1.130760408;1.480076075;0.23449139;0.972118197;2.456513002
17:21:57.150639;-0.138623603;0.974950314;2.456371836;1.157425862;1.53399229;0.192451582;0.98130647;2.456371836
17:21:57.160568;-0.113708785;1.274489401;2.454665866;1.180461798;1.584232092;0.150055398;0.98867759;2.454665866
17:21:57.170665;-0.088816893;1.513827263;2.451641966;1.202147766;1.633508444;0.107381347;0.994217907;2.451641966
17:21:57.181629;-0.036738026;2.193080685;2.445474706;1.221950277;1.681159019;0.064508449;0.997917161;2.445474706
17:21:57.191092;-0.033035585;1.826517824;2.440123323;1.241702725;1.726415277;0.021516097;0.999768502;2.440123323
17:21:57.202424;-0.010874777;1.865949563;2.433879826;1.262145355;1.778011799;-0.021516097;0.999768502;2.433879826
17:21:57.213608;-0.01393359;1.434862348;2.428922238;1.282878073;1.850649118;-0.064508449;0.997917161;2.428922238
17:21:57.224082;0.039782873;2.159309826;2.421817123;1.301534274;1.922058582;-0.107381347;0.994217907;2.421817123
17:21:57.233525;0.068643308;2.297656058;2.414588219;1.318783428;1.990855813;-0.150055398;0.98867759;2.414588219
17:21:57.243589;0.06966297;1.858243015;2.408269758;1.336908198;2.033689737;-0.192451582;0.98130647;2.408269758
17:21:57.254164;0.071702121;1.526957902;2.402764305;1.35570723;2.087930918;-0.23449139;0.972118197;2.402764305
17:21:57.264756;0.137112474;2.462484581;2.395253363;1.373486232;2.140003443;-0.276096973;0.961129784;2.395253363
17:21:57.275588;0.139151116;2.007469698;2.388573078;1.392824087;2.209546804;-0.317191289;0.94836158;2.388573078
17:21:57.286575;0.180024748;2.374459709;2.381714678;1.41133656;2.25839138;-0.357698239;0.933837229;2.381714678
17:21:57.296697;0.184141151;1.978353732;2.375943834;1.430422574;2.30718565;-0.397542814;0.917583626;2.375943834
17:21:57.306945;0.243436963;2.675933354;2.369450195;1.449665866;2.322511673;-0.436651232;0.89963087;2.369450195
17:21:57.318585;0.264990172;2.513970115;2.363405008;1.470950924;2.370867491;-0.474951072;0.880012204;2.363405008
17:21:57.329116;0.285539377;2.41933809;2.358963394;1.490283448;2.422977686;-0.512371412;0.858763958;2.358963394
17:21:57.339455;0.304052497;2.279095302;2.355187322;1.511904119;2.476777315;-0.548842958;0.835925479;2.355187322
17:21:57.350978;0.319501239;2.10347174;2.352525916;1.535197661;2.512691736;-0.584298174;0.811539059;2.352525916
17:21:57.360995;0.337141452;2.031089323;2.351231103;1.55772392;2.555394173;-0.618671403;0.785649855;2.351231103
17:21:57.370901;0.353608789;1.940604543;2.351174;1.582191439;2.609773159;-0.651898996;0.758305808;2.351174
17:21:57.381794;0.364949759;1.766142261;2.352559858;1.608543368;2.674960852;-0.683919422;0.729557554;2.352559858
17:21:57.393534;0.377569061;1.639844433;2.355695629;1.637859576;2.746429205;-0.714673386;0.699458327;2.355695629
17:21:57.402847;0.386949168;1.497545477;2.360114372;1.666101569;2.827872515;-0.74410394;0.668063864;2.360114372
17:21:57.414298;0.395347861;1.345350709;2.366981981;1.699917583;2.899802208;-0.772156584;0.635432301;2.366981981
17:21:57.424771;0.403512507;1.233640574;2.37505537;1.732593748;2.978633165;-0.798779373;0.601624063;2.37505537
17:21:57.434654;0.403512507;0.986912459;2.384424764;1.766031409;3.054289818;-0.823923006;0.566701756;2.384424764
17:21:57.445291;0.402492902;0.770150255;2.395688399;1.80244279;3.130532742;-0.847540923;0.530730048;2.395688399
17:21:57.455840;0.402492902;0.616120204;2.407930564;1.838864807;-3.083255291;-0.869589389;0.49377555;2.407930564
17:21:57.465527;0.402492902;0.492896163;2.421593462;1.87685475;-3.016165733;-0.890027576;0.455906694;2.421593462
17:21:57.476329;0.436350958;1.047789032;2.439219024;1.91966395;-2.954671621;-0.908817637;0.417193603;2.439219024
17:21:57.487026;0.441779906;0.94042472;2.459424471;1.965891483;-2.902108192;-0.925924777;0.377707965;2.459424471
17:21:57.497329;0.451707504;0.93590079;2.482597668;2.015791149;-2.859391928;-0.941317318;0.3375229;2.482597668
17:21:57.507809;0.456170231;0.833575373;2.507235179;2.06667001;-2.824888706;-0.954966755;0.296712819;2.507235179
17:21:57.517956;0.459362681;0.729891558;2.532768674;2.117729244;-2.797070265;-0.966847814;0.255353295;2.532768674
17:21:57.527885;0.463873637;0.67344783;2.55998352;2.170601441;-2.772839785;-0.976938493;0.213520915;2.55998352
17:21:57.539339;0.467371441;0.60321923;2.591076777;2.229644353;-2.743348837;-0.985220107;0.171293144;2.591076777
17:21:57.549849;0.469940701;0.531266394;2.622808909;2.288887466;-2.711031437;-0.99167732;0.128748177;2.622808909
17:21:57.560769;0.472206047;0.467118442;2.656443358;2.350924514;-2.675152302;-0.996298175;0.085964799;2.656443358
17:21:57.572418;0.472516855;0.3794181;2.691181115;2.414702209;-2.636466742;-0.999074115;0.043022233;2.691181115
17:21:57.581947;0.471537864;0.285559068;2.726344569;2.47937072;-2.601880789;-1;-1.22E-16;2.726344569
17:21:57.592255;0.469497815;0.188438496;2.759146142;2.540142776;-2.566466808;-0.999156887;-0.041055029;2.759146142
17:21:57.603105;0.469497815;0.150750797;2.792688124;2.602657356;-2.536802769;-0.996628969;-0.082040829;2.792688124
17:21:57.613488;0.464288154;0.017803291;2.824182052;2.662617231;-2.502508402;-0.99242051;-0.122888291;2.824182052
17:21:57.622654;0.462361168;-0.023821311;2.85495161;2.722137745;-2.468608141;-0.986538605;-0.163528534;2.85495161
17:21:57.634298;0.460129015;-0.060582151;2.88666876;2.784719122;-2.426020384;-0.978993172;-0.203893032;2.88666876
17:21:57.643456;0.463188765;0.012282248;2.916313783;2.843593137;-2.383625507;-0.969796936;-0.24391372;2.916313783
17:21:57.653597;0.464208586;0.030079606;2.94540739;2.902202393;-2.349659681;-0.958965403;-0.283523114;2.94540739
17:21:57.664537;0.465228357;0.04276839;2.976184921;2.965265059;-2.326850891;-0.946516837;-0.322654424;2.976184921
17:21:57.675396;0.448554596;-0.293507392;3.000868508;3.020359126;-2.314188719;-0.932472229;-0.361241666;3.000868508
17:21:57.685210;0.450877763;-0.189869366;3.025672944;3.076320757;-2.300893545;-0.916855263;-0.399219773;3.025672944
17:21:57.695490;0.451162114;-0.146397817;3.049750839;3.131822651;-2.286311626;-0.899692271;-0.436524705;3.049750839
17:21:57.706131;0.453459741;-0.071498545;3.072840485;-3.097436025;-2.258273363;-0.881012194;-0.473093557;3.072840485
17:21:57.717178;0.456046978;-0.009108953;3.097107535;-3.039973739;-2.223828316;-0.860846532;-0.508864666;3.097107535
17:21:57.726883;0.455315868;-0.021813901;3.118780161;-2.987016726;-2.187992096;-0.839229287;-0.543777715;3.118780161
17:21:57.736957;0.456600463;0.006589531;3.141123795;-2.931222879;-2.156237602;-0.816196912;-0.577773831;3.141123795
17:21:57.748545;0.455871352;-0.008134402;3.162752091;-2.875308965;-2.131136656;-0.791788245;-0.61079569;3.162752091
17:21:57.758863;0.455142764;-0.019775176;3.183507306;-2.81970265;-2.107444286;-0.766044443;-0.64278761;3.183507306
17:21:57.769785;0.453125644;-0.055772736;3.201450034;-2.769523068;-2.079592466;-0.739008917;-0.673695644;3.201450034
17:21:57.779097;0.453125644;-0.044618188;3.218719214;-2.719828048;-2.045868397;-0.710727255;-0.703467674;3.218719214
17:21:57.789986;0.451129101;-0.075131442;3.235038324;-2.670835473;-2.012319803;-0.681247146;-0.732053499;3.235038324
17:21:57.799412;0.448843743;-0.104847413;3.250530405;-2.622215758;-1.97492528;-0.6506183;-0.759404917;3.250530405
17:21:57.809927;0.449890541;-0.063121798;3.265476735;-2.57440667;-1.939748287;-0.618892365;-0.785475805;3.265476735
17:21:57.819715;0.444626097;-0.155014318;3.279069816;-2.527848819;-1.903620362;-0.586122837;-0.810222204;3.279069816
17:21:57.830430;0.446667327;-0.084593099;3.292941176;-2.479944712;-1.875481129;-0.552364973;-0.833602385;3.292941176
17:21:57.840538;0.43938513;-0.204226476;3.305629184;-2.432066822;-1.851059318;-0.517675697;-0.855576924;3.305629184
17:21:57.852071;0.44040559;-0.144459389;3.318266891;-2.383705832;-1.829654098;-0.482113503;-0.876108766;3.318266891
17:21:57.862369;0.436126696;-0.196967538;3.329616376;-2.337410661;-1.801004887;-0.445738356;-0.895163291;3.329616376
17:21:57.873165;0.427795909;-0.315309414;3.339605273;-2.292198159;-1.770040989;-0.408611593;-0.912708368;3.339605273
17:21:57.882756;0.427795909;-0.252247531;3.348986502;-2.249015927;-1.73888588;-0.370795819;-0.928714413;3.348986502
17:21:57.893223;0.428816235;-0.181644753;3.358277259;-2.205767208;-1.711901426;-0.332354799;-0.943154434;3.358277259
17:21:57.903202;0.40427216;-0.632937787;3.364583164;-2.165622385;-1.686955333;-0.293353354;-0.956004084;3.364583164
17:21:57.913879;0.411370739;-0.369265365;3.371860434;-2.123462117;-1.662102818;-0.253857249;-0.967241695;3.371860434
17:21:57.923777;0.410350345;-0.315583916;3.378723819;-2.082450346;-1.638920307;-0.213933083;-0.976848318;3.378723819
17:21:57.933660;0.409329885;-0.271949426;3.385523356;-2.040220259;-1.618155837;-0.173648178;-0.984807753;3.385523356
17:21:57.944613;0.395980748;-0.48126422;3.390744258;-2.000696757;-1.592885971;-0.133070462;-0.99110658;3.390744258
17:21:57.954522;0.392940121;-0.445294897;3.39557423;-1.961637312;-1.567800879;-0.092268359;-0.995734176;3.39557423
17:21:57.964228;0.383780316;-0.534032745;3.399682118;-1.922521261;-1.54422617;-0.051310672;-0.99868274;3.399682118
17:21:57.974358;0.370737417;-0.685334093;3.402756114;-1.885072643;-1.519903302;-0.010266462;-0.999947298;3.402756114
17:21:57.985565;0.359226039;-0.770271018;3.405169451;-1.847358715;-1.490155339;0.030795059;-0.99952572;3.405169451
17:21:57.995590;0.343592037;-0.900955368;3.406842284;-1.808283548;-1.454533219;0.071804652;-0.997418714;3.406842284
17:21:58.006431;0.328941453;-0.99722496;3.407820552;-1.771192156;-1.414225459;0.112693167;-0.993629836;3.407820552
17:21:58.017152;0.31529241;-1.066449863;3.408316074;-1.736069189;-1.370444298;0.153391655;-0.988165472;3.408316074
17:21:58.027224;0.306738207;-1.01194231;3.408643549;-1.699016277;-1.326299548;0.19383149;-0.981034838;3.408643549
17:21:58.037894;0.29603481;-1.022043217;3.408756195;-1.664563457;-1.281989574;0.233944482;-0.972249957;3.408756195
17:21:58.048550;0.283387488;-1.053210599;3.408716811;-1.628002099;-1.236624599;0.27366299;-0.961825643;3.408716811
17:21:58.059120;0.270732397;-1.082959611;3.408633039;-1.592196882;-1.191252589;0.312920041;-0.949779473;3.408633039
17:21:58.069847;0.260141649;-1.065892146;3.408619336;-1.556024753;-1.145474672;0.351649437;-0.936131761;3.408619336
17:21:58.080076;0.248607732;-1.081811011;3.40876527;-1.52155677;-1.100243211;0.389785873;-0.920905518;3.40876527
17:21:58.089302;0.235941551;-1.116015001;3.409190881;-1.486666378;-1.052311778;0.427265042;-0.90412642;3.409190881
17:21:58.102896;0.223362866;-1.099051272;3.410225124;-1.444040349;-1.001172185;0.464023746;-0.885822761;3.410225124
17:21:58.112281;0.211791892;-1.096756634;3.411720144;-1.406255537;-0.949154556;0.5;-0.866025404;3.411720144
17:21:58.122427;0.200211317;-1.101718506;3.413868926;-1.368868715;-0.896592498;0.535133141;-0.844767732;3.413868926
17:21:58.132984;0.189644633;-1.083715025;3.416854;-1.330212354;-0.844012737;0.569363927;-0.822085591;3.416854
17:21:58.144490;0.179107896;-1.061783656;3.42094733;-1.289136019;-0.790209889;0.602634636;-0.798017227;3.42094733
17:21:58.155197;0.179107896;-0.849426925;3.425506645;-1.248005918;-0.738247573;0.634889167;-0.772603226;3.425506645
17:21:58.165761;0.181183945;-0.640379723;3.430414508;-1.206753852;-0.685996234;0.666073132;-0.745886441;3.430414508
17:21:58.176327;0.183226318;-0.473859335;3.43571721;-1.164975089;-0.635267496;0.696133946;-0.717911923;3.43571721
17:21:58.186530;0.183226318;-0.379087468;3.441627237;-1.12228164;-0.587505162;0.725020921;-0.688726843;3.441627237
17:21:58.198518;0.128314312;-1.339415359;3.453080601;-1.074289523;-0.548710465;0.752685347;-0.658380414;3.453080601
17:21:58.207008;0.131379134;-1.010962524;3.464491931;-1.027875976;-0.515340269;0.779080575;-0.626923806;3.464491931
17:21:58.217463;0.125015674;-0.93122156;3.477628401;-0.97866393;-0.488691151;0.804162096;-0.594410063;3.477628401
17:21:58.228537;0.118689124;-0.867515402;3.49213263;-0.928176003;-0.453816235;0.827887619;-0.56089401;3.49213263
17:21:58.239278;0.102728974;-0.985716604;3.510314637;-0.871681913;-0.422732741;0.850217136;-0.526432163;3.510314637
17:21:58.250388;0.0943244;-0.943481675;3.530229697;-0.813568941;-0.385031998;0.871112994;-0.491082632;3.530229697
17:21:58.260728;0.086896776;-0.893501685;3.551597339;-0.754281917;-0.341996074;0.890539959;-0.454905025;3.551597339
17:21:58.270663;0.078394888;-0.87905096;3.574026539;-0.694969488;-0.298374712;0.908465272;-0.417960345;3.574026539
17:21:58.280946;0.067967461;-0.907744073;3.598109718;-0.634316589;-0.238223553;0.924858707;-0.380310889;3.598109718
17:21:58.290963;0.058442488;-0.914997044;3.623724408;-0.57226825;-0.186780348;0.939692621;-0.342020143;3.623724408
17:21:58.301843;0.049964119;-0.896579236;3.651478864;-0.507035942;-0.112404644;0.952942;-0.303152674;3.651478864
17:21:58.312785;0.042514018;-0.856683755;3.681682258;-0.437646918;-0.072836094;0.964584504;-0.263774021;3.681682258
17:21:58.323353;0.033018098;-0.859933377;3.71415333;-0.364949078;-0.026320474;0.9746005;-0.223950585;3.71415333
17:21:58.333630;0.022516839;-0.896190774;3.745939934;-0.295542759;0.012582377;0.9829731;-0.183749518;3.745939934
17:21:58.343500;0.024558557;-0.676412589;3.777070372;-0.226523973;0.073757373;0.989688184;-0.143238607;3.777070372
17:21:58.355052;0.003191628;-0.913959497;3.816468041;-0.143606867;0.128916308;0.99473443;-0.102486164;3.816468041
17:21:58.365936;-0.005450091;-0.881512067;3.856973131;-0.058994349;0.205518335;0.998103329;-0.061560906;3.856973131
17:21:58.376585;-0.002389279;-0.644612366;3.891259859;0.014429786;0.324909419;0.9997892;-0.020531842;3.891259859
17:21:58.387373;-0.000349427;-0.47721009;3.92619395;0.090805513;0.419806838;0.9997892;0.020531842;3.92619395
17:21:58.396744;-0.040244984;-1.172484249;3.965843437;0.170275482;0.453466237;0.998103329;0.061560906;3.965843437
17:21:58.407606;-0.047830382;-1.088365726;4.00534476;0.24998649;0.446306974;0.99473443;0.102486164;4.00534476
17:21:58.417515;-0.058755323;-1.086834017;4.045191481;0.330526447;0.459961116;0.989688184;0.143238607;4.045191481
17:21:58.428518;-0.062931497;-0.946121417;4.086875743;0.416516723;0.466627806;0.9829731;0.183749518;4.086875743
17:21:58.438724;-0.069503151;-0.877783269;4.127459356;0.501757448;0.448689103;0.9746005;0.223950585;4.127459356
17:21:58.449240;-0.075801818;-0.82735243;4.163978186;0.580015998;0.41459778;0.964584504;0.263774021;4.163978186
17:21:58.460050;-0.079056878;-0.722944591;4.200915115;0.661545663;0.461363435;0.952942;0.303152674;4.200915115
17:21:58.470762;-0.088605642;-0.756670451;4.236999075;0.742817024;0.500409603;0.939692621;0.342020143;4.236999075
17:21:58.480725;-0.087587117;-0.586107515;4.270001643;0.820882161;0.603299975;0.924858707;0.380310889;4.270001643
17:21:58.491334;-0.096210034;-0.64017273;4.300017707;0.894043491;0.681927681;0.908465272;0.417960345;4.300017707
17:21:58.501495;-0.100151212;-0.587418743;4.3290383;0.968242359;0.795045376;0.890539959;0.454905025;4.3290383
17:21:58.512164;-0.105403653;-0.571854216;4.355406249;1.039368279;0.843063891;0.871112994;0.491082632;4.355406249
17:21:58.523153;-0.108614376;-0.516467136;4.380509639;1.112027658;0.883116364;0.850217136;0.526432163;4.380509639
17:21:58.534017;-0.112874595;-0.491188135;4.402821001;1.182306108;0.936595023;0.827887619;0.56089401;4.402821001
17:21:58.544910;-0.107698722;-0.297744434;4.42143801;1.248898993;0.989222586;0.804162096;0.594410063;4.42143801
17:21:58.555540;-0.105665155;-0.200405458;4.436669385;1.311800486;1.052825809;0.779080575;0.626923806;4.436669385
17:21:58.566497;-0.102616273;-0.103252983;4.448671387;1.371272589;1.121187568;0.752685347;0.658380414;4.448671387
17:21:58.576692;-0.114920823;-0.309709959;4.458262258;1.429123531;1.197179198;0.725020921;0.688726843;4.458262258
17:21:58.587348;-0.111874988;-0.190845292;4.464615874;1.483224566;1.232185721;0.696133946;0.717911923;4.464615874
17:21:58.597703;-0.115745377;-0.22766592;4.468036619;1.53275108;1.258695245;0.666073132;0.745886441;4.468036619
17:21:58.608442;-0.113142474;-0.131244228;4.468821718;1.579249559;1.275620818;0.634889167;0.772603226;4.468821718
17:21:58.620901;-0.114106092;-0.122955637;4.467025719;1.625399231;1.308889627;0.602634636;0.798017227;4.467025719
17:21:58.629827;-0.116031202;-0.13445095;4.462719905;1.668733221;1.333128333;0.569363927;0.822085591;4.462719905
17:21:58.640564;-0.113632308;-0.063006275;4.456097515;1.710133336;1.375881553;0.535133141;0.844767732;4.456097515
17:21:58.651061;-0.112303299;-0.025410136;4.447535142;1.748914393;1.416738033;0.5;0.866025404;4.447535142
17:21:58.662098;-0.103155056;0.150677315;4.437446265;1.786358807;1.481377244;0.464023746;0.885822761;4.437446265
17:21:58.672150;-0.096657216;0.24885351;4.426754589;1.820557448;1.530780673;0.427265042;0.90412642;4.426754589
17:21:58.681512;-0.097672004;0.179023216;4.414894888;1.853427332;1.559156895;0.389785873;0.920905518;4.414894888
17:21:58.691920;-0.090577395;0.2834676;4.402531417;1.885668158;1.583660722;0.351649437;0.936131761;4.402531417
17:21:58.701764;-0.081668312;0.403596285;4.390126756;1.9175652;1.620254993;0.312920041;0.949779473;4.390126756
17:21:58.712567;-0.072706075;0.500827465;4.377958181;1.949556109;1.663169146;0.27366299;0.961825643;4.377958181
17:21:58.723266;-0.075753147;0.344447673;4.364526087;1.983512227;1.707083225;0.233944482;0.972249957;4.364526087
17:21:58.733308;-0.077785538;0.235300579;4.352047934;2.015039153;1.744079351;0.19383149;0.981034838;4.352047934
17:21:58.744271;-0.07991352;0.148807923;4.339033888;2.048926026;1.799328089;0.153391655;0.988165472;4.339033888
17:21:58.754112;-0.014951623;1.406883063;4.333407236;2.0870448;1.822916389;0.112693167;0.993629836;4.333407236
17:21:58.764480;-0.001103262;1.399927835;4.329991553;2.127347151;1.814918756;0.071804652;0.997418714;4.329991553
17:21:58.774878;0.015762974;1.438365902;4.329345711;2.172566937;1.774456978;0.030795059;0.99952572;4.329345711
17:21:58.786497;0.027442911;1.36001571;4.331462213;2.223008207;1.783136845;-0.010266462;0.999947298;4.331462213
17:21:58.795914;0.043238039;1.400972915;4.33651462;2.271806922;1.848569036;-0.051310672;0.99868274;4.33651462
17:21:58.806251;0.059861193;1.444813165;4.34499789;2.324825765;1.951093554;-0.092268359;0.995734176;4.34499789
17:21:58.816516;0.077482732;1.486527411;4.357512468;2.38371437;2.021663904;-0.133070462;0.99110658;4.357512468
17:21:58.828139;0.090886241;1.436895535;4.373362467;2.446812891;2.066191673;-0.173648178;0.984807753;4.373362467
17:21:58.838659;0.107351881;1.455324799;4.39262721;2.513275728;2.104586363;-0.213933083;0.976848318;4.39262721
17:21:58.849525;0.122795791;1.452257469;4.414940616;2.582819533;2.166951895;-0.253857249;0.967241695;4.414940616
17:21:58.860286;0.136103816;1.410185512;4.439736648;2.655058445;2.269645214;-0.293353354;0.956004084;4.439736648
17:21:58.869585;0.165784087;1.714113953;4.468078481;2.728520549;2.324956894;-0.332354799;0.943154434;4.468078481
17:21:58.881132;0.180067176;1.638208679;4.49992086;2.8083528;2.3493402;-0.370795819;0.928714413;4.49992086
17:21:58.890626;0.194392646;1.592858377;4.531606418;2.885871925;2.37582159;-0.408611593;0.912708368;4.531606418
17:21:58.902204;0.207670096;1.527619648;4.565337013;2.967282219;2.412833929;-0.445738356;0.895163291;4.565337013
17:21:58.911913;0.220951984;1.476760046;4.599574891;3.049321159;2.46974206;-0.482113503;0.876108766;4.599574891
17:21:58.922920;0.235250555;1.444654738;4.635791284;3.135703092;2.53723073;-0.517675697;0.855576924;4.635791284
17:21:58.932263;0.249544335;1.439667718;4.669642388;-3.066785194;2.607918978;-0.552364973;0.833602385;4.669642388
17:21:58.943552;0.24845321;1.131110895;4.702175568;-2.984665613;2.657032967;-0.586122837;0.810222204;4.702175568
17:21:58.954389;0.246418349;0.867200324;4.732091427;-2.903810024;2.702082634;-0.618892365;0.785475805;4.732091427
17:21:58.964258;0.245400702;0.673645292;4.757436186;-2.830454302;2.76187706;-0.6506183;0.759404917;4.757436186
17:21:58.974467;0.296545463;1.554660519;4.789673837;-2.750142126;2.826664925;-0.681247146;0.732053499;4.789673837
17:21:58.984573;0.293491679;1.186292103;4.819488794;-2.669233829;2.908458471;-0.710727255;0.703467674;4.819488794
17:21:58.995616;0.310964856;1.285406998;4.84831764;-2.59018164;2.989629507;-0.739008917;0.673695644;4.84831764
17:21:59.006448;0.327307675;1.315351676;4.878829554;-2.504280535;3.063175201;-0.766044443;0.64278761;4.878829554
17:21:59.017225;0.333497368;1.174676368;4.903206169;-2.430431855;3.122974396;-0.791788245;0.61079569;4.903206169
17:21:59.027276;0.340843527;1.075082005;4.926837169;-2.353441001;-3.113976002;-0.816196912;0.577773831;4.926837169
17:21:59.037418;0.348057662;1.002676156;4.946557018;-2.283772695;-3.061546087;-0.839229287;0.543777715;4.946557018
17:21:59.048673;0.355268943;0.940872892;4.96461128;-2.214197494;-3.019211769;-0.860846532;0.508864666;4.96461128
17:21:59.058225;0.364667496;0.938880071;4.980325895;-2.148277913;-2.974881887;-0.881012194;0.473093557;4.980325895
17:21:59.069168;0.371818062;0.887921245;4.994490219;-2.081979046;-2.925711155;-0.899692271;0.436524705;4.994490219
17:21:59.079156;0.379203127;0.856951255;5.006225903;-2.019866939;-2.880758524;-0.916855263;0.399219773;5.006225903
17:21:59.089635;0.386407394;0.827859543;5.016206042;-1.959143401;-2.83727026;-0.932472229;0.361241666;5.016206042
17:21:59.099356;0.386407394;0.662287634;5.024070549;-1.899646647;-2.806148291;-0.946516837;0.322654424;5.024070549
17:21:59.109686;0.392798669;0.656475559;5.030210815;-1.842764976;-2.775265455;-0.958965403;0.283523114;5.030210815
17:21:59.118910;0.4002176;0.672280497;5.034957309;-1.787253789;-2.748946667;-0.969796936;0.24391372;5.034957309
17:21:59.130245;0.404413411;0.616294571;5.038463045;-1.729883887;-2.708388567;-0.978993172;0.203893032;5.038463045
17:21:59.140461;0.412042849;0.634265762;5.040737418;-1.673159071;-2.660796404;-0.986538605;0.163528534;5.040737418
17:21:59.151146;0.415263705;0.57110509;5.041807829;-1.621101588;-2.619762897;-0.99242051;0.122888291;5.041807829
17:21:59.161518;0.416468294;0.478969504;5.04209355;-1.565815325;-2.595004559;-0.996628969;0.082040829;5.04209355
17:21:59.172904;0.415430169;0.363984374;5.041842386;-1.511518399;-2.584118605;-0.999156887;0.041055029;5.041842386
17:21:59.182794;0.415430169;0.291187499;5.041444282;-1.460092835;-2.574330091;-1;-1.22E-16;5.041444282
17:21:59.193381;0.41343038;0.193510354;5.041240235;-1.409172815;-2.561885595;-0.999404141;-0.034516139;5.041240235
17:21:59.204619;0.41343038;0.154808283;5.041480713;-1.354141296;-2.536512136;-0.997617272;-0.068991144;5.041480713
17:21:59.213790;0.411207109;0.080118475;5.042479068;-1.301873703;-2.504390955;-0.994641525;-0.103383932;5.042479068
17:21:59.224548;0.411207109;0.06409478;5.044482696;-1.245434556;-2.468703985;-0.990480444;-0.137653515;5.044482696
17:21:59.234597;0.411207109;0.051275824;5.047394185;-1.191590768;-2.436054945;-0.985138989;-0.171759053;5.047394185
17:21:59.245928;0.397734179;-0.217328178;5.052635119;-1.133679172;-2.403695822;-0.978623525;-0.205659903;5.052635119
17:21:59.256612;0.393511612;-0.251742766;5.059887563;-1.071599245;-2.375255346;-0.970941817;-0.239315664;5.059887563
17:21:59.267321;0.388285501;-0.299989666;5.068935975;-1.008863651;-2.350820541;-0.96210302;-0.272686228;5.068935975
17:21:59.277340;0.38507131;-0.303481034;5.079223374;-0.94720153;-2.320104837;-0.952117666;-0.305731827;5.079223374
17:21:59.286894;0.380853874;-0.325032338;5.091364996;-0.882908814;-2.286554575;-0.940997655;-0.33841308;5.091364996
17:21:59.297088;0.377644925;-0.323458739;5.104835221;-0.817858784;-2.249269724;-0.92875624;-0.370691039;5.104835221
17:21:59.308817;0.37563159;-0.29480293;5.121058846;-0.744503769;-2.216874599;-0.915408009;-0.402527239;5.121058846
17:21:59.319555;0.372413022;-0.295535882;5.137981982;-0.672266275;-2.185950518;-0.900968868;-0.433883739;5.137981982
17:21:59.330133;0.371406024;-0.256373011;5.154364337;-0.603917501;-2.159052134;-0.885456026;-0.464723172;5.154364337
17:21:59.340157;0.369390921;-0.244316631;5.171406094;-0.533819936;-2.130927324;-0.868887969;-0.495008786;5.171406094
17:21:59.349467;0.36838282;-0.215480271;5.187936256;-0.465143311;-2.101483345;-0.851284442;-0.524704488;5.187936256
17:21:59.360495;0.369390921;-0.153767656;5.204700441;-0.392101207;-2.067795515;-0.832666423;-0.55377489;5.204700441
17:21:59.370431;0.369390921;-0.123014125;5.219079418;-0.325253683;-2.033038616;-0.813056099;-0.582185348;5.219079418
17:21:59.383444;0.371589619;-0.061687045;5.233588376;-0.248161539;-1.996539116;-0.792476842;-0.609902004;5.233588376
17:21:59.393442;0.37482075;0.010792043;5.243482524;-0.181976703;-1.961051702;-0.770953175;-0.636891829;5.243482524
17:21:59.404234;0.376848288;0.046602888;5.250136504;-0.119284709;-1.929852128;-0.748510748;-0.663122658;5.250136504
17:21:59.414047;0.380081376;0.100003246;5.252935821;-0.062342389;-1.90038383;-0.725176307;-0.688563231;5.252935821
17:21:59.425228;0.380081376;0.080002597;5.252471984;-0.007240745;-1.874761939;-0.70097766;-0.713183231;5.252471984
17:21:59.435122;0.381278844;0.087675654;5.248389048;0.041795134;-1.845742583;-0.675943644;-0.736953316;5.248389048
17:21:59.445752;0.383371189;0.109938399;5.240042791;0.088594386;-1.813656092;-0.650104094;-0.75984516;5.240042791
17:21:59.456542;0.384390633;0.107111955;5.227514729;0.131760817;-1.780483723;-0.623489802;-0.781831482;5.227514729
17:21:59.466858;0.384390633;0.085689564;5.210658175;0.17173901;-1.74813664;-0.596132485;-0.802886081;5.210658175
17:21:59.478709;0.387645486;0.123834123;5.187189882;0.209494364;-1.717073917;-0.568064747;-0.822983866;5.187189882
17:21:59.489350;0.384617403;0.041121818;5.163175256;0.239571198;-1.688758612;-0.539320034;-0.842100885;5.163175256
17:21:59.500207;0.381578279;-0.025994431;5.136622844;0.266173948;-1.661683083;-0.509932604;-0.860214356;5.136622844
17:21:59.510090;0.382675632;0.000951783;5.107272637;0.288516211;-1.638225675;-0.479937478;-0.877302694;5.107272637
17:21:59.520126;0.378613999;-0.075260441;5.073730335;0.309371088;-1.616298079;-0.449370401;-0.893345534;5.073730335
17:21:59.531874;0.379811965;-0.038295463;5.03584026;0.326752464;-1.596030831;-0.418267801;-0.908323757;5.03584026
17:21:59.541913;0.377772004;-0.068193934;4.995476171;0.34087681;-1.576657772;-0.386666743;-0.922219513;4.995476171
17:21:59.553527;0.37250145;-0.151867932;4.953302751;0.352589562;-1.559937;-0.354604887;-0.935016243;4.953302751
17:21:59.563598;0.357954795;-0.390521015;4.911124435;0.363752281;-1.543250918;-0.322120442;-0.946698696;4.911124435
17:21:59.573758;0.356935827;-0.332659537;4.869477294;0.371340207;-1.52793932;-0.28925212;-0.957252951;4.869477294
17:21:59.584161;0.356935827;-0.26612763;4.824138175;0.376322082;-1.514614582;-0.25603909;-0.966666429;4.824138175
17:21:59.594087;0.356935827;-0.212902104;4.77782471;0.378567061;-1.502673388;-0.222520934;-0.974927912;4.77782471
17:21:59.604386;0.355916707;-0.190157024;4.72896714;0.378556119;-1.490242481;-0.188737595;-0.982027556;4.72896714
17:21:59.615956;0.356935827;-0.133372963;4.675100479;0.375798;-1.47787869;-0.154729335;-0.987956898;4.675100479
17:21:59.625996;0.369198524;0.135442009;4.621075505;0.368852722;-1.474634647;-0.12053668;-0.992708874;4.621075505
17:21:59.636592;0.36511112;0.027460078;4.566621769;0.360823832;-1.477167964;-0.08620038;-0.99627782;4.566621769
17:21:59.647230;0.35779804;-0.12271284;4.512273221;0.352366725;-1.48147881;-0.051761353;-0.998659483;4.512273221
17:21:59.657127;0.349584051;-0.251515821;4.455018277;0.343146437;-1.481299639;-0.017260641;-0.999851024;4.455018277
17:21:59.667386;0.33106757;-0.554060947;4.401264201;0.335868786;-1.472113609;0.017260641;-0.999851024;4.401264201
17:21:59.677601;0.333186919;-0.402986546;4.345712794;0.326361252;-1.453918099;0.051761353;-0.998659483;4.345712794
17:21:59.687417;0.333186919;-0.322389236;4.291649345;0.315779911;-1.424044132;0.08620038;-0.99627782;4.291649345
17:21:59.699003;0.296862023;-0.922908925;4.239511172;0.310243648;-1.385572076;0.12053668;-0.992708874;4.239511172
17:21:59.709762;0.285391592;-0.951275493;4.189234427;0.305369312;-1.34019053;0.154729335;-0.987956898;4.189234427
17:21:59.719111;0.268836413;-1.089863683;4.144404495;0.302494889;-1.295422196;0.188737595;-0.982027556;4.144404495
17:21:59.730012;0.256386292;-1.11824072;4.100821216;0.300582539;-1.254795313;0.222520934;-0.974927912;4.100821216
17:21:59.740553;0.243898669;-1.130169232;4.056641426;0.299645412;-1.20848608;0.25603909;-0.966666429;4.056641426
17:21:59.751319;0.232466368;-1.115905875;4.013030054;0.299598634;-1.154351115;0.28925212;-0.957252951;4.013030054
17:21:59.762695;0.212917684;-1.238345173;3.970632922;0.302359176;-1.094265223;0.322120442;-0.946698696;3.970632922
17:21:59.773002;0.205656307;-1.122736229;3.929934311;0.305103088;-1.031891227;0.354604887;-0.935016243;3.929934311
17:21:59.783127;0.19635469;-1.082483268;3.893647573;0.308303839;-0.970087647;0.386666743;-0.922219513;3.893647573
17:21:59.794462;0.195334152;-0.885209657;3.854944658;0.310738266;-0.910286903;0.418267801;-0.908323757;3.854944658
17:21:59.804708;0.18809075;-0.841358541;3.816271263;0.313784321;-0.848783672;0.449370401;-0.893345534;3.816271263
17:21:59.815300;0.174581201;-0.939434209;3.782486917;0.318542551;-0.785934925;0.479937478;-0.877302694;3.782486917
17:21:59.824814;0.174644015;-0.750305336;3.748268879;0.32241068;-0.722891212;0.509932604;-0.860214356;3.748268879
17:21:59.835749;0.17362218;-0.61969115;3.7125366;0.325881481;-0.663989484;0.539320034;-0.842100885;3.7125366
17:21:59.846898;0.144421439;-1.044845965;3.682497798;0.335170024;-0.610127449;0.568064747;-0.822983866;3.682497798
17:21:59.857007;0.132863864;-1.064331831;3.655814789;0.345612151;-0.561646402;0.596132485;-0.802886081;3.655814789
17:21:59.867042;0.121364098;-1.076542189;3.63078975;0.357816808;-0.516205668;0.623489802;-0.781831482;3.63078975
17:21:59.876658;0.121426;-0.860024239;3.605213274;0.369273569;-0.46766898;0.650104094;-0.75984516;3.605213274
17:21:59.888133;0.100494826;-1.081932494;3.582953934;0.385210127;-0.422079295;0.675943644;-0.736953316;3.582953934
17:21:59.898167;0.082667758;-1.215162609;3.56496135;0.403665454;-0.37760067;0.70097766;-0.713183231;3.56496135
17:21:59.908183;0.082667758;-0.972130087;3.54673793;0.421349355;-0.335217357;0.725176307;-0.688563231;3.54673793
17:21:59.918774;0.074324464;-0.934117362;3.529111655;0.441466791;-0.2868554;0.748510748;-0.663122658;3.529111655
17:21:59.929477;0.058719925;-1.037564664;3.514662478;0.464884125;-0.238687709;0.770953175;-0.636891829;3.514662478
17:21:59.940448;0.051361713;-0.964944861;3.501519404;0.490013322;-0.195846498;0.792476842;-0.609902004;3.501519404
17:21:59.951649;0.042814237;-0.941726868;3.491124583;0.514824432;-0.145261347;0.813056099;-0.582185348;3.491124583
17:21:59.961020;0.033408982;-0.932260582;3.482300246;0.542665517;-0.098763384;0.832666423;-0.55377489;3.482300246
17:21:59.971334;0.023825579;-0.931290172;3.475663104;0.571978482;-0.05783201;0.851284442;-0.524704488;3.475663104
17:21:59.982237;0.015259297;-0.907221563;3.470728489;0.603732224;-0.011673639;0.868887969;-0.495008786;3.470728489
17:21:59.991352;0.015259297;-0.725777251;3.466161623;0.634201194;0.054865144;0.885456026;-0.464723172;3.466161623
17:22:00.002081;-0.006984722;-1.022439209;3.465907241;0.668847506;0.110062659;0.900968868;-0.433883739;3.465907241
17:22:00.014354;-0.018838792;-1.042481332;3.467806724;0.707353729;0.159304515;0.915408009;-0.402527239;3.467806724
17:22:00.023161;-0.018838792;-0.833985065;3.469590418;0.745796117;0.228788272;0.92875624;-0.370691039;3.469590418
17:22:00.034054;-0.017815266;-0.646868597;3.471127273;0.782294504;0.320638865;0.940997655;-0.33841308;3.471127273
17:22:00.042710;-0.043570694;-1.028832166;3.476821978;0.822985477;0.375100493;0.952117666;-0.305731827;3.476821978
17:22:00.053675;-0.043636893;-0.824375697;3.482231225;0.863562695;0.407508343;0.96210302;-0.272686228;3.482231225
17:22:00.063742;-0.043636893;-0.659500557;3.487803683;0.907067595;0.477921635;0.970941817;-0.239315664;3.487803683
17:22:00.074826;-0.043636893;-0.527600446;3.492942025;0.948395504;0.570056021;0.978623525;-0.205659903;3.492942025
17:22:00.084758;-0.096019722;-1.43942099;3.504736849;0.996222349;0.578961194;0.985138989;-0.171759053;3.504736849
17:22:00.095212;-0.107922963;-1.37128542;3.517466771;1.046991081;0.54598248;0.990480444;-0.137653515;3.517466771
17:22:00.106114;-0.120119998;-1.336856183;3.529543536;1.094908281;0.508680403;0.994641525;-0.103383932;3.529543536
17:22:00.116736;-0.141232516;-1.466896028;3.542977179;1.145916336;0.435202271;0.997617272;-0.068991144;3.542977179
17:22:00.126787;-0.154203888;-1.413364517;3.556153313;1.197487495;0.309123635;0.999404141;-0.034516139;3.556153313
17:22:00.137685;-0.16547862;-1.351533596;3.567795574;1.245501416;0.174922749;1;0;3.567795574
17:22:00.147807;-0.175354549;-1.277314169;3.578291336;1.291989872;0.160427794;0.999404141;0.034516139;3.578291336
17:22:00.158573;-0.193151353;-1.34928862;3.588814105;1.341469131;0.119064607;0.997617272;0.068991144;3.588814105
17:22:00.168895;-0.192192332;-1.060734954;3.596767028;1.386282529;0.162596434;0.994641525;0.103383932;3.596767028
17:22:00.178929;-0.207222442;-1.145647111;3.603442745;1.429390237;0.217611879;0.990480444;0.137653515;3.603442745
17:22:00.188634;-0.207222442;-0.916517689;3.6083388;1.470808855;0.355183482;0.985138989;0.171759053;3.6083388
17:22:00.198625;-0.213766508;-0.863189341;3.611655946;1.510479055;0.433581442;0.978623525;0.205659903;3.611655946
17:22:00.209797;-0.219281518;-0.795449332;3.613433275;1.550243881;0.516253054;0.970941817;0.239315664;3.613433275
17:22:00.219269;-0.223922561;-0.728094195;3.613524805;1.586899365;0.635998011;0.96210302;0.272686228;3.613524805
17:22:00.229378;-0.226086507;-0.625447907;3.612088444;1.621849864;0.729168952;0.952117666;0.305731827;3.612088444
17:22:00.240035;-0.227305311;-0.524510935;3.609202011;1.655405146;0.837215304;0.940997655;0.33841308;3.609202011
17:22:00.250132;-0.230119505;-0.471883865;3.604575641;1.689614982;0.927936733;0.92875624;0.370691039;3.604575641
17:22:00.260969;-0.228079654;-0.337266176;3.59894937;1.720505138;1.045567632;0.915408009;0.402527239;3.59894937
17:22:00.272423;-0.235608744;-0.397927868;3.590623148;1.754432339;1.090305209;0.900968868;0.433883739;3.590623148
17:22:00.282344;-0.233570655;-0.278574903;3.582176574;1.782747512;1.137112617;0.885456026;0.464723172;3.582176574
17:22:00.293129;-0.237916511;-0.308296038;3.572485378;1.809450657;1.164984345;0.868887969;0.495008786;3.572485378
17:22:00.303909;-0.235880007;-0.208995718;3.561120269;1.836681692;1.218660116;0.851284442;0.524704488;3.561120269
17:22:00.314558;-0.234862002;-0.14829139;3.548713741;1.862561149;1.261698961;0.832666423;0.55377489;3.548713741
17:22:00.325112;-0.233844165;-0.098762923;3.535932765;1.886071646;1.303326011;0.813056099;0.582185348;3.535932765
17:22:00.336140;-0.244900552;-0.275218795;3.519955761;1.909855788;1.343524337;0.792476842;0.609902004;3.519955761
17:22:00.346271;-0.244900552;-0.220175036;3.503769223;1.931200724;1.379144073;0.770953175;0.636891829;3.503769223
17:22:00.356469;-0.244900552;-0.176140029;3.487616229;1.950257044;1.43065834;0.748510748;0.663122658;3.487616229
17:22:00.366713;-0.244900552;-0.140912023;3.470408481;1.968508541;1.468304873;0.725176307;0.688563231;3.470408481
17:22:00.377468;-0.243808505;-0.091867368;3.451942598;1.986278891;1.512529373;0.70097766;0.713183231;3.451942598
17:22:00.387773;-0.238012706;0.035888991;3.432846198;2.003663269;1.536560535;0.675943644;0.736953316;3.432846198
17:22:00.397848;-0.230857313;0.16995526;3.414337022;2.019842486;1.571067095;0.650104094;0.75984516;3.414337022
17:22:00.408560;-0.205340816;0.639718642;3.397148456;2.037156717;1.608926773;0.623489802;0.781831482;3.397148456
17:22:00.419327;-0.189369941;0.807889112;3.379278314;2.055836178;1.657526731;0.596132485;0.802886081;3.379278314
17:22:00.429876;-0.171198257;0.988145207;3.362265139;2.074661706;1.69796133;0.568064747;0.822983866;3.362265139
17:22:00.439898;-0.155219437;1.090152112;3.345581287;2.093750208;1.742274523;0.539320034;0.842100885;3.345581287
17:22:00.450838;-0.133144994;1.281442189;3.329716133;2.113885828;1.789506078;0.509932604;0.860214356;3.329716133
17:22:00.461982;-0.084235874;1.965428217;3.318159501;2.136909946;1.831608653;0.479937478;0.877302694;3.318159501
17:22:00.471703;-0.059631421;2.058596938;3.30806409;2.160344456;1.859546542;0.449370401;0.893345534;3.30806409
17:22:00.481963;-0.047506311;1.886725604;3.297826566;2.183503141;1.877578735;0.418267801;0.908323757;3.297826566
17:22:00.492853;-0.026461242;1.895109552;3.287673054;2.209281205;1.912631392;0.386666743;0.922219513;3.287673054
17:22:00.502834;-0.004449438;1.952215529;3.27927623;2.234029733;1.965776324;0.354604887;0.935016243;3.27927623
17:22:00.513691;0.017410262;1.967368646;3.271417754;2.261477994;2.023880959;0.322120442;0.946698696;3.271417754
17:22:00.524342;0.018429108;1.593045405;3.262069683;2.286890907;2.078095436;0.28925212;0.957252951;3.262069683
17:22:00.534906;0.061859187;2.09762895;3.256996457;2.3162126;2.110362291;0.25603909;0.966666429;3.256996457
17:22:00.545774;0.083453812;2.084834458;3.253145675;2.346927785;2.150750637;0.222520934;0.974927912;3.253145675
17:22:00.555185;0.085490742;1.708134189;3.248125348;2.374796136;2.200876713;0.188737595;0.982027556;3.248125348
17:22:00.565716;0.085490742;1.366507351;3.241664469;2.401009133;2.289218664;0.154729335;0.987956898;3.241664469
17:22:00.578660;0.146133719;2.039159792;3.242518742;2.443434886;2.345480442;0.12053668;0.992708874;3.242518742
17:22:00.589534;0.168697781;2.054052847;3.244838495;2.48038426;2.387360096;0.08620038;0.99627782;3.244838495
17:22:00.599342;0.190215131;2.066841818;3.248719543;2.517251705;2.423930168;0.051761353;0.998659483;3.248719543
17:22:00.610261;0.209705286;2.012735075;3.254367325;2.558180866;2.463507175;0.017260641;0.999851024;3.254367325
17:22:00.619892;0.252839823;2.466400688;3.264902927;2.601561027;2.490596056;-0.017260641;0.999851024;3.264902927
17:22:00.631479;0.274490367;2.399349195;3.277285899;2.647177122;2.528191566;-0.051761353;0.998659483;3.277285899
17:22:00.641607;0.274490367;1.919479356;3.287681475;2.690626175;2.578325033;-0.08620038;0.99627782;3.287681475
17:22:00.650704;0.312626006;2.289074893;3.302990191;2.739293284;2.6177845;-0.12053668;0.992708874;3.302990191
17:22:00.660604;0.329189002;2.156833969;3.319302761;2.789297375;2.659795284;-0.154729335;0.987956898;3.319302761
17:22:00.670896;0.330207599;1.745633948;3.333686374;2.837285947;2.717973232;-0.188737595;0.982027556;3.333686374
17:22:00.681291;0.344594913;1.681747749;3.348847256;2.886154595;2.787854671;-0.222520934;0.974927912;3.348847256
17:22:00.692088;0.357077176;1.575221076;3.365625558;2.939402834;2.860326767;-0.25603909;0.966666429;3.365625558
17:22:00.702180;0.368386338;1.469758373;3.382527345;2.992719943;2.926756859;-0.28925212;0.957252951;3.382527345
17:22:00.713787;0.37883601;1.36885625;3.399640848;3.046546732;3.00023818;-0.322120442;0.946698696;3.399640848
17:22:00.723653;0.388101335;1.278059717;3.415721806;3.097140139;3.066968679;-0.354604887;0.935016243;3.415721806
17:22:00.733965;0.388101335;1.022447774;3.430270087;-3.136916273;3.129717112;-0.386666743;0.922219513;3.430270087
17:22:00.744072;0.403756624;1.107961797;3.447495809;-3.082560762;-3.089662552;-0.418267801;0.908323757;3.447495809
17:22:00.755369;0.40273753;0.867456714;3.462994044;-3.029824833;-3.02989912;-0.449370401;0.893345534;3.462994044
17:22:00.765191;0.426091148;1.14467402;3.481078081;-2.975758536;-2.981515884;-0.479937478;0.877302694;3.481078081
17:22:00.775466;0.425071935;0.895573487;3.497181155;-2.924385063;-2.93866086;-0.509932604;0.860214356;3.497181155
17:22:00.786799;0.439491402;0.990219926;3.515438448;-2.869189847;-2.899013281;-0.539320034;0.842100885;3.515438448
17:22:00.795834;0.441736108;0.836345217;3.532197756;-2.816613093;-2.867558241;-0.568064747;0.822983866;3.532197756
17:22:00.806503;0.444231719;0.716667155;3.548799933;-2.762878076;-2.83807683;-0.596132485;0.802886081;3.548799933
17:22:00.817164;0.444231719;0.573333724;3.563786625;-2.712046528;-2.811402559;-0.623489802;0.781831482;3.563786625
17:22:00.827271;0.445500055;0.482109553;3.579196604;-2.657989401;-2.78011179;-0.650104094;0.75984516;3.579196604
17:22:00.837786;0.444746733;0.37106107;3.592970395;-2.607275735;-2.749722004;-0.675943644;0.736953316;3.592970395
17:22:00.848001;0.443758441;0.277317167;3.605718286;-2.558102422;-2.715163231;-0.70097766;0.713183231;3.605718286
17:22:00.858725;0.443786893;0.222396331;3.618355595;-2.50758415;-2.67225337;-0.725176307;0.688563231;3.618355595
17:22:00.869550;0.440527107;0.117377771;3.630263835;-2.456644711;-2.633244038;-0.748510748;0.663122658;3.630263835
17:22:00.880477;0.43930647;0.071114068;3.641444308;-2.406513231;-2.591305971;-0.770953175;0.636891829;3.641444308
17:22:00.891146;0.435043505;-0.020852336;3.651796496;-2.35616917;-2.556651354;-0.792476842;0.609902004;3.651796496
17:22:00.902114;0.434601586;-0.025428143;3.660900239;-2.310116587;-2.521641016;-0.813056099;0.582185348;3.660900239
17:22:00.911983;0.435619789;-0.000833971;3.670017424;-2.262737008;-2.488354921;-0.832666423;0.55377489;3.670017424
17:22:00.922655;0.436637855;0.018172685;3.679074895;-2.213966082;-2.452080011;-0.851284442;0.524704488;3.679074895
17:22:00.933077;0.439900599;0.074128783;3.688038366;-2.164665117;-2.41783309;-0.868887969;0.495008786;3.688038366
17:22:00.943145;0.443153786;0.12380718;3.696006687;-2.119455732;-2.388130903;-0.885456026;0.464723172;3.696006687
17:22:00.953285;0.448660882;0.206364471;3.703956341;-2.073532263;-2.361395836;-0.900968868;0.433883739;3.703956341
17:22:00.964617;0.45518115;0.287273747;3.711987997;-2.02592449;-2.340247869;-0.915408009;0.402527239;3.711987997
17:22:00.975399;0.460704854;0.331932216;3.71963446;-1.978076532;-2.318130732;-0.92875624;0.370691039;3.71963446
17:22:00.986055;0.460704854;0.265545773;3.726156172;-1.931968865;-2.297129393;-0.940997655;0.33841308;3.726156172
17:22:00.995855;0.471509829;0.426139634;3.732143477;-1.88827105;-2.272698402;-0.952117666;0.305731827;3.732143477
17:22:01.007312;0.476067299;0.422431062;3.737931486;-1.840719283;-2.247566223;-0.96210302;0.272686228;3.737931486
17:22:01.016772;0.480342225;0.422626252;3.742365606;-1.79852198;-2.217663527;-0.970941817;0.239315664;3.742365606
17:22:01.028688;0.488909334;0.500637745;3.746361385;-1.755053133;-2.188091755;-0.978623525;0.205659903;3.746361385
17:22:01.038574;0.489926837;0.420304139;3.749322671;-1.713559664;-2.159106493;-0.985138989;0.171759053;3.749322671
17:22:01.048564;0.494293443;0.422461685;3.751486857;-1.67340625;-2.133725643;-0.990480444;0.137653515;3.751486857
17:22:01.059172;0.496574001;0.381126655;3.752937742;-1.632299068;-2.108739138;-0.994641525;0.103383932;3.752937742
17:22:01.069017;0.500892813;0.390555267;3.753635409;-1.593751456;-2.084362268;-0.997617272;0.068991144;3.753635409
17:22:01.079861;0.501182977;0.317874844;3.753685659;-1.553588217;-2.059059858;-0.999404141;0.034516139;3.753685659
17:22:01.089822;0.502472035;0.2798432;3.753181924;-1.516207746;-2.034351826;-1;-1.22E-16;3.753181924
17:22:01.100886;0.501561576;0.205869361;3.752261519;-1.479175481;-2.011516571;-0.999156887;-0.041055029;3.752261519
17:22:01.110677;0.501641828;0.166177565;3.750925852;-1.43988248;-1.992151022;-0.996628969;-0.082040829;3.750925852
17:22:01.120294;0.496627228;0.033389442;3.749609433;-1.40341758;-1.98075366;-0.99242051;-0.122888291;3.749609433
17:22:01.130360;0.489583056;-0.113191356;3.748458914;-1.366815003;-1.966027617;-0.986538605;-0.163528534;3.748458914
17:22:01.141680;0.487468035;-0.128092272;3.747325127;-1.325716391;-1.958245635;-0.978993172;-0.203893032;3.747325127
17:22:01.152512;0.487468035;-0.102473818;3.746453632;-1.288806646;-1.952872753;-0.969796936;-0.24391372;3.746453632
17:22:01.162635;0.484168571;-0.14717766;3.745968063;-1.251376008;-1.947721481;-0.958965403;-0.283523114;3.745968063
17:22:01.172568;0.474255334;-0.313883591;3.746374724;-1.213102375;-1.940338969;-0.946516837;-0.322654424;3.746374724
17:22:01.183237;0.468683134;-0.353858581;3.747603111;-1.171234705;-1.9330405;-0.932472229;-0.361241666;3.747603111
17:22:01.193538;0.462340029;-0.408652701;3.74961447;-1.131350595;-1.928441167;-0.916855263;-0.399219773;3.74961447
17:22:01.203415;0.457284791;-0.427296858;3.752411684;-1.090770733;-1.921890259;-0.899692271;-0.436524705;3.752411684
17:22:01.213497;0.452455305;-0.437318445;3.756007664;-1.049196987;-1.912275434;-0.881012194;-0.473093557;3.756007664
17:22:01.223801;0.446574468;-0.459793614;3.760743769;-1.004252625;-1.894922495;-0.860846532;-0.508864666;3.760743769
17:22:01.235741;0.435301167;-0.55645091;3.767724763;-0.952275328;-1.872825265;-0.839229287;-0.543777715;3.767724763
17:22:01.246014;0.402651859;-1.073128718;3.77773064;-0.903039162;-1.844482899;-0.816196912;-0.577773831;3.77773064
17:22:01.256396;0.408757111;-0.737322638;3.786645141;-0.856014063;-1.815623283;-0.791788245;-0.61079569;3.786645141
17:22:01.266520;0.37800966;-1.180974715;3.799676975;-0.803520993;-1.782622576;-0.766044443;-0.64278761;3.799676975
17:22:01.277540;0.367145043;-1.152287556;3.813835977;-0.749498885;-1.73950398;-0.739008917;-0.673695644;3.813835977
17:22:01.286989;0.355400869;-1.155045735;3.828421843;-0.69642777;-1.691760182;-0.710727255;-0.703467674;3.828421843
17:22:01.297920;0.356504433;-0.902223538;3.8419611;-0.644081698;-1.642448664;-0.681247146;-0.732053499;3.8419611
17:22:01.307287;0.332062082;-1.207061158;3.858095676;-0.58916288;-1.593691349;-0.6506183;-0.759404917;3.858095676
17:22:01.318119;0.32151164;-1.161664277;3.875529395;-0.53010158;-1.541879892;-0.618892365;-0.785475805;3.875529395
17:22:01.329540;0.310855225;-1.136007756;3.89221468;-0.473363424;-1.494279385;-0.586122837;-0.810222204;3.89221468
17:22:01.339336;0.310855225;-0.908806204;3.906922686;-0.418285236;-1.449160337;-0.552364973;-0.833602385;3.906922686
17:22:01.349814;0.301377131;-0.899402275;3.922029796;-0.360123608;-1.401228189;-0.517675697;-0.855576924;3.922029796
17:22:01.360655;0.291912809;-0.903826399;3.935537943;-0.306263602;-1.353340149;-0.482113503;-0.876108766;3.935537943
17:22:01.370770;0.270669231;-1.143270947;3.950405611;-0.251526585;-1.302909732;-0.445738356;-0.895163291;3.950405611
17:22:01.381621;0.257891099;-1.152051091;3.965914672;-0.193411035;-1.254281998;-0.408611593;-0.912708368;3.965914672
17:22:01.390860;0.259924854;-0.88126291;3.977278014;-0.142037314;-1.205220342;-0.370795819;-0.928714413;3.977278014
17:22:01.402520;0.233320708;-1.195066069;3.992103549;-0.083944523;-1.156304836;-0.332354799;-0.943154434;3.992103549
17:22:01.413432;0.220435307;-1.194231797;4.006224152;-0.026550146;-1.104102731;-0.293353354;-0.956004084;4.006224152
17:22:01.422686;0.206508082;-1.232021828;4.019046328;0.026677682;-1.052088857;-0.253857249;-0.967241695;4.019046328
17:22:01.432798;0.197743253;-1.159643451;4.030647386;0.078823538;-0.99934721;-0.213933083;-0.976848318;4.030647386
17:22:01.444004;0.184866698;-1.15711946;4.042979312;0.136476359;-0.947210729;-0.173648178;-0.984807753;4.042979312
17:22:01.454921;0.171980317;-1.180401782;4.05357833;0.188040833;-0.894849598;-0.133070462;-0.99110658;4.05357833
17:22:01.465062;0.160239461;-1.176763073;4.063604842;0.23907042;-0.842766166;-0.092268359;-0.995734176;4.063604842
17:22:01.474898;0.149489673;-1.154979411;4.072907244;0.28932946;-0.792559862;-0.051310672;-0.99868274;4.072907244
17:22:01.484990;0.138737399;-1.137385553;4.081594879;0.339105817;-0.74196291;-0.010266462;-0.999947298;4.081594879
17:22:01.495686;0.126722576;-1.130963561;4.090490869;0.392421554;-0.693800032;0.030795059;-0.99952572;4.090490869
17:22:01.505960;0.11795984;-1.067922027;4.098170592;0.444084447;-0.644030452;0.071804652;-0.997418714;4.098170592
17:22:01.516783;0.109323557;-1.015199323;4.104860415;0.494816692;-0.596303642;0.112693167;-0.993629836;4.104860415
17:22:01.527268;0.099629122;-1.003676643;4.110586219;0.542130209;-0.545298696;0.153391655;-0.988165472;4.110586219
17:22:01.537377;0.099629122;-0.802941314;4.114270695;0.58737097;-0.494529247;0.19383149;-0.981034838;4.114270695
17:22:01.547737;0.09099901;-0.813037747;4.117536198;0.632259442;-0.439770967;0.233944482;-0.972249957;4.117536198
17:22:01.557759;0.081355736;-0.829657639;4.120704497;0.679755102;-0.38291499;0.27366299;-0.961825643;4.120704497
17:22:01.569331;0.072735645;-0.834351653;4.123256167;0.723957095;-0.328337401;0.312920041;-0.949779473;4.123256167
17:22:01.579223;0.062878111;-0.85153443;4.12573289;0.770615449;-0.268389881;0.351649437;-0.936131761;4.12573289
17:22:01.589858;0.054200718;-0.841577874;4.127774529;0.817322709;-0.20761171;0.389785873;-0.920905518;4.127774529
17:22:01.600285;0.042247438;-0.892180389;4.129839251;0.864476923;-0.148671016;0.427265042;-0.90412642;4.129839251
17:22:01.610889;0.016765339;-1.217480781;4.133413912;0.909853627;-0.10771583;0.464023746;-0.885822761;4.133413912
17:22:01.624050;0.003495201;-1.186766487;4.137560412;0.965584591;-0.072627567;0.5;-0.866025404;4.137560412
17:22:01.633467;-0.013100657;-1.264038521;4.141146557;1.01284078;-0.0511204;0.535133141;-0.844767732;4.141146557
17:22:01.643885;-0.023180939;-1.204227188;4.144158965;1.059129057;-0.0307106;0.569363927;-0.822085591;4.144158965
17:22:01.654749;-0.033653891;-1.156263556;4.146784015;1.106773076;-0.012798845;0.602634636;-0.798017227;4.146784015
17:22:01.665503;-0.045825322;-1.166044456;4.148947834;1.150828774;0.011388776;0.634889167;-0.772603226;4.148947834
17:22:01.675464;-0.058982173;-1.194177744;4.150943681;1.194610087;0.039434426;0.666073132;-0.745886441;4.150943681
17:22:01.686220;-0.065571361;-1.078228859;4.152369281;1.240559116;0.079096057;0.696133946;-0.717911923;4.152369281
17:22:01.697054;-0.075653819;-1.050059563;4.153411639;1.286270746;0.133762881;0.725020921;-0.688726843;4.153411639
17:22:01.707267;-0.093058795;-1.184927284;4.154476041;1.329263115;0.183486238;0.752685347;-0.658380414;4.154476041
17:22:01.717492;-0.09976396;-1.072068881;4.155130326;1.374805372;0.240365937;0.779080575;-0.626923806;4.155130326
17:22:01.727791;-0.106464868;-0.985466939;4.155410597;1.418656533;0.288488835;0.804162096;-0.594410063;4.155410597
17:22:01.737930;-0.112765596;-0.913468068;4.155461351;1.460567543;0.362196505;0.827887619;-0.56089401;4.155461351
17:22:01.748873;-0.120623108;-0.885734976;4.155431133;1.502679144;0.428140044;0.850217136;-0.526432163;4.155431133
17:22:01.759418;-0.126934472;-0.823983012;4.155366841;1.548069596;0.49933517;0.871112994;-0.491082632;4.155366841
17:22:01.770023;-0.134248973;-0.799071864;4.15537255;1.59153142;0.58085674;0.890539959;-0.454905025;4.15537255
17:22:01.780331;-0.138552991;-0.722365589;4.155533181;1.634732526;0.671884358;0.908465272;-0.417960345;4.155533181
17:22:01.790867;-0.14188139;-0.641331879;4.155968539;1.678774493;0.759625018;0.924858707;-0.380310889;4.155968539
17:22:01.801506;-0.140867401;-0.493782325;4.156890344;1.723408266;0.831713557;0.939692621;-0.342020143;4.156890344
17:22:01.811524;-0.142714259;-0.43143213;4.158278245;1.766977797;0.899479985;0.952942;-0.303152674;4.158278245
17:22:01.822459;-0.147538582;-0.434176577;4.160235206;1.814009697;0.953041911;0.964584504;-0.263774021;4.160235206
17:22:01.833687;-0.143487186;-0.267506665;4.162959621;1.858971538;1.02364254;0.9746005;-0.223950585;4.162959621
17:22:01.842003;-0.145411207;-0.252236914;4.166253079;1.904181534;1.090677857;0.9829731;-0.183749518;4.166253079
17:22:01.852930;-0.143790873;-0.169837553;4.170377464;1.950581671;1.163332224;0.989688184;-0.143238607;4.170377464
17:22:01.863908;-0.140916853;-0.086571643;4.176190592;2.005053168;1.221235514;0.99473443;-0.102486164;4.176190592
17:22:01.875137;-0.135401468;0.035915137;4.182574707;2.055271267;1.275685191;0.998103329;-0.061560906;4.182574707
17:22:01.885706;-0.128950902;0.156860158;4.189787434;2.104634055;1.328355193;0.9997892;-0.020531842;4.189787434
17:22:01.895278;-0.123819523;0.224356055;4.198082343;2.156462957;1.374132037;0.9997892;0.020531842;4.198082343
17:22:01.905661;-0.099373613;0.663309829;4.209027604;2.209886256;1.430495381;0.998103329;0.061560906;4.209027604
17:22:01.916212;-0.081219172;0.885105868;4.222249622;2.266291369;1.492097616;0.99473443;0.102486164;4.222249622
17:22:01.926308;-0.069370354;0.928178103;4.237295033;2.326879763;1.54916358;0.989688184;0.143238607;4.237295033
17:22:01.935893;-0.053092799;1.065362368;4.252764429;2.385159556;1.602777362;0.9829731;0.183749518;4.252764429
17:22:01.946631;-0.034027621;1.228919344;4.26978498;2.445323092;1.657470822;0.9746005;0.223950585;4.26978498
17:22:01.956610;-0.013194305;1.377855728;4.288931504;2.509644635;1.713674903;0.964584504;0.263774021;4.288931504
17:22:01.966957;0.008755929;1.534846822;4.308425097;2.572767716;1.763447046;0.952942;0.303152674;4.308425097
17:22:01.977036;0.03026034;1.6439617;4.328824967;2.637810563;1.808933258;0.939692621;0.342020143;4.328824967
17:22:01.988087;0.057990811;1.832965868;4.351057742;2.706532571;1.854485512;0.924858707;0.380310889;4.351057742
17:22:01.998874;0.055955365;1.427392386;4.367426107;2.768430868;1.906697631;0.908465272;0.417960345;4.367426107
17:22:02.008797;0.10513953;2.116841578;4.387790505;2.832969189;1.963367224;0.890539959;0.454905025;4.387790505
17:22:02.019423;0.101999446;1.634222408;4.402418763;2.894187966;2.02872014;0.871112994;0.491082632;4.402418763
17:22:02.029828;0.122836717;1.720064032;4.414693404;2.950986872;2.06836772;0.850217136;0.526432163;4.414693404
17:22:02.039891;0.142540885;1.759997977;4.425131033;3.006796023;2.125409365;0.827887619;0.56089401;4.425131033
17:22:02.050437;0.184896254;2.210607796;4.43832432;3.066770127;2.162762403;0.804162096;0.594410063;4.43832432
17:22:02.061361;0.203433492;2.11124451;4.44845798;3.124972726;2.212933302;0.779080575;0.626923806;4.44845798
17:22:02.072035;0.221990575;2.032786543;4.455249842;-3.103353688;2.264528751;0.752685347;0.658380414;4.455249842
17:22:02.082966;0.239511276;1.949875112;4.458721365;-3.05161946;2.317011595;0.725020921;0.688726843;4.458721365
17:22:02.093779;0.258057905;1.905776236;4.459396338;-3.003117502;2.369230747;0.696133946;0.717911923;4.459396338
17:22:02.103216;0.274505017;1.850510967;4.45749132;-2.96001569;2.417103052;0.666073132;0.745886441;4.45749132
17:22:02.114382;0.292057979;1.809912692;4.45337971;-2.916652948;2.472280979;0.634889167;0.772603226;4.45337971
17:22:02.124621;0.308588857;1.76815833;4.447389649;-2.87669072;2.525875568;0.602634636;0.798017227;4.447389649
17:22:02.135125;0.342855074;2.041396173;4.442985021;-2.832492921;2.576592684;0.569363927;0.822085591;4.442985021
17:22:02.145448;0.355404637;1.881318416;4.436417568;-2.794160416;2.639490366;0.535133141;0.844767732;4.436417568
17:22:02.156263;0.369985878;1.788433461;4.428191056;-2.756770332;2.699477911;0.5;0.866025404;4.428191056
17:22:02.166980;0.366858156;1.373625545;4.414338054;-2.722201531;2.763862848;0.464023746;0.885822761;4.414338054
17:22:02.176584;0.379401683;1.347006598;4.400565672;-2.691405651;2.82531786;0.427265042;0.90412642;4.369748781
17:22:02.186701;0.389908749;1.286261025;4.385933995;-2.661789696;2.890464067;0.389785873;0.920905518;4.325159508
17:22:02.197159;0.415978816;1.531966944;4.373180339;-2.629139317;2.963922262;0.351649437;0.936131761;4.280570235
17:22:02.207827;0.420212101;1.309001951;4.358941411;-2.599068158;3.041422844;0.312920041;0.949779473;4.235980961
17:22:02.218081;0.419194172;1.027849656;4.341807254;-2.570433822;3.1208601;0.27366299;0.961825643;4.191391688
17:22:02.227663;0.425425348;0.945664684;4.324852308;-2.543619246;-3.099568367;0.233944482;0.972249957;4.146802415
17:22:02.238679;0.425382928;0.755731019;4.305693614;-2.517054141;-3.050355434;0.19383149;0.981034838;4.102213141
17:22:02.249271;0.427389333;0.642909702;4.286149765;-2.491616791;-3.004631758;0.153391655;0.988165472;4.057623868
17:22:02.260988;0.428603456;0.537423141;4.266100678;-2.466706309;-2.954814434;0.112693167;0.993629836;4.013034595
17:22:02.269745;0.428816837;0.434158954;4.246533897;-2.443233952;-2.900450706;0.071804652;0.997418714;3.968445322
17:22:02.280701;0.430035548;0.369850634;4.225757002;-2.418168644;-2.846064806;0.030795059;0.99952572;3.923856048
17:22:02.290683;0.430428613;0.303683957;4.206653901;-2.394797322;-2.790393591;-0.010266462;0.999947298;3.879266775
17:22:02.302268;0.430650299;0.246760785;4.185117419;-2.367552958;-2.742069721;-0.051310672;0.99868274;3.834677502
17:22:02.312988;0.429867826;0.182338473;4.166378454;-2.34292989;-2.703122139;-0.092268359;0.995734176;3.790088229
17:22:02.323862;0.429867826;0.145870779;4.147595762;-2.316540645;-2.671904087;-0.133070462;0.99110658;3.745498955
17:22:02.333285;0.425519653;0.030887699;4.130300753;-2.291890104;-2.643021822;-0.173648178;0.984807753;3.700909682
17:22:02.343341;0.422484622;-0.035590834;4.11367432;-2.2670244;-2.606280565;-0.213933083;0.976848318;3.656320409
17:22:02.354228;0.4148175;-0.177139927;4.096644161;-2.24171312;-2.564254761;-0.253857249;0.967241695;3.611731135
17:22:02.364509;0.411758395;-0.20248958;4.080864389;-2.216334356;-2.517514944;-0.293353354;0.956004084;3.567141862
17:22:02.373839;0.408746989;-0.221563203;4.065945545;-2.190071382;-2.479095936;-0.332354799;0.943154434;3.522552589
17:22:02.384257;0.403629081;-0.277320544;4.051588355;-2.162914113;-2.44316721;-0.370795819;0.928714413;3.477963316
17:22:02.395290;0.398492459;-0.319392289;4.037681699;-2.134220938;-2.408305407;-0.408611593;0.912708368;3.433374042
17:22:02.406065;0.394370171;-0.33169269;4.024547169;-2.103729692;-2.370708942;-0.445738356;0.895163291;3.388784769
17:22:02.416085;0.394370171;-0.265354152;4.013375058;-2.072379682;-2.330337763;-0.482113503;0.876108766;3.344195496
17:22:02.427080;0.387142014;-0.350980965;4.003077402;-2.040901365;-2.28801012;-0.517675697;0.855576924;3.299606222
17:22:02.437720;0.384042922;-0.335463621;3.993235356;-2.005423521;-2.244532824;-0.552364973;0.833602385;3.255016949
17:22:02.447992;0.384213297;-0.265002017;3.985901792;-1.972404968;-2.204520941;-0.586122837;0.810222204;3.210427676
17:22:02.458994;0.387471945;-0.147304394;3.980107191;-1.938077586;-2.165858269;-0.618892365;0.785475805;3.165838403
17:22:02.470130;0.389714066;-0.077587532;3.97512374;-1.898754197;-2.129312515;-0.6506183;0.759404917;3.121249129
17:22:02.479265;0.391976842;-0.017293906;3.97171747;-1.862001524;-2.093497515;-0.681247146;0.732053499;3.076659856
17:22:02.490119;0.392168136;-0.010066932;3.96906833;-1.824339521;-2.060723782;-0.710727255;0.703467674;3.032070583
17:22:02.500650;0.389902887;-0.050988625;3.966867848;-1.784670699;-2.030483723;-0.739008917;0.673695644;2.98748131
17:22:02.511408;0.390950941;-0.021278937;3.965301028;-1.743631664;-2.002347231;-0.766044443;0.64278761;2.942892036
17:22:02.522085;0.389688354;-0.040468132;3.964184169;-1.702046134;-1.972177505;-0.791788245;0.61079569;2.898302763
17:22:02.532203;0.390644517;-0.014547252;3.963512302;-1.660198162;-1.936297059;-0.816196912;0.577773831;2.85371349
17:22:02.543699;0.38942589;-0.034105837;3.963130319;-1.617587669;-1.897923946;-0.839229287;0.543777715;2.809124216
17:22:02.553477;0.389247216;-0.030704434;3.963005937;-1.576300113;-1.859423637;-0.860846532;0.508864666;2.764534943
17:22:02.564535;0.39850681;0.143094051;3.963034093;-1.532497143;-1.825541854;-0.881012194;0.473093557;2.71994567
17:22:02.574662;0.401578742;0.17544896;3.963062693;-1.492535868;-1.796708941;-0.899692271;0.436524705;2.675356397
17:22:02.585388;0.406792426;0.243460044;3.962958498;-1.452559098;-1.77253139;-0.916855263;0.399219773;2.630767123
17:22:02.594732;0.411084027;0.279850116;3.962642672;-1.412897539;-1.751550555;-0.932472229;0.361241666;2.58617785
17:22:02.605488;0.416207375;0.325157317;3.961996993;-1.373454417;-1.737966657;-0.946516837;0.322654424;2.541588577
17:22:02.614960;0.423649012;0.407581615;3.960822358;-1.334644865;-1.726889014;-0.958965403;0.283523114;2.496999303
17:22:02.625751;0.431247454;0.467632022;3.958877884;-1.294080969;-1.716373086;-0.969796936;0.24391372;2.45241003
17:22:02.636517;0.435388254;0.450429245;3.956355022;-1.253660935;-1.706804633;-0.978993172;0.203893032;2.407820757
17:22:02.647061;0.44591173;0.560805236;3.952826604;-1.215668962;-1.697594881;-0.986538605;0.163528534;2.363231484
17:22:02.657648;0.449012301;0.510077035;3.948940237;-1.179674225;-1.696106672;-0.99242051;0.122888291;2.31864221
17:22:02.668019;0.453140418;0.484939117;3.944179819;-1.142050493;-1.701035142;-0.996628969;0.082040829;2.274052937
17:22:02.678921;0.461437284;0.547438667;3.938521061;-1.106701655;-1.70967412;-0.999156887;0.041055029;2.229463664
17:22:02.689894;0.463495228;0.476159526;3.932273493;-1.070556392;-1.719872594;-1;-1.22E-16;2.184874391
17:22:02.699846;0.463495228;0.380927621;3.926306084;-1.036790559;-1.727886438;1;0;0
17:22:02.709916;0.461437284;0.266713415;3.920106622;-1.000528624;-1.731141329;1;0;0
17:22:02.721260;0.458135817;0.151580693;3.914361803;-0.964413482;-1.732671022;1;0;0
17:22:02.731275;0.451949774;0.003742245;3.909490207;-0.928102425;-1.729988456;1;0;0
17:22:02.742246;0.442465482;-0.184976754;3.90604371;-0.892114503;-1.724150777;1;0;0
17:22:02.753111;0.43398826;-0.293689351;3.903261404;-0.849462268;-1.716112614;1;0;0
17:22:02.763812;0.42466584;-0.405714551;3.901845607;-0.808267431;-1.710627437;1;0;0
17:22:02.774289;0.417206765;-0.468553381;3.901269565;-0.768418401;-1.70894587;1;0;0
17:22:02.785441;0.407821113;-0.550173671;3.90171803;-0.726199024;-1.706362844;1;0;0
17:22:02.795690;0.398255877;-0.629975718;3.903059907;-0.68553077;-1.70445025;1;0;0
17:22:02.807114;0.387810069;-0.697871477;3.905510214;-0.641010969;-1.702433228;1;0;0
17:22:02.816405;0.37717352;-0.768758045;3.908667633;-0.598360161;-1.697812796;1;0;0
17:22:02.826950;0.366531412;-0.818018504;3.912700723;-0.553325245;-1.689261436;1;0;0
17:22:02.837303;0.352836266;-0.924644787;3.917800007;-0.508539848;-1.673407435;1;0;0
17:22:02.847563;0.340283806;-0.971170905;3.924067134;-0.459742057;-1.649260521;1;0;0
17:22:02.859909;0.329686117;-0.956147934;3.930918985;-0.40643673;-1.617135763;1;0;0
17:22:02.869373;0.319222634;-0.972781976;3.936693255;-0.361056399;-1.578487754;1;0;0
17:22:02.880108;0.308674207;-0.987310194;3.942506997;-0.315489632;-1.534335017;1;0;0
17:22:02.890186;0.300277468;-0.956231074;3.947767169;-0.270407991;-1.485377908;1;0;0
17:22:02.900902;0.288546976;-0.982519669;3.953432003;-0.222133465;-1.433732629;1;0;0
17:22:02.910745;0.277967378;-0.985234219;3.958611121;-0.174934339;-1.380292296;1;0;0
17:22:02.921682;0.269523787;-0.944625959;3.962886909;-0.127900331;-1.326620102;1;0;0
17:22:02.932596;0.263121636;-0.873701022;3.965667005;-0.082100697;-1.271937251;1;0;0
17:22:02.943259;0.256730459;-0.825656151;3.96700165;-0.040747272;-1.217350841;1;0;0
17:22:02.952786;0.249440768;-0.805331195;3.967459377;-0.000344495;-1.163862824;1;0;0
17:22:02.964237;0.24518449;-0.724064007;3.966254647;0.040769661;-1.112894177;1;0;0
17:22:02.974227;0.239888678;-0.683755166;3.963870165;0.078573682;-1.064959764;1;0;0
17:22:02.984422;0.235646025;-0.630471856;3.960151189;0.115134353;-1.019687772;1;0;0
17:22:02.995111;0.231413269;-0.580730946;3.954665302;0.153527685;-0.977127254;1;0;0
17:22:03.006420;0.227219466;-0.545801488;3.948328014;0.188001045;-0.936062098;1;0;0
17:22:03.015481;0.222015542;-0.535373433;3.941020022;0.222277648;-0.898311913;1;0;0
17:22:03.027005;0.217783128;-0.507445112;3.932567606;0.255931693;-0.86188823;1;0;0
17:22:03.037782;0.213588669;-0.482781533;3.922938471;0.289193311;-0.828208089;1;0;0
17:22:03.048704;0.205139718;-0.540989631;3.913401415;0.322438527;-0.796170235;1;0;0
17:22:03.058718;0.205139718;-0.432791705;3.902561342;0.352105707;-0.765394449;1;0;0
17:22:03.068986;0.200876886;-0.429863007;3.891306889;0.380580037;-0.736599863;1;0;0
17:22:03.079564;0.196638585;-0.425393641;3.879261203;0.408943898;-0.708156705;1;0;0
17:22:03.090456;0.192364285;-0.418752648;3.866050382;0.437941003;-0.681715131;1;0;0
17:22:03.101356;0.18171751;-0.531322574;3.853763025;0.46752097;-0.656670809;1;0;0
17:22:03.111325;0.17641642;-0.529997119;3.841965697;0.494600503;-0.63276881;1;0;0
17:22:03.121953;0.176249862;-0.427214695;3.828501892;0.520851398;-0.608289719;1;0;0
17:22:03.132210;0.172925001;-0.40328024;3.8137904;0.547451811;-0.578991532;1;0;0
17:22:03.142187;0.177005241;-0.241574249;3.79809665;0.570078883;-0.544284284;1;0;0
17:22:03.152494;0.170504456;-0.318827983;3.782265063;0.593492353;-0.502348781;1;0;0
17:22:03.162818;0.168138575;-0.301759494;3.766247431;0.615719621;-0.452445388;1;0;0
17:22:03.173602;0.161687577;-0.367281266;3.750367453;0.638362962;-0.398159385;1;0;0
17:22:03.183460;0.164464317;-0.238809769;3.73331174;0.659079682;-0.325449049;1;0;0
17:22:03.194493;0.162026859;-0.236276242;3.714757744;0.680665696;-0.246449426;1;0;0
17:22:03.206127;0.158645029;-0.250935206;3.695812389;0.702198526;-0.161655426;1;0;0
17:22:03.216058;0.15407578;-0.286936389;3.677544231;0.723020703;-0.089873016;1;0;0
17:22:03.226407;0.148443651;-0.336806091;3.659773103;0.743778916;-0.035945803;1;0;0
17:22:03.236909;0.146220155;-0.311404778;3.641534628;0.76423139;0.036376607;1;0;0
17:22:03.247345;0.151033564;-0.156473726;3.622192888;0.782627018;0.113209449;1;0;0
17:22:03.256944;0.146661812;-0.211929707;3.603671973;0.800520844;0.205083042;1;0;0
17:22:03.268136;0.150779635;-0.092647707;3.58277023;0.818103264;0.286339641;1;0;0
17:22:03.277979;0.154942143;0.008557143;3.562069394;0.833375281;0.375707686;1;0;0
17:22:03.287706;0.158980274;0.086989203;3.540420131;0.847513022;0.480786294;1;0;0
17:22:03.299027;0.158818987;0.066644158;3.516654634;0.862367846;0.591443121;1;0;0
17:22:03.309807;0.156547841;0.010607254;3.493652651;0.876645789;0.69635731;1;0;0
17:22:03.319981;0.15233297;-0.075180613;3.472230916;0.890316389;0.793469965;1;0;0
17:22:03.332778;0.148826008;-0.115203019;3.44539903;0.907546956;0.870505512;1;0;0
17:22:03.343284;0.142150809;-0.213342131;3.422874219;0.922856465;0.877358913;1;0;0
17:22:03.354004;0.137715323;-0.258019594;3.402412915;0.937054729;0.789877236;1;0;0
17:22:03.364865;0.132271114;-0.306895232;3.38104415;0.952440612;0.611003518;1;0;0
17:22:03.375415;0.129045985;-0.305916211;3.360100218;0.967492103;0.413385957;1;0;0
17:22:03.386351;0.126810045;-0.286012827;3.338847689;0.982524985;0.247808248;1;0;0
17:22:03.396280;0.12346087;-0.295306411;3.319261371;0.996473408;0.154620618;1;0;0
17:22:03.406333;0.124093438;-0.224339532;3.298270391;1.010642882;0.114953861;1;0;0
17:22:03.417408;0.120739268;-0.245449818;3.278432109;1.024239093;0.086079344;1;0;0
17:22:03.426538;0.123796236;-0.135689522;3.258245029;1.036988155;0.091686867;1;0;0
17:22:03.437327;0.121709163;-0.149901345;3.238194541;1.049727644;0.104860447;1;0;0
17:22:03.447474;0.120437073;-0.144799755;3.21798628;1.062530978;0.134302661;1;0;0
17:22:03.458254;0.119393692;-0.134937546;3.19651487;1.076104377;0.162907764;1;0;0
17:22:03.468955;0.119393692;-0.107950037;3.175608371;1.089150352;0.198085979;1;0;0
17:22:03.479341;0.127621215;0.070211789;3.154091681;1.100894798;0.282922626;1;0;0
17:22:03.490053;0.12943696;0.090912732;3.132633122;1.112291586;0.353242368;1;0;0
17:22:03.501119;0.128434851;0.054138269;3.110827831;1.124138485;0.420519918;1;0;0
17:22:03.510402;0.127432334;0.02348585;3.090705961;1.135376921;0.44857198;1;0;0
17:22:03.521779;0.126387916;-0.000814216;3.069898655;1.147392278;0.484892726;1;0;0
17:22:03.532089;0.124139167;-0.042158478;3.049325743;1.159971445;0.492939711;1;0;0
17:22:03.542933;0.123095716;-0.053425772;3.029685534;1.172531283;0.469997615;1;0;0
17:22:03.553709;0.116959989;-0.158328243;3.01106493;1.185976378;0.394382089;1;0;0
17:22:03.563859;0.115918495;-0.145944812;2.992677354;1.200016498;0.29114747;1;0;0
17:22:03.575529;0.113597471;-0.159123794;2.974787998;1.214817936;0.191144958;1;0;0
17:22:03.586501;0.114562376;-0.110033924;2.95702462;1.230205406;0.112457894;1;0;0
17:22:03.597548;0.113484184;-0.108157463;2.940724775;1.245493693;0.077457286;1;0;0
17:22:03.607671;0.110120983;-0.153098541;2.926255572;1.260663563;0.052702084;1;0;0
17:22:03.617254;0.11008393;-0.123213169;2.912437024;1.276304974;0.057066523;1;0;0
17:22:03.627829;0.108796724;-0.123513278;2.899116727;1.292975405;0.057096269;1;0;0
17:22:03.638084;0.107794763;-0.11861379;2.88687767;1.310010517;0.073686324;1;0;0
17:22:03.648095;0.105717283;-0.133361147;2.874847126;1.32909387;0.064428762;1;0;0
17:22:03.659455;0.105717283;-0.106688918;2.863826509;1.348887383;0.062555432;1;0;0
17:22:03.670209;0.104931075;-0.100068942;2.853910303;1.369513755;0.068905935;1;0;0
17:22:03.681087;0.099718587;-0.17594796;2.845225621;1.391807137;0.078936234;1;0;0
17:22:03.692968;0.096674989;-0.196698443;2.837818986;1.415319897;0.091179296;1;0;0
17:22:03.702099;0.095923055;-0.171702489;2.831800202;1.439021708;0.09030012;1;0;0
17:22:03.712444;0.095923055;-0.137361991;2.826828626;1.464022704;0.096918724;1;0;0
17:22:03.723113;0.093973849;-0.146014841;2.82300208;1.490679828;0.083806105;1;0;0
17:22:03.734090;0.093973849;-0.116811873;2.820484757;1.516745816;0.076522641;1;0;0
17:22:03.743840;0.093973849;-0.093449499;2.819003114;1.543884722;0.068469509;1;0;0
17:22:03.754938;0.093973849;-0.074759599;2.818544544;1.571894749;0.072931908;1;0;0
17:22:03.763974;0.089737624;-0.143744794;2.819041338;1.60084313;0.072117105;1;0;0
17:22:03.774121;0.088733096;-0.134271501;2.820463315;1.631653907;0.079670191;1;0;0
17:22:03.787484;0.087980396;-0.122310217;2.822635161;1.662345636;0.08906132;1;0;0
17:22:03.795803;0.086975119;-0.116248967;2.825725454;1.696293524;0.089040883;1;0;0
17:22:03.807133;0.088008001;-0.074262813;2.829573473;1.731317038;0.084858529;1;0;0
17:22:03.816657;0.089041402;-0.03953806;2.833752052;1.764945902;0.084329002;1;0;0
17:22:03.827204;0.087124055;-0.069703648;2.837963434;1.797719588;0.101109825;1;0;0
17:22:03.838086;0.087124055;-0.055762918;2.842609443;1.833013847;0.118245795;1;0;0
17:22:03.848919;0.087151706;-0.044098971;2.847211138;1.868382042;0.146261603;1;0;0
17:22:03.858832;0.087151706;-0.035279177;2.851292726;1.901378299;0.176860213;1;0;0
17:22:03.870609;0.086118281;-0.04766275;2.855001615;1.935423099;0.194584802;1;0;0
17:22:03.880405;0.086118281;-0.0381302;2.858096229;1.969180545;0.188167125;1;0;0
17:22:03.890663;0.082065872;-0.109321142;2.859693327;2.000176632;0.165502846;1;0;0
17:22:03.901481;0.079849645;-0.128311866;2.860018495;2.031530076;0.144518137;1;0;0
17:22:03.911444;0.078817765;-0.121960411;2.859030557;2.061102949;0.11981412;1;0;0
17:22:03.922775;0.075748973;-0.155503816;2.856298954;2.088646032;0.097206891;1;0;0
17:22:03.932930;0.075748973;-0.124403053;2.852514475;2.113745151;0.080397807;1;0;0
17:22:03.943662;0.076002133;-0.094840265;2.847210611;2.13926032;0.068108603;1;0;0
17:22:03.954210;0.077031976;-0.056360449;2.84091516;2.162988298;0.064635426;1;0;0
17:22:03.964270;0.076025032;-0.063936309;2.83299552;2.185382469;0.065899342;1;0;0
17:22:03.974560;0.076298744;-0.045742212;2.824335606;2.205362867;0.080689408;1;0;0
17:22:03.985939;0.077328624;-0.01743706;2.814112805;2.225453952;0.10420797;1;0;0
17:22:03.995647;0.076320979;-0.033144458;2.802699436;2.243527432;0.13176848;1;0;0
17:22:04.005748;0.078629412;0.019334207;2.791205563;2.260198473;0.159825981;1;0;0
17:22:04.017082;0.077450079;-0.006649496;2.777671558;2.276360231;0.172354594;1;0;0
17:22:04.026721;0.077696704;-0.000423179;2.764008086;2.290610095;0.186871767;1;0;0
17:22:04.037782;0.078726117;0.018877409;2.748807251;2.304942667;0.189486399;1;0;0
17:22:04.047824;0.077696704;-0.004134505;2.732490412;2.317959029;0.198924616;1;0;0
17:22:04.058570;0.077942822;0.001275343;2.715405816;2.330131927;0.206807643;1;0;0
17:22:04.070134;0.07693547;-0.017593489;2.697233338;2.341252492;0.20477064;1;0;0
17:22:04.080376;0.07590756;-0.033067286;2.678202703;2.351315204;0.193591267;1;0;0
17:22:04.091222;0.074899866;-0.046168716;2.659533281;2.359929083;0.165004864;1;0;0
17:22:04.101993;0.075146473;-0.032356143;2.639550457;2.368486484;0.137880296;1;0;0
17:22:04.112169;0.075165352;-0.025534063;2.619264449;2.376497812;0.107239679;1;0;0
17:22:04.122066;0.075165352;-0.02042725;2.599966336;2.383576788;0.085539073;1;0;0
17:22:04.133413;0.07541046;-0.011655552;2.579854317;2.390557344;0.070825525;1;0;0
17:22:04.144059;0.07541046;-0.009324441;2.55891854;2.397356927;0.067393541;1;0;0
17:22:04.154943;0.074235034;-0.029313474;2.537584106;2.403434426;0.07158985;1;0;0
17:22:04.165145;0.074235034;-0.023450779;2.517415246;2.408864641;0.075759999;1;0;0
17:22:04.174888;0.073209113;-0.03836146;2.496224556;2.413915719;0.080052614;1;0;0
17:22:04.185227;0.073209113;-0.030689168;2.475352175;2.418638352;0.076881059;1;0;0
17:22:04.196854;0.071175972;-0.061733082;2.452573163;2.42280577;0.067764379;1;0;0
17:22:04.206517;0.071175972;-0.049386466;2.431623779;2.426450541;0.056811575;1;0;0
17:22:04.216679;0.070398637;-0.054243618;2.409479768;2.429846384;0.047781695;1;0;0
17:22:04.227981;0.070398637;-0.043394894;2.386924237;2.433109526;0.042475082;1;0;0
17:22:04.237465;0.069390579;-0.054616498;2.365453607;2.435711875;0.038447846;1;0;0
17:22:04.249014;0.068367163;-0.062803113;2.342512446;2.437983778;0.035108507;1;0;0
17:22:04.259040;0.068367163;-0.05024249;2.320966382;2.439974863;0.035037301;1;0;0
17:22:04.269499;0.067344255;-0.059575394;2.298221015;2.441608463;0.02683044;1;0;0
17:22:04.279031;0.067344255;-0.047660315;2.276622789;2.443051458;0.023505306;1;0;0
17:22:04.289694;0.066321856;-0.058367134;2.254793536;2.444113225;0.014449766;1;0;0
17:22:04.300498;0.06529997;-0.065670722;2.231399015;2.444876047;0.011410711;1;0;0
17:22:04.312137;0.06529997;-0.052536577;2.20813274;2.445625171;0.007815909;1;0;0
17:22:04.321583;0.06529997;-0.042029262;2.186618997;2.446337135;0.010454982;1;0;0
17:22:04.331862;0.064291579;-0.053540168;2.165058514;2.446809049;0.015395414;1;0;0
17:22:04.341150;0.06454258;-0.03784613;2.143999111;2.447441603;0.019986952;1;0;0
17:22:04.351714;0.063533859;-0.049330531;2.121912805;2.447939169;0.024808897;1;0;0
17:22:04.362427;0.063533859;-0.039464425;2.099619285;2.448646852;0.027560372;1;0;0
17:22:04.372615;0.063533859;-0.03157154;2.079239791;2.449512001;0.033641033;1;0;0
17:22:04.384176;0.063533859;-0.025257232;2.058068325;2.450670085;0.035193827;1;0;0
17:22:04.394443;0.061354654;-0.060232932;2.036563877;2.451457593;0.035175923;1;0;0
17:22:04.405287;0.060345945;-0.068221034;2.016912807;2.452214577;0.030689979;1;0;0
17:22:04.415088;0.060345945;-0.054576827;1.997445791;2.453315699;0.028246386;1;0;0
17:22:04.425858;0.059336914;-0.062512996;1.977377017;2.454521682;0.025867434;1;0;0
17:22:04.435922;0.059336914;-0.050010397;1.958087924;2.456086572;0.022950042;1;0;0
17:22:04.446584;0.062895751;0.030412239;1.941188928;2.458892988;0.026833026;1;0;0
17:22:04.456343;0.0618864;0.00434904;1.924401704;2.461632907;0.035764758;1;0;0
17:22:04.466902;0.0618864;0.003479232;1.908010839;2.464600532;0.051215254;1;0;0
17:22:04.477049;0.063152426;0.027791085;1.892311071;2.468139778;0.06784264;1;0;0
17:22:04.487362;0.062142757;0.003244917;1.87587293;2.471738326;0.085634597;1;0;0
17:22:04.498317;0.063162743;0.021715195;1.86004305;2.475838769;0.102686971;1;0;0
17:22:04.508464;0.063406823;0.02187966;1.844362493;2.480217143;0.107301675;1;0;0
17:22:04.520191;0.063260851;0.014812591;1.82889712;2.484675936;0.107331008;1;0;0
17:22:04.530174;0.062251546;-0.007623723;1.814079802;2.488739521;0.098167323;1;0;0
17:22:04.541331;0.062251546;-0.006098978;1.798972129;2.49305841;0.087436825;1;0;0
17:22:04.551418;0.062494149;-0.000174073;1.784782082;2.497346607;0.079288311;1;0;0
17:22:04.562172;0.061475624;-0.018909607;1.769751086;2.501603164;0.074680999;1;0;0
17:22:04.572179;0.059203419;-0.060245559;1.755361857;2.504966741;0.067136757;1;0;0
17:22:04.582858;0.059203419;-0.048196448;1.740513599;2.50858978;0.047210488;1;0;0
17:22:04.593080;0.056164751;-0.098697736;1.725668271;2.511257473;0.024119115;1;0;0
17:22:04.604089;0.055146743;-0.097680162;1.709679567;2.513948191;-0.001540227;1;0;0
17:22:04.615823;0.055146743;-0.078144129;1.695107108;2.516563351;-0.023094531;1;0;0
17:22:04.624079;0.055146743;-0.062515304;1.680722971;2.519270722;-0.03855449;1;0;0
17:22:04.634536;0.05297616;-0.089808398;1.66479313;2.521587907;-0.04206508;1;0;0
17:22:04.644794;0.05297616;-0.071846719;1.650000483;2.523870075;-0.040670156;1;0;0
17:22:04.655526;0.050948508;-0.09701712;1.634903738;2.525618541;-0.034660574;1;0;0
17:22:04.664940;0.049931507;-0.097807151;1.62002669;2.527134068;-0.026306452;1;0;0
17:22:04.675824;0.048915011;-0.098436484;1.605102367;2.528446317;-0.016658179;1;0;0
17:22:04.686608;0.046888578;-0.116122357;1.588676614;2.529337457;-0.01698311;1;0;0
17:22:04.696715;0.045873099;-0.111722861;1.572329798;2.530041833;-0.01732301;1;0;0
17:22:04.708012;0.04485813;-0.108007403;1.555811678;2.530566448;-0.0212529;1;0;0
17:22:04.718650;0.041564219;-0.149904302;1.539408961;2.530219551;-0.026525721;1;0;0
17:22:04.728910;0.039535962;-0.1601051;1.523200507;2.529469984;-0.032065865;1;0;0
17:22:04.738715;0.037509789;-0.168328549;1.506807778;2.528332006;-0.034391418;1;0;0
17:22:04.748876;0.037509789;-0.134662839;1.489737048;2.527340285;-0.031213457;1;0;0
17:22:04.759382;0.03548645;-0.147855566;1.473471016;2.526016071;-0.032613594;1;0;0
17:22:04.769603;0.034474675;-0.13719305;1.456300779;2.524522305;-0.032372836;1;0;0
17:22:04.782221;0.033463427;-0.127136411;1.43775854;2.522816647;-0.032847662;1;0;0
17:22:04.791562;0.033201419;-0.106908041;1.421998079;2.521468137;-0.024703991;1;0;0
17:22:04.801818;0.032189746;-0.104845116;1.405677015;2.519954593;-0.014762446;1;0;0
17:22:04.813284;0.030167276;-0.121035876;1.388490809;2.517975623;-0.001202329;1;0;0
17:22:04.824669;0.0281466;-0.136069169;1.372048835;2.5157486;0.012714485;1;0;0
17:22:04.835398;0.025715244;-0.154048108;1.354594114;2.512962678;0.019073984;1;0;0
17:22:04.844518;0.023695905;-0.163237458;1.338103771;2.510065968;0.021687245;1;0;0
17:22:04.854746;0.021676141;-0.167473435;1.320132942;2.506651298;0.016317487;1;0;0
17:22:04.866035;0.020667832;-0.153097491;1.303067269;2.503419736;0.014474831;1;0;0
17:22:04.876586;0.01966007;-0.141411484;1.286075535;2.500208613;0.014297089;1;0;0
17:22:04.886948;0.017641661;-0.150621993;1.268837757;2.49672459;0.014545109;1;0;0
17:22:04.899821;0.01663018;-0.139006859;1.251612332;2.493272206;0.023438402;1;0;0
17:22:04.908456;0.015349068;-0.135398695;1.235099944;2.489927316;0.03380258;1;0;0
17:22:04.920314;0.015623517;-0.103069106;1.219391222;2.487049623;0.050539233;1;0;0
17:22:04.930393;0.015623517;-0.082455285;1.203780597;2.484423862;0.06464719;1;0;0
17:22:04.941101;0.015623517;-0.065964228;1.18950966;2.482228123;0.08172299;1;0;0
17:22:04.950110;0.01663018;-0.032815893;1.175893605;2.480544151;0.100860722;1;0;0
17:22:04.960310;0.01663018;-0.026252715;1.161853841;2.478986944;0.124206677;1;0;0
17:22:04.971562;0.01663018;-0.021002172;1.148251375;2.4776512;0.150932923;1;0;0
17:22:04.981528;0.015618417;-0.03678994;1.135339361;2.476297996;0.176630288;1;0;0
17:22:04.991808;0.015618417;-0.029431952;1.122077113;2.475075613;0.205099329;1;0;0
17:22:05.002236;0.01359971;-0.063382961;1.109266282;2.473571527;0.214516178;1;0;0
17:22:05.012222;0.01359971;-0.050706369;1.09666926;2.472262068;0.215830937;1;0;0
17:22:05.022176;0.01359971;-0.040565095;1.084559986;2.471161195;0.205503792;1;0;0
17:22:05.032626;0.012593598;-0.052392965;1.072494794;2.469979092;0.191445515;1;0;0
17:22:05.043811;0.011581275;-0.060974264;1.059853027;2.468662493;0.172094077;1;0;0
17:22:05.054375;0.011581275;-0.048779411;1.047448312;2.467548325;0.154540434;1;0;0
17:22:05.063841;0.011581275;-0.039023529;1.035944232;2.466671242;0.151617616;1;0;0
17:22:05.075149;0.010568676;-0.050323262;1.02402146;2.4656667;0.146439642;1;0;0
17:22:05.085791;0.010568676;-0.04025861;1.011606246;2.464798262;0.141355321;1;0;0
17:22:05.096110;0.011574787;-0.012230549;1.00111421;2.464443129;0.134280026;1;0;0
17:22:05.106226;0.011848684;-0.004433008;0.990751799;2.464275299;0.138235882;1;0;0
17:22:05.116986;0.011713094;-0.006224918;0.980679316;2.464182329;0.139768869;1;0;0
17:22:05.126265;0.010701226;-0.024987225;0.970565778;2.463937021;0.143446028;1;0;0
17:22:05.137261;0.010701226;-0.01998978;0.960707273;2.463805211;0.148466662;1;0;0
17:22:05.147895;0.010701226;-0.015991824;0.950238682;2.463778498;0.155602828;1;0;0
17:22:05.158048;0.010701226;-0.012793459;0.940164072;2.463860053;0.15716967;1;0;0
17:22:05.169890;0.010701226;-0.010234767;0.929402316;2.464059907;0.15101102;1;0;0
17:22:05.181204;0.009689085;-0.027006774;0.919468344;2.464069523;0.142104343;1;0;0
17:22:05.191418;0.009689085;-0.021605419;0.910356302;2.464172238;0.127124771;1;0;0
17:22:05.201403;0.008676675;-0.037247198;0.901105907;2.464108451;0.111966327;1;0;0
17:22:05.212480;0.008676675;-0.029797758;0.891363094;2.464148097;0.10212642;1;0;0
17:22:05.223121;0.009682401;-0.005224333;0.882184486;2.464551985;0.095842592;1;0;0
17:22:05.233134;0.008669722;-0.024236638;0.873510448;2.46474224;0.088524558;1;0;0
17:22:05.243274;0.008669722;-0.01938931;0.864490358;2.465024859;0.078271657;1;0;0
17:22:05.253928;0.008669722;-0.015511448;0.856095918;2.465362883;0.070322923;1;0;0
17:22:05.264889;0.007656777;-0.030364271;0.846662333;2.465535282;0.06634786;1;0;0
17:22:05.275638;0.006915979;-0.039004266;0.838231506;2.465587824;0.060055807;1;0;0
17:22:05.285678;0.006915979;-0.031203413;0.829949238;2.465723285;0.05733468;1;0;0
17:22:05.295429;0.005902508;-0.044984968;0.821553928;2.465687285;0.052429587;1;0;0
17:22:05.305551;0.005902508;-0.035987974;0.813021694;2.465744352;0.049160771;1;0;0
17:22:05.315708;0.005902508;-0.02879038;0.804966182;2.465882356;0.042100031;1;0;0
17:22:05.327411;0.00476152;-0.043871968;0.796132956;2.465815082;0.035763908;1;0;0
17:22:05.337004;0.00476152;-0.035097575;0.788187578;2.465845662;0.035972286;1;0;0
17:22:05.347218;0.00476152;-0.02807806;0.780080715;2.465963239;0.034324177;1;0;0
17:22:05.358270;0.004753878;-0.022613823;0.772429717;2.46614996;0.037468202;1;0;0
17:22:05.367814;0.004753878;-0.018091059;0.764912827;2.466404653;0.040536858;1;0;0
17:22:05.378199;0.004753878;-0.014472847;0.757065321;2.466743427;0.042685784;1;0;0
17:22:05.389886;0.005024806;-0.006517561;0.749469698;2.467212981;0.045114506;1;0;0
17:22:05.399675;0.00602975;0.014347207;0.742550517;2.467958856;0.048810765;1;0;0
17:22:05.409818;0.00602975;0.011477765;0.73548295;2.468755837;0.055982947;1;0;0
17:22:05.419841;0.004003028;-0.030767001;0.728345523;2.469044661;0.057071093;1;0;0
17:22:05.429934;0.004003028;-0.024613601;0.721390295;2.46938759;0.059325229;1;0;0
17:22:05.440781;0.004003028;-0.019690881;0.71455465;2.469781824;0.055197354;1;0;0
17:22:05.451002;0.002998084;-0.034146848;0.707007523;2.470001105;0.049767263;1;0;0
17:22:05.462544;0.004003028;-0.008851479;0.69990128;2.470551336;0.042008746;1;0;0
17:22:05.472923;0.002989288;-0.026844163;0.693066353;2.470861509;0.033274308;1;0;0
17:22:05.484320;0.002989288;-0.02147533;0.686213097;2.471234502;0.029241474;1;0;0
17:22:05.493251;0.0019753;-0.037203903;0.679462625;2.471399643;0.02298563;1;0;0
17:22:05.504324;0.0019753;-0.029763122;0.67243737;2.471644331;0.023716386;1;0;0
17:22:05.514867;0.000961063;-0.042454509;0.665212727;2.471696372;0.021894947;1;0;0
17:22:05.526391;0.000961063;-0.033963607;0.658300268;2.471827314;0.0217884;1;0;0
17:22:05.535767;0.000961063;-0.027170886;0.651519402;2.472030856;0.015960898;1;0;0
17:22:05.548502;-0.000173338;-0.040972477;0.643866452;2.472017059;0.010849695;1;0;0
17:22:05.558452;-0.001187049;-0.052019864;0.636939999;2.471838069;0.008398076;1;0;0
17:22:05.568179;-0.001187049;-0.041615891;0.630430458;2.471755421;0.005092135;1;0;0
17:22:05.579461;-0.001187049;-0.033292713;0.623733829;2.471755302;0.009956442;1;0;0
17:22:05.589628;-0.002201002;-0.046651703;0.61728007;2.471587545;0.012495106;1;0;0
17:22:05.600885;-0.002201002;-0.037321362;0.610781125;2.471504931;0.018391587;1;0;0
17:22:05.610898;-0.002201002;-0.02985709;0.604288664;2.471507348;0.019682482;1;0;0
17:22:05.622490;-0.002201002;-0.023885672;0.597837107;2.47159214;0.022616988;1;0;0
17:22:05.631310;-0.003205946;-0.038965948;0.591724074;2.471499119;0.023113342;1;0;0
17:22:05.641977;-0.006249228;-0.091288544;0.585026524;2.47075854;0.016495569;1;0;0
17:22:05.652138;-0.006249228;-0.073030835;0.578549386;2.470149993;0.015685448;1;0;0
17:22:05.662159;-0.006249228;-0.058424668;0.572161379;2.469653337;0.010551278;1;0;0
17:22:05.672210;-0.006249228;-0.046739734;0.565768855;2.469258785;0.008665931;1;0;0
17:22:05.682723;-0.006249228;-0.037391787;0.55980954;2.468982621;0.001897084;1;0;0
17:22:05.693658;-0.007274305;-0.047929994;0.553003664;2.46850805;0.002581197;1;0;0
17:22:05.704415;-0.00828966;-0.058439772;0.546893233;2.467954786;0.00505086;1;0;0
17:22:05.715346;-0.008401217;-0.048816409;0.540522102;2.467459161;0.011741177;1;0;0
17:22:05.725447;-0.008401217;-0.039053127;0.534639155;2.467099124;0.020687178;1;0;0
17:22:05.737460;-0.008401217;-0.031242501;0.528571319;2.466825316;0.029818881;1;0;0
17:22:05.747510;-0.009406162;-0.043386431;0.522400801;2.466397035;0.032100752;1;0;0
17:22:05.757501;-0.009406162;-0.034709145;0.516457972;2.466085497;0.029149199;1;0;0
17:22:05.769386;-0.009406162;-0.027767316;0.510501205;2.465871813;0.028788997;1;0;0
17:22:05.780069;-0.009406162;-0.022213853;0.504902901;2.465759945;0.034636516;1;0;0
17:22:05.790197;-0.010420726;-0.036660507;0.499229072;2.465479232;0.040595677;1;0;0
17:22:05.800975;-0.011435514;-0.049484543;0.493816882;2.465066536;0.045455035;1;0;0
17:22:05.811157;-0.011435514;-0.039587635;0.488178241;2.464731367;0.050404854;1;0;0
17:22:05.821368;-0.011435514;-0.031670108;0.482947143;2.464506403;0.052121427;1;0;0
17:22:05.833197;-0.011435514;-0.025336086;0.477238604;2.464354423;0.048992515;1;0;0
17:22:05.843326;-0.012450524;-0.039821316;0.472012517;2.464055976;0.043244459;1;0;0
17:22:05.854202;-0.012450524;-0.031857053;0.467039191;2.463851742;0.040041305;1;0;0
17:22:05.863581;-0.012450524;-0.025485642;0.462234315;2.463727623;0.039722458;1;0;0
17:22:05.873987;-0.012450524;-0.020388514;0.457506339;2.463674841;0.044227429;1;0;0
17:22:05.884925;-0.012450524;-0.016310811;0.452442154;2.463693405;0.049938049;1;0;0
17:22:05.894879;-0.012450524;-0.013048649;0.447968339;2.46377321;0.054525454;1;0;0
17:22:05.906614;-0.012450524;-0.010438919;0.443292083;2.463918792;0.058847886;1;0;0
17:22:05.916864;-0.013454924;-0.026488068;0.43836047;2.463869535;0.057905648;1;0;0
17:22:05.928573;-0.013454924;-0.021190455;0.433597626;2.46389519;0.060461808;1;0;0
17:22:05.938449;-0.013454924;-0.016952364;0.429318691;2.463978348;0.060145337;1;0;0
17:22:05.948595;-0.014470154;-0.033662046;0.424901769;2.463875876;0.06027548;1;0;0
17:22:05.958137;-0.014470154;-0.026929637;0.420606235;2.463839247;0.056856163;1;0;0
17:22:05.968826;-0.014470154;-0.02154371;0.416396018;2.463862623;0.051362384;1;0;0
17:22:05.978785;-0.015474009;-0.036296393;0.4118727;2.463701207;0.049096022;1;0;0
17:22:05.990010;-0.015474009;-0.029037114;0.407421558;2.463613243;0.04276019;1;0;0
17:22:06.000811;-0.015474009;-0.023229691;0.40305216;2.463594159;0.040652893;1;0;0
17:22:06.010541;-0.015474009;-0.018583753;0.398949665;2.463635706;0.038203936;1;0;0
17:22:06.021401;-0.015474009;-0.014867002;0.395030431;2.463727965;0.041089583;1;0;0
17:22:06.032197;-0.016489458;-0.030377135;0.390610468;2.463624042;0.039879717;1;0;0
17:22:06.042142;-0.016489458;-0.024301708;0.386516484;2.463591445;0.039943814;1;0;0
17:22:06.052213;-0.016489458;-0.019441366;0.382656403;2.463615665;0.039326064;1;0;0
17:22:06.063757;-0.016489458;-0.015553093;0.378625611;2.463696556;0.041971434;1;0;0
17:22:06.074495;-0.016762256;-0.017437088;0.374577381;2.463762113;0.040353365;1;0;0
17:22:06.085237;-0.016762256;-0.013949671;0.370709899;2.463877763;0.042927541;1;0;0
17:22:06.096034;-0.017766497;-0.029934316;0.366680268;2.463792291;0.041544769;1;0;0
17:22:06.106073;-0.017766497;-0.023947452;0.362688938;2.463768873;0.040421039;1;0;0
17:22:06.117694;-0.017766497;-0.019157962;0.358786191;2.463803531;0.040105876;1;0;0
17:22:06.128457;-0.017766497;-0.01532637;0.355059193;2.463888306;0.041357677;1;0;0
17:22:06.139270;-0.017766497;-0.012261096;0.351605287;2.464010581;0.040904064;1;0;0
17:22:06.148991;-0.017766497;-0.009808877;0.347998222;2.464181657;0.039678283;1;0;0
17:22:06.159720;-0.017766497;-0.007847101;0.344573141;2.46438361;0.040009011;1;0;0
17:22:06.170654;-0.017766497;-0.006277681;0.341102363;2.464625902;0.041394927;1;0;0
17:22:06.181604;-0.016762256;0.01345221;0.337935933;2.465150595;0.046442728;1;0;0
17:22:06.191593;-0.016762256;0.010761768;0.33503197;2.465643456;0.049178354;1;0;0
17:22:06.202525;-0.016762256;0.008609414;0.33195649;2.466176525;0.05682623;1;0;0
17:22:06.212467;-0.016762256;0.006887531;0.329121018;2.466677188;0.060197778;1;0;0
17:22:06.222266;-0.017766497;-0.014429139;0.326089696;2.466945808;0.058167264;1;0;0
17:22:06.232427;-0.017766497;-0.011543311;0.323028557;2.467242192;0.054836378;1;0;0
17:22:06.242561;-0.017766497;-0.009234649;0.320055062;2.467552931;0.0485541;1;0;0
17:22:06.253346;-0.017766497;-0.007387719;0.316955373;2.467899383;0.044224847;1;0;0
17:22:06.264426;-0.017766497;-0.005910175;0.314022055;2.468247066;0.03824595;1;0;0
17:22:06.274995;-0.017766497;-0.00472814;0.310983283;2.468626171;0.035733063;1;0;0
17:22:06.286178;-0.017766497;-0.003782512;0.308060848;2.469007597;0.031821072;1;0;0
17:22:06.296219;-0.017766497;-0.00302601;0.305294137;2.469382731;0.03128022;1;0;0
17:22:06.305924;-0.017766497;-0.002420808;0.302520449;2.4697714;0.033411574;1;0;0
17:22:06.317462;-0.017766497;-0.001936646;0.299674017;2.470182235;0.034052346;1;0;0
17:22:06.328331;-0.017766497;-0.001549317;0.29691119;2.470591517;0.034105264;1;0;0
17:22:06.338052;-0.017766497;-0.001239454;0.294324157;2.470983216;0.03147006;1;0;0
17:22:06.348451;-0.017766497;-0.000991563;0.291551042;2.471411203;0.030875908;1;0;0
17:22:06.359215;-0.017766497;-0.00079325;0.288974027;2.471815588;0.029951531;1;0;0
17:22:06.370166;-0.017766497;-0.0006346;0.286289315;2.472242828;0.029382089;1;0;0
17:22:06.380845;-0.017766497;-0.00050768;0.283670716;2.472664585;0.030416027;1;0;0
17:22:06.390737;-0.017766497;-0.000406144;0.28121445;2.473064016;0.033310208;1;0;0
17:22:06.401607;-0.017766497;-0.000324915;0.278659829;2.473482675;0.034077164;1;0;0
17:22:06.412626;-0.017766497;-0.000259932;0.276060717;2.473911318;0.033046398;1;0;0
17:22:06.422668;-0.017766497;-0.000207946;0.273674714;2.474306616;0.030452758;1;0;0
17:22:06.432892;-0.017766497;-0.000166357;0.271115308;2.474731952;0.029575489;1;0;0
17:22:06.442984;-0.017766497;-0.000133085;0.268778771;2.475120925;0.027741065;1;0;0
17:22:06.454069;-0.017766497;-0.000106468;0.266381948;2.475520118;0.024981383;1;0;0
17:22:06.464865;-0.017766497;-8.52E-05;0.263956916;2.475923725;0.021568172;1;0;0
17:22:06.475353;-0.017766497;-6.81E-05;0.261558591;2.476322152;0.021114934;1;0;0
17:22:06.485674;-0.017766497;-5.45E-05;0.259263425;2.476702358;0.021148328;1;0;0
17:22:06.495854;-0.017766497;-4.36E-05;0.256852554;2.477100188;0.020972038;1;0;0
17:22:06.507327;-0.017766497;-3.49E-05;0.25447909;2.477489915;0.020529117;1;0;0
17:22:06.517535;-0.017766497;-2.79E-05;0.252281606;2.477848718;0.020479796;1;0;0
17:22:06.528468;-0.017766497;-2.23E-05;0.249768977;2.478256222;0.020561576;1;0;0
17:22:06.538737;-0.017766497;-1.79E-05;0.247600656;2.478605229;0.020196158;1;0;0
17:22:06.549614;-0.017766497;-1.43E-05;0.245450208;2.478948676;0.020508887;1;0;0
17:22:06.558773;-0.017766497;-1.14E-05;0.24331757;2.479286413;0.02074798;1;0;0
17:22:06.568960;-0.017766497;-9.15E-06;0.241193009;2.479619822;0.020759026;1;0;0
17:22:06.580166;-0.017766497;-7.32E-06;0.238999978;2.479960569;0.020325378;1;0;0
17:22:06.590886;-0.017766497;-5.85E-06;0.236786852;2.480300718;0.019680185;1;0;0
17:22:06.601855;-0.017766497;-4.68E-06;0.2345764;2.480636518;0.018580118;1;0;0
17:22:06.612890;-0.017766497;-3.75E-06;0.232355937;2.480969676;0.017640768;1;0;0
17:22:06.622488;-0.017766497;-3.00E-06;0.230326782;2.48127032;0.018107699;1;0;0
17:22:06.633562;-0.017766497;-2.40E-06;0.228194261;2.481582201;0.017751256;1;0;0
17:22:06.644050;-0.017766497;-1.92E-06;0.226027648;2.481894629;0.017169258;1;0;0
17:22:06.654395;-0.017766497;-1.53E-06;0.223907672;2.482195855;0.016401114;1;0;0
17:22:06.665733;-0.017766497;-1.23E-06;0.221830115;2.482486623;0.016097864;1;0;0
17:22:06.675760;-0.017766497;-9.82E-07;0.21986488;2.482757521;0.01578337;1;0;0
17:22:06.685847;-0.017766497;-7.86E-07;0.217921203;2.483021379;0.015522942;1;0;0
17:22:06.697007;-0.016762256;0.018348611;0.216080443;2.483555888;0.017409781;1;0;0
17:22:06.707072;-0.016762256;0.014678889;0.21425554;2.484055811;0.019542819;1;0;0
17:22:06.717694;-0.016762256;0.011743111;0.21254252;2.484500222;0.021698384;1;0;0
17:22:06.728096;-0.016762256;0.009394489;0.210810345;2.484927062;0.023250952;1;0;0
17:22:06.737862;-0.016762256;0.007515591;0.209087054;2.485330897;0.02488995;1;0;0
17:22:06.748923;-0.016762256;0.006012473;0.207267821;2.485736328;0.027065394;1;0;0
17:22:06.758615;-0.016762256;0.004809978;0.20555079;2.486100673;0.026241669;1;0;0
17:22:06.768303;-0.016762256;0.003847983;0.203836021;2.486447979;0.02340062;1;0;0
17:22:06.780376;-0.016762256;0.003078386;0.202059643;2.486791423;0.020468239;1;0;0
17:22:06.790225;-0.016762256;0.002462709;0.200219269;2.487130795;0.016290175;1;0;0
17:22:06.799763;-0.016762256;0.001970167;0.198501935;2.48743329;0.013023798;1;0;0
17:22:06.811523;-0.016762256;0.001576134;0.196652509;2.487744628;0.014090245;1;0;0
17:22:06.822015;-0.016762256;0.001260907;0.19486605;2.488031949;0.014513254;1;0;0
17:22:06.831892;-0.016762256;0.001008726;0.193168779;2.48829336;0.013285842;1;0;0
17:22:06.842454;-0.016762256;0.00080698;0.191391493;2.488555621;0.011999344;1;0;0
17:22:06.853211;-0.016762256;0.000645584;0.189616387;2.488806406;0.010699715;1;0;0
17:22:06.863222;-0.016762256;0.000516467;0.187826083;2.489048577;0.00891437;1;0;0
17:22:06.874523;-0.016762256;0.000413174;0.186107553;2.489271322;0.007421986;1;0;0
17:22:06.884580;-0.016762256;0.000330539;0.184442245;2.489478466;0.007330949;1;0;0
17:22:06.894373;-0.016762256;0.000264431;0.182734122;2.489682385;0.008734229;1;0;0
17:22:06.905019;-0.016762256;0.000211545;0.181087809;2.489871033;0.010394147;1;0;0
17:22:06.915026;-0.015757466;0.019862139;0.179668807;2.490292728;0.012672082;1;0;0
17:22:06.925970;-0.015485603;0.021041584;0.178255048;2.490767745;0.015396358;1;0;0
17:22:06.935968;-0.015485603;0.016833267;0.176785782;2.491222333;0.020600937;1;0;0
17:22:06.946767;-0.015485603;0.013466614;0.17530939;2.491643438;0.023516767;1;0;0
17:22:06.957267;-0.015485603;0.010773291;0.173917995;2.49201096;0.022953793;1;0;0
17:22:06.968054;-0.015485603;0.008618633;0.172425479;2.49237667;0.024398604;1;0;0
17:22:06.977563;-0.015485603;0.006894906;0.171012411;2.492698226;0.022832353;1;0;0
17:22:06.987980;-0.015485603;0.005515925;0.169549372;2.49300812;0.019366136;1;0;0
17:22:06.998665;-0.014481202;0.023942044;0.168339226;2.493535772;0.017529998;1;0;0
17:22:07.009082;-0.014481202;0.019153635;0.167072373;2.494038173;0.016436771;1;0;0
17:22:07.019784;-0.014481202;0.015322908;0.165822152;2.494490424;0.015479185;1;0;0
17:22:07.029476;-0.014481202;0.012258327;0.164572364;2.494904603;0.017599741;1;0;0
17:22:07.040484;-0.014481202;0.009806661;0.163254964;2.49530493;0.019929791;1;0;0
17:22:07.050335;-0.014481202;0.007845329;0.161967939;2.495664064;0.019511972;1;0;0
17:22:07.060845;-0.013476258;0.025363204;0.160862626;2.496258513;0.021253141;1;0;0
17:22:07.071653;-0.013476258;0.020290563;0.159700006;2.496819099;0.020338496;1;0;0
17:22:07.082375;-0.013476258;0.016232451;0.158489016;2.49734361;0.017823247;1;0;0
17:22:07.094786;-0.013476258;0.012985961;0.157036954;2.497905135;0.013381403;1;0;0
17:22:07.104854;-0.013476258;0.010388769;0.155860875;2.498313853;0.011952206;1;0;0
17:22:07.115398;-0.013476258;0.008311015;0.154655926;2.498695554;0.015562243;1;0;0
17:22:07.126119;-0.012470772;0.025857154;0.153650296;2.499303828;0.018976653;1;0;0
17:22:07.136380;-0.012470772;0.020685723;0.152576499;2.499881007;0.020568192;1;0;0
17:22:07.147157;-0.012470772;0.016548578;0.151453757;2.500418429;0.018630315;1;0;0
17:22:07.158540;-0.012470772;0.013238863;0.150333414;2.500898276;0.015857032;1;0;0
17:22:07.168330;-0.011464744;0.030565794;0.14948204;2.501556961;0.015395937;1;0;0
17:22:07.178295;-0.011197174;0.029600354;0.148625241;2.50224972;0.015912799;1;0;0
17:22:07.190454;-0.011197174;0.023680283;0.147731367;2.502882608;0.018346129;1;0;0
17:22:07.199591;-0.011197174;0.018944226;0.146799832;2.503464472;0.019242056;1;0;0
17:22:07.209963;-0.011197174;0.015155381;0.145834435;2.503999511;0.018137917;1;0;0
17:22:07.220771;-0.011197174;0.012124305;0.144774885;2.504521155;0.015110256;1;0;0
17:22:07.231213;-0.011197174;0.009699444;0.143699096;2.504992266;0.009930016;1;0;0
17:22:07.241754;-0.010191548;0.026835311;0.142862728;2.505666622;0.008309077;1;0;0
17:22:07.252458;-0.010191548;0.021468249;0.141973467;2.50629076;0.006359014;1;0;0
17:22:07.263094;-0.010191548;0.017174599;0.141048614;2.506859748;0.005581049;1;0;0
17:22:07.274768;-0.010191548;0.013739679;0.14007208;2.507389123;0.004485572;1;0;0
17:22:07.284545;-0.010191548;0.010991744;0.139042123;2.507882398;0.00585588;1;0;0
17:22:07.296704;-0.009185387;0.027298254;0.138241025;2.508589015;0.008865668;1;0;0
17:22:07.305019;-0.009185387;0.021838603;0.137451827;2.509190852;0.007289763;1;0;0
17:22:07.316303;-0.009185387;0.017470882;0.136569079;2.50977817;0.007035132;1;0;0
17:22:07.327347;-0.009185387;0.013976706;0.135645341;2.510315631;0.004217369;1;0;0
17:22:07.337100;-0.009185387;0.011181365;0.134745299;2.510777813;0.004916007;1;0;0
17:22:07.347716;-0.009185387;0.008945092;0.13377611;2.51121947;0.000938053;1;0;0
17:22:07.358268;-0.009185387;0.007156073;0.132763647;2.511628842;0.000146235;1;0;0
17:22:07.368568;-0.009185387;0.005724859;0.131710472;2.512007009;0.001751477;1;0;0
17:22:07.381673;-0.009185387;0.004579887;0.130706235;2.512328837;-0.000643439;1;0;0
17:22:07.388755;-0.009185387;0.00366391;0.129688582;2.51262149;-0.005239211;1;0;0
17:22:07.398856;-0.009185387;0.002931128;0.128649009;2.512889932;-0.00719981;1;0;0
17:22:07.410112;-0.009185387;0.002344902;0.127552884;2.513143525;-0.009020928;1;0;0
17:22:07.419482;-0.009185387;0.001875922;0.126488944;2.513364015;-0.010306015;1;0;0
17:22:07.430954;-0.009185387;0.001500737;0.125336836;2.513577396;-0.010619301;1;0;0
17:22:07.441280;-0.009185387;0.00120059;0.124178977;2.513768054;-0.009340164;1;0;0
17:22:07.451919;-0.009185387;0.000960472;0.123090562;2.513927722;-0.008769407;1;0;0
17:22:07.462622;-0.009185387;0.000768378;0.121923292;2.514079923;-0.008547585;1;0;0
17:22:07.473503;-0.009185387;0.000614702;0.120824894;2.514206774;-0.008453085;1;0;0
17:22:07.482739;-0.009185387;0.000491762;0.11968035;2.51432355;-0.00843383;1;0;0
17:22:07.493248;-0.009185387;0.000393409;0.11857479;2.514422653;-0.007547552;1;0;0
17:22:07.503096;-0.008169939;0.020126434;0.117698428;2.514757327;-0.003543585;1;0;0
17:22:07.514206;-0.008169939;0.016101147;0.116775869;2.515069441;-0.000985987;1;0;0
17:22:07.524290;-0.007163244;0.031492426;0.116063817;2.515616857;0.004847045;1;0;0
17:22:07.535500;-0.007163244;0.02519394;0.115322542;2.516107215;0.008795354;1;0;0
17:22:07.546192;-0.007163244;0.020155152;0.114540973;2.51655552;0.014464488;1;0;0
17:22:07.556781;-0.007163244;0.016124122;0.113735652;2.516958327;0.019658227;1;0;0
17:22:07.566808;-0.007163244;0.012899298;0.112912122;2.517319506;0.020092366;1;0;0
17:22:07.578322;-0.005140785;0.045080247;0.112519115;2.518238189;0.022946298;1;0;0
17:22:07.591443;-0.005140785;0.036064198;0.112003815;2.51913549;0.021574197;1;0;0
17:22:07.601332;-0.005140785;0.028851358;0.111517372;2.519803827;0.022961808;1;0;0
17:22:07.612006;-0.005140785;0.023081087;0.110993187;2.520400888;0.020916108;1;0;0
17:22:07.622611;-0.003870705;0.042363158;0.110711219;2.521297241;0.023746232;1;0;0
17:22:07.633413;-0.002855695;0.052809979;0.110610022;2.522383496;0.029785847;1;0;0
17:22:07.643449;-0.002855695;0.042247984;0.110418427;2.523376221;0.032618109;1;0;0
17:22:07.654300;-0.001848354;0.053753619;0.110403854;2.524476436;0.034630883;1;0;0
17:22:07.664436;-0.000833566;0.061734134;0.11055183;2.525821576;0.034093779;1;0;0
17:22:07.674773;-0.000833566;0.049387307;0.110585915;2.526971116;0.036767676;1;0;0
17:22:07.686416;0.000292555;0.060613862;0.11080782;2.5283745;0.036219336;1;0;0
17:22:07.695815;0.000292555;0.048491089;0.11091042;2.529653188;0.038480852;1;0;0
17:22:07.706933;0.000292555;0.038792871;0.110905409;2.53082348;0.038231235;1;0;0
17:22:07.716980;0.000292555;0.031034297;0.110809147;2.531846039;0.035094678;1;0;0
17:22:07.727485;0.000292555;0.024827438;0.110620973;2.532827093;0.026945962;1;0;0
17:22:07.738087;0.000292555;0.01986195;0.110350892;2.533724447;0.017552732;1;0;0
17:22:07.748516;0.000292555;0.01588956;0.110010988;2.534534106;0.007807049;1;0;0
17:22:07.758830;0.000292555;0.012711648;0.109594651;2.535289939;-0.002986641;1;0;0
17:22:07.770131;0.00130791;0.028939416;0.109370599;2.536250442;-0.007913204;1;0;0
17:22:07.780256;0.00130791;0.023151533;0.109071451;2.537108215;-0.009193544;1;0;0
17:22:07.790183;0.00130791;0.018521226;0.108719361;2.537855487;-0.011909416;1;0;0
17:22:07.801585;0.002323037;0.03400677;0.108543494;2.538829002;-0.01216441;1;0;0
17:22:07.811470;0.002323037;0.027205416;0.108287267;2.539712594;-0.010344883;1;0;0
17:22:07.821575;0.002323037;0.021764333;0.107966064;2.540499876;-0.00841315;1;0;0
17:22:07.832908;0.003337932;0.037568848;0.107833493;2.541453894;-0.005936173;1;0;0
17:22:07.843312;0.003337932;0.030055079;0.10762266;2.542331934;-0.005759858;1;0;0
17:22:07.852189;0.003337932;0.024044063;0.107340914;2.543135112;-0.004306938;1;0;0
17:22:07.862748;0.003337932;0.01923525;0.106986321;2.543884521;-0.004687375;1;0;0
17:22:07.872325;0.003337932;0.0153882;0.106579811;2.544553716;-0.004541637;1;0;0
17:22:07.882800;0.005360463;0.051570178;0.106609812;2.545682087;-0.002346325;1;0;0
17:22:07.892622;0.005360463;0.041256142;0.106547646;2.546693461;-0.001477077;1;0;0
17:22:07.903639;0.005360463;0.033004914;0.10639208;2.547670625;-0.001142049;1;0;0
17:22:07.913948;0.004352595;0.006717011;0.10591371;2.548279193;-0.005381634;1;0;0
17:22:07.924443;0.004091221;0.000394546;0.105305263;2.54877957;-0.010729187;1;0;0
17:22:07.935260;0.005105649;0.019241156;0.104902928;2.549504033;-0.016056597;1;0;0
17:22:07.946515;0.004097361;-0.00265193;0.104145955;2.549915193;-0.02224604;1;0;0
17:22:07.957401;0.004097361;-0.002121544;0.103378081;2.550271101;-0.028757064;1;0;0
17:22:07.966694;0.004097361;-0.001697235;0.102635269;2.550568115;-0.038982376;1;0;0
17:22:07.977670;0.004097361;-0.001357788;0.101808988;2.550853565;-0.042722933;1;0;0
17:22:07.989055;0.004097361;-0.001086231;0.101014461;2.551090636;-0.045742892;1;0;0
17:22:07.998197;0.004097361;-0.000868984;0.100209579;2.551299067;-0.04033557;1;0;0
17:22:08.009468;0.004097361;-0.000695188;0.099270239;2.551507773;-0.035894293;1;0;0
17:22:08.021045;0.004097361;-0.00055615;0.098432146;2.551666848;-0.032820676;1;0;0
17:22:08.030886;0.005111552;0.018138191;0.097778544;2.552084119;-0.028209604;1;0;0
17:22:08.041003;0.004103793;-0.004368002;0.096844353;2.552188856;-0.026451305;1;0;0
17:22:08.052073;0.004103793;-0.003494402;0.095944061;2.552272267;-0.024049068;1;0;0
17:22:08.062738;0.005117745;0.015923327;0.095246775;2.552610642;-0.022231963;1;0;0
17:22:08.073596;0.004110517;-0.006088051;0.094269257;2.552647035;-0.021104269;1;0;0
17:22:08.083329;0.005244147;0.017637041;0.093623428;2.552947583;-0.013700011;1;0;0
17:22:08.093520;0.006258629;0.034189308;0.093199075;2.553467149;-0.006583578;1;0;0
17:22:08.104016;0.006258629;0.027351447;0.092712729;2.553956365;-0.000192631;1;0;0
17:22:08.114101;0.005993886;0.016623793;0.092141794;2.554316322;0.001081836;1;0;0
17:22:08.124086;0.005993886;0.013299034;0.091539603;2.554641527;0.003958181;1;0;0
17:22:08.134039;0.005993886;0.010639227;0.090893386;2.55494107;0.004665571;1;0;0
17:22:08.144876;0.007008123;0.027270015;0.090457306;2.555485557;0.00665913;1;0;0
17:22:08.155300;0.007008123;0.021816012;0.09000577;2.555945904;0.005402795;1;0;0
17:22:08.165687;0.007008123;0.01745281;0.089517587;2.556361518;0.000998673;1;0;0
17:22:08.175772;0.005993886;-0.004802138;0.088689994;2.556497169;-0.003487294;1;0;0
17:22:08.186462;0.005993886;-0.00384171;0.087903573;2.556605484;-0.007298781;1;0;0
17:22:08.196611;0.005993886;-0.003073368;0.087113405;2.556696478;-0.009677663;1;0;0
17:22:08.206813;0.004979404;-0.02202194;0.086037203;2.55651816;-0.012980558;1;0;0
17:22:08.217595;0.004979404;-0.017617552;0.084956812;2.556341489;-0.015305176;1;0;0
17:22:08.227468;0.004979404;-0.014094042;0.083895331;2.556170038;-0.020297192;1;0;0
17:22:08.238870;0.003971764;-0.030057461;0.082569775;2.555737508;-0.027462067;1;0;0
17:22:08.248853;0.003971764;-0.024045969;0.081354677;2.555352528;-0.030406263;1;0;0
17:22:08.258982;0.003971764;-0.019236775;0.080177113;2.554989843;-0.030801991;1;0;0
17:22:08.269423;0.003971764;-0.01538942;0.078987736;2.55463379;-0.02756949;1;0;0
17:22:08.280318;0.002957039;-0.031475501;0.077557561;2.554032468;-0.025053371;1;0;0
17:22:08.290314;0.002957039;-0.025180401;0.076143359;2.553454783;-0.022200758;1;0;0
17:22:08.301218;0.002957039;-0.020144321;0.074875483;2.55295141;-0.018697929;1;0;0
17:22:08.312364;0.003964678;0.002460527;0.073827701;2.552710236;-0.013363205;1;0;0
17:22:08.321698;0.004972852;0.021298501;0.073094568;2.552743389;-0.006726129;1;0;0
17:22:08.332060;0.004972852;0.017038801;0.072375652;2.552765499;0.002811026;1;0;0
17:22:08.342555;0.004972852;0.01363104;0.071661603;2.552778196;0.012224129;1;0;0
17:22:08.352645;0.003957885;-0.008462804;0.070662153;2.552524578;0.019113554;1;0;0
17:22:08.363061;0.004966591;0.012398364;0.069936665;2.552538963;0.025740895;1;0;0
17:22:08.373989;0.004966591;0.009918691;0.069193497;2.552544259;0.029307246;1;0;0
17:22:08.385050;0.005981558;0.027332749;0.068726094;2.552798525;0.033067636;1;0;0
17:22:08.394574;0.005981558;0.021866199;0.068254416;2.553017567;0.029653385;1;0;0
17:22:08.404716;0.005987578;0.017609005;0.067751192;2.553219841;0.025172371;1;0;0
17:22:08.416447;0.005987578;0.014087204;0.067207399;2.553406199;0.023680486;1;0;0
17:22:08.426225;0.005987578;0.011269763;0.066683297;2.553559524;0.023409987;1;0;0
17:22:08.437222;0.007130316;0.030382669;0.06640948;2.553997547;0.029653998;1;0;0
17:22:08.447316;0.007130316;0.024306135;0.066087185;2.554403372;0.030583188;1;0;0
17:22:08.457933;0.007130316;0.019444908;0.065741156;2.554755304;0.032662086;1;0;0
17:22:08.471358;0.009160071;0.047311489;0.065902195;2.555757902;0.028942099;1;0;0
17:22:08.481717;0.010174572;0.05792393;0.066202067;2.556725449;0.030709866;1;0;0
17:22:08.491488;0.011188818;0.06637079;0.066669319;2.557865543;0.038551647;1;0;0
17:22:08.502057;0.011188818;0.053096632;0.067056118;2.558962969;0.045191243;1;0;0
17:22:08.513080;0.012330322;0.065147332;0.06761158;2.560196613;0.05847295;1;0;0
17:22:08.522942;0.012330322;0.052117866;0.068082216;2.561383196;0.067139544;1;0;0
17:22:08.533018;0.012330322;0.041694292;0.068455105;2.562492551;0.072267056;1;0;0
17:22:08.543756;0.012330322;0.033355434;0.068724845;2.563492928;0.065362707;1;0;0
17:22:08.554340;0.012330322;0.026684347;0.068897846;2.56436156;0.053156897;1;0;0
17:22:08.563892;0.013345066;0.041377856;0.069247075;2.565410713;0.0414465;1;0;0
17:22:08.574293;0.013345066;0.033102285;0.069512781;2.56639937;0.029150562;1;0;0
17:22:08.584576;0.013345066;0.026481828;0.069689162;2.567288751;0.021007948;1;0;0
17:22:08.595179;0.01435324;0.041072049;0.070036994;2.568345021;0.01663655;1;0;0
17:22:08.606107;0.01435324;0.032857639;0.07030623;2.569366112;0.014157509;1;0;0
17:22:08.616064;0.01435324;0.026286112;0.070475057;2.57024555;0.011564308;1;0;0
17:22:08.628009;0.015624796;0.044454551;0.070908742;2.571446777;0.01015754;1;0;0
17:22:08.637992;0.016639279;0.053991212;0.071508156;2.572830355;0.009328178;1;0;0
17:22:08.647893;0.017653499;0.063236557;0.072196668;2.57424613;0.010649272;1;0;0
17:22:08.657972;0.018661787;0.070001374;0.073033685;2.575837616;0.012429019;1;0;0
17:22:08.669402;0.018661787;0.056001099;0.073758138;2.577357764;0.015355096;1;0;0
17:22:08.679871;0.018661787;0.044800879;0.074316217;2.578677316;0.023756191;1;0;0
17:22:08.690572;0.019675742;0.054538312;0.075049122;2.580220351;0.026378207;1;0;0
17:22:08.701335;0.019675742;0.04363065;0.075643384;2.581637437;0.027035287;1;0;0
17:22:08.711276;0.021698246;0.073465159;0.076611467;2.583404239;0.026910923;1;0;0
17:22:08.721911;0.021698246;0.058772127;0.077394512;2.584965199;0.021469211;1;0;0
17:22:08.732749;0.021698246;0.047017702;0.07808753;2.586504248;0.012898977;1;0;0
17:22:08.743733;0.024989396;0.098377673;0.079513046;2.588783577;0.009879283;1;0;0
17:22:08.753864;0.026002544;0.097620145;0.080983969;2.591114235;0.013584146;1;0;0
17:22:08.765506;0.026002544;0.078096116;0.082277985;2.593309801;0.019527018;1;0;0
17:22:08.775338;0.026002544;0.062476893;0.083310933;2.595207471;0.017176999;1;0;0
17:22:08.786099;0.033330759;0.194740987;0.08599312;2.598746999;0.033106357;1;0;0
17:22:08.796366;0.035604295;0.197477427;0.089158897;2.602868438;0.047424652;1;0;0
17:22:08.806532;0.038642168;0.218094019;0.092518499;2.607146503;0.069694564;1;0;0
17:22:08.816931;0.045210153;0.301888978;0.097262216;2.612868954;0.097276762;1;0;0
17:22:08.827618;0.048255478;0.301654903;0.102211433;2.618828637;0.141553015;1;0;0
17:22:08.836995;0.050521914;0.286103625;0.107225336;2.624903023;0.199722335;1;0;0
17:22:08.847806;0.054720204;0.311119058;0.112836724;2.631638382;0.243883818;1;0;0
17:22:08.857790;0.060032914;0.349831324;0.119427284;2.63945209;0.302450746;1;0;0
17:22:08.867915;0.063089278;0.340266219;0.125889282;2.647156004;0.337093145;1;0;0
17:22:08.878702;0.067389884;0.356011337;0.13288894;2.655484391;0.355596751;1;0;0
17:22:08.889466;0.073723853;0.402147767;0.141212328;2.665288242;0.355426818;1;0;0
17:22:08.900046;0.078826361;0.418229095;0.149870943;2.675486667;0.385028958;1;0;0
17:22:08.909818;0.084140657;0.439939788;0.158651191;2.685823934;0.430783182;1;0;0
17:22:08.919902;0.087416063;0.416979284;0.167367697;2.69618339;0.461362153;1;0;0
17:22:08.930570;0.092515078;0.431561239;0.176796772;2.707404524;0.520245492;1;0;0
17:22:08.940963;0.095788364;0.405822561;0.186417262;2.718988814;0.557633877;1;0;0
17:22:08.951397;0.099878833;0.402756114;0.195802022;2.730376474;0.571175277;1;0;0
17:22:08.961981;0.101917433;0.362254239;0.204435168;2.741047798;0.516402245;1;0;0
17:22:08.972324;0.101917433;0.289803391;0.212011466;2.750728517;0.438110918;1;0;0
17:22:08.982281;0.100842409;0.210611011;0.218395455;2.759292502;0.312757015;1;0;0
17:22:08.992277;0.102866783;0.206724984;0.224773411;2.768017577;0.162839502;1;0;0
17:22:09.003101;0.100811979;0.127317066;0.229773222;2.77547196;0.00347882;1;0;0
17:22:09.014243;0.101823723;0.120831701;0.234243494;2.782416629;-0.134473756;1;0;0
17:22:09.024912;0.101823723;0.096665361;0.2378957;2.788512391;-0.240767777;1;0;0
17:22:09.034311;0.098546795;0.012632154;0.239966652;2.793004017;-0.323227525;1;0;0
17:22:09.044413;0.09955824;0.030186417;0.241856732;2.797321376;-0.362179756;1;0;0
17:22:09.055463;0.097505434;-0.015066085;0.242774798;2.800776687;-0.396235943;1;0;0
17:22:09.065843;0.098531633;0.007828873;0.24361241;2.804125109;-0.407311141;1;0;0
17:22:09.075280;0.098531633;0.006263099;0.244093346;2.80707264;-0.416035861;1;0;0
17:22:09.085274;0.098531633;0.005010479;0.244269879;2.80971963;-0.418747663;1;0;0
17:22:09.096583;0.098348665;0.00055375;0.24410679;2.812143378;-0.422819197;1;0;0
17:22:09.106586;0.098348665;0.000443;0.243675332;2.814306336;-0.42731142;1;0;0
17:22:09.117972;0.098348665;0.0003544;0.242982547;2.816270192;-0.428497612;1;0;0
17:22:09.129977;0.096309299;-0.034090875;0.241313732;2.817474781;-0.437627047;1;0;0
17:22:09.140871;0.095297259;-0.046122957;0.239367799;2.818109628;-0.445281774;1;0;0
17:22:09.150958;0.095097704;-0.040860381;0.237411075;2.818554349;-0.457575053;1;0;0
17:22:09.160733;0.094069475;-0.052999617;0.23509875;2.818634054;-0.470841855;1;0;0
17:22:09.171404;0.093041659;-0.061732323;0.232346093;2.818366552;-0.486704826;1;0;0
17:22:09.182388;0.092029325;-0.06849456;0.229320614;2.817786833;-0.496795207;1;0;0
17:22:09.192931;0.089770907;-0.096514727;0.225604981;2.816533781;-0.50335449;1;0;0
17:22:09.203728;0.088743328;-0.096501457;0.221762913;2.815074759;-0.504771888;1;0;0
17:22:09.213172;0.086703544;-0.117717533;0.217693904;2.813218032;-0.503243506;1;0;0
17:22:09.223772;0.084441998;-0.13607322;0.212852831;2.810700635;-0.498660535;1;0;0
17:22:09.234479;0.083286895;-0.131569235;0.208199987;2.808189127;-0.489500046;1;0;0
17:22:09.244601;0.079995553;-0.167950427;0.202702395;2.804848372;-0.478821069;1;0;0
17:22:09.256175;0.077942789;-0.175000009;0.1971589;2.801324332;-0.464896798;1;0;0
17:22:09.266129;0.077942789;-0.140000007;0.191299871;2.797682517;-0.445860744;1;0;0
17:22:09.276481;0.071574665;-0.238224213;0.184695745;2.79297492;-0.425688952;1;0;0
17:22:09.286603;0.070562466;-0.210569826;0.178248183;2.788364696;-0.403407931;1;0;0
17:22:09.297502;0.068291937;-0.211673959;0.17138473;2.783337628;-0.379101783;1;0;0
17:22:09.307629;0.063970821;-0.249721445;0.163630503;2.777383765;-0.353631079;1;0;0
17:22:09.318941;0.061945567;-0.237322961;0.155880215;2.771356355;-0.329153985;1;0;0
17:22:09.328915;0.05888642;-0.24937393;0.148229814;2.765268562;-0.307175934;1;0;0
17:22:09.339007;0.056610422;-0.243462669;0.140500993;2.759033942;-0.282655746;1;0;0
17:22:09.349068;0.054566116;-0.235158826;0.132990569;2.752907289;-0.258739829;1;0;0
17:22:09.359528;0.049239111;-0.293875299;0.124672739;2.745886822;-0.235336766;1;0;0
17:22:09.370255;0.048218135;-0.254755696;0.11652795;2.738994293;-0.214007273;1;0;0
17:22:09.380233;0.043902628;-0.289175204;0.108103117;2.731704349;-0.191994533;1;0;0
17:22:09.390179;0.04263953;-0.255151839;0.099670045;2.724372725;-0.169853121;1;0;0
17:22:09.401552;0.04263953;-0.204121471;0.091775656;2.717521589;-0.14785482;1;0;0
17:22:09.411128;0.041625373;-0.183427045;0.084844932;2.711480184;-0.120122656;1;0;0
17:22:09.422138;0.040604888;-0.165571729;0.07774411;2.7052599;-0.090495601;1;0;0
17:22:09.433775;0.040604888;-0.132457383;0.071182484;2.699517384;-0.057508588;1;0;0
17:22:09.443254;0.03742998;-0.168437834;0.064809829;2.693835379;-0.021336254;1;0;0
17:22:09.454857;0.036178167;-0.157793039;0.058244842;2.687938324;0.014298727;1;0;0
17:22:09.464862;0.035163424;-0.14503174;0.052031354;2.682319612;0.04651222;1;0;0
17:22:09.475764;0.03618539;-0.097116929;0.046660506;2.677481717;0.074439622;1;0;0
17:22:09.486395;0.035170387;-0.09745636;0.041737286;2.673012121;0.098687999;1;0;0
17:22:09.497064;0.034148421;-0.09748501;0.036880648;2.668566696;0.120010562;1;0;0
17:22:09.506759;0.033126953;-0.098131828;0.032320353;2.664356963;0.140042692;1;0;0
17:22:09.517765;0.032111693;-0.097897186;0.027752366;2.660103115;0.163628727;1;0;0
17:22:09.529043;0.028802273;-0.137543177;0.022387928;2.655018345;0.187746584;1;0;0
17:22:09.539751;0.026511421;-0.151980769;0.017013552;2.649858664;0.198289558;1;0;0
17:22:09.550046;0.025491027;-0.140427644;0.011914074;2.644915374;0.196749836;1;0;0
17:22:09.560796;0.022182333;-0.173438496;0.006399686;2.639499659;0.178196937;1;0;0
17:22:09.571330;0.02116251;-0.158048413;0.001263028;2.634403044;0.15228571;1;0;0
17:22:09.582421;0.02116251;-0.126438731;0.001;2.629658015;0.130454928;1;0;0
17:22:09.595744;0.01912744;-0.132780531;0.001;2.623931023;0.122864567;1;0;0
17:22:09.605147;0.016835265;-0.151630778;0.001;2.619327391;0.123426564;1;0;0
17:22:09.616095;0.016835265;-0.121304622;0.001;2.615136193;0.131058842;1;0;0
17:22:09.626816;0.015816038;-0.115784821;0.001;2.610773606;0.146673068;1;0;0
17:22:09.637240;0.014797337;-0.111459093;0.001;2.606580114;0.160042062;1;0;0
17:22:09.648077;0.013521224;-0.113685488;0.001;2.60259776;0.163220108;1;0;0
17:22:09.657769;0.012502082;-0.110706596;0.001;2.598754191;0.159194946;1;0;0
17:22:09.668669;0.012502082;-0.088565276;0.001;2.595331755;0.166672021;1;0;0
17:22:09.678244;0.011485566;-0.090475281;0.001;2.591877477;0.172482997;1;0;0
17:22:09.688224;0.011485566;-0.072380225;0.001;2.588812856;0.183832973;1;0;0
17:22:09.698640;0.012504708;-0.038457292;0.001;2.58617958;0.196540028;1;0;0
17:22:09.709709;0.012504708;-0.030765834;0.001;2.583813492;0.21391961;1;0;0
17:22:09.720851;0.013521224;-0.005896055;0.001;2.581827974;0.228703082;1;0;0
17:22:09.731362;0.013521224;-0.004716844;0.001;2.580031894;0.239608392;1;0;0
17:22:09.742157;0.012502082;-0.022699783;0.001;2.578146134;0.252121449;1;0;0
17:22:09.752242;0.012502082;-0.018159826;0.001;2.576438207;0.255656928;1;0;0
17:22:09.763177;0.013521224;0.005593014;0.001;2.575223883;0.259164393;1;0;0
17:22:09.773370;0.013521224;0.004474411;0.001;2.574114962;0.25684303;1;0;0
17:22:09.783592;0.013521224;0.003579529;0.001;2.573078891;0.253482282;1;0;0
17:22:09.793290;0.014540896;0.022765869;0.001;2.572398354;0.248283803;1;0;0
17:22:09.803753;0.014662568;0.020619203;0.001;2.571814773;0.241512045;1;0;0
17:22:09.814777;0.014660183;0.016450324;0.001;2.571256432;0.242385954;1;0;0
17:22:09.824475;0.014660183;0.013160259;0.001;2.570772166;0.240157545;1;0;0
17:22:09.834441;0.014658078;0.010488143;0.001;2.570310395;0.236819237;1;0;0
17:22:09.845795;0.015410469;0.0222418;0.001;2.570073328;0.226200879;1;0;0
17:22:09.858243;0.014391424;-0.001961779;0.001;2.569614057;0.204958975;1;0;0
17:22:09.865946;0.0154077;0.018094139;0.001;2.569448165;0.185412988;1;0;0
17:22:09.876852;0.014389192;-0.005686;0.001;2.569050979;0.163567305;1;0;0
17:22:09.887529;0.01540521;0.014359285;0.001;2.568929136;0.150167897;1;0;0
17:22:09.897671;0.014387241;-0.008662149;0.001;2.568575849;0.135341257;1;0;0
17:22:09.908058;0.015532049;0.015318856;0.001;2.568531787;0.130156443;1;0;0
17:22:09.918033;0.014247898;-0.013237188;0.001;2.568179404;0.120377965;1;0;0
17:22:09.928088;0.014247898;-0.010589751;0.001;2.567855705;0.10788212;1;0;0
17:22:09.938624;0.014247898;-0.008471801;0.001;2.567555983;0.093721852;1;0;0
17:22:09.950695;0.013230048;-0.02358896;0.001;2.566939311;0.077161811;1;0;0
17:22:09.959872;0.013230048;-0.018871168;0.001;2.566473621;0.067493752;1;0;0
17:22:09.969885;0.012212743;-0.03528832;0.001;2.565801172;0.051218074;1;0;0
17:22:09.980716;0.017292634;0.06545389;0.001651744;2.566467352;0.056605082;1;0;0
17:22:09.991285;0.017291045;0.052333101;0.002229608;2.567065821;0.05848904;1;0;0
17:22:10.002044;0.018307803;0.062003084;0.002978051;2.567840616;0.073977247;1;0;0
17:22:10.012071;0.020340002;0.089826428;0.004155626;2.569054321;0.083395869;1;0;0
17:22:10.022549;0.021624574;0.095451066;0.005646346;2.57059855;0.105470516;1;0;0
17:22:10.033243;0.02365353;0.116463596;0.007401047;2.572419397;0.130864307;1;0;0
17:22:10.045272;0.02365353;0.093170877;0.009004906;2.574106538;0.139895052;1;0;0
17:22:10.053841;0.024667589;0.09415205;0.010746981;2.575950867;0.151875898;1;0;0
17:22:10.064900;0.026839252;0.11563341;0.012958302;2.578290089;0.143213928;1;0;0
17:22:10.074385;0.027853752;0.112563701;0.015092142;2.580565979;0.14533034;1;0;0
17:22:10.084966;0.029885933;0.128748764;0.017622067;2.583267915;0.1337955;1;0;0
17:22:10.094550;0.030904441;0.123219512;0.020075779;2.585911706;0.132461548;1;0;0
17:22:10.106243;0.031918364;0.118564321;0.022572238;2.588624698;0.132712439;1;0;0
17:22:10.115277;0.032937409;0.115041605;0.025078437;2.591371606;0.125705093;1;0;0
17:22:10.125778;0.03395104;0.111624769;0.027662156;2.594228419;0.116709389;1;0;0
17:22:10.135979;0.03395104;0.089299815;0.030100589;2.596979986;0.101409845;1;0;0
17:22:10.146770;0.03395104;0.071439852;0.032145588;2.599339344;0.079225279;1;0;0
17:22:10.156218;0.033945334;0.057039595;0.033998479;2.601528529;0.042733766;1;0;0
17:22:10.166954;0.033945334;0.045631676;0.03573837;2.603640336;0.016038705;1;0;0
17:22:10.177661;0.031648698;-0.008794566;0.036639615;2.604908624;-0.01319457;1;0;0
17:22:10.187113;0.029611368;-0.047299851;0.036919349;2.60556061;-0.039726291;1;0;0
17:22:10.198047;0.028593518;-0.057602985;0.036886524;2.605907932;-0.066831417;1;0;0
17:22:10.208965;0.027307018;-0.069676213;0.036472504;2.605893916;-0.088443331;1;0;0
17:22:10.219483;0.025272128;-0.094953093;0.035558652;2.605353821;-0.105203919;1;0;0
17:22:10.230468;0.021949392;-0.134762312;0.033697322;2.60388371;-0.124250352;1;0;0
17:22:10.240373;0.020933484;-0.127611627;0.0318765;2.602399187;-0.136196852;1;0;0
17:22:10.250620;0.019918137;-0.121806853;0.029925815;2.60076662;-0.143444806;1;0;0
17:22:10.261352;0.01788972;-0.134870641;0.027492823;2.598644642;-0.144364044;1;0;0
17:22:10.272354;0.016596575;-0.131678752;0.024910282;2.596346833;-0.140470222;1;0;0
17:22:10.283082;0.015582652;-0.125473109;0.022463124;2.594138117;-0.132784888;1;0;0
17:22:10.293178;0.015442146;-0.10297265;0.020011659;2.591916508;-0.121875919;1;0;0
17:22:10.303725;0.014706625;-0.096254789;0.01762585;2.589730007;-0.111606047;1;0;0
17:22:10.315748;0.015721411;-0.05869746;0.015619515;2.587907793;-0.094599761;1;0;0
17:22:10.326705;0.015722982;-0.046928877;0.01383311;2.586280352;-0.079037011;1;0;0
17:22:10.336022;0.01673889;-0.017913922;0.012520024;2.585103562;-0.058551047;1;0;0
17:22:10.347239;0.016741298;-0.014286713;0.011258147;2.583970462;-0.040710259;1;0;0
17:22:10.357549;0.016001994;-0.025199803;0.009920115;2.582746025;-0.023550691;1;0;0
17:22:10.367613;0.016885757;-0.002604305;0.008984486;2.581905501;-0.007799959;1;0;0
17:22:10.378324;0.018921746;0.03825693;0.008618279;2.581628114;0.006046495;1;0;0
17:22:10.389167;0.020216572;0.054595008;0.008591359;2.581694088;0.019498684;1;0;0
17:22:10.398554;0.024558608;0.129746942;0.00962458;2.582819288;0.037297919;1;0;0
17:22:10.409889;0.036313239;0.314462315;0.013833548;2.587159535;0.08068826;1;0;0
17:22:10.420722;0.040691389;0.338293461;0.018375258;2.591864192;0.135781452;1;0;0
17:22:10.431376;0.047342434;0.386982737;0.024898781;2.598635721;0.216579691;1;0;0
17:22:10.442695;0.055695034;0.464114951;0.032701257;2.60675021;0.320716918;1;0;0
17:22:10.453464;0.063375745;0.51403635;0.0417994;2.61625;0.467080206;1;0;0
17:22:10.464332;0.069809039;0.532579664;0.051644075;2.626590882;0.639057755;1;0;0
17:22:10.474830;0.075211621;0.525663351;0.062253076;2.637818638;0.795738637;1;0;0
17:22:10.485491;0.080594204;0.523673744;0.072928156;2.649200061;0.943888485;1;0;0
17:22:10.497086;0.085786508;0.515575897;0.084302577;2.661420307;1.076611042;1;0;0
17:22:10.507543;0.089093113;0.478122527;0.094813355;2.672833931;1.206504464;1;0;0
17:22:10.517138;0.09013289;0.402019137;0.105148877;2.684235501;1.31122911;1;0;0
17:22:10.527360;0.091173052;0.340703853;0.114929478;2.695216329;1.385045409;1;0;0
17:22:10.538041;0.092213597;0.293109222;0.12335314;2.704847515;1.400535822;1;0;0
17:22:10.548098;0.092030273;0.23106601;0.131270397;2.714129933;1.312135577;1;0;0
17:22:10.559753;0.091014504;0.164731083;0.137639257;2.721856903;1.019706607;1;0;0
17:22:10.568878;0.087890874;0.073771795;0.142761207;2.728489248;0.45558846;1;0;0
17:22:10.579584;0.084630243;-0.0014548;0.14629916;2.733586283;-0.033498958;1;0;0
17:22:10.591020;0.082548451;-0.039961383;0.148716328;2.737586822;-0.269710958;1;0;0
17:22:10.600950;0.07609088;-0.160172152;0.148883138;2.739252783;-0.356114239;1;0;0
17:22:10.611334;0.072774416;-0.190039702;0.147936617;2.739896575;-0.371459275;1;0;0
17:22:10.622324;0.06662681;-0.269973422;0.145243886;2.738731924;-0.370459914;1;0;0
17:22:10.632603;0.06231249;-0.301678463;0.141592219;2.736524075;-0.356642485;1;0;0
17:22:10.642930;0.058902462;-0.305246144;0.13698415;2.733402262;-0.343168736;1;0;0
17:22:10.654025;0.052753442;-0.357104239;0.130837952;2.728714183;-0.331646621;1;0;0
17:22:10.664780;0.048431907;-0.366451432;0.124055003;2.723294535;-0.319972485;1;0;0
17:22:10.674514;0.045335423;-0.351401668;0.116998993;2.717519595;-0.310460329;1;0;0
17:22:10.685500;0.0432981;-0.318756329;0.109840382;2.71158837;-0.297560811;1;0;0
17:22:10.696268;0.038047559;-0.358436515;0.102292134;2.705116423;-0.289781928;1;0;0
17:22:10.706984;0.034973576;-0.344191497;0.094162361;2.698037284;-0.281302124;1;0;0
17:22:10.716945;0.032935901;-0.313277695;0.086162602;2.691005729;-0.275021166;1;0;0
17:22:10.728262;0.028608225;-0.330905365;0.077660185;2.68338566;-0.268567502;1;0;0
17:22:10.737953;0.02656903;-0.305195608;0.069894341;2.676362692;-0.26048097;1;0;0
17:22:10.749173;0.023274459;-0.305893957;0.061506701;2.668675535;-0.254044294;1;0;0
17:22:10.759392;0.021147895;-0.285985889;0.05359006;2.661351311;-0.242701098;1;0;0
17:22:10.770456;0.019108611;-0.2664188;0.045475787;2.653773169;-0.234003872;1;0;0
17:22:10.780344;0.01501105;-0.294302451;0.037570204;2.646286196;-0.222385153;1;0;0
17:22:10.790918;0.012733378;-0.278308577;0.029412599;2.638483773;-0.211802259;1;0;0
17:22:10.801567;0.011712816;-0.24211599;0.021860028;2.631199317;-0.196772516;1;0;0
17:22:10.812736;0.010692094;-0.212393732;0.01447582;2.624012741;-0.179954886;1;0;0
17:22:10.822636;0.004310272;-0.296587161;0.006713696;2.616356738;-0.166184738;1;0;0
17:22:10.832774;-8.68E-05;-0.324164853;0.001;2.608213923;-0.153290078;1;0;0
17:22:10.842635;-0.004204556;-0.340860061;0.001;2.599772268;-0.14538452;1;0;0
17:22:10.853478;-0.005469675;-0.296398189;0.001;2.591379887;-0.132006764;1;0;0
17:22:10.862885;-0.0085336;-0.297458579;0.001;2.583404077;-0.120572798;1;0;0
17:22:10.873636;-0.012651913;-0.319287167;0.001;2.57518146;-0.106575608;1;0;0
17:22:10.884463;-0.018272164;-0.359545876;0.001;2.565799411;-0.092486955;1;0;0
17:22:10.894846;-0.02239076;-0.364523663;0.001;2.556354673;-0.080995642;1;0;0
17:22:10.906579;-0.023413088;-0.311352934;0.001;2.547847891;-0.057114698;1;0;0
17:22:10.915714;-0.022642505;-0.233804335;0.001;2.540514633;-0.026437437;1;0;0
17:22:10.926333;-0.025992929;-0.249438488;0.001;2.532591338;0.01286695;1;0;0
17:22:10.936735;-0.025992929;-0.19955079;0.001;2.525853383;0.050861239;1;0;0
17:22:10.946571;-0.031416872;-0.266886633;0.001;2.518419901;0.085433327;1;0;0
17:22:10.956752;-0.03348625;-0.254409874;0.001;2.511167934;0.125524804;1;0;0
17:22:10.966594;-0.03348625;-0.203527899;0.001;2.504567098;0.166159049;1;0;0
17:22:10.976810;-0.037860862;-0.249358384;0.001;2.497543888;0.195634097;1;0;0
17:22:10.987407;-0.043004158;-0.297377693;0.001;2.489682392;0.21027267;1;0;0
17:22:10.998244;-0.049433092;-0.357925516;0.001;2.480871304;0.197250247;1;0;0
17:22:11.008236;-0.052786682;-0.352775955;0.001;2.472574099;0.18221806;1;0;0
17:22:11.017972;-0.052786682;-0.282220764;0.001;2.464998352;0.163819596;1;0;0
17:22:11.028548;-0.071783641;-0.595301617;0.001;2.453711043;0.111553453;1;0;0
17:22:11.038452;-0.076168566;-0.560360287;0.001;2.442330821;0.058237724;1;0;0
17:22:11.048768;-0.092103071;-0.758002061;0.001;2.428642336;-0.026050417;1;0;0
17:22:11.058802;-0.099838001;-0.758833903;0.001;2.414738618;-0.086975046;1;0;0
17:22:11.069838;-0.122655312;-1.053473703;0.001;2.397219738;-0.192877769;1;0;0
17:22:11.080651;-0.133439949;-1.043250889;0.001;2.378234617;-0.263271451;1;0;0
17:22:11.090488;-0.142489832;-1.013770963;0.001;2.360335325;-0.316746265;1;0;0
17:22:11.100822;-0.154272618;-1.04096984;0.001;2.34155876;-0.338033408;1;0;0
17:22:11.111602;-0.164329505;-1.0182584;0.001;2.321577833;-0.335358113;1;0;0
17:22:11.122300;-0.175409326;-1.034622845;0.001;2.302775702;-0.326581568;1;0;0
17:22:11.132237;-0.18510035;-1.013566834;0.001;2.283348852;-0.282522619;1;0;0
17:22:11.141895;-0.18612461;-0.831186313;0.001;2.266170446;-0.243545935;1;0;0
17:22:11.152442;-0.195187852;-0.840501746;0.001;2.248593427;-0.183143452;1;0;0
17:22:11.163065;-0.205601864;-0.869880794;0.001;2.230509231;-0.125679836;1;0;0
17:22:11.176088;-0.222320014;-1.027914284;0.001;2.212152674;-0.075612545;1;0;0
17:22:11.183084;-0.232022388;-1.008301762;0.001;2.193339921;-0.036859423;1;0;0
17:22:11.193323;-0.239714396;-0.958705063;0.001;2.175635587;-0.006122381;1;0;0
17:22:11.203388;-0.247399612;-0.919053799;0.001;2.158431089;0.036871176;1;0;0
17:22:11.213850;-0.247399612;-0.735243039;0.001;2.142821216;0.08618886;1;0;0
17:22:11.224630;-0.256547925;-0.749453624;0.001;2.125449587;0.147424638;1;0;0
17:22:11.235243;-0.259677899;-0.661516394;0.001;2.111001078;0.223783016;1;0;0
17:22:11.245835;-0.266297112;-0.652833509;0.001;2.096126153;0.311874568;1;0;0
17:22:11.256590;-0.27290663;-0.648279169;0.001;2.08199351;0.404350817;1;0;0
17:22:11.266806;-0.278105899;-0.62162815;0.001;2.068930962;0.49413988;1;0;0
17:22:11.277504;-0.273519254;-0.411954804;0.001;2.056782669;0.583865166;1;0;0
17:22:11.287623;-0.281516763;-0.476615322;0.001;2.044552171;0.669442952;1;0;0
17:22:11.299465;-0.281516763;-0.381292258;0.001;2.033150181;0.744280636;1;0;0
17:22:11.308970;-0.285731925;-0.388050952;0.001;2.02311581;0.816221178;1;0;0
17:22:11.319515;-0.289005354;-0.375409366;0.001;2.013581887;0.891297996;1;0;0
17:22:11.329908;-0.285302932;-0.232331032;0.001;2.004495544;0.991769314;1;0;0
17:22:11.340693;-0.287157607;-0.222581343;0.001;1.996524866;1.069177628;1;0;0
17:22:11.351263;-0.286868202;-0.172721765;0.001;1.988645006;1.148850918;1;0;0
17:22:11.361020;-0.28584678;-0.117893941;0.001;1.981955563;1.183805108;1;0;0
17:22:11.370958;-0.285370723;-0.084859232;0.001;1.975773748;1.230275631;1;0;0
17:22:11.381365;-0.284520288;-0.051088425;0.001;1.970058013;1.278017163;1;0;0
17:22:11.392851;-0.270146056;0.228827103;0.001;1.965839389;1.351900339;1;0;0
17:22:11.401993;-0.270146056;0.183061683;0.001;1.962088426;1.418681026;1;0;0
17:22:11.412243;-0.256246238;0.413762791;0.001;1.959760312;1.487075806;1;0;0
17:22:11.422312;-0.249351591;0.467140645;0.001;1.958243787;1.55128336;1;0;0
17:22:11.433006;-0.227582823;0.806017163;0.001507923;1.95876436;1.612267971;1;0;0
17:22:11.443722;-0.203928944;1.087985126;0.004264239;1.961551596;1.67507875;1;0;0
17:22:11.454406;-0.178361517;1.34660471;0.009390774;1.966751621;1.72558248;1;0;0
17:22:11.463847;-0.164825977;1.345959285;0.015279471;1.97276477;1.773693323;1;0;0
17:22:11.475408;-0.11109176;2.08767217;0.02669127;1.984399872;1.813964248;1;0;0
17:22:11.485487;-0.115180896;1.594846437;0.037657634;1.995715968;1.863502741;1;0;0
17:22:11.498207;-0.040277775;2.516678001;0.058822966;2.017463829;1.8924582;1;0;0
17:22:11.508462;-0.018263869;2.42428355;0.080076749;2.039461729;1.931643248;1;0;0
17:22:11.518808;-0.018263869;1.93942684;0.100021744;2.060315892;1.954699039;1;0;0
17:22:11.530038;0.005780849;2.001629435;0.124108348;2.085599929;2.009088278;1;0;0
17:22:11.539595;0.033782271;2.156325839;0.150403482;2.113280013;2.064205885;1;0;0
17:22:11.550088;0.086598308;2.739041139;0.185141542;2.149765586;2.11315608;1;0;0
17:22:11.559732;0.086598308;2.191232911;0.218902973;2.185562446;2.163885355;1;0;0
17:22:11.570317;0.115442088;2.323125234;0.257386315;2.226455339;2.200085878;1;0;0
17:22:11.581000;0.14326213;2.378272065;0.303075611;2.275144468;2.25446105;1;0;0
17:22:11.591858;0.166946882;2.338880232;0.35386238;2.329498066;2.302432537;1;0;0
17:22:11.602406;0.217444989;2.801780698;0.41489094;2.394698236;2.352687597;1;0;0
17:22:11.612650;0.247253756;2.811778161;0.479513993;2.46399667;2.395878553;1;0;0
17:22:11.623546;0.247253756;2.249422529;0.545213104;2.535283509;2.422474384;1;0;0
17:22:11.633859;0.300065129;2.839176283;0.616935645;2.612911895;2.460590839;1;0;0
17:22:11.644913;0.324071078;2.729617624;0.693769442;2.696615321;2.506401539;1;0;0
17:22:11.655484;0.342804304;2.530462754;0.77326832;2.784044884;2.54991889;1;0;0
17:22:11.666220;0.36073639;2.35754881;0.851298666;2.87082536;2.597557306;1;0;0
17:22:11.676108;0.376438379;2.185588144;0.924663682;2.95350656;2.640054464;1;0;0
17:22:11.686922;0.392140579;2.042932037;0.995978114;3.035070577;2.690441132;1;0;0
17:22:11.697471;0.391120184;1.614601942;1.056546357;3.10625356;2.758475065;1;0;0
17:22:11.707817;0.425651468;1.934961385;1.121938524;-3.099837054;2.834835768;1;0;0
17:22:11.718888;0.434056131;1.701506625;1.18194138;-3.027214191;2.912492037;1;0;0
17:22:11.729415;0.442490166;1.527071308;1.232132337;-2.964741588;2.982755423;1;0;0
17:22:11.739684;0.442490166;1.221657046;1.276942177;-2.906581221;3.04976964;1;0;0
17:22:11.750105;0.44896387;1.101469467;1.315994411;-2.854001994;3.118484259;1;0;0
17:22:11.760828;0.453131929;0.963567329;1.349195169;-2.807313842;-3.105510712;1;0;0
17:22:11.771776;0.456367757;0.830865059;1.379840433;-2.761948486;-3.043263435;1;0;0
17:22:11.781554;0.45831438;0.703205579;1.404344549;-2.723368375;-2.989190578;1;0;0
17:22:11.792651;0.460576407;0.604366533;1.426731266;-2.685657944;-2.938479662;1;0;0
17:22:11.803422;0.459603789;0.465519781;1.444757035;-2.652089943;-2.88759017;1;0;0
17:22:11.813735;0.458630552;0.354323422;1.45893117;-2.622293265;-2.841585159;1;0;0
17:22:11.824770;0.454418687;0.202119312;1.468678952;-2.597383796;-2.798859119;1;0;0
17:22:11.834555;0.445395727;-0.007081448;1.473990033;-2.576339135;-2.762063026;1;0;0
17:22:11.846082;0.440186134;-0.101628938;1.476077534;-2.558235046;-2.722602129;1;0;0
17:22:11.856713;0.437306891;-0.134837694;1.475846257;-2.542588779;-2.683158875;1;0;0
17:22:11.867741;0.435625511;-0.138262873;1.473823912;-2.528291887;-2.640282393;1;0;0
17:22:11.877809;0.438722948;-0.052287053;1.47156517;-2.514907287;-2.592581272;1;0;0
17:22:11.888955;0.442078217;0.021865515;1.46916029;-2.501820444;-2.548488379;1;0;0
17:22:11.898920;0.445338238;0.08211296;1.466744804;-2.489423957;-2.509298563;1;0;0
17:22:11.909762;0.445633283;0.071247758;1.463408092;-2.477203601;-2.476734161;1;0;0
17:22:11.919077;0.444349407;0.031560779;1.459221597;-2.466638497;-2.443343401;1;0;0
17:22:11.931127;0.443359995;0.006282878;1.454049571;-2.456611974;-2.409540653;1;0;0
17:22:11.940407;0.443359995;0.005026302;1.44818039;-2.446876988;-2.372060299;1;0;0
17:22:11.950737;0.446622421;0.068816996;1.442989528;-2.437510672;-2.332929611;1;0;0
17:22:11.961748;0.453149165;0.180173218;1.438681727;-2.426786061;-2.293705702;1;0;0
17:22:11.972545;0.492626291;0.873581233;1.44291015;-2.406961327;-2.256844521;1;0;0
17:22:11.982494;0.514732408;1.136660768;1.450394585;-2.384866101;-2.228304148;1;0;0
17:22:11.993130;0.521264053;1.03157591;1.458182322;-2.361536424;-2.208934784;1;0;0
17:22:12.004532;0.527460978;0.935706034;1.466091681;-2.337217759;-2.200479507;1;0;0
17:22:12.014242;0.539191072;0.981417876;1.474131221;-2.314365464;-2.202573776;1;0;0
17:22:12.025220;0.557199132;1.116291972;1.485013312;-2.287390068;-2.206321001;1;0;0
17:22:12.036821;0.558522332;0.917413453;1.494364612;-2.261866894;-2.187088013;-0.933369432;-0.358917125;4.911765053
17:22:12.046645;0.558522332;0.733930763;1.501940051;-2.238544181;-2.142218828;-0.933369432;-0.358917125;4.919039993
17:22:12.056636;0.544739378;0.326351921;1.505752066;-2.218835654;-2.079591513;-0.933369432;-0.358917125;4.926389343
17:22:12.067165;0.529799878;-0.035519871;1.506028849;-2.203388462;-2.024982452;-0.933369432;-0.358917125;4.934080389
17:22:12.078088;0.515285382;-0.303193833;1.503283829;-2.190237323;-1.984525204;-0.933369432;-0.358917125;4.942000278
17:22:12.088083;0.50153011;-0.49452187;1.497774278;-2.179363658;-1.954813123;-0.933369432;-0.358917125;4.949194401
17:22:12.098743;0.494605875;-0.532410369;1.491566133;-2.170440364;-1.929239273;-0.933369432;-0.358917125;4.95681114
17:22:12.109485;0.481063602;-0.684848785;1.483003779;-2.163445156;-1.900514364;-0.926494067;-0.376309372;4.964427636
17:22:12.120129;0.466465781;-0.819638927;1.472008338;-2.158567934;-1.884385586;-0.904357161;-0.426776435;4.971916061
17:22:12.130715;0.450799096;-0.951624096;1.458971012;-2.156088151;-1.877225161;-0.879473751;-0.475947393;4.979305515
17:22:12.141251;0.433006477;-1.096237577;1.443438143;-2.156203473;-1.875591516;-0.851919409;-0.523672914;4.986602148
17:22:12.151249;0.420253695;-1.129206106;1.427230453;-2.157896835;-1.882534623;-0.821777815;-0.569808058;4.993472471
17:22:12.161314;0.409567592;-1.107651722;1.409389991;-2.160899853;-1.896177173;-0.789140509;-0.614212713;5.000335713
17:22:12.172069;0.39784995;-1.105027767;1.389906973;-2.16539958;-1.908390045;-0.75410661;-0.656752024;5.007610242
17:22:12.182417;0.398412589;-0.872906935;1.372408956;-2.168915845;-1.904030085;-0.716782513;-0.697296801;5.014551421
17:22:12.192923;0.394827954;-0.765990134;1.354302339;-2.172578064;-1.88608861;-0.677281572;-0.735723911;5.021540015
17:22:12.204112;0.377912887;-0.934310518;1.334162123;-2.178575101;-1.855127931;-0.635723748;-0.771916651;5.028917697
17:22:12.214241;0.359930443;-1.079264421;1.311038124;-2.187364654;-1.818549871;-0.592235253;-0.805765106;5.0355381
17:22:12.224423;0.346187791;-1.130768896;1.287613678;-2.197432414;-1.782245517;-0.546948158;-0.837166478;5.042136965
17:22:12.234715;0.326052018;-1.292989811;1.26128164;-2.210550315;-1.735457659;-0.5;-0.866025404;5.048749585
17:22:12.245154;0.303937266;-1.461607336;1.231903964;-2.227023031;-1.674009919;-0.451533358;-0.892254239;5.05539726
17:22:12.255036;0.302981751;-1.188256732;1.204249859;-2.24240778;-1.606375098;-0.401695425;-0.915773327;5.06163484
17:22:12.265915;0.258668536;-1.783403401;1.167247964;-2.266792117;-1.537499666;-0.350637555;-0.936511241;5.068439113
17:22:12.275733;0.213209573;-2.329396676;1.124423944;-2.298076262;-1.469272375;-0.298514811;-0.954405002;5.074523162
17:22:12.286234;0.188897649;-2.345935207;1.077870867;-2.333531855;-1.403077126;-0.245485487;-0.969400266;5.080970699
17:22:12.296002;0.167665037;-2.294287093;1.027833756;-2.372862507;-1.334305525;-0.191710632;-0.981451493;5.08691246
17:22:12.306288;0.145360757;-2.278301451;0.975077916;-2.41553275;-1.256490111;-0.137353558;-0.990522085;5.093110976
17:22:12.316762;0.125181414;-2.220645917;0.919373271;-2.461634268;-1.169758439;-0.082579345;-0.996584493;5.099360988
17:22:12.327575;0.103968701;-2.182511386;0.859309554;-2.51240716;-1.07692039;-0.027554342;-0.999620307;5.105747539
17:22:12.337378;0.084776812;-2.126343822;0.799505451;-2.563843509;-0.983644485;0.027554342;-0.999620307;5.111479536
17:22:12.347517;0.064541958;-2.083089338;0.734952963;-2.620271789;-0.893134475;0.082579345;-0.996584493;5.117349677
17:22:12.358515;0.064541958;-1.66647147;0.676635421;-2.671366997;-0.810669541;0.137353558;-0.990522085;5.123649769
17:22:12.367738;0.043182196;-1.75536665;0.617400655;-2.72405865;-0.730883479;0.191710632;-0.981451493;5.128878757
17:22:12.379335;0.024044779;-1.756860949;0.553320651;-2.781789073;-0.653377891;0.245485487;-0.969400266;5.13538302
17:22:12.390316;0.003502332;-1.782534601;0.488611687;-2.840826919;-0.576256692;0.298514811;-0.954405002;5.141468872
17:22:12.401063;-0.015782828;-1.782567631;0.424709921;-2.899794379;-0.502015948;0.350637555;-0.936511241;5.147356005
17:22:12.412170;-0.036556105;-1.807843444;0.360628931;-2.959608583;-0.432384461;0.401695425;-0.915773327;5.15336822
17:22:12.421368;-0.057071106;-1.852784733;0.301510013;-3.015391161;-0.365041852;0.451533358;-0.892254239;5.158291337
17:22:12.432089;-0.077834649;-1.893725326;0.242662199;-3.071498579;-0.299007714;0.5;-0.866025404;5.163965567
17:22:12.442589;-0.095550111;-1.830777306;0.1791058;-3.132696449;-0.230296344;0.546948158;-0.837166478;5.169455688
17:22:12.453521;-0.124953793;-2.011903358;0.116920461;3.089887005;-0.159324631;0.592235253;-0.805765106;5.175100745
17:22:12.464220;-0.145244204;-2.012456179;0.059929069;3.033780413;-0.093976915;0.635723748;-0.771916651;5.180555074
17:22:12.475640;-0.157219912;-1.839124682;0.004381946;2.978563243;-0.033413637;0.677281572;-0.735723911;5.186299734
17:22:12.485617;-0.169546397;-1.697365333;0.001;2.923976853;0.026037285;0.716782513;-0.697296801;5.191252932
17:22:12.495665;-0.180502067;-1.574549545;0.001;2.876645652;0.085124545;0.75410661;-0.656752024;5.196179277
17:22:12.506053;-0.187747727;-1.394618085;0.001;2.830437845;0.139553487;0.789140509;-0.614212713;5.201206503
17:22:12.517115;-0.195310647;-1.259398437;0.001;2.78864628;0.198673293;0.821777815;-0.569808058;5.206486007
17:22:12.526260;-0.195310647;-1.00751875;0.001;2.753049661;0.265886426;0.851919409;-0.523672914;5.210792784
17:22:12.536817;-0.210648551;-1.110527766;0.001;2.717990346;0.33397302;0.879473751;-0.475947393;5.215699172
17:22:12.546867;-0.218194886;-1.037946003;0.001;2.68498694;0.411833256;0.904357161;-0.426776435;5.220304572
17:22:12.556625;-0.223620671;-0.937771163;0.001;2.654310453;0.492697299;0.926494067;-0.376309372;5.224714898
17:22:12.567487;-0.225738293;-0.789162147;0.001;2.62440088;0.578792989;0.945817242;-0.324699469;5.229552892
17:22:12.578775;-0.228572836;-0.684357963;0.001;2.597597748;0.653332293;0.962268;-0.272103465;5.234500667
17:22:12.589676;-0.231399847;-0.599547453;0.001;2.572661674;0.724572957;0.975796383;-0.218681091;5.23920109
17:22:12.599492;-0.232340507;-0.498219086;0.001;2.551613751;0.796928942;0.986361303;-0.16459459;5.243368032
17:22:12.609550;-0.233280328;-0.416597097;0.001;2.531862266;0.860706568;0.993930677;-0.110008221;5.247572906
17:22:12.620493;-0.227745789;-0.223653844;0.001;2.515660355;0.927815437;0.998481516;-0.05508776;5.252072945
17:22:12.632054;-0.218464693;0.005036186;0.001;2.502739773;0.990801394;1;0;5.256742033
17:22:12.641104;-0.218464693;0.004028949;0.001;2.490184342;1.049112439;0.998481516;0.05508776;5.260335757
17:22:12.650963;-0.186993204;0.613092427;0.001;2.485333258;1.106659532;0.993930677;0.110008221;5.264189399
17:22:12.661716;-0.15823718;1.060713953;0.002071325;2.48642014;1.171726227;0.986361303;0.16459459;5.268319535
17:22:12.672438;-0.134051218;1.294145627;0.008059281;2.492463506;1.243685246;0.975796383;0.218681091;5.272361951
17:22:12.682108;-0.108353659;1.536302757;0.018310923;2.502851017;1.314821959;0.962268;0.272103465;5.275942787
17:22:12.693053;-0.085135788;1.680668287;0.032490574;2.517292644;1.383065343;0.945817242;0.324699469;5.279921408
17:22:12.703980;-0.060928984;1.791897199;0.051546111;2.536804065;1.454302788;0.926494067;0.376309372;5.283814696
17:22:12.713221;-0.039306002;1.86286334;0.07250313;2.558386918;1.520961165;0.904357161;0.426776435;5.258272536
17:22:12.725891;-0.039306002;1.490290672;0.09547708;2.582356879;1.575906515;0.879473751;0.475947393;5.232730376
17:22:12.735154;0.012188915;2.215205663;0.124495514;2.61248408;1.62947166;0.851919409;0.523672914;5.207188216
17:22:12.746082;-0.001091798;1.509839347;0.149010239;2.63838489;1.689389348;0.821777815;0.569808058;5.181646055
17:22:12.756226;0.060377858;2.349657112;0.187800385;2.678990581;1.753643751;0.789140509;0.614212713;5.156103895
17:22:12.766192;0.092447488;2.514875467;0.229202115;2.722500004;1.838521242;0.75410661;0.656752024;5.130561735
17:22:12.777672;0.150199399;3.077718922;0.285369864;2.781459339;1.896051645;0.716782513;0.697296801;5.105019575
17:22:12.788311;0.179041003;2.998648135;0.344819542;2.844300848;1.957906127;0.677281572;0.735723911;5.079477415
17:22:12.799043;0.207850164;2.945390386;0.406432623;2.909878624;2.002704144;0.635723748;0.771916651;5.053935255
17:22:12.808528;0.23766461;2.946255387;0.468656789;2.976529575;2.061784267;0.592235253;0.805765106;5.028393094
17:22:12.818777;0.264485334;2.881890133;0.533541541;3.046540361;2.123596907;0.546948158;0.837166478;5.002850934
17:22:12.831430;0.288163295;2.699816829;0.609818831;3.129692405;2.193592548;0.5;0.866025404;4.977308774
17:22:12.841224;0.291225076;2.22054559;0.667917924;-3.088942681;2.271272182;0.451533358;0.892254239;4.951766614
17:22:12.851874;0.33678256;2.628961742;0.736018676;-3.01333233;2.334060192;0.401695425;0.915773327;4.926224454
17:22:12.862361;0.333667549;2.043069452;0.793678677;-2.947737724;2.396031618;0.350637555;0.936511241;4.900682293
17:22:12.872352;0.355650259;2.070811531;0.849189046;-2.883945168;2.457515478;0.298514811;0.954405002;4.875140133
17:22:12.882971;0.397454655;2.438530403;0.912831196;-2.810874447;2.50751996;0.245485487;0.969400266;4.849597973
17:22:12.893875;0.409069488;2.169130604;0.971278198;-2.742395988;2.567258835;0.191710632;0.981451493;4.824055813
17:22:12.903903;0.423945581;2.012979081;1.026493512;-2.676470827;2.629096985;0.137353558;0.990522085;4.798513653
17:22:12.914167;0.437618896;1.874782378;1.07632518;-2.615758525;2.706582069;0.082579345;0.996584493;4.772971492
17:22:12.925643;0.436599106;1.481084683;1.121507804;-2.558610538;2.784675121;0.027554342;0.999620307;4.747429332
17:22:12.936140;0.436599106;1.184867746;1.159218663;-2.508932459;2.866031885;-0.027554342;0.999620307;4.721887172
17:22:12.946124;0.436599106;0.947894197;1.192047003;-2.463737621;2.951091528;-0.082579345;0.996584493;4.696345012
17:22:12.956472;0.48158531;1.6332346;1.230151425;-2.413174292;3.025632858;-0.137353558;0.990522085;4.670802852
17:22:12.967346;0.488735732;1.437794255;1.266790186;-2.362922943;3.098629713;-0.191710632;0.981451493;4.645260691
17:22:12.978085;0.494941831;1.273254607;1.297502164;-2.319271074;-3.112831593;-0.245485487;0.969400266;4.619718531
17:22:12.988958;0.500122075;1.121503017;1.325293685;-2.278272524;-3.052628517;-0.298514811;0.954405002;4.594176371
17:22:12.998166;0.500122075;0.897202414;1.349681285;-2.240371537;-2.999931812;-0.350637555;0.936511241;4.568634211
17:22:13.008584;0.500122075;0.717761931;1.372566748;-2.202670241;-2.960804701;-0.401695425;0.915773327;4.543092051
17:22:13.018778;0.496228833;0.49832358;1.390685261;-2.170373109;-2.912214756;-0.451533358;0.892254239;4.51754989
17:22:13.029197;0.496228833;0.398658864;1.4063459;-2.140546392;-2.866656542;-0.5;0.866025404;4.49200773
17:22:13.039765;0.489043008;0.179374333;1.419155068;-2.11318673;-2.817100763;-0.546948158;0.837166478;4.46646557
17:22:13.050438;0.481885935;0.009311428;1.429603674;-2.087542629;-2.763736963;-0.592235253;0.805765106;4.44092341
17:22:13.061153;0.471758626;-0.183712159;1.437100913;-2.064857242;-2.717367649;-0.635723748;0.771916651;4.41538125
17:22:13.071879;0.462611944;-0.315379454;1.442371151;-2.043947211;-2.676480532;-0.677281572;0.735723911;4.389839089
17:22:13.082609;0.453402857;-0.426065849;1.445456948;-2.025555925;-2.6417768;-0.716782513;0.697296801;4.364296929
17:22:13.092720;0.448446487;-0.432234091;1.447362544;-2.007959744;-2.603703737;-0.75410661;0.656752024;4.338754769
17:22:13.104047;0.443451716;-0.438097154;1.448162315;-1.991492337;-2.563230276;-0.789140509;0.614212713;4.313212609
17:22:13.114923;0.451045791;-0.209091639;1.449592622;-1.974497375;-2.511691093;-0.821777815;0.569808058;4.287670449
17:22:13.125131;0.465142004;0.094233408;1.452377279;-1.956069532;-2.457224369;-0.851919409;0.523672914;4.262128288
17:22:13.135533;0.479253498;0.355157391;1.4560833;-1.937692923;-2.414306641;-0.879473751;0.475947393;4.236586128
17:22:13.146341;0.48027388;0.303593644;1.459502219;-1.918991783;-2.382481098;-0.904357161;0.426776435;4.211043968
17:22:13.157198;0.481294167;0.261797259;1.462609065;-1.900128559;-2.362992287;-0.926494067;0.376309372;4.185501808
17:22:13.167569;0.510493507;0.756746395;1.46806746;-1.879034083;-2.347398281;-0.945817242;0.324699469;4.159959648
17:22:13.177702;0.517773239;0.741887489;1.473453867;-1.857958345;-2.332630634;-0.962268;0.272103465;4.134417488
17:22:13.188598;0.524066222;0.709917879;1.478710258;-1.836741927;-2.30418992;-0.975796383;0.218681091;4.108875327
17:22:13.200310;0.532451928;0.712509871;1.48424966;-1.814015832;-2.267886639;-0.986361303;0.16459459;4.083333167
17:22:13.210484;0.534745529;0.615576747;1.488530969;-1.794771217;-2.231049299;-0.993930677;0.110008221;4.057791007
17:22:13.220610;0.535808121;0.512871959;1.492420007;-1.775362571;-2.197199106;-0.998481516;0.05508776;4.032248847
17:22:13.231875;0.533850562;0.373672646;1.495718361;-1.756092493;-2.156700373;-1;-1.22E-16;4.006706687
17:22:13.242367;0.531929285;0.262554738;1.498384933;-1.737614741;-2.114143848;-0.998481516;-0.05508776;3.981164526
17:22:13.251852;0.529339798;0.158628778;1.500423463;-1.720472609;-2.062388897;-0.993930677;-0.110008221;3.955622366
17:22:13.262059;0.520139872;-0.055493247;1.501771801;-1.703981233;-2.008209705;-0.986361303;-0.16459459;3.930080206
17:22:13.273170;0.505639744;-0.321041032;1.502394266;-1.687612643;-1.955940604;-0.975796383;-0.218681091;3.904538046
17:22:13.283207;0.49476404;-0.472796904;1.502539257;-1.672335122;-1.909088373;-0.962268;-0.272103465;3.878995886
17:22:13.294384;0.489665171;-0.470802363;1.502511069;-1.655810204;-1.869962454;-0.945817242;-0.324699469;3.853453725
17:22:13.303612;0.479652887;-0.574861475;1.502260888;-1.640883007;-1.840304136;-0.926494067;-0.376309372;3.827911565
17:22:13.314401;0.47654844;-0.521275401;1.502009404;-1.625941241;-1.828986406;-0.904357161;-0.426776435;3.802369405
17:22:13.325608;0.471128812;-0.51647767;1.501734679;-1.609848069;-1.829514861;-0.879473751;-0.475947393;3.776827245
17:22:13.336281;0.455569712;-0.703791472;1.501414724;-1.594089447;-1.835747123;-0.851919409;-0.523672914;3.751285085
17:22:13.346908;0.418518096;-1.2393457;1.501082057;-1.577973343;-1.840547919;-0.821777815;-0.569808058;3.725742924
17:22:13.356979;0.405645381;-1.245979297;1.501089717;-1.56278103;-1.84284246;-0.789140509;-0.614212713;3.700200764
17:22:13.367151;0.391737522;-1.261830808;1.501521439;-1.546594039;-1.839649916;-0.75410661;-0.656752024;3.674658604
17:22:13.378088;0.380045806;-1.228986367;1.502490602;-1.529625931;-1.820803881;-0.716782513;-0.697296801;3.649116444
17:22:13.388327;0.366145867;-1.248353683;1.504091857;-1.51226458;-1.785269499;-0.677281572;-0.735723911;3.623574284
17:22:13.399132;0.352507656;-1.260145901;1.506434772;-1.494218859;-1.739985466;-0.635723748;-0.771916651;3.598032123
17:22:13.409254;0.333567836;-1.362226791;1.509878152;-1.474643075;-1.69303;-0.592235253;-0.805765106;3.572489963
17:22:13.420888;0.318870039;-1.360634881;1.514491367;-1.453618814;-1.647029042;-0.546948158;-0.837166478;3.546947803
17:22:13.431428;0.303101104;-1.380312352;1.52040205;-1.431308422;-1.599327564;-0.5;-0.866025404;3.521405643
17:22:13.442096;0.285251119;-1.445358657;1.527660155;-1.408100694;-1.548186302;-0.451533358;-0.892254239;3.495863483
17:22:13.452933;0.263315269;-1.560157825;1.537250263;-1.381864697;-1.489305019;-0.401695425;-0.915773327;3.470321322
17:22:13.463184;0.239172362;-1.699178957;1.549199747;-1.353395748;-1.428499818;-0.350637555;-0.936511241;3.444779162
17:22:13.474179;0.21397717;-1.838413041;1.563837458;-1.322387059;-1.364566445;-0.298514811;-0.954405002;3.419237002
17:22:13.483609;0.18568478;-2.031797046;1.58127916;-1.28908689;-1.299947381;-0.245485487;-0.969400266;3.393694842
17:22:13.494297;0.158309918;-2.168092539;1.602526862;-1.251779403;-1.229939222;-0.191710632;-0.981451493;3.368152682
17:22:13.504385;0.132014133;-2.22261704;1.62975171;-1.207144337;-1.157327056;-0.137353558;-0.990522085;3.342610521
17:22:13.514474;0.130994124;-1.798238128;1.657099775;-1.163154663;-1.079628587;-0.082579345;-0.996584493;3.317068361
17:22:13.526637;0.132074744;-1.419886395;1.689706344;-1.111213469;-0.999098539;-0.027554342;-0.999620307;3.291526201
17:22:13.536716;0.058048306;-2.543234852;1.731587048;-1.051338168;-0.913772166;0.027554342;-0.999620307;3.265984041
17:22:13.547072;0.036950677;-2.45344506;1.776543621;-0.988712511;-0.831516743;0.082579345;-0.996584493;3.240441881
17:22:13.558452;-0.003616019;-2.709100793;1.833927373;-0.911705745;-0.751871884;0.137353558;-0.990522085;3.214899721
17:22:13.568326;-0.002595481;-2.148032513;1.890435718;-0.835450865;-0.674392521;0.191710632;-0.981451493;3.18935756
17:22:13.578823;-0.038993489;-2.403528635;1.954529198;-0.750929289;-0.591769397;0.245485487;-0.969400266;3.1638154
17:22:13.589628;-0.057567103;-2.264048429;2.023170625;-0.66063452;-0.505076945;0.298514811;-0.954405002;3.13827324
17:22:13.600140;-0.071807153;-2.093980646;2.087542736;-0.575556691;-0.418801159;0.350637555;-0.936511241;3.11273108
17:22:13.609984;-0.087074401;-1.976367231;2.152608305;-0.48899399;-0.340163857;0.401695425;-0.915773327;3.08718892
17:22:13.621260;-0.101335212;-1.86269682;2.216806923;-0.402663845;-0.265393108;0.451533358;-0.892254239;3.061646759
17:22:13.631093;-0.115617679;-1.761666924;2.281838056;-0.313962758;-0.199201167;0.5;-0.866025404;3.036104599
17:22:13.641704;-0.126553987;-1.615301361;2.344180385;-0.227051689;-0.117983051;0.546948158;-0.837166478;3.010562439
17:22:13.651972;-0.138856064;-1.532293922;2.401317423;-0.145589713;-0.042131636;0.592235253;-0.805765106;2.985020279
17:22:13.663682;-0.151844759;-1.466367205;2.458309821;-0.062348877;0.045051638;0.635723748;-0.771916651;2.959478119
17:22:13.672570;-0.165121749;-1.431810809;2.509489282;0.014330169;0.120005846;0.677281572;-0.735723911;2.933935958
17:22:13.683003;-0.166141508;-1.165632402;2.554078165;0.084506947;0.201058567;0.716782513;-0.697296801;2.908393798
17:22:13.693393;-0.177030772;-1.147985708;2.595984783;0.152444021;0.271144062;0.75410661;-0.656752024;2.882851638
17:22:13.703224;-0.177030772;-0.918388567;2.632679786;0.215535631;0.343921781;0.789140509;-0.614212713;2.857309478
17:22:13.714226;-0.176011013;-0.715603419;2.666311879;0.277452453;0.441571057;0.821777815;-0.569808058;2.831767318
17:22:13.723881;-0.17397188;-0.533620274;2.694671852;0.33394508;0.538789868;0.851919409;-0.523672914;2.806225157
17:22:13.734801;-0.20774468;-1.096556395;2.726484876;0.393101877;0.61297524;0.879473751;-0.475947393;2.780682997
17:22:13.744914;-0.208561377;-0.893203006;2.755140837;0.449814853;0.657790542;0.904357161;-0.426776435;2.755140837
17:22:13.754436;-0.208492527;-0.713195027;2.78010938;0.502656634;0.719372451;0.926494067;-0.376309372;2.78010938
17:22:13.764822;-0.206030198;-0.523116843;2.802506731;0.554032722;0.768549144;0.945817242;-0.324699469;2.802506731
17:22:13.774864;-0.201249335;-0.324881176;2.821294065;0.601542929;0.817724645;0.962268;-0.272103465;2.821294065
17:22:13.786292;-0.197561328;-0.190788445;2.838301972;0.648751475;0.852345228;0.975796383;-0.218681091;2.838301972
17:22:13.797048;-0.188508717;0.015316741;2.852174801;0.693297753;0.917040646;0.986361303;-0.16459459;2.852174801
17:22:13.808024;-0.179252648;0.183314682;2.863324891;0.735374768;0.983826637;0.993930677;-0.110008221;2.863324891
17:22:13.818151;-0.169049239;0.335626664;2.872005528;0.775022611;1.070446253;0.998481516;-0.05508776;2.872005528
17:22:13.828671;-0.157507288;0.496366439;2.878044339;0.810186771;1.145775318;1;0;2.878044339
17:22:13.838387;-0.12033671;1.1353348;2.878116543;0.83924058;1.226470113;0.998481516;0.05508776;2.878116543
17:22:13.849061;-0.12033671;0.90826784;2.879062101;0.869374408;1.280695677;0.993930677;0.110008221;2.879062101
17:22:13.858844;-0.098854972;1.152681405;2.877495695;0.896830843;1.332680702;0.986361303;0.16459459;2.877495695
17:22:13.869650;-0.074513174;1.380275407;2.873197015;0.923085872;1.395047307;0.975796383;0.218681091;2.873197015
17:22:13.880550;-0.050363907;1.550440929;2.866613878;0.94756465;1.464958549;0.962268;0.272103465;2.866613878
17:22:13.891009;-0.025526564;1.709015011;2.858228607;0.969517143;1.536480665;0.945817242;0.324699469;2.858228607
17:22:13.901202;-0.00220529;1.805451841;2.848341311;0.989995925;1.596538782;0.926494067;0.376309372;2.848341311
17:22:13.912620;0.050102667;2.406090771;2.832794102;1.005345723;1.657171726;0.904357161;0.426776435;2.871562912
17:22:13.923337;0.074035662;2.372563557;2.816638294;1.019388795;1.704731822;0.879473751;0.475947393;2.894784513
17:22:13.933513;0.071994143;1.860256751;2.803056284;1.036160536;1.762988448;0.851919409;0.523672914;2.918006114
17:22:13.944527;0.132718715;2.603330183;2.783393088;1.046916138;1.838123083;0.821777815;0.569808058;2.941227715
17:22:13.954657;0.162588829;2.66739022;2.763533454;1.055390402;1.922051549;0.789140509;0.614212713;2.964449316
17:22:13.966362;0.190330854;2.645207916;2.741240152;1.062962727;1.991267681;0.75410661;0.656752024;2.987670917
17:22:13.976321;0.193394356;2.176888448;2.722333811;1.071619061;2.066328287;0.716782513;0.697296801;3.010892518
17:22:13.987246;0.196456743;1.79801985;2.703759449;1.082448336;2.135410786;0.677281572;0.735723911;3.034114119
17:22:13.997099;0.276784783;3.02577959;2.678864731;1.08479054;2.200734615;0.635723748;0.771916651;3.05733572
17:22:14.007230;0.330708425;3.438658236;2.648266028;1.082406934;2.256727457;0.592235253;0.805765106;3.080557321
17:22:14.017782;0.358697858;3.303544917;2.61760843;1.07841884;2.298351049;0.546948158;0.837166478;3.103778922
17:22:14.028571;0.381574682;3.074715977;2.584550442;1.072915282;2.332714558;0.5;0.866025404;3.127000523
17:22:14.039491;0.404808518;2.893218562;2.549924944;1.065810445;2.35844326;0.451533358;0.892254239;3.150222124
17:22:14.049585;0.425761298;2.71708828;2.515253867;1.057504859;2.404208899;0.401695425;0.915773327;3.173443725
17:22:14.059796;0.423723516;2.133440173;2.483059129;1.050626915;2.461643457;0.350637555;0.936511241;3.196665326
17:22:14.069605;0.44168208;2.062237831;2.449960884;1.042448563;2.512556076;0.298514811;0.954405002;3.219886927
17:22:14.080289;0.457552306;1.955098621;2.415033184;1.032808657;2.568632364;0.245485487;0.969400266;3.243108528
17:22:14.089655;0.471477626;1.840626584;2.38047302;1.022395092;2.635643244;0.191710632;0.981451493;3.26633013
17:22:14.100191;0.48538748;1.748646855;2.345057002;1.010781565;2.71838665;0.137353558;0.990522085;3.289551731
17:22:14.111100;0.49605883;1.60086403;2.307358222;0.99766656;2.810032129;0.082579345;0.996584493;3.312773332
17:22:14.121762;0.504170179;1.429651026;2.268235133;0.983458346;2.889733553;0.027554342;0.999620307;3.335994933
17:22:14.131670;0.519748809;1.450986775;2.230501075;0.968532701;2.963035583;-0.027554342;0.999620307;3.359216534
17:22:14.142903;0.523628863;1.233766038;2.191064961;0.952604789;3.035779715;-0.082579345;0.996584493;3.382438135
17:22:14.152362;0.527604504;1.065035743;2.153344262;0.937020446;3.112197638;-0.137353558;0.990522085;3.405659736
17:22:14.162430;0.529591197;0.890386242;2.115302949;0.921087651;-3.089556694;-0.191710632;0.981451493;3.428881337
17:22:14.173336;0.530610642;0.732482408;2.078580153;0.905557808;-3.02107811;-0.245485487;0.969400266;3.452102938
17:22:14.183999;0.528068123;0.538529684;2.040565452;0.889611374;-2.967311144;-0.298514811;0.954405002;3.475324539
17:22:14.194480;0.525857421;0.389371896;2.003580662;0.874194287;-2.923463821;-0.350637555;0.936511241;3.49854614
17:22:14.204931;0.522677034;0.252694459;1.967064073;0.859152646;-2.880588293;-0.401695425;0.915773327;3.521767741
17:22:14.215006;0.516530731;0.08070993;1.934206503;0.846038879;-2.836448193;-0.451533358;0.892254239;3.544989342
17:22:14.225128;0.49968611;-0.269913967;1.904296448;0.835459395;-2.7891078;-0.5;0.866025404;3.568210943
17:22:14.237252;0.500705082;-0.198886643;1.868999772;0.822720199;-2.736528397;-0.546948158;0.837166478;3.591432544
17:22:14.247451;0.491579991;-0.334665434;1.839989758;0.81298864;-2.683288336;-0.592235253;0.805765106;3.614654145
17:22:14.258467;0.484398684;-0.406915068;1.81248585;0.80432999;-2.630041599;-0.635723748;0.771916651;3.637875746
17:22:14.269257;0.480448988;-0.398984108;1.784611332;0.795797816;-2.580705643;-0.677281572;0.735723911;3.661097347
17:22:14.279387;0.481719356;-0.295926365;1.756236629;0.786760911;-2.53386426;-0.716782513;0.697296801;3.684318948
17:22:14.290657;0.487519868;-0.12805384;1.727731473;0.776849143;-2.49362874;-0.75410661;0.656752024;3.707540549
17:22:14.301453;0.487580356;-0.101318139;1.699160669;0.766704677;-2.452373505;-0.789140509;0.614212713;3.73076215
17:22:14.312153;0.496361558;0.083976542;1.669650385;0.75511945;-2.414134741;-0.821777815;0.569808058;3.753983751
17:22:14.322598;0.510416722;0.32428643;1.637247016;0.740793599;-2.379162073;-0.851919409;0.523672914;3.777205352
17:22:14.333260;0.53328242;0.685948818;1.602067868;0.722979991;-2.345349312;-0.879473751;0.475947393;3.800426953
17:22:14.343381;0.539959023;0.678631231;1.567712755;0.704920012;-2.315518618;-0.904357161;0.426776435;3.823648554
17:22:14.353475;0.545262928;0.647567705;1.533472222;0.686394681;-2.284717083;-0.926494067;0.376309372;3.846870155
17:22:14.364807;0.549637932;0.600489009;1.497414987;0.666422539;-2.258971214;-0.945817242;0.324699469;3.870091756
17:22:14.375396;0.553715906;0.55709324;1.461189089;0.645925933;-2.231847525;-0.962268;0.272103465;3.893313357
17:22:14.385720;0.557869812;0.528015829;1.426718156;0.626023259;-2.2038939;-0.975796383;0.218681091;3.916534958
17:22:14.395020;0.561946942;0.502277989;1.391768225;0.605461166;-2.163373232;-0.986361303;0.16459459;3.939756559
17:22:14.405729;0.562885996;0.420438667;1.357718647;0.585280185;-2.115076303;-0.993930677;0.110008221;3.96297816
17:22:14.415741;0.558308613;0.245486363;1.325126516;0.566202614;-2.059210539;-0.998481516;0.05508776;3.986199761
17:22:14.427115;0.5573716;0.17923849;1.290639683;0.546006214;-2.011303186;-1;-1.22E-16;4.009421362
17:22:14.437203;0.559531565;0.186185313;1.259042336;0.527277331;-1.97314167;-0.998481516;-0.05508776;4.032642963
17:22:14.447149;0.559865928;0.155576141;1.228029719;0.508810926;-1.939575434;-0.993930677;-0.110008221;4.055864564
17:22:14.457215;0.556595946;0.060676162;1.19773107;0.490947632;-1.909773827;-0.986361303;-0.16459459;4.079086165
17:22:14.467512;0.547768093;-0.120364849;1.16905554;0.474641642;-1.882658839;-0.975796383;-0.218681091;4.102307766
17:22:14.478259;0.522248616;-0.575080107;1.145040518;0.462960601;-1.862546802;-0.962268;-0.272103465;4.125529367
17:22:14.489084;0.508709688;-0.711879798;1.123541056;0.453658195;-1.846652389;-0.945817242;-0.324699469;4.148750968
17:22:14.500014;0.50102283;-0.710612711;1.103240395;0.445487916;-1.835461497;-0.926494067;-0.376309372;4.171972569
17:22:14.510235;0.500300815;-0.582771977;1.084476044;0.437783577;-1.827947378;-0.904357161;-0.426776435;4.19519417
17:22:14.520141;0.493964874;-0.589374314;1.066475285;0.430848737;-1.825049758;-0.879473751;-0.475947393;4.218415771
17:22:14.529848;0.480134215;-0.746196008;1.051181108;0.426216951;-1.824397564;-0.851919409;-0.523672914;4.241637372
17:22:14.540931;0.463262889;-0.921525287;1.038164798;0.42406167;-1.824188232;-0.821777815;-0.569808058;4.264858974
17:22:14.550220;0.450706304;-0.98666559;1.027291021;0.423585505;-1.823856235;-0.789140509;-0.614212713;4.288080575
17:22:14.561833;0.442094947;-0.94763073;1.016502005;0.423915358;-1.814089894;-0.75410661;-0.656752024;4.311302176
17:22:14.572633;0.429232272;-0.995236792;1.007398918;0.425791289;-1.7917732;-0.716782513;-0.697296801;4.334523777
17:22:14.582706;0.413392028;-1.095383172;1.000544679;0.429568676;-1.753929734;-0.677281572;-0.735723911;4.357745378
17:22:14.593855;0.416441841;-0.818005262;0.99221679;0.431665957;-1.710441947;-0.635723748;-0.771916651;4.380966979
17:22:14.603681;0.377605545;-1.379473702;0.989931438;0.439998801;-1.663475633;-0.592235253;-0.805765106;4.40418858
17:22:14.614549;0.378715371;-1.081544068;0.986244559;0.446266301;-1.61700213;-0.546948158;-0.837166478;4.427410181
17:22:14.624621;0.342846602;-1.573991861;0.987542187;0.457554325;-1.568704367;-0.5;-0.866025404;4.450631782
17:22:14.635253;0.341829531;-1.278670953;0.987341034;0.467667046;-1.518768668;-0.451533358;-0.892254239;4.473853383
17:22:14.645325;0.299680486;-1.845391905;0.992840231;0.483316133;-1.465361476;-0.401695425;-0.915773327;4.497074984
17:22:14.655126;0.275460614;-1.955710472;1.000269585;0.500816988;-1.402435541;-0.350637555;-0.936511241;4.520296585
17:22:14.666285;0.251193582;-2.014204272;1.010006674;0.521406267;-1.335424781;-0.298514811;-0.954405002;4.543518186
17:22:14.677017;0.227963785;-2.042192413;1.021005089;0.54335846;-1.263733268;-0.245485487;-0.969400266;4.566739787
17:22:14.688894;0.20259758;-2.069690833;1.03426964;0.568585923;-1.188103199;-0.191710632;-0.981451493;4.589961388
17:22:14.698721;0.177158493;-2.154394816;1.047002894;0.591939783;-1.110590816;-0.137353558;-0.990522085;4.613182989
17:22:14.709766;0.15168708;-2.201315182;1.061373785;0.617553545;-1.02829802;-0.082579345;-0.996584493;4.63640459
17:22:14.718928;0.126216351;-2.265368793;1.07581691;0.642793415;-0.947296262;-0.027554342;-0.999620307;4.659626191
17:22:14.729846;0.101890351;-2.284791019;1.09107252;0.669208049;-0.859086514;0.027554342;-0.999620307;4.682847792
17:22:14.739829;0.055008274;-2.706357129;1.110661033;0.700549847;-0.772933722;0.082579345;-0.996584493;4.706069393
17:22:14.750518;0.035533967;-2.550136872;1.128291888;0.729507559;-0.684328377;0.137353558;-0.990522085;4.729290994
17:22:14.760483;0.016298546;-2.407351174;1.145634473;0.758763917;-0.59673202;0.191710632;-0.981451493;4.752512595
17:22:14.772041;-0.002122136;-2.264207685;1.162514467;0.788214574;-0.50839144;0.245485487;-0.969400266;4.775734196
17:22:14.781864;-0.020537041;-2.177121152;1.177223475;0.814706345;-0.421261817;0.298514811;-0.954405002;4.798955797
17:22:14.793781;-0.022573045;-1.777644886;1.190461151;0.841357363;-0.341992617;0.350637555;-0.936511241;4.822177398
17:22:14.803801;-0.053999488;-2.042898044;1.203371633;0.866388863;-0.263324857;0.401695425;-0.915773327;4.845398999
17:22:14.814736;-0.069347573;-1.91813472;1.216097934;0.892201903;-0.192989081;0.451533358;-0.892254239;4.8686206
17:22:14.824971;-0.081346066;-1.772339937;1.226719269;0.915149229;-0.117353037;0.5;-0.866025404;4.891842201
17:22:14.835033;-0.0957744;-1.692081494;1.236985806;0.938381526;-0.045119505;0.546948158;-0.837166478;4.915063802
17:22:14.845843;-0.097810209;-1.39189372;1.245190699;0.95980693;0.037864957;0.592235253;-0.805765106;4.938285403
17:22:14.856433;-0.099846732;-1.15090242;1.251648906;0.97986747;0.115751706;0.635723748;-0.771916651;4.961507004
17:22:14.868676;-0.140498844;-1.685369844;1.260475241;1.00205135;0.192867145;0.677281572;-0.735723911;4.984728605
17:22:14.877524;-0.141516511;-1.367677292;1.267288861;1.022139207;0.262782604;0.716782513;-0.697296801;5.007950206
17:22:14.887750;-0.156778719;-1.378638588;1.274027302;1.042512513;0.32578066;0.75410661;-0.656752024;5.031171807
17:22:14.898631;-0.182332136;-1.57993682;1.281543896;1.063720504;0.382262349;0.789140509;-0.614212713;5.054393408
17:22:14.908662;-0.192235467;-1.460446071;1.287914925;1.083042739;0.433166087;0.821777815;-0.569808058;5.077615009
17:22:14.919229;-0.196362376;-1.250298884;1.293244518;1.101373126;0.481355041;0.851919409;-0.523672914;5.10083661
17:22:14.929451;-0.200603975;-1.084091463;1.297721667;1.118957437;0.528441787;0.879473751;-0.475947393;5.124058211
17:22:14.939546;-0.203889708;-0.930955252;1.301443829;1.136091135;0.567816615;0.904357161;-0.426776435;5.147279812
17:22:14.950427;-0.203245276;-0.732609131;1.304203573;1.152666208;0.615307987;0.926494067;-0.376309372;5.157235256
17:22:14.960502;-0.200703319;-0.535749651;1.305846357;1.167489836;0.676331341;0.945817242;-0.324699469;5.166777828
17:22:14.971293;-0.197798506;-0.375501868;1.306687941;1.182624354;0.756807566;0.962268;-0.272103465;5.177348705
17:22:14.982036;-0.195672446;-0.260620437;1.30678059;1.196684875;0.836751878;0.975796383;-0.218681091;5.1882364
17:22:14.991979;-0.186835525;-0.042032281;1.305811085;1.209584893;0.917117596;0.986361303;-0.16459459;5.198640426
17:22:15.003061;-0.185818838;-0.014650162;1.304454085;1.222213532;0.989095211;0.993930677;-0.110008221;5.210610958
17:22:15.013711;-0.165941961;0.355064324;1.301516119;1.233397989;1.055981994;0.998481516;-0.05508776;5.222491154
17:22:15.023814;-0.166958648;0.263941746;1.298774301;1.243802499;1.115696192;1;0;5.234105793
17:22:15.034746;-0.127556309;0.976459861;1.293572889;1.251947835;1.194115162;0.998481516;0.05508776;5.24705458
17:22:15.045180;-0.12959026;0.74175516;1.288645279;1.260345991;1.258910298;0.993930677;0.110008221;5.259777719
17:22:15.054364;-0.076062708;1.64996618;1.28089879;1.265617044;1.317693233;0.986361303;0.16459459;5.271263335
17:22:15.066038;-0.049785468;1.804097856;1.271363407;1.269934367;1.370639205;0.975796383;0.218681091;5.286239822
17:22:15.076750;-0.023420785;1.935344209;1.260808331;1.272946109;1.4101789;0.962268;0.272103465;5.300342716
17:22:15.086444;0.002402273;2.038300118;1.249379898;1.274745263;1.456438303;0.945817242;0.324699469;5.313393922
17:22:15.097987;-0.012960038;1.349196205;1.23906518;1.27801294;1.495808601;0.926494067;0.376309372;5.329281124
17:22:15.108557;0.039757555;2.078455855;1.226469499;1.278426163;1.565320373;0.904357161;0.426776435;5.344149279
17:22:15.119229;0.101918557;2.831276849;1.210543389;1.275463612;1.635884166;0.879473751;0.475947393;5.359461028
17:22:15.129336;0.101918557;2.26502148;1.195977187;1.273086695;1.704690337;0.851919409;0.523672914;5.374230974
17:22:15.139385;0.133749691;2.444547572;1.180177718;1.269244345;1.767132998;0.821777815;0.569808058;5.389166718
17:22:15.150025;0.155393467;2.363426707;1.162779018;1.264280469;1.853755474;0.789140509;0.614212713;5.4052437
17:22:15.160854;0.183135055;2.407547271;1.144041152;1.257924663;1.95655942;0.75410661;0.656752024;5.421873617
17:22:15.171416;0.211951449;2.455347;1.123790862;1.250020014;2.064529657;0.716782513;0.697296801;5.438343214
17:22:15.182114;0.243887245;2.580619696;1.103065107;1.240832016;2.123364925;0.677281572;0.735723911;5.45526606
17:22:15.192208;0.303803078;3.251070546;1.079312911;1.228099063;2.164062977;0.635723748;0.771916651;5.471446819
17:22:15.202727;0.334999776;3.189963779;1.052753815;1.212829726;2.197366476;0.592235253;0.805765106;5.488519803
17:22:15.212382;0.338057481;2.612701405;1.028172974;1.198725295;2.25601697;0.546948158;0.837166478;5.504371724
17:22:15.223527;0.367091171;2.627135759;1.000289568;1.181808488;2.326461792;0.5;0.866025404;5.522875566
17:22:15.233599;0.415461799;3.057169682;0.970994219;1.162491922;2.372631311;0.451533358;0.892254239;5.539778227
17:22:15.244366;0.415461799;2.445735746;0.942173642;1.143608158;2.420105219;0.401695425;0.915773327;5.558026511
17:22:15.254294;0.41444312;1.936552719;0.915434667;1.126312577;2.471878767;0.350637555;0.936511241;5.57500817
17:22:15.264047;0.412405337;1.508881502;0.890525598;1.11052045;2.530365705;0.298514811;0.954405002;5.591827457
17:22:15.274618;0.493163022;2.768837352;0.857653857;1.086687288;2.596121788;0.245485487;0.969400266;5.610201626
17:22:15.284815;0.50740312;2.482881451;0.823801862;1.061774426;2.677911758;0.191710632;0.981451493;5.628058849
17:22:15.295275;0.517321032;2.182568964;0.792072687;1.038209487;2.758060455;0.137353558;0.990522085;5.646503051
17:22:15.305429;0.531006582;2.008266028;0.759259807;1.013491933;2.82021904;0.082579345;0.996584493;5.664521125
17:22:15.317077;0.528967581;1.571468244;0.725162853;0.988005117;2.876187801;0.027554342;0.999620307;5.685316464
17:22:15.327259;0.549725727;1.669273732;0.694547085;0.964539276;2.933769703;-0.027554342;0.999620307;5.703595054
17:22:15.338458;0.557176982;1.474515083;0.662705403;0.939966605;3.01131773;-0.082579345;0.996584493;5.723796587
17:22:15.349648;0.56203343;1.268788418;0.631479792;0.915787263;3.079334974;-0.137353558;0.990522085;5.744072228
17:22:15.359439;0.567309678;1.116447116;0.60259422;0.893320565;-3.140758991;-0.191710632;0.981451493;5.761877803
17:22:15.370262;0.568917137;0.923435983;0.574577474;0.871551854;-3.077123404;-0.245485487;0.969400266;5.78162065
17:22:15.379854;0.56867809;0.734099876;0.549068145;0.851819011;-3.022974491;-0.298514811;0.954405002;5.799162809
17:22:15.391226;0.56867809;0.587279901;0.524050582;0.832554078;-2.966245174;-0.350637555;0.936511241;5.820004304
17:22:15.401845;0.563169752;0.365664558;0.501800422;0.815727765;-2.91801405;-0.401695425;0.915773327;5.839498587
17:22:15.411924;0.557662683;0.18991126;0.481563907;0.800767254;-2.873632431;-0.451533358;0.892254239;5.858021509
17:22:15.422690;0.552714287;0.059835289;0.463435537;0.787715517;-2.825911283;-0.5;0.866025404;5.877818597
17:22:15.433416;0.545304898;-0.090846276;0.447843206;0.776989856;-2.772861719;-0.546948158;0.837166478;5.897543896
17:22:15.444228;0.536215564;-0.240005187;0.4346163;0.768555729;-2.711461782;-0.592235253;0.805765106;5.917418626
17:22:15.455484;0.536215564;-0.192004149;0.422522793;0.760998365;-2.665094614;-0.635723748;0.771916651;5.938088836
17:22:15.466294;0.524777525;-0.364816073;0.412974337;0.755973943;-2.628080368;-0.677281572;0.735723911;5.957909205
17:22:15.477091;0.521822356;-0.347629539;0.40470097;0.752032376;-2.597173452;-0.716782513;0.697296801;5.977664887
17:22:15.488691;0.520803677;-0.294763585;0.395927277;0.748153581;-2.562576056;-0.75410661;0.656752024;5.998832303
17:22:15.498970;0.519784855;-0.255492829;0.389098545;0.745388168;-2.52406311;-0.789140509;0.614212713;6.01752911
17:22:15.509747;0.52496517;-0.101715237;0.381885168;0.742064209;-2.479415894;-0.821777815;0.569808058;6.037060775
17:22:15.520486;0.538084025;0.159028945;0.372055923;0.736348747;-2.432920933;-0.851919409;0.523672914;6.056441044
17:22:15.530539;0.548292427;0.316289888;0.360995213;0.729245462;-2.389582634;-0.879473751;0.475947393;6.07449944
17:22:15.541201;0.554853607;0.383312503;0.350107783;0.72193878;-2.350557327;-0.904357161;0.426776435;6.093553465
17:22:15.551071;0.561102555;0.42644144;0.338312752;0.713734326;-2.316701889;-0.926494067;0.376309372;6.11109323
17:22:15.562596;0.571782406;0.538457098;0.324748726;0.703758656;-2.287287235;-0.945817242;0.324699469;6.131442706
17:22:15.572817;0.576633236;0.520192523;0.31101459;0.693472389;-2.257489681;-0.962268;0.272103465;6.149361515
17:22:15.583681;0.584864508;0.579389057;0.297485978;0.683011568;-2.227406263;-0.975796383;0.218681091;6.168265013
17:22:15.595619;0.591994149;0.58326875;0.280937466;0.669905571;-2.191503286;-0.986361303;0.16459459;6.188855297
17:22:15.605967;0.594120483;0.507684938;0.26700052;0.65880481;-2.153622866;-0.993930677;0.110008221;6.206538342
17:22:15.616206;0.596157244;0.445153048;0.253335272;0.647855964;-2.112848997;-0.998481516;0.05508776;6.223874861
17:22:15.626714;0.596064301;0.354388105;0.240116539;0.637280963;-2.073480606;-1;-1.22E-16;6.241491625
17:22:15.637318;0.594029595;0.244492023;0.228363533;0.627970374;-2.034895897;-0.997509025;-0.070538959;6.259079598
17:22:15.647985;0.589957981;0.119200934;0.217817729;0.619802112;-1.996136427;-0.990048511;-0.140726497;6.276569689
17:22:15.658787;0.561238399;-0.435468168;0.213442022;0.617759497;-1.951235414;-0.977655624;-0.210212942;6.2940639
17:22:15.669628;0.544993135;-0.653104173;0.212493263;0.619081481;-1.901944518;-0.960392106;-0.278652117;6.3113909
17:22:15.679102;0.533963971;-0.741028642;0.213579391;0.622318017;-1.855252385;-0.938343964;-0.345703061;6.326335707
17:22:15.689268;0.531996357;-0.631767606;0.214825949;0.62572921;-1.815381765;-0.911621038;-0.411031729;6.342158897
17:22:15.699804;0.52916208;-0.558217359;0.216465899;0.629684423;-1.783513665;-0.880356463;-0.474312659;6.358315865
17:22:15.712245;0.526205196;-0.498136189;0.218531298;0.63424469;-1.764427304;-0.844705996;-0.535230586;6.377063603
17:22:15.721539;0.514380323;-0.632387133;0.222241918;0.640184216;-1.76101613;-0.804847246;-0.593482022;6.390826333
17:22:15.732329;0.502472035;-0.736482577;0.227829904;0.648097182;-1.770723581;-0.760978788;-0.64877676;6.406534165
17:22:15.743137;0.490701773;-0.809331749;0.235263421;0.658007371;-1.785962343;-0.713319171;-0.700839325;6.421967073
17:22:15.754120;0.478697221;-0.868095099;0.24436412;0.669718627;-1.792736769;-0.662105835;-0.749410344;6.437330234
17:22:15.764738;0.463782945;-0.968956368;0.255366866;0.683437794;-1.780886412;-0.60759392;-0.794247838;6.45186613
17:22:15.774844;0.448897315;-1.053545975;0.267865169;0.698735106;-1.752556562;-0.550055003;-0.835128429;6.46540264
17:22:15.786439;0.452959666;-0.767575596;0.278444997;0.712264781;-1.715424776;-0.48977574;-0.871848453;6.480563651
17:22:15.797151;0.456110483;-0.558870777;0.287812903;0.724866567;-1.678126097;-0.427056439;-0.904224971;6.494207962
17:22:15.808399;0.394970421;-1.568750884;0.30692658;0.747224044;-1.635167122;-0.362209564;-0.932096686;6.508149082
17:22:15.818433;0.378154287;-1.588172065;0.32559026;0.76908189;-1.590888858;-0.295558179;-0.955324742;6.520242351
17:22:15.828900;0.361356;-1.581497911;0.346379245;0.793503083;-1.547749996;-0.227434338;-0.973793418;6.532503117
17:22:15.840391;0.342406984;-1.60997646;0.3684181;0.819472927;-1.495738864;-0.158177431;-0.987410705;6.545535406
17:22:15.850788;0.318213869;-1.748220801;0.390983059;0.846032159;-1.431739807;-0.088132492;-0.996108761;6.556930689
17:22:15.861091;0.291935695;-1.894515598;0.415235217;0.874558885;-1.357646346;-0.017648481;-0.999844253;6.567841983
17:22:15.871707;0.264546289;-2.058614532;0.439599841;0.903237885;-1.286359072;0.052923454;-0.998598572;6.578678353
17:22:15.881120;0.239195979;-2.149061528;0.464665829;0.932871432;-1.217012405;0.123231727;-0.992377923;6.587933744
17:22:15.892698;0.188399843;-2.650515713;0.495645544;0.969093286;-1.14345324;0.192926065;-0.981213297;6.598852099
17:22:15.902799;0.161060787;-2.632516288;0.525519797;1.004423017;-1.067983389;0.261659256;-0.965160315;6.607948411
17:22:15.913922;0.136698378;-2.571306656;0.553853174;1.038411559;-0.982240379;0.329088873;-0.944298953;6.617491554
17:22:15.923708;0.114416677;-2.498178446;0.580004873;1.070293595;-0.887507498;0.394878986;-0.918733142;6.625468318
17:22:15.934454;0.114416677;-1.998542757;0.603317151;1.099783748;-0.78313297;0.458701832;-0.888590248;6.633765731
17:22:15.945290;0.115433391;-1.579980646;0.623910954;1.126998452;-0.685772896;0.520239449;-0.854020442;6.641632838
17:22:15.955262;0.059017214;-2.3099402;0.647281915;1.157229294;-0.5950858;0.579185258;-0.81519595;6.648420069
17:22:15.966560;0.041619761;-2.176361793;0.668463104;1.185383614;-0.516079068;0.635245596;-0.772310192;6.65557487
17:22:15.976667;0.041619761;-1.741089435;0.68678197;1.210994298;-0.444167137;0.688141172;-0.725576824;6.661484362
17:22:15.986754;0.041619761;-1.392871548;0.701522755;1.232756764;-0.368939877;0.737608464;-0.675228668;6.666910827
17:22:15.998090;-0.020075119;-2.260201329;0.719723595;1.258612273;-0.295825183;0.783401027;-0.621516557;6.672436585
17:22:16.008819;-0.033118259;-2.056377894;0.73567406;1.282212779;-0.228251845;0.825290726;-0.564708082;6.677097619
17:22:16.019679;-0.045141868;-1.868145956;0.750310641;1.304862094;-0.167915896;0.863068868;-0.50508626;6.681241417
17:22:16.029701;-0.046158582;-1.51466794;0.761987739;1.32417095;-0.100407951;0.896547244;-0.442948123;6.68454373
17:22:16.039681;-0.046158582;-1.211734352;0.772595274;1.343068721;-0.030547323;0.925559067;-0.378603241;6.687325945
17:22:16.050874;-0.085167561;-1.713809268;0.783254159;1.361882117;0.036024202;0.949959801;-0.312372177;6.643510485
17:22:16.061545;-0.099612502;-1.641044727;0.793079005;1.38014195;0.118521914;0.969627883;-0.24458489;6.599695024
17:22:16.071051;-0.110578142;-1.530655447;0.801293349;1.396383974;0.188553721;0.984465328;-0.175579094;6.555879563
17:22:16.082044;-0.119562601;-1.402081018;0.808579057;1.411816789;0.262742043;0.994398216;-0.105698571;6.512064103
17:22:16.093259;-0.126206654;-1.253251057;0.814901515;1.426337469;0.319100559;0.999377062;-0.035291464;6.468248642
17:22:16.101808;-0.125190559;-0.983456002;0.82040095;1.440517052;0.383428246;0.999377062;0.035291464;6.424433182
17:22:16.112024;-0.130431874;-0.890149161;0.824893541;1.453351565;0.435390294;0.994398216;0.105698571;6.380617721
17:22:16.122623;-0.133667017;-0.775825354;0.82869195;1.465547897;0.483399242;0.984465328;0.175579094;6.33680226
17:22:16.133530;-0.131532464;-0.580508974;0.831890749;1.477575406;0.565251231;0.969627883;0.24458489;6.2929868
17:22:16.144444;-0.129500922;-0.426766753;0.834459079;1.489137941;0.651354492;0.949959801;0.312372177;6.249171339
17:22:16.155130;-0.126455233;-0.285860892;0.836466284;1.500306512;0.745622635;0.925559067;0.378603241;6.205355879
17:22:16.165278;-0.124314324;-0.186412965;0.837886093;1.510205794;0.820015013;0.896547244;0.442948123;6.161540418
17:22:16.175624;-0.133083774;-0.309781861;0.839170631;1.520645186;0.906822681;0.863068868;0.50508626;6.117724957
17:22:16.186277;-0.130040492;-0.187689569;0.840026302;1.52999894;0.962336063;0.825290726;0.564708082;6.073909497
17:22:16.196341;-0.112290184;0.200942618;0.840504795;1.538973856;1.013674021;0.783401027;0.621516557;6.030094036
17:22:16.205943;-0.099760569;0.408704534;0.8407525;1.54771751;1.062404156;0.737608464;0.675228668;5.986278575
17:22:16.216606;-0.086506923;0.588963086;0.840845885;1.556317571;1.132020235;0.688141172;0.725576824;5.942463115
17:22:16.226474;-0.065148151;0.895319808;0.84083975;1.564779855;1.201344848;0.635245596;0.772310192;5.898647654
17:22:16.236896;-0.040889025;1.166197588;0.840829604;1.573836567;1.263298512;0.579185258;0.81519595;5.854832194
17:22:16.246987;-0.013419859;1.478693416;0.840923397;1.582395241;1.322594285;0.520239449;0.854020442;5.811016733
17:22:16.258433;0.015694343;1.720173682;0.84125946;1.591847604;1.375340223;0.458701832;0.888590248;5.767201272
17:22:16.269061;0.02632727;1.576300189;0.84183546;1.601364329;1.427240849;0.394878986;0.918733142;5.723385812
17:22:16.279980;0.048850171;1.674559873;0.842825122;1.611529485;1.483315468;0.329088873;0.944298953;5.679570351
17:22:16.290833;0.077305523;1.863928568;0.844378715;1.622240096;1.551505685;0.261659256;0.965160315;5.635754891
17:22:16.301486;0.092151215;1.770405039;0.84640299;1.633252344;1.629511595;0.192926065;0.981213297;5.59193943
17:22:16.311498;0.126259329;2.05596839;0.849319962;1.645211145;1.7129879;0.123231727;0.992377923;5.548123969
17:22:16.323292;0.151049838;2.098388417;0.853232317;1.658427685;1.795458198;0.052923454;0.998598572;5.504308509
17:22:16.332856;0.17786741;2.194948465;0.858014768;1.672099282;1.876577973;-0.017648481;0.999844253;5.460493048
17:22:16.343351;0.204645748;2.287998638;0.863825929;1.686576231;1.96137464;-0.088132492;0.996108761;5.416677587
17:22:16.352948;0.229410991;2.321899571;0.870940736;1.702431446;2.033660889;-0.158177431;0.987410705;5.372862127
17:22:16.363172;0.261441412;2.475865808;0.880049834;1.720609969;2.092655182;-0.227434338;0.973793418;5.329046666
17:22:16.373773;0.293473073;2.616667176;0.890949134;1.740428322;2.140545845;-0.295558179;0.955324742;5.285231206
17:22:16.384858;0.299591655;2.19937908;0.904916218;1.764755919;2.19713068;-0.362209564;0.932096686;5.241415745
17:22:16.396350;0.299591655;1.759503264;0.919119818;1.788800898;2.268615007;-0.427056439;0.904224971;5.197600284
17:22:16.405738;0.380646663;3.017627562;0.938021496;1.817050836;2.324899912;-0.48977574;0.871848453;5.153784824
17:22:16.416572;0.432109196;3.362321393;0.963871735;1.853220977;2.374357462;-0.550055003;0.835128429;5.109969363
17:22:16.426715;0.455404688;3.14752086;0.992141009;1.891444487;2.414542437;-0.60759392;0.794247838;5.066153903
17:22:16.438240;0.47770185;2.931657361;1.026795475;1.936979281;2.449995279;-0.662105835;0.749410344;5.022338442
17:22:16.448443;0.494807824;2.683499004;1.063721937;1.984477965;2.482601643;-0.713319171;0.700839325;4.978522981
17:22:16.458950;0.491751862;2.089607188;1.105268265;2.037611429;2.52058816;-0.760978788;0.64877676;4.934707521
17:22:16.469808;0.525164727;2.291172878;1.154586362;2.099115441;2.574679136;-0.804847246;0.593482022;4.89089206
17:22:16.479649;0.522108692;1.772385528;1.203016663;2.159442323;2.635010958;-0.844705996;0.535230586;4.847076599
17:22:16.490659;0.53503335;1.662879846;1.25810651;2.227515007;2.700809479;-0.880356463;0.474312659;4.803261139
17:22:16.500904;0.556418759;1.718319278;1.321905195;2.305531418;2.779232979;-0.911621038;0.411031729;4.759445678
17:22:16.510882;0.564730041;1.539412081;1.383383202;2.380655549;2.866814375;-0.938343964;0.345703061;4.715630218
17:22:16.523817;0.571223353;1.345077201;1.45536542;2.468871133;2.948966742;-0.960392106;0.278652117;4.671814757
17:22:16.533233;0.580204712;1.241681676;1.525450953;2.55512205;3.022735357;-0.977655624;0.210212942;4.627999296
17:22:16.544556;0.580204712;0.993345341;1.591341863;2.637234174;3.085590601;-0.990048511;0.140726497;4.584183836
17:22:16.554638;0.584148082;0.871349863;1.655195989;2.717787745;-3.135522842;-0.997509025;0.070538959;4.540368375
17:22:16.565462;0.584148082;0.69707989;1.719301724;2.800223634;-3.064645529;-1;-1.22E-16;4.496552915
17:22:16.576232;0.583838179;0.551931594;1.778968005;2.878806294;-2.991899252;-0.999145758;-0.041324974;4.452737454
17:22:16.586815;0.581558785;0.398845587;1.83285327;2.951976129;-2.927396774;-0.996584493;-0.082579345;4.408921993
17:22:16.597576;0.57648175;0.224652448;1.881135584;3.020231977;-2.878787756;-0.99232058;-0.123692631;4.365106533
17:22:16.608388;0.57648175;0.179721959;1.924633043;3.084007015;-2.841673374;-0.986361303;-0.16459459;4.321291072
17:22:16.618420;0.561608686;-0.150412939;1.958035498;3.137041376;-2.801998377;-0.978716845;-0.205215342;4.277475611
17:22:16.628907;0.550188156;-0.338233385;1.986176637;-3.09732825;-2.75983572;-0.969400266;-0.245485487;4.233660151
17:22:16.638485;0.529084019;-0.689027751;2.005004756;-3.058369038;-2.711152792;-0.958427482;-0.285336224;4.18984469
17:22:16.649019;0.529084019;-0.551222201;2.022231272;-3.020725231;-2.659269333;-0.945817242;-0.324699469;4.14602923
17:22:16.660224;0.523521333;-0.542229944;2.037629465;-2.983021308;-2.604180098;-0.931591088;-0.363507971;4.102213769
17:22:16.670951;0.522195717;-0.458086949;2.051262512;-2.947084223;-2.546714783;-0.915773327;-0.401695425;4.058398308
17:22:16.681361;0.522841069;-0.354060799;2.063497455;-2.913448578;-2.492958784;-0.898390982;-0.439196589;4.014582848
17:22:16.692242;0.530680874;-0.136983981;2.077468904;-2.877280623;-2.446071863;-0.879473751;-0.475947393;3.970767387
17:22:16.702067;0.530680874;-0.109587185;2.089854332;-2.843799549;-2.405685663;-0.859053954;-0.511885049;3.926951927
17:22:16.712955;0.551316046;0.303398576;2.107543023;-2.803961674;-2.367801666;-0.837166478;-0.546948158;3.883136466
17:22:16.722595;0.555604759;0.327385615;2.124485836;-2.765580979;-2.33201623;-0.813848717;-0.581076815;3.839321005
17:22:16.733864;0.557645703;0.300702773;2.141520533;-2.726102145;-2.29546237;-0.789140509;-0.614212713;3.795505545
17:22:16.743738;0.566823638;0.422815227;2.159112882;-2.686851666;-2.25946331;-0.763084068;-0.646299238;3.751690084
17:22:16.753543;0.566823638;0.338252182;2.175758492;-2.648314928;-2.225745201;-0.735723911;-0.677281572;3.707874623
17:22:16.763718;0.581255248;0.556698472;2.194868254;-2.607157368;-2.190953255;-0.707106781;-0.707106781;3.664059163
17:22:16.774721;0.585335178;0.520651044;2.215160768;-2.562966669;-2.153948545;-0.677281572;-0.735723911;3.620243702
17:22:16.786125;0.602139421;0.707141744;2.239637939;-2.512729218;-2.117261171;-0.646299238;-0.763084068;3.576428242
17:22:16.796256;0.60176379;0.558759951;2.260867136;-2.467186673;-2.082873583;-0.614212713;-0.789140509;3.532612781
17:22:16.807207;0.600908339;0.430877893;2.2803029;-2.423666037;-2.049027205;-0.581076815;-0.813848717;3.48879732
17:22:16.818233;0.595838662;0.247849649;2.297481632;-2.382524578;-2.01046133;-0.546948158;-0.837166478;3.44498186
17:22:16.828344;0.589639682;0.07521098;2.312189042;-2.344597836;-1.962381601;-0.511885049;-0.859053954;3.401166399
17:22:16.838652;0.580314292;-0.11778961;2.325308273;-2.307176973;-1.910646439;-0.475947393;-0.879473751;3.357350939
17:22:16.848884;0.574718758;-0.203318329;2.336984157;-2.271586083;-1.849170089;-0.439196589;-0.898390982;3.313535478
17:22:16.858864;0.562241495;-0.395036597;2.346970989;-2.236449922;-1.795833945;-0.401695425;-0.915773327;3.269720017
17:22:16.869707;0.555660926;-0.446004979;2.355521856;-2.204090921;-1.747835636;-0.363507971;-0.931591088;3.225904557
17:22:16.879263;0.549408278;-0.480304587;2.363362243;-2.1723598;-1.716391563;-0.324699469;-0.945817242;3.182089096
17:22:16.890533;0.537211012;-0.614693384;2.370022363;-2.140647202;-1.701139331;-0.285336224;-0.958427482;3.138273635
17:22:16.900659;0.532390936;-0.586549536;2.376160338;-2.110376449;-1.698927879;-0.245485487;-0.969400266;3.094458175
17:22:16.910835;0.51650004;-0.783212756;2.380568534;-2.081893836;-1.707748532;-0.205215342;-0.978716845;3.050642714
17:22:16.921024;0.503333935;-0.867929344;2.384124798;-2.052346899;-1.712762952;-0.16459459;-0.986361303;3.006827254
17:22:16.931921;0.471345914;-1.312242216;2.384256782;-2.02753028;-1.709796906;-0.123692631;-0.99232058;2.963011793
17:22:16.942444;0.458338731;-1.308171089;2.383761678;-2.004023061;-1.69331944;-0.082579345;-0.996584493;2.919196332
17:22:16.952786;0.46249631;-0.968017837;2.384576744;-1.977960333;-1.672741532;-0.041324974;-0.999145758;2.875380872
17:22:16.963500;0.466566461;-0.704040973;2.386688761;-1.94825355;-1.64410305;6.12E-17;-1;2.831565411
17:22:16.974108;0.432291405;-1.244028052;2.385788418;-1.925127158;-1.609175205;0.041324974;-0.999145758;2.787749951
17:22:16.984851;0.418485214;-1.257760638;2.384268752;-1.901563023;-1.57346642;0.082579345;-0.996584493;2.74393449
17:22:16.995291;0.401476208;-1.324491662;2.381954294;-1.878407573;-1.540008426;0.123692631;-0.99232058;2.700119029
17:22:17.006035;0.387725189;-1.320168007;2.379287494;-1.855949075;-1.502393126;0.16459459;-0.986361303;2.656303569
17:22:17.016796;0.372925566;-1.335679511;2.376214484;-1.833846279;-1.452691674;0.205215342;-0.978716845;2.612488108
17:22:17.026366;0.35599783;-1.404575206;2.372836246;-1.813301569;-1.393590569;0.245485487;-0.969400266;2.568672647
17:22:17.036714;0.335877929;-1.506461963;2.368747565;-1.792469406;-1.33206749;0.285336224;-0.958427482;2.524857187
17:22:17.047336;0.313611138;-1.622342736;2.364077662;-1.771878466;-1.271010995;0.324699469;-0.945817242;2.481041726
17:22:17.059381;0.313611138;-1.297874189;2.359970056;-1.748599792;-1.210999846;0.363507971;-0.931591088;2.437226266
17:22:17.071112;0.270148893;-1.795412652;2.354596689;-1.72691021;-1.15150702;0.401695425;-0.915773327;2.393410805
17:22:17.081031;0.246775747;-1.869728419;2.349595344;-1.706542856;-1.089729071;0.439196589;-0.898390982;2.349595344
17:22:17.091682;0.200969558;-2.352504912;2.344042516;-1.687001449;-1.022473335;0.475947393;-0.879473751;2.344042516
17:22:17.103316;0.179640815;-2.302945454;2.339306214;-1.66800863;-0.950466633;0.511885049;-0.859053954;2.339306214
17:22:17.113211;0.162538829;-2.158677758;2.335082483;-1.646961398;-0.874036491;0.546948158;-0.837166478;2.335082483
17:22:17.123023;0.144316925;-2.07746109;2.331915183;-1.625868164;-0.792826712;0.581076815;-0.813848717;2.331915183
17:22:17.133509;0.131444812;-1.917529154;2.329841304;-1.604462581;-0.706910551;0.614212713;-0.789140509;2.329841304
17:22:17.144342;0.116357407;-1.821377892;2.328753351;-1.581091897;-0.624427259;0.646299238;-0.763084068;2.328753351
17:22:17.154997;0.102323366;-1.720364216;2.328847302;-1.556170168;-0.54383564;0.677281572;-0.735723911;2.328847302
17:22:17.165266;0.103339968;-1.357489665;2.330118738;-1.529708863;-0.472057253;0.707106781;-0.707106781;2.330118738
17:22:17.176743;0.07303492;-1.650459639;2.332890223;-1.50190376;-0.399842918;0.735723911;-0.677281572;2.332890223
17:22:17.186205;0.057796109;-1.620447326;2.336879027;-1.474201552;-0.335483283;0.763084068;-0.646299238;2.336879027
17:22:17.197188;0.043591971;-1.573932736;2.34232265;-1.444814275;-0.269985616;0.789140509;-0.614212713;2.34232265
17:22:17.206929;0.029381613;-1.540235034;2.349209587;-1.414210297;-0.207671359;0.813848717;-0.581076815;2.349209587
17:22:17.217026;0.017491789;-1.468335106;2.357577449;-1.382144961;-0.147711039;0.837166478;-0.546948158;2.357577449
17:22:17.226584;0.007681018;-1.369457717;2.367447778;-1.348477414;-0.085486263;0.859053954;-0.511885049;2.367447778
17:22:17.236941;-0.000825708;-1.263559209;2.378893837;-1.312997985;-0.020918462;0.879473751;-0.475947393;2.378893837
17:22:17.248226;-0.017329724;-1.321769453;2.39323609;-1.273325912;0.051362131;0.898390982;-0.439196589;2.39323609
17:22:17.259045;-0.017442527;-1.059442144;2.409567421;-1.23026253;0.135536119;0.915773327;-0.401695425;2.409567421
17:22:17.269235;-0.025188194;-0.99243775;2.427265111;-1.186707715;0.227414429;0.931591088;-0.363507971;2.427265111
17:22:17.280425;-0.041676545;-1.103871633;2.447994882;-1.140041987;0.313494891;0.945817242;-0.324699469;2.447994882
17:22:17.291233;-0.049405099;-1.025216303;2.471650728;-1.089634127;0.384548038;0.958427482;-0.285336224;2.471650728
17:22:17.300679;-0.058133094;-0.993106519;2.496185316;-1.040028002;0.439745963;0.969400266;-0.245485487;2.496185316
17:22:17.311600;-0.065838476;-0.944412514;2.523833392;-0.986581406;0.494802505;0.978716845;-0.205215342;2.523833392
17:22:17.322160;-0.073067665;-0.898784285;2.553735808;-0.931056974;0.535674989;0.986361303;-0.16459459;2.553735808
17:22:17.332562;-0.079388733;-0.83920203;2.58785704;-0.869893212;0.580974996;0.99232058;-0.123692631;2.58785704
17:22:17.342683;-0.084696118;-0.776265335;2.623532999;-0.807852951;0.626370728;0.996584493;-0.082579345;2.623532999
17:22:17.353711;-0.090013986;-0.721330371;2.66408796;-0.739270267;0.689927161;0.999145758;-0.041324974;2.66408796
17:22:17.362888;-0.092980611;-0.635555004;2.70560892;-0.67051621;0.747731745;1;0;2.70560892
17:22:17.373378;-0.087910676;-0.415771355;2.751643228;-0.594628652;0.815258443;0.999145758;0.041324974;2.751643228
17:22:17.384233;-0.091798146;-0.404631427;2.800444517;-0.515858353;0.87324065;0.996584493;0.082579345;2.800444517
17:22:17.395102;-0.091609085;-0.320200169;2.851604651;-0.434212754;0.931039751;0.99232058;0.123692631;2.851604651
17:22:17.406251;-0.091171193;-0.24778705;2.903380344;-0.352341826;0.984537125;0.986361303;0.16459459;2.903380344
17:22:17.416267;-0.090763536;-0.190232736;2.955813451;-0.270042036;1.040054679;0.978716845;0.205215342;2.955813451
17:22:17.426892;-0.091402653;-0.16420599;3.01267318;-0.18144833;1.093862772;0.969400266;0.245485487;3.01267318
17:22:17.437198;-0.092415598;-0.151478064;3.06842604;-0.095071052;1.133687377;0.958427482;0.285336224;3.06842604
17:22:17.447395;-0.087062555;-0.018643643;3.126209542;-0.004949571;1.17805028;0.945817242;0.324699469;3.126209542
17:22:17.459072;-0.082911912;0.053483915;3.193522181;0.100711769;1.215564728;0.931591088;0.363507971;3.193522181
17:22:17.469180;-0.072709608;0.245393713;3.247647583;0.187271276;1.255575657;0.915773327;0.401695425;3.247647583
17:22:17.479856;-0.056893065;0.508439289;3.298820005;0.271616612;1.292223573;0.898390982;0.439196589;3.298820005
17:22:17.490494;-0.014558549;1.188918235;3.34359415;0.352341118;1.349328756;0.879473751;0.475947393;3.34359415
17:22:17.500076;-0.018614002;0.870588256;3.387329994;0.429966087;1.400522828;0.859053954;0.511885049;3.387329994
17:22:17.511343;0.002526739;1.09004812;3.429739051;0.508991697;1.456068397;0.837166478;0.546948158;3.429739051
17:22:17.522061;0.023547872;1.24348992;3.470345415;0.588645892;1.525849104;0.813848717;0.581076815;3.470345415
17:22:17.532747;0.07780464;2.072412614;3.496714207;0.6500913;1.60040307;0.789140509;0.614212713;3.496714207
17:22:17.543300;0.094951731;1.981604067;3.522865645;0.713428294;1.665361881;0.763084068;0.646299238;3.522865645
17:22:17.552977;0.116917941;2.020490984;3.545388926;0.771625749;1.71001482;0.735723911;0.677281572;3.545388926
17:22:17.565844;0.136602848;2.005424995;3.566041497;0.828260682;1.772357225;0.707106781;0.707106781;3.566041497
17:22:17.574149;0.166493544;2.185267627;3.583536933;0.882541732;1.844022274;0.677281572;0.735723911;3.583536933
17:22:17.584122;0.194296644;2.265576082;3.598899348;0.936501111;1.92954433;0.646299238;0.763084068;3.598899348
17:22:17.594822;0.194296644;1.812460866;3.614816198;0.989496528;2.003039122;0.614212713;0.789140509;3.614816198
17:22:17.605265;0.235459936;2.244955731;3.626151478;1.038323514;2.048379898;0.581076815;0.813848717;3.626151478
17:22:17.616086;0.26023273;2.265244627;3.63559343;1.086098521;2.089181662;0.546948158;0.837166478;3.63559343
17:22:17.626717;0.285975349;2.286331791;3.643170218;1.133193557;2.13890028;0.511885049;0.859053954;3.643170218
17:22:17.637397;0.311713908;2.310246208;3.648689284;1.17771635;2.201910973;0.475947393;0.879473751;3.648689284
17:22:17.648445;0.336493013;2.301347912;3.652601345;1.221552503;2.256886721;0.439196589;0.898390982;3.652601345
17:22:17.658457;0.336493013;1.84107833;3.656618948;1.262372532;2.308980703;0.401695425;0.915773327;3.656618948
17:22:17.667886;0.40291441;2.788266528;3.656210546;1.298889621;2.355573893;0.363507971;0.931591088;3.656210546
17:22:17.679274;0.421782022;2.583020627;3.655290389;1.337113951;2.401140213;0.324699469;0.945817242;3.655290389
17:22:17.689993;0.439562466;2.400541469;3.65404762;1.374767177;2.445382118;0.285336224;0.958427482;3.65404762
17:22:17.700986;0.454510004;2.196350272;3.652678626;1.41298109;2.497368336;0.245485487;0.969400266;3.652678626
17:22:17.710967;0.470270565;2.068208377;3.65134401;1.448645407;2.544563055;0.205215342;0.978716845;3.65134401
17:22:17.720936;0.479851898;1.844547019;3.650234736;1.484359992;2.592503548;0.16459459;0.986361303;3.650234736
17:22:17.730875;0.492595052;1.727262344;3.64935284;1.520445312;2.655727386;0.123692631;0.99232058;3.64935284
17:22:17.742135;0.503051766;1.562806217;3.64885467;1.562110434;2.727609158;0.082579345;0.996584493;3.64885467
17:22:17.752704;0.513796475;1.463282331;3.649017512;1.599080158;2.805794239;0.041324974;0.999145758;3.649017512
17:22:17.763278;0.514813546;1.19011162;3.649853475;1.638012422;2.891305685;6.12E-17;1;3.649853475
17:22:17.773032;0.514813546;0.952089296;3.651334938;1.676255302;2.981003523;-0.041324974;0.999145758;3.651334938
17:22:17.782990;0.5334712;1.117995771;3.654228119;1.717400596;3.067502499;-0.082579345;0.996584493;3.654228119
17:22:17.794367;0.547875146;1.160085179;3.658941966;1.761760623;3.139855623;-0.123692631;0.99232058;3.658941966
17:22:17.805293;0.552094229;1.008821783;3.665017471;1.80609992;-3.076668739;-0.16459459;0.986361303;3.665017471
17:22:17.815006;0.553110524;0.827194311;3.672361358;1.850473807;-3.016321898;-0.205215342;0.978716845;3.672361358
17:22:17.827354;0.557008091;0.736017821;3.681967046;1.898676147;-2.962953329;-0.245485487;0.969400266;3.681967046
17:22:17.835269;0.557008091;0.588814257;3.693082895;1.947061102;-2.91118145;-0.285336224;0.958427482;3.693082895
17:22:17.845670;0.559595364;0.520260283;3.70710537;1.999989702;-2.867981195;-0.324699469;0.945817242;3.70710537
17:22:17.856960;0.558901112;0.403457155;3.724248441;2.057591332;-2.829731464;-0.363507971;0.931591088;3.724248441
17:22:17.866828;0.558901112;0.322765724;3.743560705;2.115852367;-2.79483366;-0.401695425;0.915773327;3.743560705
17:22:17.877413;0.55430111;0.170222527;3.765445796;2.176990683;-2.756059408;-0.439196589;0.898390982;3.765445796
17:22:17.888048;0.550665545;0.068601709;3.790990298;2.243184976;-2.715039253;-0.475947393;0.879473751;3.790990298
17:22:17.898285;0.549019468;0.022196336;3.818185302;2.308698204;-2.670546293;-0.511885049;0.859053954;3.818185302
17:22:17.908382;0.547683791;-0.008695669;3.848881855;2.378104868;-2.626261234;-0.546948158;0.837166478;3.848881855
17:22:17.919897;0.546025916;-0.037849661;3.885382545;2.456107448;-2.582338572;-0.581076815;0.813848717;3.885382545
17:22:17.929524;0.541390304;-0.122180091;3.922813825;2.532921349;-2.54117012;-0.614212713;0.789140509;3.922813825
17:22:17.940067;0.542406991;-0.077641576;3.964432559;2.614426714;-2.499495029;-0.646299238;0.763084068;3.964432559
17:22:17.950306;0.540422326;-0.100331716;4.010608648;2.702013502;-2.455868959;-0.677281572;0.735723911;4.010608648
17:22:17.960422;0.540754328;-0.073855605;4.060314286;2.793520702;-2.414941311;-0.707106781;0.707106781;4.060314286
17:22:17.971051;0.541868694;-0.038358462;4.115356982;2.892518599;-2.38065052;-0.735723911;0.677281572;4.115356982
17:22:17.981480;0.545184655;0.034835075;4.170118993;2.989210795;-2.349349022;-0.763084068;0.646299238;4.170118993
17:22:17.992359;0.549810646;0.11931864;4.22706016;3.088628356;-2.321459532;-0.789140509;0.614212713;4.22706016
17:22:18.001528;0.554420834;0.182102707;4.287960502;-3.08835067;-2.292868853;-0.813848717;0.581076815;4.287960502
17:22:18.012902;0.560054248;0.251279634;4.348717356;-2.981516512;-2.262221336;-0.837166478;0.546948158;4.348717356
17:22:18.023633;0.564677276;0.285712593;4.408555548;-2.873869757;-2.230489731;-0.859053954;0.511885049;4.408555548
17:22:18.036207;0.571286591;0.349526403;4.465002814;-2.768930079;-2.201066256;-0.879473751;0.475947393;4.465002814
17:22:18.044725;0.571387938;0.281527776;4.513901656;-2.672299038;-2.172304869;-0.898390982;0.439196589;4.513901656
17:22:18.056618;0.574353158;0.283470011;4.555391454;-2.584635118;-2.14306426;-0.915773327;0.401695425;4.555391454
17:22:18.064904;0.574353158;0.226776009;4.59066096;-2.503305328;-2.111804485;-0.931591088;0.363507971;4.59066096
17:22:18.076465;0.577988707;0.249006961;4.623165485;-2.421233127;-2.076450348;-0.945817242;0.324699469;4.623165485
17:22:18.086252;0.579648873;0.230391251;4.650252456;-2.344774828;-2.041628122;-0.958427482;0.285336224;4.650252456
17:22:18.096960;0.581788539;0.226608913;4.672126087;-2.275737959;-2.007760525;-0.969400266;0.245485487;4.672126087
17:22:18.107321;0.58216138;0.188460925;4.691146437;-2.208051467;-1.976545572;-0.978716845;0.205215342;4.691146437
17:22:18.116992;0.583178652;0.17088263;4.707100023;-2.144563691;-1.949083209;-0.986361303;0.16459459;4.707100023
17:22:18.128371;0.578910313;0.061090169;4.721929799;-2.076507352;-1.925720811;-0.99232058;0.123692631;4.721929799
17:22:18.141501;0.574482801;-0.037067218;4.733420057;-2.016303032;-1.903698921;-0.996584493;0.082579345;4.733420057
17:22:18.148987;0.574482801;-0.029653775;4.743925461;-1.95662433;-1.882996678;-0.999145758;0.041324974;4.743925461
17:22:18.160413;0.570178735;-0.104947054;4.7533558;-1.896867139;-1.862185955;1;0;0
17:22:18.170513;0.559618364;-0.276901727;4.761462981;-1.836682054;-1.84030211;1;0;0
17:22:18.181968;0.547938313;-0.437917912;4.768009286;-1.778699614;-1.818917513;1;0;0
17:22:18.191987;0.538342425;-0.54025314;4.772985994;-1.725515199;-1.800204396;1;0;0
17:22:18.202770;0.540317232;-0.395265193;4.777294813;-1.670145851;-1.786427021;1;0;0
17:22:18.212696;0.546874757;-0.186765486;4.780086773;-1.618936605;-1.774053454;1;0;0
17:22:18.223106;0.545753014;-0.170134353;4.781039803;-1.566224276;-1.763842106;1;0;0
17:22:18.234486;0.546697922;-0.118657955;4.77952367;-1.515966734;-1.755211353;1;0;0
17:22:18.244324;0.548341817;-0.06246074;4.775553385;-1.471552752;-1.751016378;1;0;0
17:22:18.255171;0.548341817;-0.049968592;4.768568941;-1.42801484;-1.752156854;1;0;0
17:22:18.266154;0.545190139;-0.098273172;4.758428318;-1.386648463;-1.752163887;1;0;0
17:22:18.275564;0.544172622;-0.098713827;4.746070072;-1.350878694;-1.743628025;1;0;0
17:22:18.285729;0.542137004;-0.119147624;4.731007868;-1.317921219;-1.72474885;1;0;0
17:22:18.297244;0.51049734;-0.680921091;4.713827896;-1.284068678;-1.691551805;1;0;0
17:22:18.307875;0.497844977;-0.781507269;4.694649025;-1.252968555;-1.650051117;1;0;0
17:22:18.318479;0.485420503;-0.857174252;4.673398038;-1.224040692;-1.603525996;1;0;0
17:22:18.329364;0.485420503;-0.685739402;4.64978186;-1.198616841;-1.555858612;1;0;0
17:22:18.339316;0.46301979;-0.992477114;4.626525149;-1.17505863;-1.505411029;1;0;0
17:22:18.348876;0.46301979;-0.793981691;4.600626119;-1.153704176;-1.455416203;1;0;0
17:22:18.358849;0.452315933;-0.846753212;4.573944925;-1.133966777;-1.411558032;1;0;0
17:22:18.369150;0.440590331;-0.910074063;4.546613572;-1.115333099;-1.3704108;1;0;0
17:22:18.381078;0.429892544;-0.917888636;4.51526981;-1.095607026;-1.331707835;1;0;0
17:22:18.391990;0.419393972;-0.927385687;4.484529394;-1.077409076;-1.292936325;1;0;0
17:22:18.401703;0.407677852;-0.973748271;4.456043218;-1.060712838;-1.253213763;1;0;0
17:22:18.412320;0.397162582;-0.982112086;4.427189552;-1.043577006;-1.209720969;1;0;0
17:22:18.422191;0.384579626;-1.034986625;4.399978847;-1.026233355;-1.163833499;1;0;0
17:22:18.432293;0.370789166;-1.091083051;4.373224727;-1.00700136;-1.117710352;1;0;0
17:22:18.443203;0.346577696;-1.315950283;4.348729434;-0.98383749;-1.068431139;1;0;0
17:22:18.453697;0.334081949;-1.292216025;4.32753382;-0.959757589;-1.017765641;1;0;0
17:22:18.463823;0.321452864;-1.284528365;4.309682933;-0.934108812;-0.965344787;1;0;0
17:22:18.474560;0.319412708;-1.066779793;4.292933688;-0.906038353;-0.913536012;1;0;0
17:22:18.485314;0.317371946;-0.891819214;4.278201804;-0.87521566;-0.860363662;1;0;0
17:22:18.494628;0.315330594;-0.753981716;4.266956907;-0.843419922;-0.808082581;1;0;0
17:22:18.505164;0.278412835;-1.334390094;4.264184845;-0.803121522;-0.758938432;1;0;0
17:22:18.515904;0.276370631;-1.105593083;4.264949555;-0.756620165;-0.713612795;1;0;0
17:22:18.526777;0.261632178;-1.164198297;4.272155555;-0.704436246;-0.671889842;1;0;0
17:22:18.536890;0.257419597;-1.014845465;4.283724206;-0.649699681;-0.628367364;1;0;0
17:22:18.546973;0.246902647;-1.005747678;4.302893002;-0.583955445;-0.583319366;1;0;0
17:22:18.557894;0.245880812;-0.824885901;4.325411238;-0.51798269;-0.535537183;1;0;0
17:22:18.567886;0.24275253;-0.722062333;4.353062189;-0.446655541;-0.485585064;1;0;0
17:22:18.578393;0.238570321;-0.656015613;4.388283515;-0.364788079;-0.436821789;1;0;0
17:22:18.588621;0.235375061;-0.584024753;4.429733799;-0.275757794;-0.382440329;1;0;0
17:22:18.599789;0.229058136;-0.584725684;4.477329356;-0.180283383;-0.329933465;1;0;0
17:22:18.610489;0.226926506;-0.510094728;4.526312681;-0.08594602;-0.264799535;1;0;0
17:22:18.620902;0.225814769;-0.428807453;4.58226429;0.01884743;-0.207067043;1;0;0
17:22:18.630902;0.225783723;-0.343622517;4.641348253;0.127596665;-0.143984452;1;0;0
17:22:18.641041;0.224731581;-0.295718122;4.698840081;0.232287934;-0.083544388;1;0;0
17:22:18.651125;0.226710085;-0.197266587;4.75651484;0.337554413;-0.016013583;1;0;0
17:22:18.662086;0.225676661;-0.178258084;4.814635215;0.444054517;0.068612754;1;0;0
17:22:18.671559;0.228636661;-0.084023515;4.871160281;0.549519781;0.182322934;1;0;0
17:22:18.682268;0.227554856;-0.088023985;4.927651755;0.656964144;0.343805879;1;0;0
17:22:18.692663;0.226406869;-0.091954213;4.982777768;0.764923734;0.471204698;1;0;0
17:22:18.703117;0.225246121;-0.096121924;5.032419564;0.866102113;0.583308578;1;0;0
17:22:18.712691;0.225138672;-0.079030386;5.076771;0.96138599;0.651687741;1;0;0
17:22:18.723805;0.225025255;-0.065374998;5.118143486;1.056526351;0.742433369;1;0;0
17:22:18.733888;0.222837733;-0.093763151;5.154177661;1.146760557;0.807927072;1;0;0
17:22:18.744689;0.221759154;-0.096339374;5.183263462;1.22812646;0.886305511;1;0;0
17:22:18.755719;0.216461603;-0.179593254;5.207642321;1.306202782;0.952887177;1;0;0
17:22:18.764882;0.221551122;-0.043151472;5.225580916;1.376969713;1.037357688;1;0;0
17:22:18.774692;0.224602479;0.025183104;5.238181645;1.443052913;1.099597335;1;0;0
17:22:18.785428;0.211793543;-0.217007484;5.246317853;1.507822124;1.117690086;1;0;0
17:22:18.796977;0.208510035;-0.233953342;5.249104086;1.567718785;1.09655714;1;0;0
17:22:18.807546;0.205248966;-0.248293776;5.247163054;1.621774395;1.049674869;1;0;0
17:22:18.818759;0.199856001;-0.300039645;5.24134172;1.671736676;1.004119158;1;0;0
17:22:18.827613;0.192407567;-0.387956246;5.232965065;1.716103035;0.843810678;1;0;0
17:22:18.838476;0.191239777;-0.333563196;5.222865194;1.758638498;0.612392545;1;0;0
17:22:18.848317;0.183869238;-0.412834313;5.211634039;1.800090074;0.358722001;1;0;0
17:22:18.859693;0.180433152;-0.395140222;5.199843202;1.84344459;0.201775417;1;0;0
17:22:18.869819;0.172972286;-0.455624738;5.188561416;1.887716556;0.092983752;1;0;0
17:22:18.879310;0.165616919;-0.509159286;5.179091339;1.93096011;0.039978929;1;0;0
17:22:18.890719;0.165342473;-0.412489498;5.171738403;1.978635696;0.031264335;1;0;0
17:22:18.901422;0.159902145;-0.431104341;5.166864322;2.029384991;0.009859151;1;0;0
17:22:18.911339;0.154768219;-0.440488892;5.164880173;2.082878143;0.006924076;1;0;0
17:22:18.923682;0.150377165;-0.434611957;5.165968504;2.139135709;0.000522946;1;0;0
17:22:18.933400;0.147027894;-0.411211015;5.170151915;2.197814869;0.016258935;1;0;0
17:22:18.943332;0.142814578;-0.407499708;5.177259971;2.260435473;0.024435148;1;0;0
17:22:18.953623;0.137523386;-0.430723293;5.186058663;2.321592892;0.045140699;1;0;0
17:22:18.963741;0.133354287;-0.426748663;5.196639802;2.384851309;0.073930003;1;0;0
17:22:18.974087;0.133264464;-0.343145464;5.209321952;2.451049484;0.101687692;1;0;0
17:22:18.984749;0.128934015;-0.359786044;5.222179735;2.516883308;0.12284904;1;0;0
17:22:18.995272;0.125814975;-0.346950769;5.235217394;2.585090162;0.13566038;1;0;0
17:22:19.005457;0.130864594;-0.184514126;5.249169958;2.655942513;0.174298167;1;0;0
17:22:19.017123;0.123545869;-0.282553815;5.2594017;2.723170566;0.20922102;1;0;0
17:22:19.027064;0.117140002;-0.344808413;5.265050867;2.785588606;0.245432034;1;0;0
17:22:19.037690;0.114033961;-0.33548712;5.266198261;2.841585499;0.265568733;1;0;0
17:22:19.047571;0.112974927;-0.289384193;5.263163421;2.891667737;0.301987559;1;0;0
17:22:19.059317;0.110710738;-0.275287088;5.255069197;2.937975383;0.32674107;1;0;0
17:22:19.069879;0.110710738;-0.22022967;5.241938229;2.98036375;0.334312022;1;0;0
17:22:19.079384;0.108643218;-0.217012178;5.224116311;3.015544997;0.347326159;1;0;0
17:22:19.090162;0.10541119;-0.233690657;5.19930886;3.046814426;0.372775614;1;0;0
17:22:19.100845;0.104378877;-0.206021982;5.169072755;3.072711328;0.42095542;1;0;0
17:22:19.111316;0.102315506;-0.203891072;5.134448972;3.092501635;0.460991055;1;0;0
17:22:19.122886;0.100275461;-0.201836348;5.09519497;3.107143286;0.5135324;1;0;0
17:22:19.132928;0.099244831;-0.180571253;5.050802928;3.117495869;0.539546013;1;0;0
17:22:19.142278;0.097184849;-0.185080859;5.005341801;3.123030543;0.54030472;1;0;0
17:22:19.153033;0.092876975;-0.232811499;4.955983894;3.124310351;0.521318793;1;0;0
17:22:19.163457;0.092876975;-0.1862492;4.900567054;3.122705674;0.515328467;1;0;0
17:22:19.173896;0.091847915;-0.16859749;4.845161804;3.118474713;0.51846236;1;0;0
17:22:19.184358;0.088647558;-0.198392937;4.79002401;3.111886858;0.515739799;1;0;0
17:22:19.194829;0.087619376;-0.179010767;4.733771391;3.103880397;0.515415907;1;0;0
17:22:19.204691;0.087619376;-0.143208613;4.677864847;3.095357264;0.508113027;1;0;0
17:22:19.215290;0.08556434;-0.153472294;4.619245491;3.085845661;0.505450964;1;0;0
17:22:19.227210;0.083528253;-0.163041633;4.563758034;3.076794223;0.474449813;1;0;0
17:22:19.235609;0.083528253;-0.130433307;4.506243815;3.068354755;0.453916073;1;0;0
17:22:19.246467;0.083528253;-0.104346645;4.454874506;3.062112286;0.452710062;1;0;0
17:22:19.255875;0.081475899;-0.124228677;4.405385089;3.057243493;0.453653574;1;0;0
17:22:19.266224;0.081475899;-0.099382941;4.358472338;3.054531952;0.44910574;1;0;0
17:22:19.276065;0.081475899;-0.079506353;4.314322725;3.054073668;0.443571597;1;0;0
17:22:19.287716;0.079440857;-0.103959364;4.272263693;3.055314069;0.443094939;1;0;0
17:22:19.297656;0.078415809;-0.102294764;4.230058241;3.058670858;0.432489574;1;0;0
17:22:19.307530;0.077391217;-0.102088497;4.192308378;3.063528304;0.417430907;1;0;0
17:22:19.318555;0.076367082;-0.100751048;4.154115629;3.070133298;0.404511362;1;0;0
17:22:19.328196;0.076367082;-0.080600839;4.11918815;3.077747747;0.385795265;1;0;0
17:22:19.338163;0.075343406;-0.084767715;4.085813965;3.085774859;0.357257307;1;0;0
17:22:19.349597;0.074320191;-0.085713234;4.048612616;3.095073972;0.333375156;1;0;0
17:22:19.360881;0.074320191;-0.068570587;4.013527082;3.103964088;0.319025844;1;0;0
17:22:19.371205;0.074320191;-0.05485647;3.980994934;3.111795567;0.311381459;1;0;0
17:22:19.381645;0.073297438;-0.063001272;3.945811265;3.119022567;0.300837308;1;0;0
17:22:19.392655;0.07227515;-0.06957976;3.909728837;3.124813463;0.292656213;1;0;0
17:22:19.403433;0.071103432;-0.077116227;3.871375367;3.128960983;0.281474739;1;0;0
17:22:19.413383;0.068842914;-0.106397875;3.83415434;3.130704191;0.259851903;1;0;0
17:22:19.424472;0.068842914;-0.0851183;3.792637307;3.130786479;0.236405551;1;0;0
17:22:19.434602;0.066811892;-0.105319279;3.749010253;3.128309;0.211803749;1;0;0
17:22:19.445193;0.065802445;-0.104222006;3.706924602;3.123919324;0.189585432;1;0;0
17:22:19.455457;0.064781044;-0.102652366;3.661088077;3.117128391;0.164719686;1;0;0
17:22:19.466574;0.063771301;-0.101032435;3.613166465;3.108049506;0.148495182;1;0;0
17:22:19.476849;0.061729926;-0.119714598;3.564168585;3.096728598;0.135689899;1;0;0
17:22:19.486659;0.061729926;-0.095771678;3.515331226;3.084036423;0.125224441;1;0;0
17:22:19.497611;0.059699918;-0.116798165;3.465453085;3.069427277;0.115355134;1;0;0
17:22:19.507705;0.059699918;-0.093438532;3.414853043;3.053468026;0.108794399;1;0;0
17:22:19.518460;0.059699918;-0.074750825;3.359203852;3.034738291;0.105985083;1;0;0
17:22:19.529538;0.058680427;-0.078635853;3.30292466;3.014519703;0.10393887;1;0;0
17:22:19.540244;0.058680427;-0.062908683;3.245582749;2.992937771;0.106868938;1;0;0
17:22:19.550262;0.057661419;-0.069466334;3.189034087;2.97064817;0.111401781;1;0;0
17:22:19.561590;0.056642894;-0.074663991;3.131918604;2.947255836;0.121875092;1;0;0
17:22:19.574011;0.054607304;-0.094393903;3.068483849;2.920233202;0.122730955;1;0;0
17:22:19.583129;0.052331077;-0.120726561;3.013756392;2.896127297;0.121446848;1;0;0
17:22:19.593265;0.052331077;-0.096581249;2.959230232;2.871757554;0.112426117;1;0;0
17:22:19.603488;0.051314024;-0.096636197;2.902772004;2.846076308;0.099592224;1;0;0
17:22:19.613564;0.045987308;-0.182654891;2.847765407;2.820146092;0.076369278;1;0;0
17:22:19.625162;0.043957777;-0.186194102;2.79301808;2.793968231;0.049690001;1;0;0
17:22:19.634395;0.041930283;-0.189140762;2.738958493;2.767818486;0.028166419;1;0;0
17:22:19.643692;0.039649623;-0.196481916;2.685389047;2.741636354;0.012496709;1;0;0
17:22:19.654765;0.037624327;-0.19583892;2.630544863;2.71464457;-0.002541285;1;0;0
17:22:19.665870;0.037624327;-0.156671136;2.578795354;2.689276114;-0.012543149;1;0;0
17:22:19.676664;0.03432977;-0.183205331;2.521314477;2.660829494;-0.015557816;1;0;0
17:22:19.686358;0.033318522;-0.166593099;2.471549342;2.636271974;-0.012487394;1;0;0
17:22:19.696571;0.031297616;-0.173204301;2.422601644;2.612093085;-0.006063223;1;0;0
17:22:19.706236;0.030287286;-0.158614216;2.375058331;2.588723308;0.008325171;1;0;0
17:22:19.716980;0.02826851;-0.165782786;2.327115418;2.565187122;0.026475936;1;0;0
17:22:19.728272;0.027259925;-0.151097251;2.278089216;2.541305488;0.03714988;1;0;0
17:22:19.737824;0.027259925;-0.120877801;2.234175578;2.52020166;0.050389934;1;0;0
17:22:19.748796;0.025984171;-0.119344211;2.186568812;2.497501807;0.064775631;1;0;0
17:22:19.760113;0.024975718;-0.114388145;2.14286474;2.476881467;0.081758909;1;0;0
17:22:19.773697;0.024975718;-0.091510516;2.096763977;2.455504295;0.095497131;1;0;0
17:22:19.782731;0.023967807;-0.091686131;2.054981121;2.436366755;0.115524352;1;0;0
17:22:19.792845;0.023967807;-0.073348905;2.016915242;2.419245943;0.138961598;1;0;0
17:22:19.802832;0.023967807;-0.058679124;1.980675597;2.40323976;0.154142499;1;0;0
17:22:19.813120;0.017765866;-0.169829355;1.944551173;2.386924507;0.152681366;1;0;0
17:22:19.823421;0.016754826;-0.154636035;1.907176651;2.370293106;0.142017424;1;0;0
17:22:19.834185;0.015748005;-0.143581876;1.873091636;2.355358912;0.127458319;1;0;0
17:22:19.844916;0.015748005;-0.114865501;1.837954624;2.340320889;0.116514206;1;0;0
17:22:19.856575;0.013730413;-0.129713624;1.804226698;2.326021243;0.102263629;1;0;0
17:22:19.868655;0.012718819;-0.122476138;1.771098408;2.312227462;0.088561535;1;0;0
17:22:19.876820;0.009286906;-0.164750429;1.740145854;2.299321511;0.082765743;1;0;0
17:22:19.886338;0.008281348;-0.151354232;1.710122575;2.287040273;0.081390835;1;0;0
17:22:19.896341;0.00626521;-0.161022162;1.681364665;2.275401943;0.085977547;1;0;0
17:22:19.908087;0.00626521;-0.12881773;1.651440501;2.263657585;0.086899891;1;0;0
17:22:19.918157;0.00626521;-0.103054184;1.624690067;2.253488261;0.091892533;1;0;0
17:22:19.928987;0.004242135;-0.12237658;1.598512535;2.243639144;0.087652855;1;0;0
17:22:19.938221;0.004242135;-0.097901264;1.573394435;2.234497833;0.093993664;1;0;0
17:22:19.947718;0.004242135;-0.078321012;1.549142386;2.225971032;0.103342913;1;0;0
17:22:19.958255;0.003230198;-0.082690216;1.525481233;2.217839869;0.127186209;1;0;0
17:22:19.968528;0.003230198;-0.066152173;1.502703071;2.210301674;0.146695808;1;0;0
17:22:19.979712;0.002217998;-0.070555856;1.477470014;2.202173903;0.167212516;1;0;0
17:22:19.989893;0.003223001;-0.037165029;1.455542562;2.195534903;0.187776729;1;0;0
17:22:19.999757;0.002210539;-0.049838182;1.434901396;2.189448225;0.192528754;1;0;0
17:22:20.011340;0.001197818;-0.05863737;1.413358715;2.183275025;0.191853032;1;0;0
17:22:20.022308;0.001197818;-0.046909896;1.392497847;2.177604644;0.185227528;1;0;0
17:22:20.031447;0.001070819;-0.040043767;1.373676069;2.172745835;0.189804763;1;0;0
17:22:20.042387;5.88E-05;-0.050616891;1.353877929;2.167801328;0.190678611;1;0;0
17:22:20.053890;5.88E-05;-0.040493513;1.33482134;2.163340203;0.189626724;1;0;0
17:22:20.064576;-0.000946153;-0.051448121;1.316768939;2.15927358;0.181803748;1;0;0
17:22:20.074431;-0.000946153;-0.041158496;1.300092391;2.155774968;0.172017962;1;0;0
17:22:20.085037;-0.0019506;-0.052190916;1.283223343;2.152375044;0.160571426;1;0;0
17:22:20.095629;-0.0019506;-0.041752733;1.265542654;2.149112251;0.152768239;1;0;0
17:22:20.106016;-0.002954488;-0.05263122;1.249621959;2.146321991;0.143683046;1;0;0
17:22:20.116918;-0.003966712;-0.060673188;1.233390055;2.143625422;0.134743735;1;0;0
17:22:20.128007;-0.003966712;-0.048538551;1.218374377;2.141400315;0.125952646;1;0;0
17:22:20.138550;-0.004970041;-0.057812686;1.203502184;2.139329059;0.116742417;1;0;0
17:22:20.148645;-0.005982518;-0.066301642;1.189604905;2.137515122;0.112902783;1;0;0
17:22:20.159588;-0.005982518;-0.053041313;1.175314924;2.135917548;0.102136672;1;0;0
17:22:20.169649;-0.005982518;-0.042433051;1.1615422;2.134646371;0.099562645;1;0;0
17:22:20.180666;-0.006995246;-0.052665951;1.147914369;2.133512312;0.097517125;1;0;0
17:22:20.190726;-0.005991918;-0.022710803;1.135472218;2.132865685;0.100170895;1;0;0
17:22:20.201459;-0.005991918;-0.018168642;1.123707517;2.132480063;0.102071427;1;0;0
17:22:20.211205;-0.007004894;-0.03459086;1.112111857;2.132176683;0.104510367;1;0;0
17:22:20.221833;-0.007004894;-0.027672688;1.100707807;2.132104955;0.106975146;1;0;0
17:22:20.231469;-0.006001006;-0.002261385;1.089941084;2.132401976;0.109966181;1;0;0
17:22:20.241203;-0.006736598;-0.016412358;1.07940054;2.132788543;0.114048399;1;0;0
17:22:20.251710;-0.006736598;-0.013129886;1.069157267;2.13337122;0.111720785;1;0;0
17:22:20.262275;-0.006736598;-0.010503909;1.059098733;2.134149888;0.109413095;1;0;0
17:22:20.271690;-0.006736598;-0.008403127;1.049408038;2.135101332;0.106806539;1;0;0
17:22:20.281839;-0.006736598;-0.006722502;1.039967518;2.136225723;0.105673343;1;0;0
17:22:20.292691;-0.006736598;-0.005378002;1.030542856;2.137550508;0.103940941;1;0;0
17:22:20.302743;-0.006746552;-0.004489878;1.021174115;2.139074219;0.101393253;1;0;0
17:22:20.313592;-0.006746552;-0.003591902;1.01185383;2.140805274;0.099504098;1;0;0
17:22:20.324348;-0.006746552;-0.002873522;1.002913506;2.142676345;0.095076174;1;0;0
17:22:20.335415;-0.006746552;-0.002298818;0.994356663;2.144668921;0.088606447;1;0;0
17:22:20.345336;-0.006746552;-0.001839054;0.986134406;2.146777875;0.083344318;1;0;0
17:22:20.356119;-0.005742481;0.018415759;0.97853625;2.149098938;0.082520358;1;0;0
17:22:20.365485;-0.005742481;0.014732607;0.971146086;2.151525913;0.080602005;1;0;0
17:22:20.375775;-0.003450108;0.056512688;0.964162815;2.154461547;0.087608427;1;0;0
17:22:20.386191;-0.003450108;0.04521015;0.957230364;2.157534104;0.093140259;1;0;0
17:22:20.396972;-0.003450108;0.03616812;0.950681249;2.160589496;0.103190027;1;0;0
17:22:20.406926;-0.002445867;0.04761517;0.944014438;2.164108104;0.109079435;1;0;0
17:22:20.417747;-0.002445867;0.038092136;0.937908947;2.167479372;0.113208786;1;0;0
17:22:20.427526;-0.002445867;0.030473708;0.931683678;2.17107281;0.114650875;1;0;0
17:22:20.438095;-0.001432644;0.044500664;0.926007717;2.174751111;0.108054101;1;0;0
17:22:20.448101;-0.000427854;0.054982055;0.920451966;2.178767795;0.104345337;1;0;0
17:22:20.459605;-0.000427854;0.043985644;0.914773084;2.183027533;0.09319707;1;0;0
17:22:20.469421;0.000585123;0.05520798;0.909744056;2.187230402;0.088702053;1;0;0
17:22:20.480082;0.000585123;0.044166384;0.904434915;2.19182058;0.082966924;1;0;0
17:22:20.490868;0.000585123;0.035333107;0.899249344;2.196470128;0.081376374;1;0;0
17:22:20.501644;0.001597851;0.048275101;0.894708963;2.201009715;0.076572567;1;0;0
17:22:20.511727;0.002610328;0.057539044;0.890186702;2.20603951;0.072152384;1;0;0
17:22:20.522205;0.002610328;0.046031235;0.886001293;2.210839491;0.065501556;1;0;0
17:22:20.532993;0.002617763;0.036964377;0.881686426;2.215953225;0.05392186;1;0;0
17:22:20.542947;0.002617763;0.029571502;0.877484269;2.221110001;0.043171175;1;0;0
17:22:20.553618;0.003756731;0.046165689;0.873775201;2.226262537;0.035790056;1;0;0
17:22:20.564102;0.004769452;0.05670509;0.870280399;2.231700473;0.038162723;1;0;0
17:22:20.575973;0.004769452;0.045364072;0.866657761;2.237519834;0.037587985;1;0;0
17:22:20.584664;0.004769452;0.036291258;0.863275049;2.243144624;0.0353655;1;0;0
17:22:20.595294;0.004769452;0.029033006;0.860074077;2.24866013;0.029607004;1;0;0
17:22:20.606377;0.004769452;0.023226405;0.856792661;2.254535511;0.024144901;1;0;0
17:22:20.616153;0.005781914;0.038596415;0.853949779;2.260346251;0.017830689;1;0;0
17:22:20.626257;0.005781914;0.030877132;0.851060972;2.266487171;0.010996548;1;0;0
17:22:20.637096;0.006794114;0.043195062;0.848367395;2.273095025;0.007269386;1;0;0
17:22:20.647432;0.006794114;0.03455605;0.845968248;2.279231243;0.001738459;1;0;0
17:22:20.657942;0.006794114;0.02764484;0.843644678;2.285435919;-0.001069685;1;0;0
17:22:20.669260;0.006794114;0.022115872;0.84118503;2.292331431;-0.005171484;1;0;0
17:22:20.679257;0.006794114;0.017692697;0.839036286;2.298678164;-0.006474638;1;0;0
17:22:20.688965;0.006794114;0.014154158;0.836974254;2.305101923;-0.009820933;1;0;0
17:22:20.699099;0.006520767;0.00604831;0.834907384;2.31169851;-0.01601824;1;0;0
17:22:20.711089;0.006520767;0.004838648;0.832925452;2.318436635;-0.021779452;1;0;0
17:22:20.720739;0.006520767;0.003870918;0.830991305;2.325480101;-0.02942278;1;0;0
17:22:20.730959;0.006520767;0.003096735;0.829175986;2.332601751;-0.036039423;1;0;0
17:22:20.742506;0.005515592;-0.016109804;0.827264496;2.339647993;-0.042250615;1;0;0
17:22:20.753160;0.006527529;0.005971102;0.825704176;2.3469571;-0.042667594;1;0;0
17:22:20.763694;0.006527529;0.004776882;0.824269158;2.354320865;-0.040259257;1;0;0
17:22:20.774335;0.006527529;0.003821505;0.822976627;2.361629873;-0.03720266;1;0;0
17:22:20.784991;0.006527529;0.003057204;0.821776454;2.369169075;-0.036989424;1;0;0
17:22:20.794841;0.006527529;0.002445763;0.820690676;2.376828167;-0.038050506;1;0;0
17:22:20.805567;0.006527529;0.001956611;0.81972284;2.384586186;-0.036067903;1;0;0
17:22:20.818049;0.004510968;-0.033130204;0.818336471;2.392720324;-0.037055191;1;0;0
17:22:20.828905;0.004510968;-0.026504163;0.817262182;2.399991421;-0.03553709;1;0;0
17:22:20.838288;0.004510968;-0.02120333;0.816295281;2.407587668;-0.041198358;1;0;0
17:22:20.847904;0.004510968;-0.016962664;0.815494701;2.415005866;-0.040882718;1;0;0
17:22:20.858505;0.004235201;-0.018830568;0.814733951;2.422791131;-0.044141926;1;0;0
17:22:20.870694;0.004235201;-0.015064454;0.814092662;2.430932292;-0.044107109;1;0;0
17:22:20.880092;0.003230198;-0.030650502;0.813366908;2.439000458;-0.041368421;1;0;0
17:22:20.891567;0.002217998;-0.043129007;0.812563168;2.447040679;-0.041875623;1;0;0
17:22:20.902435;0.002217998;-0.034503206;0.811937119;2.455086861;-0.039150652;1;0;0
17:22:20.913065;0.001213551;-0.046030381;0.811228979;2.463225964;-0.038943864;1;0;0
17:22:20.924100;0.001213551;-0.036824305;0.810697406;2.471476721;-0.038062472;1;0;0
17:22:20.933946;0.00020109;-0.049566119;0.810133714;2.479074514;-0.043052148;1;0;0
17:22:20.944484;-0.000802799;-0.058806787;0.80948348;2.486912814;-0.04719523;1;0;0
17:22:20.955046;-0.00181552;-0.066115846;0.808771208;2.494794001;-0.048526753;1;0;0
17:22:20.965783;-0.00181552;-0.052892677;0.808250635;2.502781208;-0.044607617;1;0;0
17:22:20.976465;-0.002828498;-0.06124179;0.807664989;2.510843521;-0.040436681;1;0;0
17:22:20.986651;-0.004237867;-0.076616586;0.806968847;2.51838528;-0.037934434;1;0;0
17:22:20.996097;-0.005250091;-0.081389947;0.806240635;2.525782278;-0.036236718;1;0;0
17:22:21.006653;-0.005250091;-0.065111958;0.805695815;2.533450049;-0.036347177;1;0;0
17:22:21.016931;-0.005250091;-0.052089566;0.805335385;2.541208665;-0.033194598;1;0;0
17:22:21.027631;-0.006262568;-0.060615265;0.804894091;2.549373366;-0.030432386;1;0;0
17:22:21.037620;-0.007275296;-0.067611528;0.804408813;2.557412198;-0.024257958;1;0;0
17:22:21.048787;-0.007275296;-0.054089222;0.804125132;2.565488185;-0.018358657;1;0;0
17:22:21.059770;-0.007275296;-0.043271378;0.804017938;2.574119551;-0.009362519;1;0;0
17:22:21.069654;-0.010305192;-0.094591103;0.803382456;2.581604506;-0.003891043;1;0;0
17:22:21.079220;-0.01131866;-0.095793448;0.802714306;2.589026053;-0.002994322;1;0;0
17:22:21.090270;-0.013335502;-0.114281498;0.80173092;2.596637896;-0.006508551;1;0;0
17:22:21.101317;-0.013335502;-0.091425198;0.801002027;2.604481872;-0.010646771;1;0;0
17:22:21.110491;-0.014349454;-0.093272288;0.800291403;2.61183596;-0.015916238;1;0;0
17:22:21.122242;-0.014477151;-0.07714615;0.799758102;2.619383814;-0.016583789;1;0;0
17:22:21.131857;-0.014477151;-0.06171692;0.799414016;2.62730024;-0.012981873;1;0;0
17:22:21.141015;-0.015490565;-0.069389027;0.799016877;2.634996025;-0.005651776;1;0;0
17:22:21.151697;-0.016504212;-0.075596132;0.798562661;2.642604328;0.005996337;1;0;0
17:22:21.162342;-0.017518092;-0.079543273;0.798031028;2.650562601;0.014184685;1;0;0
17:22:21.173454;-0.017518092;-0.063634618;0.797719914;2.658330778;0.028364494;1;0;0
17:22:21.183201;-0.019546539;-0.088290178;0.797054744;2.666318956;0.027399749;1;0;0
17:22:21.194168;-0.019546539;-0.070632143;0.79662;2.674402078;0.028645407;1;0;0
17:22:21.204341;-0.020561103;-0.076579689;0.796143644;2.681975591;0.025445856;1;0;0
17:22:21.213881;-0.020561103;-0.061263751;0.795844533;2.689787995;0.031072428;1;0;0
17:22:21.225467;-0.021564234;-0.067707218;0.79544601;2.697927239;0.035605758;1;0;0
17:22:21.235399;-0.021846704;-0.059605312;0.795164881;2.705905852;0.04330508;1;0;0
17:22:21.246083;-0.022861492;-0.066924892;0.794782567;2.713909065;0.05359621;1;0;0
17:22:21.256566;-0.024998995;-0.093845904;0.79401626;2.72156827;0.054729238;1;0;0
17:22:21.267257;-0.024998995;-0.075076723;0.793438357;2.729647492;0.056725007;1;0;0
17:22:21.278067;-0.024998995;-0.060061379;0.793059411;2.737589314;0.049932245;1;0;0
17:22:21.289905;-0.026013425;-0.065327342;0.792522588;2.746361461;0.052906252;1;0;0
17:22:21.299367;-0.026013425;-0.052261874;0.792216494;2.754036891;0.048701651;1;0;0
17:22:21.313308;-0.02803156;-0.081875673;0.791529189;2.761326787;0.046049137;1;0;0
17:22:21.319884;-0.02803156;-0.065500538;0.790979053;2.769002597;0.051358093;1;0;0
17:22:21.330443;-0.02803156;-0.05240043;0.790577526;2.776619655;0.057319347;1;0;0
17:22:21.341363;-0.029046418;-0.060888428;0.790006641;2.784505315;0.065508656;1;0;0
17:22:21.351015;-0.029046418;-0.048710743;0.789589454;2.792085832;0.06780187;1;0;0
17:22:21.361840;-0.029046418;-0.038968594;0.78926115;2.800115442;0.07178361;1;0;0
17:22:21.372635;-0.031064409;-0.068109153;0.788463948;2.80793838;0.071386822;1;0;0
17:22:21.383207;-0.031064409;-0.054487322;0.787824931;2.815553291;0.072393551;1;0;0
17:22:21.393861;-0.031064409;-0.043589858;0.787292976;2.823174252;0.073454902;1;0;0
17:22:21.404469;-0.032079688;-0.053822218;0.786551532;2.830864709;0.076784506;1;0;0
17:22:21.414430;-0.032079688;-0.043057775;0.785906401;2.838620308;0.07724569;1;0;0
17:22:21.424961;-0.033082039;-0.053430785;0.785072307;2.846080617;0.077571541;1;0;0
17:22:21.436119;-0.033367854;-0.048284711;0.78426034;2.853364839;0.07783699;1;0;0
17:22:21.445909;-0.033367854;-0.038627769;0.783530484;2.860552593;0.075958751;1;0;0
17:22:21.456906;-0.033367854;-0.030902215;0.782806678;2.868245262;0.077990763;1;0;0
17:22:21.466685;-0.033367854;-0.024721772;0.782162385;2.875482604;0.079310119;1;0;0
17:22:21.476682;-0.034370555;-0.039074748;0.781249556;2.882693324;0.080936298;1;0;0
17:22:21.488066;-0.034370555;-0.031259799;0.78032821;2.890271481;0.08512345;1;0;0
17:22:21.499124;-0.035386041;-0.043713501;0.779143762;2.897553;0.081332728;1;0;0
17:22:21.509937;-0.036388167;-0.053537234;0.777717927;2.9045303;0.081455208;1;0;0
17:22:21.520215;-0.036388167;-0.042829788;0.776388095;2.91125754;0.075999439;1;0;0
17:22:21.530402;-0.036388167;-0.03426383;0.775107698;2.917854055;0.071036488;1;0;0
17:22:21.541178;-0.036388167;-0.027411064;0.773776578;2.924746655;0.070129178;1;0;0
17:22:21.550343;-0.036388167;-0.021928851;0.772502747;2.931294182;0.067367449;1;0;0
17:22:21.561824;-0.037389716;-0.036295505;0.770860255;2.937894638;0.066960834;1;0;0
17:22:21.571889;-0.038405407;-0.048811343;0.769004185;2.943947691;0.065153152;1;0;0
17:22:21.582570;-0.038694563;-0.044514893;0.767021675;2.950091155;0.067272082;1;0;0
17:22:21.592656;-0.038694563;-0.035611914;0.765135797;2.955923321;0.065399244;1;0;0
17:22:21.602665;-0.038694563;-0.028489531;0.763201441;2.961838584;0.062600061;1;0;0
17:22:21.613629;-0.039696452;-0.04157651;0.760887969;2.967653825;0.057034761;1;0;0
17:22:21.624013;-0.039696452;-0.033261208;0.758671989;2.97316573;0.052806914;1;0;0
17:22:21.633902;-0.039696452;-0.026608967;0.75645096;2.978591292;0.050039358;1;0;0
17:22:21.643643;-0.039696452;-0.021287173;0.75413924;2.984097506;0.053198908;1;0;0
17:22:21.654503;-0.039696452;-0.017029739;0.751835488;2.989414132;0.060959548;1;0;0
17:22:21.664320;-0.039696452;-0.013623791;0.749479573;2.99465497;0.067044981;1;0;0
17:22:21.673953;-0.039696452;-0.010899033;0.747075111;2.999786541;0.071352795;1;0;0
17:22:21.684590;-0.039696452;-0.008719226;0.744584832;3.004863563;0.072676979;1;0;0
17:22:21.695074;-0.039696452;-0.006975381;0.741885178;3.0100938;0.071440719;1;0;0
17:22:21.705652;-0.039696452;-0.005580305;0.739097704;3.015201068;0.070454933;1;0;0
17:22:21.715887;-0.039696452;-0.004464244;0.736264183;3.020098124;0.072121844;1;0;0
17:22:21.729150;-0.039696452;-0.003571395;0.732595027;3.026020717;0.071728379;1;0;0
17:22:21.739395;-0.038680761;0.016658502;0.729833558;3.03087058;0.074454531;1;0;0
17:22:21.749531;-0.038680761;0.013326801;0.727011889;3.0354457;0.078746937;1;0;0
17:22:21.760210;-0.038680761;0.010661441;0.723870683;3.040140967;0.081615552;1;0;0
17:22:21.771039;-0.038680761;0.008529153;0.720563383;3.04468524;0.078897662;1;0;0
17:22:21.781740;-0.038680761;0.006823322;0.717354779;3.048747811;0.077160694;1;0;0
17:22:21.792390;-0.037665275;0.024635172;0.714140829;3.053114448;0.078768194;1;0;0
17:22:21.802592;-0.037665275;0.019708138;0.710693432;3.057358321;0.076614276;1;0;0
17:22:21.813278;-0.038666583;-0.004079534;0.707051488;3.060869536;0.069851764;1;0;0
17:22:21.823268;-0.038666583;-0.003263627;0.703244716;3.064258796;0.062485751;1;0;0
17:22:21.833160;-0.038666583;-0.002610902;0.699346791;3.06745912;0.056199532;1;0;0
17:22:21.844608;-0.038666583;-0.002088722;0.695009774;3.070728514;0.053569295;1;0;0
17:22:21.855211;-0.039667307;-0.02034713;0.690333193;3.073475111;0.044877686;1;0;0
17:22:21.865744;-0.039667307;-0.016277704;0.685610416;3.076035008;0.03841811;1;0;0
17:22:21.875850;-0.039667307;-0.013022163;0.680781695;3.078442518;0.030264098;1;0;0
17:22:21.886484;-0.038666583;0.00946459;0.676361026;3.08085277;0.02805106;1;0;0
17:22:21.896403;-0.038666583;0.007571672;0.671799312;3.083112304;0.024776043;1;0;0
17:22:21.907502;-0.038666583;0.006057337;0.666806335;3.085343828;0.029180063;1;0;0
17:22:21.916878;-0.038666583;0.00484587;0.6620323;3.087261604;0.031302389;1;0;0
17:22:21.928611;-0.038666583;0.003876696;0.656375228;3.089284751;0.034619115;1;0;0
17:22:21.939230;-0.038666583;0.003101357;0.651058801;3.090960431;0.037535548;1;0;0
17:22:21.950111;-0.038666583;0.002481085;0.645788631;3.092423698;0.038031999;1;0;0
17:22:21.959905;-0.038666583;0.001984868;0.640575896;3.093692232;0.037850302;1;0;0
17:22:21.970796;-0.038666583;0.001587895;0.635240532;3.09482011;0.032099936;1;0;0
17:22:21.980611;-0.038666583;0.001270316;0.629829478;3.095800435;0.030708933;1;0;0
17:22:21.990621;-0.038666583;0.001016253;0.623999871;3.096685418;0.029245634;1;0;0
17:22:22.001169;-0.037665275;0.01974736;0.618427711;3.097683701;0.031639531;1;0;0
17:22:22.013383;-0.037665275;0.015797888;0.612762884;3.098508386;0.032348324;1;0;0
17:22:22.023336;-0.037665275;0.012638311;0.606877964;3.099180409;0.033869021;1;0;0
17:22:22.035247;-0.037665275;0.010110648;0.601192533;3.099666242;0.033660706;1;0;0
17:22:22.044890;-0.037665275;0.008088519;0.595226601;3.100017619;0.032057617;1;0;0
17:22:22.054171;-0.037665275;0.006470815;0.589350098;3.100217518;0.029028147;1;0;0
17:22:22.064158;-0.036649996;0.025281639;0.583758384;3.100549946;0.026166532;1;0;0
17:22:22.074271;-0.036649996;0.020225311;0.577754137;3.10074119;0.024771828;1;0;0
17:22:22.084927;-0.036649996;0.016180249;0.571669783;3.100775855;0.024973288;1;0;0
17:22:22.095603;-0.035634927;0.032130561;0.56581702;3.10094115;0.028670598;1;0;0
17:22:22.105976;-0.035634927;0.025704449;0.55998752;3.100944081;0.031053692;1;0;0
17:22:22.117523;-0.035634927;0.020563559;0.55379983;3.10078814;0.035701867;1;0;0
17:22:22.128444;-0.035634927;0.016450847;0.547494618;3.100476761;0.034796759;1;0;0
17:22:22.138118;-0.035634927;0.013160678;0.54157558;3.10005697;0.03460449;1;0;0
17:22:22.148193;-0.034620068;0.030158591;0.535723616;3.099774633;0.031741928;1;0;0
17:22:22.158729;-0.034620068;0.024126873;0.529946759;3.099363996;0.028305849;1;0;0
17:22:22.170024;-0.034620068;0.019301498;0.523428747;3.098758373;0.024082121;1;0;0
17:22:22.179722;-0.034620068;0.015441199;0.517519763;3.098090732;0.021828;1;0;0
17:22:22.189581;-0.034620068;0.012352959;0.511559199;3.097312836;0.021187866;1;0;0
17:22:22.200244;-0.033605424;0.029943205;0.505792246;3.096691538;0.022420706;1;0;0
17:22:22.210914;-0.033605424;0.023954564;0.499710511;3.095915685;0.024926273;1;0;0
17:22:22.221607;-0.033605424;0.019163651;0.493470424;3.095002815;0.024599679;1;0;0
17:22:22.232395;-0.033605424;0.015330921;0.48711594;3.093962554;0.01971944;1;0;0
17:22:22.242766;-0.033605424;0.012264737;0.481149627;3.092892802;0.016727023;1;0;0
17:22:22.252322;-0.032483731;0.031960263;0.475435615;3.092023387;0.015887842;1;0;0
17:22:22.262768;-0.032483731;0.02556821;0.469697781;3.091051169;0.014738759;1;0;0
17:22:22.273112;-0.032483731;0.020454568;0.463381694;3.089876573;0.01649092;1;0;0
17:22:22.284102;-0.031468501;0.036351757;0.457787832;3.088961535;0.016134841;1;0;0
17:22:22.294072;-0.031468501;0.029081405;0.452181517;3.087946682;0.018313691;1;0;0
17:22:22.304105;-0.030466612;0.043114353;0.446789361;3.087092131;0.023891844;1;0;0
17:22:22.314022;-0.029451602;0.053735663;0.441365117;3.086352421;0.026268827;1;0;0
17:22:22.324558;-0.029451602;0.04298853;0.436112533;3.085519322;0.029853268;1;0;0
17:22:22.334642;-0.029451602;0.034390824;0.430799495;3.08457281;0.03062091;1;0;0
17:22:22.344830;-0.028436814;0.046678875;0.4254317;3.083738546;0.031241646;1;0;0
17:22:22.357310;-0.028436814;0.0373431;0.42011074;3.082797453;0.032043479;1;0;0
17:22:22.366536;-0.028424139;0.030110132;0.414528884;3.081704828;0.027414778;1;0;0
17:22:22.377512;-0.028424139;0.024088105;0.409242507;3.080578497;0.021266185;1;0;0
17:22:22.387258;-0.028424139;0.019270484;0.403550461;3.07927638;0.015832556;1;0;0
17:22:22.397629;-0.029425447;-0.004167083;0.397877141;3.077700774;0.005550084;1;0;0
17:22:22.408540;-0.028411109;0.015441276;0.392165245;3.076257189;-0.000402997;1;0;0
17:22:22.418567;-0.028411109;0.012353021;0.386473907;3.074747034;-0.00893377;1;0;0
17:22:22.429577;-0.028411109;0.009882416;0.381096891;3.07326013;-0.013773857;1;0;0
17:22:22.438727;-0.026383119;0.048191212;0.376269437;3.072245351;-0.013877785;1;0;0
17:22:22.449649;-0.026383119;0.03855297;0.371386638;3.071135573;-0.010770681;1;0;0
17:22:22.459653;-0.025369472;0.049552561;0.3663811;3.070127042;-0.002814442;1;0;0
17:22:22.470010;-0.025369472;0.039642049;0.361523169;3.06905361;0.00321278;1;0;0
17:22:22.480816;-0.024239422;0.054052382;0.357041992;3.068207493;0.015116139;1;0;0
17:22:22.491448;-0.024239422;0.043241906;0.352213824;3.067193589;0.019633012;1;0;0
17:22:22.501360;-0.023225231;0.054466433;0.34784072;3.066393192;0.024166519;1;0;0
17:22:22.511649;-0.023225231;0.043573146;0.343294025;3.065460197;0.024950404;1;0;0
17:22:22.522841;-0.023225231;0.034858517;0.3385987;3.064402407;0.022695081;1;0;0
17:22:22.533681;-0.022211279;0.04675067;0.334092714;3.063512271;0.019563179;1;0;0
17:22:22.544588;-0.022211279;0.037400536;0.329527945;3.062510947;0.013954735;1;0;0
17:22:22.554296;-0.022211279;0.029920429;0.32518512;3.061476897;0.014569153;1;0;0
17:22:22.564310;-0.022211279;0.023936343;0.320629574;3.060316868;0.00757983;1;0;0
17:22:22.575703;-0.021197567;0.038196888;0.316257158;3.059333966;0.00440979;1;0;0
17:22:22.586410;-0.020184099;0.049461049;0.312073483;3.058519002;-0.00055585;1;0;0
17:22:22.597008;-0.020184099;0.039568839;0.307877438;3.057605214;-0.006246028;1;0;0
17:22:22.607025;-0.020184099;0.031655071;0.303815276;3.05664058;-0.010309462;1;0;0
17:22:22.616731;-0.0201716;0.025572209;0.29974025;3.055605649;-0.013191444;1;0;0
17:22:22.627338;-0.019170875;0.0402651;0.295874618;3.05474928;-0.010084926;1;0;0
17:22:22.637496;-0.019170875;0.03221208;0.291675727;3.053735637;-0.01059032;1;0;0
17:22:22.647485;-0.018157898;0.045885385;0.287990953;3.052969967;-0.004848273;1;0;0
17:22:22.658348;-0.018157898;0.036708308;0.284179345;3.052096721;-0.005514742;1;0;0
17:22:22.667810;-0.018157898;0.029366646;0.280389907;3.051157039;-0.004530972;1;0;0
17:22:22.678775;-0.017021201;0.045304115;0.276735094;3.050405806;-0.003099771;1;0;0
17:22:22.689645;-0.017021201;0.036243292;0.272973723;3.049547491;-0.001540087;1;0;0
17:22:22.699758;-0.017021201;0.028994634;0.269074174;3.048578681;0.001477933;1;0;0
17:22:22.710293;-0.016007714;0.043254636;0.265648404;3.047854671;-3.13E-06;1;0;0
17:22:22.720554;-0.014994479;0.053428168;0.262212002;3.047259573;0.00198926;1;0;0
17:22:22.731383;-0.014994479;0.042742534;0.258880871;3.046590895;0.000206225;1;0;0
17:22:22.743146;-0.013981501;0.051466023;0.255279592;3.046005196;-0.000246371;1;0;0
17:22:22.752940;-0.013981501;0.041172819;0.252025262;3.045375809;-0.003947495;1;0;0
17:22:22.763652;-0.012968779;0.052983846;0.24904215;3.044924201;-0.002037928;1;0;0
17:22:22.774494;-0.012968779;0.042387076;0.245762492;3.044325571;0.000273554;1;0;0
17:22:22.784884;-0.011956318;0.053161558;0.242774367;3.04390675;0.001864941;1;0;0
17:22:22.795829;-0.011956318;0.042529246;0.239628161;3.043360077;5.06E-05;1;0;0
17:22:22.806482;-0.012957042;0.015454991;0.236144943;3.04244102;-0.005597404;1;0;0
17:22:22.816783;-0.011944842;0.03147525;0.23295504;3.041735686;-0.008957854;1;0;0
17:22:22.827237;-0.011944842;0.0251802;0.229705514;3.040944406;-0.016267173;1;0;0
17:22:22.838610;-0.009932181;0.057324475;0.22688828;3.040598913;-0.012132268;1;0;0
17:22:22.848895;-0.009800888;0.048283928;0.224015653;3.040168273;-0.016354717;1;0;0
17:22:22.859231;-0.009800888;0.038627142;0.221268616;3.039667606;-0.012908168;1;0;0
17:22:22.869805;-0.009800888;0.030901714;0.218230072;3.03902921;-0.016103366;1;0;0
17:22:22.880475;-0.009788934;0.024958226;0.215375201;3.038362783;-0.014628797;1;0;0
17:22:22.891150;-0.008776524;0.038816622;0.212560665;3.037846695;-0.013914105;1;0;0
17:22:22.901926;-0.007764384;0.049996741;0.209962708;3.03750634;-0.014349559;1;0;0
17:22:22.911713;-0.006752516;0.060089286;0.207690763;3.037337859;-0.009704584;1;0;0
17:22:22.922446;-0.007752655;0.028659112;0.205025434;3.036798928;-0.012702152;1;0;0
17:22:22.932666;-0.006741061;0.041452347;0.202414928;3.036413398;-0.011141012;1;0;0
17:22:22.943431;-0.006741061;0.033161877;0.19990701;3.035958277;-0.013019106;1;0;0
17:22:22.954315;-0.005729743;0.045232232;0.197455466;3.035655481;-0.007727653;1;0;0
17:22:22.965094;-0.005592142;0.038758601;0.19498729;3.035286264;-0.007344813;1;0;0
17:22:22.976906;-0.004580098;0.047964855;0.192443659;3.035054919;-0.00691312;1;0;0
17:22:22.986355;-0.004580098;0.038371884;0.190208992;3.034751069;-0.008101963;1;0;0
17:22:22.996520;-0.004580098;0.030697507;0.187881078;3.034353626;-0.014128329;1;0;0
17:22:23.007984;-0.003568335;0.043227892;0.185615592;3.034112283;-0.01703083;1;0;0
17:22:23.018865;-0.003568335;0.034582314;0.183288568;3.033767155;-0.020861095;1;0;0
17:22:23.028795;-0.003568335;0.027665851;0.181034608;3.033356217;-0.015851939;1;0;0
17:22:23.039727;-0.002556855;0.040872303;0.17883941;3.033103532;-0.016995534;1;0;0
17:22:23.049975;-0.002556855;0.032697842;0.1767223;3.03277644;-0.01715832;1;0;0
17:22:23.059791;-0.001545659;0.046241399;0.174796575;3.032620697;-0.018584287;1;0;0
17:22:23.069980;-0.001545659;0.036993119;0.172641394;3.032348796;-0.021471063;1;0;0
17:22:23.081517;-0.001545659;0.029594495;0.170396942;3.031977393;-0.020712039;1;0;0
17:22:23.091353;-0.00053475;0.043000418;0.168446229;3.031799287;-0.018322838;1;0;0
17:22:23.102327;-0.00053475;0.034400334;0.166318631;3.031509734;-0.015332571;1;0;0
17:22:23.113206;-0.00053475;0.027520267;0.164296363;3.031159935;-0.013468373;1;0;0
17:22:23.124101;-0.00053475;0.022016214;0.162074311;3.030706658;-0.017969238;1;0;0
17:22:23.133715;-0.00053475;0.017612971;0.159965086;3.030220343;-0.021435088;1;0;0
17:22:23.144102;-0.001534303;-0.005481509;0.157543898;3.029420705;-0.028379809;1;0;0
17:22:23.154641;-0.001534303;-0.004385207;0.155092656;3.028584499;-0.035253074;1;0;0
17:22:23.164779;-0.001534303;-0.003508166;0.152552815;3.027692666;-0.042918697;1;0;0
17:22:23.174731;-0.001534303;-0.002806532;0.150156459;3.026829815;-0.045236822;1;0;0
17:22:23.185387;-0.001534303;-0.002245226;0.147783089;3.025956652;-0.047674887;1;0;0
17:22:23.195194;-0.002533269;-0.021630758;0.145175133;3.024824143;-0.053109124;1;0;0
17:22:23.206303;-0.002533269;-0.017304606;0.142471868;3.023645799;-0.052898206;1;0;0
17:22:23.218668;-0.002533269;-0.013843685;0.139200867;3.022214266;-0.053165618;1;0;0
17:22:23.229650;-0.003544178;-0.031045656;0.136461242;3.020869977;-0.05141139;1;0;0
17:22:23.239067;-0.003544178;-0.024836525;0.133792633;3.019566035;-0.05381405;1;0;0
17:22:23.249146;-0.003544178;-0.01986922;0.13112816;3.018269312;-0.05082665;1;0;0
17:22:23.259762;-0.004555374;-0.035010626;0.128203368;3.0167163;-0.050559487;1;0;0
17:22:23.271304;-0.004555374;-0.028008501;0.125286084;3.015180001;-0.050211962;1;0;0
17:22:23.281412;-0.004850608;-0.027931667;0.122436941;3.013654538;-0.047804147;1;0;0
17:22:23.292188;-0.004850608;-0.022345333;0.119825579;3.012267927;-0.042520352;1;0;0
17:22:23.302937;-0.004850608;-0.017876267;0.117108738;3.010836814;-0.037154026;1;0;0
17:22:23.313888;-0.006873852;-0.051585622;0.113945937;3.008927698;-0.035688099;1;0;0
17:22:23.323745;-0.006578618;-0.035456924;0.111183532;3.00730888;-0.032873709;1;0;0
17:22:23.334296;-0.006578618;-0.028365539;0.108534738;3.005772913;-0.032516774;1;0;0
17:22:23.344684;-0.005579652;-0.003962093;0.106109715;3.004492608;-0.028193632;1;0;0
17:22:23.354607;-0.005579652;-0.003169675;0.103889163;3.003329171;-0.023717631;1;0;0
17:22:23.365602;-0.005579652;-0.00253574;0.101567345;3.002121594;-0.017504176;1;0;0
17:22:23.376320;-0.005579652;-0.002028592;0.099353618;3.000978525;-0.009440912;1;0;0
17:22:23.387200;-0.004567889;0.017123821;0.097439858;3.000126834;0.000839943;1;0;0
17:22:23.396960;-0.004567889;0.013699057;0.095658182;2.999332056;0.012197143;1;0;0
17:22:23.407273;-0.004567889;0.010959246;0.093932019;2.998560406;0.018629061;1;0;0
17:22:23.417495;-0.005566855;-0.011007487;0.091984605;2.997552139;0.023961652;1;0;0
17:22:23.427662;-0.005566855;-0.008805989;0.08996648;2.996514291;0.022260638;1;0;0
17:22:23.438791;-0.004555374;0.0122421;0.088313548;2.995796307;0.022301825;1;0;0
17:22:23.449014;-0.004555374;0.00979368;0.086745621;2.995112333;0.021942349;1;0;0
17:22:23.459831;-0.003556408;0.026240665;0.085347179;2.994647923;0.026390256;1;0;0
17:22:23.469863;-0.003556408;0.020992532;0.083953635;2.994168844;0.025957504;1;0;0
17:22:23.481220;-0.003556408;0.016794026;0.082596437;2.993688296;0.033254359;1;0;0
17:22:23.491101;-0.003556408;0.01343522;0.081295776;2.993216126;0.037524983;1;0;0
17:22:23.501999;-0.004555374;-0.007628827;0.07964107;2.992436233;0.038130306;1;0;0
17:22:23.512647;-0.004850608;-0.011658219;0.077982512;2.991615342;0.033797033;1;0;0
17:22:23.522695;-0.004850608;-0.009326575;0.07635212;2.990812011;0.024972318;1;0;0
17:22:23.534365;-0.004850608;-0.00746126;0.074732483;2.990017395;0.019265337;1;0;0
17:22:23.543807;-0.004850608;-0.005969008;0.073274922;2.98930509;0.009382639;1;0;0
17:22:23.553830;-0.004850608;-0.004775206;0.071845044;2.988608782;0.006196117;1;0;0
17:22:23.564454;-0.004850608;-0.003820165;0.070446647;2.987930076;0.006220954;1;0;0
17:22:23.575317;-0.004850608;-0.003056132;0.068962522;2.987212115;0.011547856;1;0;0
17:22:23.586267;-0.005862088;-0.02158309;0.06731192;2.986281689;0.016046148;1;0;0
17:22:23.596647;-0.005566855;-0.011715637;0.065786186;2.985463823;0.019312665;1;0;0
17:22:23.606410;-0.004567889;0.010468122;0.064628725;2.984962981;0.021220351;1;0;0
17:22:23.618859;-0.005579652;-0.009892213;0.063105758;2.984147467;0.017811224;1;0;0
17:22:23.627471;-0.005579652;-0.00791377;0.06176426;2.983434911;0.013335343;1;0;0
17:22:23.638044;-0.005579652;-0.006331016;0.060458275;2.982746332;0.008344295;1;0;0
17:22:23.648355;-0.005579652;-0.005064813;0.059105769;2.982038439;0.013182364;1;0;0
17:22:23.658475;-0.004567889;0.015688781;0.058107014;2.981640425;0.017471887;1;0;0
17:22:23.669434;-0.004567889;0.012551025;0.05712556;2.981244533;0.023738842;1;0;0
17:22:23.679557;-0.004567889;0.01004082;0.056089817;2.980822004;0.027257847;1;0;0
17:22:23.691108;-0.005566855;-0.010234264;0.054794035;2.980132576;0.027180057;1;0;0
17:22:23.701762;-0.005566855;-0.008187411;0.053565385;2.979484045;0.025638081;1;0;0
17:22:23.711805;-0.004567889;0.013189172;0.052681467;2.979137821;0.022092529;1;0;0
17:22:23.722592;-0.004567889;0.010551337;0.051766365;2.978774305;0.021561995;1;0;0
17:22:23.732187;-0.004567889;0.00844107;0.050895626;2.978423997;0.01864217;1;0;0
17:22:23.742568;-0.004567889;0.006752856;0.050004055;2.978061193;0.015091005;1;0;0
17:22:23.753467;-0.004567889;0.005402285;0.049128211;2.977701038;0.017401215;1;0;0
17:22:23.763431;-0.004567889;0.004321828;0.048289436;2.977352897;0.018468644;1;0;0
17:22:23.773482;-0.004567889;0.003457462;0.047428102;2.976992339;0.019086735;1;0;0
17:22:23.784102;-0.004567889;0.00276597;0.046605862;2.976645456;0.020234281;1;0;0
17:22:23.794756;-0.004567889;0.002212776;0.045762608;2.976287167;0.019837279;1;0;0
17:22:23.804604;-0.004567889;0.001770221;0.044964587;2.975945882;0.01665041;1;0;0
17:22:23.814460;-0.003556408;0.020782462;0.044400974;2.97584903;0.015110841;1;0;0
17:22:23.825672;-0.003556408;0.01662597;0.043798806;2.975725769;0.015000586;1;0;0
17:22:23.835899;-0.002556855;0.032245752;0.043453106;2.975840453;0.01975897;1;0;0
17:22:23.847093;-0.001545659;0.045368922;0.043328658;2.976164412;0.028266946;1;0;0
17:22:23.857329;-0.001545659;0.036295137;0.043145237;2.976429915;0.038946204;1;0;0
17:22:23.867397;-0.001545659;0.02903611;0.042917421;2.976635433;0.045464929;1;0;0
17:22:23.876830;-0.00053475;0.043270605;0.042890112;2.977040997;0.047663987;1;0;0
17:22:23.887483;0.000757298;0.060285288;0.04311123;2.977695084;0.051216524;1;0;0
17:22:23.897476;0.000757298;0.04822823;0.04324796;2.97829085;0.051270217;1;0;0
17:22:23.908990;0.001911823;0.060046339;0.043592748;2.979102857;0.055189993;1;0;0
17:22:23.919677;0.002923153;0.066708678;0.044086769;2.980071913;0.05557235;1;0;0
17:22:23.929853;0.002923153;0.053366942;0.044445753;2.980906469;0.059651732;1;0;0
17:22:23.940875;0.002923153;0.042693554;0.044676462;2.981587635;0.057145853;1;0;0
17:22:23.950583;0.003922962;0.053966164;0.045056018;2.982420136;0.055673894;1;0;0
17:22:23.960670;0.004934;0.062209853;0.045595366;2.983441054;0.05581262;1;0;0
17:22:23.971137;0.004934;0.049767883;0.045981219;2.984288818;0.048699889;1;0;0
17:22:23.980859;0.004934;0.039814306;0.046257272;2.98503275;0.037278958;1;0;0
17:22:23.991434;0.004934;0.031851445;0.046431205;2.985674247;0.025477838;1;0;0
17:22:24.001800;0.005944742;0.044608927;0.046772769;2.986508424;0.020283321;1;0;0
17:22:24.011994;0.005944742;0.035687142;0.046994239;2.987215219;0.014047672;1;0;0
17:22:24.022308;0.005944742;0.028549713;0.047115825;2.987828695;0.009726686;1;0;0
17:22:24.033595;0.005944742;0.022839771;0.04714528;2.988351309;0.005844146;1;0;0
17:22:24.043338;0.005944742;0.018271816;0.047095406;2.988775946;0.000317147;1;0;0
17:22:24.055336;0.006955187;0.032003529;0.047233018;2.989461894;-0.005610971;1;0;0
17:22:24.065410;0.006955187;0.025602823;0.047259356;2.989974678;-0.010867799;1;0;0
17:22:24.076202;0.006955187;0.020482259;0.047201869;2.990422641;-0.010194828;1;0;0
17:22:24.086695;0.006955187;0.016385807;0.047076993;2.990772613;-0.013354614;1;0;0
17:22:24.096261;0.006955187;0.013108646;0.046890754;2.99105965;-0.01358342;1;0;0
17:22:24.106032;0.007965333;0.030547199;0.046894504;2.991535726;-0.012864812;1;0;0
17:22:24.116170;0.007965333;0.024437759;0.046819902;2.991951837;-0.012975802;1;0;0
17:22:24.126326;0.007965333;0.019550207;0.046680461;2.992283322;-0.013963833;1;0;0
17:22:24.136813;0.009125377;0.038502068;0.046763201;2.992840282;-0.014107581;1;0;0
17:22:24.146650;0.010125767;0.050223546;0.047009953;2.993570138;-0.010759282;1;0;0
17:22:24.157751;0.011136307;0.059290207;0.047412904;2.994472478;-0.006290812;1;0;0
17:22:24.168446;0.010135916;0.028596184;0.047436758;2.995000165;-0.002278735;1;0;0
17:22:24.179032;0.010135916;0.022876948;0.047376164;2.995437873;-0.003425314;1;0;0
17:22:24.190012;0.01114615;0.03685023;0.04749838;2.996076909;-0.002996305;1;0;0
17:22:24.200621;0.01114615;0.029480184;0.047520435;2.996605672;-0.004431681;1;0;0
17:22:24.211907;0.01114615;0.023584147;0.047444199;2.997092288;-0.008804862;1;0;0
17:22:24.221966;0.01114615;0.018867318;0.047305314;2.997430362;-0.017520579;1;0;0
17:22:24.233287;0.01114615;0.015093854;0.04709184;2.997721114;-0.023197535;1;0;0
17:22:24.243867;0.01214654;0.031011624;0.047075037;2.998201855;-0.028278489;1;0;0
17:22:24.253850;0.013156466;0.04477676;0.047229975;2.998833855;-0.026582163;1;0;0
17:22:24.264953;0.013156466;0.035821408;0.047295015;2.99940959;-0.022814913;1;0;0
17:22:24.276210;0.013156466;0.028657127;0.047268824;2.999882383;-0.018615689;1;0;0
17:22:24.285681;0.013156466;0.022925701;0.047159575;3.000285003;-0.020200852;1;0;0
17:22:24.296688;0.013156466;0.018340561;0.046990021;3.000592754;-0.020219503;1;0;0
17:22:24.306472;0.013156466;0.014672449;0.046763778;3.000839258;-0.020565875;1;0;0
17:22:24.318454;0.014166082;0.028659974;0.046717757;3.001351078;-0.022110527;1;0;0
17:22:24.329432;0.014166082;0.022927979;0.046590469;3.001731665;-0.023671011;1;0;0
17:22:24.338788;0.014166082;0.018342383;0.046407142;3.002019446;-0.025960218;1;0;0
17:22:24.350119;0.015167052;0.03297385;0.046409478;3.002529554;-0.022606147;1;0;0
17:22:24.361005;0.016176357;0.045450765;0.046585815;3.00319813;-0.015359947;1;0;0
17:22:24.370807;0.016176357;0.036360612;0.046660406;3.003743392;-0.008531386;1;0;0
17:22:24.381596;0.016176357;0.02908849;0.046650752;3.004226697;-0.005366318;1;0;0
17:22:24.391577;0.016176357;0.023270792;0.046566455;3.004612617;-0.00291271;1;0;0
17:22:24.401929;0.016176357;0.018616633;0.046412887;3.004937486;-0.004774828;1;0;0
17:22:24.412020;0.016176357;0.014893307;0.046202183;3.005195814;-0.010066012;1;0;0
17:22:24.421925;0.016176357;0.011914645;0.04593915;3.005398847;-0.01793965;1;0;0
17:22:24.433047;0.017177905;0.028182259;0.045867194;3.00581997;-0.022785053;1;0;0
17:22:24.443158;0.017177905;0.022545807;0.045726673;3.006154074;-0.02437564;1;0;0
17:22:24.454571;0.017177905;0.018036646;0.045516413;3.006431949;-0.021209508;1;0;0
17:22:24.464165;0.017177905;0.014429317;0.045251049;3.006646123;-0.021668883;1;0;0
17:22:24.474321;0.017177905;0.011543453;0.044949956;3.006800406;-0.020084661;1;0;0
17:22:24.486854;0.018180031;0.026300665;0.044829507;3.007207236;-0.016768623;1;0;0
17:22:24.496738;0.018180031;0.021040532;0.04465623;3.007494268;-0.016898725;1;0;0
17:22:24.506936;0.018180031;0.016832426;0.044425327;3.007724296;-0.018409612;1;0;0
17:22:24.517205;0.018180031;0.01346594;0.04412773;3.007909217;-0.0224199;1;0;0
17:22:24.528065;0.018180031;0.010772752;0.043781739;3.008041099;-0.023248363;1;0;0
17:22:24.538915;0.018180031;0.008618202;0.043390209;3.008126346;-0.023137659;1;0;0
17:22:24.550371;0.018180031;0.006894561;0.0429635;3.008168933;-0.02228114;1;0;0
17:22:24.561345;0.018466769;0.010958109;0.042591257;3.008247471;-0.019339679;1;0;0
17:22:24.571173;0.018466769;0.008766487;0.04220115;3.008286494;-0.017950926;1;0;0
17:22:24.581493;0.019468547;0.026553784;0.042024845;3.008542033;-0.016084066;1;0;0
17:22:24.592201;0.019468547;0.021243027;0.041784028;3.008753682;-0.015798589;1;0;0
17:22:24.601663;0.019468547;0.016994422;0.041514154;3.008903221;-0.014062985;1;0;0
17:22:24.612335;0.019468547;0.013595537;0.041183711;3.009016974;-0.013695609;1;0;0
17:22:24.622932;0.020477538;0.030743141;0.041082544;3.009333671;-0.009597726;1;0;0
17:22:24.633872;0.020477538;0.024594513;0.040914111;3.009606362;-0.006460305;1;0;0
17:22:24.644169;0.020477538;0.01967561;0.040704917;3.009809315;-0.004669411;1;0;0
17:22:24.654927;0.020477538;0.015740488;0.040437327;3.009973008;-0.006099079;1;0;0
17:22:24.664512;0.020477538;0.012592391;0.040142949;3.010085834;-0.00852877;1;0;0
17:22:24.674910;0.020477538;0.010073913;0.039814431;3.01016105;-0.008236123;1;0;0
17:22:24.684865;0.020477538;0.00805913;0.039454679;3.010202544;-0.011432024;1;0;0
17:22:24.695100;0.020477538;0.006447304;0.039045261;3.010213276;-0.011885139;1;0;0
17:22:24.706087;0.020477538;0.005157843;0.038617665;3.01019413;-0.014117888;1;0;0
17:22:24.716683;0.020477538;0.004126275;0.03816561;3.010148384;-0.015690133;1;0;0
17:22:24.727506;0.020477538;0.00330102;0.037695816;3.010079166;-0.019110182;1;0;0
17:22:24.737405;0.020477538;0.002640816;0.037225327;3.009992108;-0.020867214;1;0;0
17:22:24.748422;0.021486214;0.020780518;0.036976682;3.010144437;-0.018747739;1;0;0
17:22:24.758541;0.021486214;0.016624414;0.036689728;3.010252475;-0.016612265;1;0;0
17:22:24.768619;0.021643693;0.016425332;0.036426169;3.010357305;-0.012727685;1;0;0
17:22:24.779008;0.021643693;0.013140265;0.036129968;3.010428142;-0.010312533;1;0;0
17:22:24.789787;0.021643693;0.010512212;0.035796317;3.010468623;-0.005827136;1;0;0
17:22:24.799790;0.021643693;0.00840977;0.035446899;3.010479721;-0.002793646;1;0;0
17:22:24.809550;0.021643693;0.006727816;0.035069357;3.010465341;-0.003776065;1;0;0
17:22:24.821650;0.022646044;0.023742495;0.034910804;3.010688881;-0.001690039;1;0;0
17:22:24.830425;0.022646044;0.018993996;0.034721885;3.010850684;-0.001187483;1;0;0
17:22:24.844117;0.022646044;0.015195197;0.034411699;3.011008258;-0.000865254;1;0;0
17:22:24.854238;0.022646044;0.012156157;0.034138183;3.011087145;-0.00164101;1;0;0
17:22:24.864365;0.022646044;0.009724926;0.03384168;3.011134096;0.000782085;1;0;0
17:22:24.874626;0.022646044;0.007779941;0.03351668;3.011153879;0.000314322;1;0;0
17:22:24.886083;0.023655395;0.024786908;0.033411165;3.011412329;0.000118339;1;0;0
17:22:24.897108;0.023655395;0.019829526;0.03325709;3.011616647;-0.000476584;1;0;0
17:22:24.906364;0.023655395;0.015863621;0.033072929;3.011766505;-0.001586257;1;0;0
17:22:24.916983;0.023655395;0.012690897;0.032853479;3.011880587;-0.00280168;1;0;0
17:22:24.927108;0.022653044;-0.008494018;0.032328051;3.011705543;-0.007563015;1;0;0
17:22:24.937416;0.022653044;-0.006795215;0.031832574;3.011534335;-0.007653195;1;0;0
17:22:24.948186;0.022653044;-0.005436172;0.031338438;3.011358309;-0.010506661;1;0;0
17:22:24.958352;0.021643693;-0.022821802;0.030538166;3.010896099;-0.014226948;1;0;0
17:22:24.969172;0.021643693;-0.018257441;0.029828265;3.010490202;-0.01992129;1;0;0
17:22:24.980688;0.020634024;-0.033166735;0.028826007;3.009806957;-0.028437706;1;0;0
17:22:24.990372;0.020634024;-0.026533388;0.027900923;3.009183607;-0.033233784;1;0;0
17:22:25.000899;0.020477538;-0.024315725;0.027028547;3.008589456;-0.036672339;1;0;0
17:22:25.010503;0.020477538;-0.01945258;0.026205077;3.008034704;-0.034535423;1;0;0
17:22:25.021410;0.019468547;-0.034355178;0.025115918;3.007221016;-0.032670852;1;0;0
17:22:25.032215;0.019468547;-0.027484143;0.024113046;3.006478853;-0.029858703;1;0;0
17:22:25.042107;0.018459243;-0.041990167;0.022973399;3.005576724;-0.031342756;1;0;0
17:22:25.052712;0.018459243;-0.033592134;0.021861053;3.004702269;-0.030249672;1;0;0
17:22:25.062637;0.018459243;-0.026873707;0.020876406;3.003933783;-0.028491162;1;0;0
17:22:25.072496;0.017163812;-0.047174485;0.019647432;3.002909185;-0.026922867;1;0;0
17:22:25.082593;0.017163812;-0.037739588;0.018515563;3.001969371;-0.024910906;1;0;0
17:22:25.093968;0.016153886;-0.049226041;0.017159133;3.000802117;-0.025102116;1;0;0
17:22:25.103653;0.016153886;-0.039380833;0.015972735;2.999783405;-0.021363074;1;0;0
17:22:25.113592;0.016439701;-0.026042519;0.014919773;2.998892014;-0.018883439;1;0;0
17:22:25.125165;0.016431818;-0.020979859;0.013920539;2.99804858;-0.014857479;1;0;0
17:22:25.134884;0.016431818;-0.016783888;0.01306307;2.997327294;-0.009730874;1;0;0
17:22:25.145577;0.016431818;-0.01342711;0.012249418;2.99664531;-0.003056414;1;0;0
17:22:25.156486;0.015421279;-0.029462783;0.011213089;2.995735542;0.002047927;1;0;0
17:22:25.166833;0.014268729;-0.044620745;0.009955025;2.994593261;0.002148173;1;0;0
17:22:25.177373;0.014268729;-0.035696596;0.008899352;2.993632972;0.005200099;1;0;0
17:22:25.187100;0.014268729;-0.028557277;0.007930304;2.992749779;0.004912462;1;0;0
17:22:25.197907;0.013258884;-0.042799738;0.006810926;2.991704912;0.003949136;1;0;0
17:22:25.208046;0.012248738;-0.052907039;0.005467758;2.990428058;-0.001673107;1;0;0
17:22:25.218570;0.012248738;-0.042325631;0.004341305;2.989350908;-0.00357848;1;0;0
17:22:25.229275;0.012248738;-0.033860505;0.003290341;2.988339591;-0.002909651;1;0;0
17:22:25.239016;0.013251089;-0.007265412;0.002613935;2.987692982;0.003629094;1;0;0
17:22:25.249855;0.012240644;-0.024621404;0.001707225;2.986809396;0.009522265;1;0;0
17:22:25.260571;0.011229902;-0.039050956;0.001;2.985779241;0.013578428;1;0;0
17:22:25.271034;0.010218864;-0.049895443;0.001;2.984554885;0.016685981;1;0;0
17:22:25.281052;0.010218864;-0.039916355;0.001;2.983536508;0.017302778;1;0;0
17:22:25.290760;0.010218864;-0.031933084;0.001;2.982622872;0.016999114;1;0;0
17:22:25.302492;0.008922642;-0.048928135;0.001;2.981382025;0.01256921;1;0;0
17:22:25.311887;0.008922642;-0.039142508;0.001;2.980376767;0.013895411;1;0;0
17:22:25.323181;0.007768118;-0.053016632;0.001;2.979131172;0.011724827;1;0;0
17:22:25.334164;0.007768118;-0.042413306;0.001;2.977998851;0.016008949;1;0;0
17:22:25.344061;0.007768118;-0.033930645;0.001;2.977053935;0.018318728;1;0;0
17:22:25.355050;0.006757209;-0.046013386;0.001;2.975901116;0.022465333;1;0;0
17:22:25.365044;0.005753934;-0.055699424;0.001;2.974626272;0.022633718;1;0;0
17:22:25.374911;0.004742738;-0.064636498;0.001;2.973299989;0.019029893;1;0;0
17:22:25.385945;0.005746013;-0.032327601;0.001;2.972327429;0.020568388;1;0;0
17:22:25.396283;0.005746013;-0.025862081;0.001;2.971408346;0.019165957;1;0;0
17:22:25.407242;0.004734533;-0.040468623;0.001;2.970394676;0.021046387;1;0;0
17:22:25.417980;0.004734533;-0.032374898;0.001;2.969444398;0.0222369;1;0;0
17:22:25.428737;0.004734533;-0.025899919;0.001;2.968595982;0.030608771;1;0;0
17:22:25.439546;0.004734533;-0.020719935;0.001;2.96782817;0.041272733;1;0;0
17:22:25.450369;0.005019424;-0.011257395;0.001;2.967229218;0.047621567;1;0;0
17:22:25.460978;0.00400766;-0.027742678;0.001;2.966429343;0.052256789;1;0;0
17:22:25.472773;0.00400766;-0.022194142;0.001;2.965733097;0.054382436;1;0;0
17:22:25.481270;0.005010582;0.001991568;0.001;2.965376341;0.056361243;1;0;0
17:22:25.491602;0.005010582;0.001593254;0.001;2.965047411;0.060718179;1;0;0
17:22:25.501935;0.003998538;-0.01814392;0.001;2.964500543;0.061702866;1;0;0
17:22:25.512529;0.003998538;-0.014515136;0.001;2.964026544;0.062197786;1;0;0
17:22:25.523271;0.005002028;0.007277606;0.001;2.963833572;0.066140428;1;0;0
17:22:25.533381;0.005002028;0.005822085;0.001;2.96365874;0.069250569;1;0;0
17:22:25.544672;0.005002028;0.004657668;0.001;2.963505261;0.070811473;1;0;0
17:22:25.554855;0.005002028;0.003726134;0.001;2.96337261;0.069330215;1;0;0
17:22:25.564982;0.005002028;0.002980907;0.001;2.963253885;0.066404812;1;0;0
17:22:25.574886;0.005002028;0.002384726;0.001;2.963146401;0.06560035;1;0;0
17:22:25.585237;0.003998538;-0.018013265;0.001;2.962807213;0.063316196;1;0;0
17:22:25.595065;0.003998538;-0.014410612;0.001;2.962494271;0.058655277;1;0;0
17:22:25.609897;0.003998538;-0.011528489;0.001;2.962094219;0.053693872;1;0;0
17:22:25.620958;0.005010582;0.010032486;0.001001039;2.962105777;0.049596764;1;0;0
17:22:25.631519;0.005010582;0.008025989;0.001000256;2.962115458;0.046004888;1;0;0
17:22:25.642287;0.005010582;0.006420791;0.001;2.962123703;0.047081724;1;0;0
17:22:25.652862;0.005010582;0.005136633;0.001;2.962130522;0.048627779;1;0;0
17:22:25.663474;0.005010582;0.004109306;0.001;2.962135745;0.050210863;1;0;0
17:22:25.673385;0.005010582;0.003287445;0.001;2.96213978;0.055193622;1;0;0
17:22:25.684144;0.005010582;0.002629956;0.001;2.962142865;0.05527908;1;0;0
17:22:25.695885;0.005010582;0.002103965;0.001;2.962145006;0.052663673;1;0;0
17:22:25.706026;0.005010582;0.001683172;0.001;2.962146251;0.045226678;1;0;0
17:22:25.716852;0.00400766;-0.018574523;0.001;2.961904592;0.037128378;1;0;0
17:22:25.726495;0.00400766;-0.014859618;0.001;2.9616859;0.02916543;1;0;0
17:22:25.737157;0.002995616;-0.031291428;0.001;2.961230888;0.023899401;1;0;0
17:22:25.747008;0.002995616;-0.025033143;0.001;2.960823648;0.020966612;1;0;0
17:22:25.757761;0.002995616;-0.020026514;0.001;2.960449158;0.016224265;1;0;0
17:22:25.767788;0.002995616;-0.016021211;0.001;2.96013302;0.012188434;1;0;0
17:22:25.779002;0.002858015;-0.015406042;0.001;2.95979975;0.007953302;1;0;0
17:22:25.788615;0.001846697;-0.032331025;0.001;2.959270699;0.002121809;1;0;0
17:22:25.799270;0.001846697;-0.02586482;0.001;2.958795247;0.002168749;1;0;0
17:22:25.808918;0.001846697;-0.020691856;0.001;2.958362571;0.00116364;1;0;0
17:22:25.820310;0.001846697;-0.016553485;0.001;2.957953126;0.005082951;1;0;0
17:22:25.831363;0.001846697;-0.013242788;0.001;2.957584111;0.007575367;1;0;0
17:22:25.841356;-0.000176765;-0.050744893;0.001;2.9567922;0.004838822;1;0;0
17:22:25.851343;-0.000176765;-0.040595915;0.001;2.956077771;0.002921879;1;0;0
17:22:25.861492;-0.000176765;-0.032476732;0.001;2.955404885;0.000542374;1;0;0
17:22:25.872705;-0.000176765;-0.025981385;0.001;2.954817922;0.002910395;1;0;0
17:22:25.882939;-0.001188905;-0.040162924;0.001;2.954036682;0.000652184;1;0;0
17:22:25.893147;-0.001188905;-0.032130339;0.001;2.95335704;0.001543837;1;0;0
17:22:25.903020;-0.001188905;-0.025704271;0.001;2.952750967;0.001286494;1;0;0
17:22:25.914073;-0.001188905;-0.020563417;0.001;2.952168246;0.004399053;1;0;0
17:22:25.924082;-0.001188905;-0.016450734;0.001;2.951679979;0.008249439;1;0;0
17:22:25.933589;-0.001188905;-0.013160587;0.001;2.951242402;0.011243252;1;0;0
17:22:25.943873;-0.001188905;-0.01052847;0.001;2.950849873;0.017276343;1;0;0
17:22:25.954136;-0.001188905;-0.008422776;0.001;2.950487083;0.020440113;1;0;0
17:22:25.965655;-0.001188905;-0.006738221;0.001;2.950145018;0.025569981;1;0;0
17:22:25.975733;0.000826157;0.034319661;0.001193349;2.950349516;0.034368761;1;0;0
17:22:25.986430;0.000826157;0.027455729;0.001372546;2.950542356;0.042742424;1;0;0
17:22:25.995843;-0.000176765;0.002044949;0.001282385;2.950465556;0.049062118;1;0;0
17:22:26.007096;-0.000176765;0.001635959;0.001194018;2.950390484;0.053008735;1;0;0
17:22:26.018314;-0.000176765;0.001308767;0.001110448;2.950319699;0.057911955;1;0;0
17:22:26.028599;-0.000176765;0.001047014;0.001035917;2.950256771;0.057915688;1;0;0
17:22:26.039074;0.000835103;0.020852082;0.001215178;2.95044743;0.055047788;1;0;0
17:22:26.050909;0.000835103;0.016681666;0.00139796;2.950645557;0.048447188;1;0;0
17:22:26.061878;0.000835103;0.013345332;0.00154571;2.950809332;0.045495421;1;0;0
17:22:26.071882;0.000835103;0.010676266;0.001672663;2.950953526;0.042781435;1;0;0
17:22:26.082007;-0.000176765;-0.011544565;0.001534451;2.950831461;0.040730413;1;0;0
17:22:26.095066;-0.000176765;-0.009235652;0.001373114;2.950689001;0.040636644;1;0;0
17:22:26.105175;0.000826157;0.012535691;0.001500281;2.950830646;0.040624212;1;0;0
17:22:26.115925;0.000826157;0.010028553;0.001614034;2.95096036;0.036873985;1;0;0
17:22:26.125778;0.000826157;0.008022842;0.001711942;2.951075031;0.031679373;1;0;0
17:22:26.137429;-0.000176765;-0.012663;0.00155045;2.950930673;0.022896267;1;0;0
17:22:26.146242;-0.000176765;-0.0101304;0.001409247;2.950804362;0.02130512;1;0;0
17:22:26.157368;-0.000176765;-0.00810432;0.001271724;2.950681249;0.019658349;1;0;0
17:22:26.168207;0.000826157;0.012297147;0.001401598;2.950825414;0.024835343;1;0;0
17:22:26.178409;0.000826157;0.009837718;0.001515939;2.950955473;0.028707536;1;0;0
17:22:26.190507;0.000826157;0.007870174;0.001616231;2.951072819;0.031217692;1;0;0
17:22:26.200695;0.000826157;0.006296139;0.001697136;2.951170524;0.028228814;1;0;0
17:22:26.210341;0.000826157;0.005036912;0.001768147;2.951259391;0.026492437;1;0;0
17:22:26.219707;0.000826157;0.004029529;0.001828759;2.951338488;0.027783869;1;0;0
17:22:26.231172;0.000826157;0.003223623;0.001882467;2.951412221;0.028775658;1;0;0
17:22:26.240937;-0.000176765;-0.016575733;0.001676463;2.951224834;0.026435886;1;0;0
17:22:26.252630;-0.000176765;-0.013260587;0.001483544;2.951048975;0.021246143;1;0;0
17:22:26.263266;0.001109553;0.013086906;0.001638953;2.951221354;0.017161436;1;0;0
17:22:26.273176;0.001099977;0.010279361;0.001763;2.951362545;0.014628687;1;0;0
17:22:26.283289;0.001099977;0.008223489;0.001872162;2.951490104;0.01205816;1;0;0
17:22:26.293695;8.76E-05;-0.013334337;0.001722916;2.951359125;0.010432287;1;0;0
17:22:26.304453;0.001090698;0.007945874;0.001834611;2.951490007;0.01351728;1;0;0
17:22:26.315290;6.88E-05;-0.012897533;0.001672243;2.951346238;0.014922205;1;0;0
17:22:26.325032;-0.002086177;-0.053114559;0.001015247;2.950702718;0.008057161;1;0;0
17:22:26.335180;-0.0021028;-0.04282157;0.001;2.950113593;-0.001680383;1;0;0
17:22:26.345978;-0.001833398;-0.029209213;0.001;2.9496227;-0.011913337;1;0;0
17:22:26.356042;-0.002855622;-0.042217086;0.001;2.948913429;-0.020038581;1;0;0
17:22:26.367127;-0.002719214;-0.031178541;0.001;2.948333924;-0.026185414;1;0;0
17:22:26.377945;-0.001457039;-0.001569802;0.001;2.948126561;-0.023474699;1;0;0
17:22:26.388779;-0.000197113;0.02363498;0.001119638;2.94825694;-0.013505513;1;0;0
17:22:26.399257;0.003089602;0.079261595;0.00208028;2.949235112;0.008602265;1;0;0
17:22:26.409488;0.003076558;0.063158161;0.002892243;2.950072983;0.02996489;1;0;0
17:22:26.420529;0.004220511;0.071386646;0.003949803;2.951168182;0.05290721;1;0;0
17:22:26.431173;0.005229947;0.076202168;0.005105947;2.952372325;0.073151961;1;0;0
17:22:26.440568;0.006491181;0.085478312;0.006413417;2.953739186;0.090423435;1;0;0
17:22:26.451212;0.007501215;0.088349798;0.007800497;2.955198303;0.104665458;1;0;0
17:22:26.461966;0.008764478;0.094670602;0.009397977;2.956886513;0.112736352;1;0;0
17:22:26.472842;0.008764478;0.075736481;0.010838159;2.958435614;0.114306033;1;0;0
17:22:26.482799;0.008764478;0.060589185;0.01203085;2.959743777;0.105421521;1;0;0
17:22:26.492913;0.008764478;0.048471348;0.01315108;2.96099989;0.097370334;1;0;0
17:22:26.503248;0.008764478;0.038777078;0.014095217;2.962085961;0.084088176;1;0;0
17:22:26.514355;0.009016685;0.03559711;0.015027694;2.963179095;0.069837458;1;0;0
17:22:26.525638;0.008002121;0.009345449;0.015544621;2.963858221;0.044398174;1;0;0
17:22:26.536257;0.005978697;-0.030558166;0.015468341;2.963946947;0.014776529;1;0;0
17:22:26.546080;0.004963687;-0.044493306;0.015132818;2.963766355;-0.01965409;1;0;0
17:22:26.555831;0.00395556;-0.05560812;0.014566725;2.963349835;-0.048853621;1;0;0
17:22:26.566650;0.00294033;-0.064613327;0.013790172;2.962716269;-0.072571971;1;0;0
17:22:26.577445;0.001924882;-0.070621941;0.012768206;2.961836677;-0.088390999;1;0;0
17:22:26.587276;0.00207224;-0.053571637;0.011923889;2.961116658;-0.091025971;1;0;0
17:22:26.597395;0.003079415;-0.022962444;0.01138577;2.960696512;-0.08467567;1;0;0
17:22:26.607641;0.004087099;0.001299851;0.011124548;2.960550603;-0.069506891;1;0;0
17:22:26.618120;0.006346868;0.0445132;0.011427568;2.960970896;-0.047051422;1;0;0
17:22:26.628912;0.019191703;0.274805749;0.01496609;2.964651534;0.004519161;1;0;0
17:22:26.639596;0.02899079;0.399789462;0.020677538;2.97055771;0.078064367;1;0;0
17:22:26.649907;0.041601372;0.551682648;0.02899381;2.979145053;0.182349548;1;0;0
17:22:26.660179;0.053416152;0.671305672;0.038880334;2.989381262;0.314329624;1;0;0
17:22:26.671675;0.067257666;0.791519497;0.051778501;3.002773959;0.500391483;1;0;0
17:22:26.681940;0.086192611;0.986224937;0.067914512;3.019553714;0.755869746;1;0;0
17:22:26.691996;0.1093712;1.242786821;0.087277352;3.039711096;1.056805968;1;0;0
17:22:26.705695;0.124313821;1.290857899;0.107939535;3.061358672;1.335669279;1;0;0
17:22:26.712205;0.119227225;0.931990932;0.125125928;3.079724122;1.541343212;1;0;0
17:22:26.722451;0.170244763;1.759410661;0.152771099;3.108770434;1.728436828;1;0;0
17:22:26.733493;0.191075482;1.803598253;0.183681519;3.141453751;1.881695032;1;0;0
17:22:26.744301;0.214807701;1.881705448;0.217847177;-3.105390355;1.972684622;1;0;0
17:22:26.755282;0.22521619;1.697363429;0.250537302;-3.070157064;2.053275347;1;0;0
17:22:26.765876;0.246769899;1.757643275;0.284470012;-3.033335524;2.114822626;1;0;0
17:22:26.776568;0.270463698;1.845743172;0.320074147;-2.994468707;2.183448076;1;0;0
17:22:26.786993;0.293190137;1.919907032;0.355095244;-2.955982277;2.251049519;1;0;0
17:22:26.797134;0.332509516;2.316706581;0.394453359;-2.91284503;2.296390772;1;0;0
17:22:26.807026;0.332509516;1.853365265;0.430581842;-2.872319656;2.342885494;1;0;0
17:22:26.820816;0.349088627;1.737280834;0.47291863;-2.824090749;2.384228945;1;0;0
17:22:26.830686;0.3666657;1.737563171;0.50478647;-2.787277047;2.447096348;1;0;0
17:22:26.841495;0.384400162;1.720739451;0.538091506;-2.748374579;2.490503311;1;0;0
17:22:26.852413;0.391678258;1.512603576;0.56821953;-2.712322412;2.530683279;1;0;0
17:22:26.861618;0.40736989;1.521629862;0.595928751;-2.67874631;2.581821918;1;0;0
17:22:26.872450;0.420821136;1.484328783;0.62264473;-2.645888501;2.630260468;1;0;0
17:22:26.883082;0.428153016;1.324406211;0.648588244;-2.613135181;2.691580772;1;0;0
17:22:26.893562;0.430633483;1.107663538;0.670436257;-2.58448764;2.764327526;1;0;0
17:22:26.903920;0.438080428;1.020349591;0.692051171;-2.555309794;2.838963509;1;0;0
17:22:26.914157;0.445248033;0.957946817;0.710200443;-2.530063515;2.905780315;1;0;0
17:22:26.925268;0.450440614;0.866383347;0.72711752;-2.505682644;2.974587679;1;0;0
17:22:26.935425;0.435265697;0.409623015;0.738919933;-2.486030601;3.058311701;1;0;0
17:22:26.945394;0.438494178;0.389578483;0.749101899;-2.468083535;-3.138149023;1;0;0
17:22:26.956729;0.442701051;0.391756197;0.7583833;-2.450882604;-3.055689096;1;0;0
17:22:26.967291;0.446906177;0.391152037;0.767031838;-2.433981966;-2.976439714;1;0;0
17:22:26.977399;0.443966585;0.254702027;0.77312943;-2.420106807;-2.910804272;1;0;0
17:22:26.988266;0.449140422;0.301261359;0.779191975;-2.405805663;-2.850818872;1;0;0
17:22:26.997982;0.454622661;0.346719955;0.784862669;-2.392022613;-2.796606302;1;0;0
17:22:27.009230;0.459037463;0.36006141;0.790282187;-2.378191872;-2.745958328;1;0;0
17:22:27.019328;0.464199989;0.387646904;0.795318887;-2.364935449;-2.698611259;1;0;0
17:22:27.030346;0.468720972;0.393980294;0.800241304;-2.351410455;-2.654931307;1;0;0
17:22:27.040466;0.472912962;0.398041454;0.804564993;-2.338966779;-2.614223003;1;0;0
17:22:27.050271;0.476139213;0.379421824;0.808667148;-2.326329895;-2.58135128;1;0;0
17:22:27.061585;0.480668127;0.388703521;0.81261868;-2.313755947;-2.547471046;1;0;0
17:22:27.072174;0.481629745;0.328982867;0.815853158;-2.301830577;-2.512583733;1;0;0
17:22:27.082120;0.482934487;0.288346053;0.818433157;-2.290774817;-2.475898027;1;0;0
17:22:27.092353;0.483954874;0.250877308;0.820438078;-2.280490933;-2.441048384;1;0;0
17:22:27.102874;0.486222472;0.243222823;0.822269748;-2.269898298;-2.405066013;1;0;0
17:22:27.113786;0.489451329;0.258492874;0.823915945;-2.259935383;-2.367518187;1;0;0
17:22:27.123287;0.491659228;0.250547583;0.825359207;-2.250169036;-2.326062202;1;0;0
17:22:27.133112;0.493929291;0.24533288;0.826643804;-2.240530834;-2.285450697;1;0;0
17:22:27.143800;0.496200482;0.238451808;0.827853384;-2.23041328;-2.25142622;1;0;0
17:22:27.154847;0.497157489;0.209070774;0.828704224;-2.220903423;-2.223714352;1;0;0
17:22:27.165432;0.4994292;0.210059528;0.829479453;-2.211327219;-2.2014184;1;0;0
17:22:27.175553;0.507759113;0.325717803;0.831053934;-2.200979531;-2.183133841;1;0;0
17:22:27.186201;0.515534368;0.414815813;0.833205977;-2.190437647;-2.167232037;1;0;0
17:22:27.197158;0.520895107;0.430531466;0.835823932;-2.178752198;-2.153429747;1;0;0
17:22:27.209242;0.525828972;0.429061854;0.838837088;-2.1659761;-2.144890785;1;0;0
17:22:27.218536;0.525828972;0.343249483;0.841027843;-2.155205668;-2.138235092;1;0;0
17:22:27.228891;0.523550501;0.229382976;0.842542778;-2.145206932;-2.133012056;1;0;0
17:22:27.238657;0.518045601;0.07414448;0.843080549;-2.136184126;-2.124356508;1;0;0
17:22:27.249396;0.512911224;-0.0421761;0.842777761;-2.127958172;-2.10803318;1;0;0
17:22:27.260960;0.507401953;-0.13549828;0.841581922;-2.12003459;-2.0819664;1;0;0
17:22:27.271023;0.486229262;-0.49828577;0.837560994;-2.114937069;-2.045411825;-0.891006524;-0.4539905;2.923525045
17:22:27.281361;0.481070563;-0.495268078;0.833046875;-2.110533455;-2.006759167;-0.866025404;-0.5;2.972584896
17:22:27.292249;0.463054863;-0.74128372;0.826532675;-2.108383367;-1.971556902;-0.838670568;-0.544639035;3.021644748
17:22:27.304119;0.457251434;-0.704319948;0.8195408;-2.106791937;-1.940682173;-0.809016994;-0.587785252;3.070704599
17:22:27.313637;0.444897566;-0.79239679;0.810996056;-2.106538455;-1.911681414;-0.777145961;-0.629320391;3.119764451
17:22:27.323058;0.409828519;-1.303614861;0.79860882;-2.110497287;-1.882761359;-0.743144825;-0.669130606;3.168824302
17:22:27.334869;0.393003183;-1.353999862;0.7840351;-2.1165122;-1.85432601;-0.707106781;-0.707106781;3.217884153
17:22:27.344696;0.377129094;-1.398388581;0.768907548;-2.123818928;-1.823465466;-0.669130606;-0.743144825;3.266944005
17:22:27.355090;0.364508886;-1.360214064;0.752005984;-2.13277311;-1.788617611;-0.629320391;-0.777145961;3.316003856
17:22:27.366842;0.357978381;-1.209627921;0.734236099;-2.142552247;-1.748703957;-0.587785252;-0.809016994;3.365063708
17:22:27.376759;0.346324202;-1.183800457;0.715300807;-2.153670717;-1.702066898;-0.544639035;-0.838670568;3.414123559
17:22:27.388148;0.336697067;-1.118179198;0.694703883;-2.166336532;-1.65874064;-0.5;-0.866025404;3.463183411
17:22:27.397912;0.326263345;-1.09225074;0.674452039;-2.179363412;-1.615960479;-0.4539905;-0.891006524;3.512243262
17:22:27.410311;0.322729455;-0.938422992;0.653594829;-2.192958834;-1.575639129;-0.406736643;-0.913545458;3.561303114
17:22:27.419265;0.313058024;-0.933484018;0.632581731;-2.207165752;-1.530112147;-0.35836795;-0.933580426;3.610362965
17:22:27.431245;0.297217237;-1.030928185;0.608509458;-2.224319765;-1.47992146;-0.309016994;-0.951056516;3.659422816
17:22:27.441291;0.279449681;-1.174947825;0.584466831;-2.242310494;-1.4285537;-0.258819045;-0.965925826;3.708482668
17:22:27.451134;0.259542114;-1.334342042;0.557964575;-2.263046676;-1.374167562;-0.207911691;-0.978147601;3.757542519
17:22:27.461094;0.242603355;-1.393011157;0.528447891;-2.286911175;-1.318543792;-0.156434465;-0.987688341;3.806602371
17:22:27.471706;0.223612356;-1.474103049;0.495840578;-2.314111353;-1.259567499;-0.104528463;-0.994521895;3.855662222
17:22:27.483365;0.201537114;-1.586120598;0.458917155;-2.345855241;-1.198434353;-0.052335956;-0.998629535;3.904722074
17:22:27.493498;0.158227334;-2.123150548;0.416829248;-2.383504046;-1.133758307;6.12E-17;-1;3.953781925
17:22:27.503447;0.137065264;-2.115152354;0.371310602;-2.425020476;-1.066743374;0.052335956;-0.998629535;4.002841776
17:22:27.513619;0.116901706;-2.069450662;0.320145849;-2.472491667;-0.996130228;0.104528463;-0.994521895;4.051901628
17:22:27.524297;0.096799091;-2.051881883;0.268533757;-2.521119285;-0.920079172;0.156434465;-0.987688341;4.100961479
17:22:27.534910;0.077720224;-1.996711791;0.211064133;-2.576015055;-0.840261519;0.207911691;-0.978147601;4.150021331
17:22:27.544575;0.06075626;-1.933020796;0.155069074;-2.630161845;-0.757725298;0.258819045;-0.965925826;4.199081182
17:22:27.555457;0.024646895;-2.223141295;0.088809416;-2.695123305;-0.675784528;0.309016994;-0.951056516;4.248141034
17:22:27.565847;0.024646895;-1.778513036;0.029431128;-2.753905908;-0.599870145;0.35836795;-0.933580426;4.297200885
17:22:27.575903;0.005495462;-1.795363098;0.001;-2.815889647;-0.526519477;0.406736643;-0.913545458;4.346260737
17:22:27.587514;-0.012802833;-1.792391965;0.001;-2.879182716;-0.455814809;0.4539905;-0.891006524;4.395320588
17:22:27.599902;-0.033163802;-1.836169135;0.001;-2.942838708;-0.383737624;0.5;-0.866025404;4.444380439
17:22:27.608115;-0.055765335;-1.9045291;0.001;-3.009711223;-0.31472224;0.544639035;-0.838670568;4.493440291
17:22:27.618110;-0.055765335;-1.52362328;0.001;-3.073012576;-0.244176447;0.587785252;-0.809016994;4.542500142
17:22:27.629761;-0.078588351;-1.640344267;0.001;-3.13741892;-0.176235661;0.629320391;-0.777145961;4.591559994
17:22:27.639517;-0.102448358;-1.78358623;0.001;3.084298439;-0.105241887;0.669130606;-0.743144825;4.640619845
17:22:27.649448;-0.125263442;-1.865052195;0.001;3.02037682;-0.043520372;0.707106781;-0.707106781;4.689679697
17:22:27.661161;-0.148345856;-1.917251629;0.001;2.953536977;0.02130685;0.743144825;-0.669130606;4.738739548
17:22:27.671445;-0.171412967;-1.965579903;0.001;2.888004279;0.07857348;0.777145961;-0.629320391;4.787799399
17:22:27.681854;-0.19244883;-1.978715966;0.001;2.825452408;0.129058599;0.809016994;-0.587785252;4.836859251
17:22:27.692558;-0.211112536;-1.933039147;0.001;2.762917262;0.169669792;0.838670568;-0.544639035;4.885919102
17:22:27.703283;-0.224779719;-1.816583845;0.001;2.706739808;0.202904284;0.866025404;-0.5;4.894694151
17:22:27.711327;-0.224779719;-1.453267076;0.001;2.657373281;0.247208968;0.891006524;-0.4539905;4.901270091
17:22:27.721786;-0.259406445;-1.835828733;0.001;2.60304754;0.272767395;0.913545458;-0.406736643;4.909813129
17:22:27.731762;-0.268389135;-1.646866851;0.001;2.55372202;0.321033686;0.933580426;-0.35836795;4.917954073
17:22:27.742825;-0.270810567;-1.363936124;0.001;2.508037092;0.360879749;0.951056516;-0.309016994;4.926973368
17:22:27.752855;-0.278373427;-1.240647116;0.001;2.466902957;0.428767473;0.965925826;-0.258819045;4.935142543
17:22:27.762879;-0.284525717;-1.107392794;0.001;2.426723561;0.499416918;0.978147601;-0.207911691;4.943299236
17:22:27.775170;-0.2967671;-1.099787951;0.001;2.385620224;0.571784496;0.987688341;-0.156434465;4.953290201
17:22:27.785535;-0.288445169;-0.724168831;0.001;2.353651739;0.657711387;0.994521895;-0.104528463;4.961706607
17:22:27.795497;-0.287539026;-0.56192255;0.001;2.326001555;0.735090256;0.998629535;-0.052335956;4.969787993
17:22:27.806002;-0.283458932;-0.370466402;0.001;2.302182838;0.834112108;1;0;4.978301563
17:22:27.816814;-0.281130669;-0.25333392;0.001;2.280130697;0.919981241;0.998629535;0.052335956;4.98705482
17:22:27.827088;-0.276029529;-0.104313917;0.001;2.262009377;1.007977366;0.994521895;0.104528463;4.995363074
17:22:27.838411;-0.261194905;0.182303431;0.001;2.24744703;1.075966716;0.987688341;0.156434465;5.004507721
17:22:27.849100;-0.245200435;0.46130713;0.001;2.238414573;1.137322068;0.978147601;0.207911691;5.013127698
17:22:27.858766;-0.225979675;0.75074402;0.001;2.23375821;1.197083592;0.965925826;0.258819045;5.020911148
17:22:27.870458;-0.203178646;1.0023006;0.001;2.233747118;1.248337626;0.951056516;0.309016994;5.030310109
17:22:27.881421;-0.177214947;1.276396081;0.006337262;2.239124816;1.301748753;0.933580426;0.35836795;5.039105966
17:22:27.891683;-0.148388326;1.550333944;0.017354121;2.250271248;1.356030941;0.913545458;0.406736643;5.047323298
17:22:27.902847;-0.089005975;2.34843898;0.040172832;2.273398961;1.418574095;0.891006524;0.4539905;5.056244018
17:22:27.912642;-0.064087842;2.361577047;0.066618912;2.300396917;1.463119149;0.866025404;0.5;5.064053608
17:22:27.923035;-0.037399549;2.419235575;0.097293223;2.331897412;1.501272917;0.838670568;0.544639035;5.042046515
17:22:27.932738;-0.009002676;2.499161728;0.133366173;2.369133036;1.546193004;0.809016994;0.587785252;5.020039422
17:22:27.944444;0.020246604;2.540534116;0.178169563;2.415621363;1.607055068;0.777145961;0.629320391;4.998032329
17:22:27.954200;0.044992051;2.522280214;0.224741594;2.464230003;1.678942561;0.743144825;0.669130606;4.976025236
17:22:27.964182;0.069786206;2.494312801;0.277539355;2.519643119;1.750927687;0.707106781;0.707106781;4.954018143
17:22:27.975592;0.095626283;2.474413359;0.33735425;2.582777818;1.831472158;0.669130606;0.743144825;4.93201105
17:22:27.985853;0.122484924;2.481647;0.401667933;2.651047632;1.913357854;0.629320391;0.777145961;4.910003957
17:22:27.995867;0.122484924;1.9853176;0.46015019;2.713975945;2.010422945;0.587785252;0.809016994;4.887996864
17:22:28.006178;0.184228093;2.80358072;0.532616903;2.791490305;2.097914696;0.544639035;0.838670568;4.865989771
17:22:28.017051;0.208967066;2.733984648;0.607108603;2.871727805;2.168840885;0.5;0.866025404;4.843982678
17:22:28.027382;0.234735846;2.680254326;0.686593172;2.957979722;2.216553926;0.4539905;0.891006524;4.821975586
17:22:28.037112;0.259549154;2.637089118;0.764188407;3.042884874;2.275530815;0.406736643;0.913545458;4.799968493
17:22:28.046743;0.283337677;2.581978473;0.841902502;3.128695195;2.329213381;0.35836795;0.933580426;4.7779614
17:22:28.057370;0.308224707;2.558737377;0.919530914;-3.067965169;2.386018515;0.309016994;0.951056516;4.755954307
17:22:28.069817;0.353965569;2.81820172;1.016297817;-2.959702828;2.441629648;0.258819045;0.965925826;4.733947214
17:22:28.078903;0.353965569;2.254561376;1.088605194;-2.876671974;2.495939732;0.207911691;0.978147601;4.711940121
17:22:28.090115;0.374968597;2.20381513;1.160255007;-2.793210154;2.54613471;0.156434465;0.987688341;4.689933028
17:22:28.100019;0.41295275;2.515047208;1.231107961;-2.710269792;2.605583191;0.104528463;0.994521895;4.667925935
17:22:28.110274;0.410913974;1.971559443;1.292017549;-2.636644895;2.679050922;0.052335956;0.998629535;4.645918842
17:22:28.120316;0.426646775;1.888249513;1.349381966;-2.565911548;2.757985115;6.12E-17;1;4.623911749
17:22:28.130575;0.440368318;1.774121848;1.404125321;-2.496823901;2.83439064;-0.052335956;0.998629535;4.601904657
17:22:28.140929;0.462254536;1.819602694;1.4591866;-2.426100104;2.907701731;-0.104528463;0.994521895;4.579897564
17:22:28.151572;0.47041181;1.609382076;1.507051892;-2.362485958;2.98011446;-0.156434465;0.987688341;4.557890471
17:22:28.163291;0.476590848;1.394109871;1.55339197;-2.298399767;3.056902409;-0.207911691;0.978147601;4.535883378
17:22:28.173457;0.481783607;1.217888751;1.58934046;-2.24654143;3.12263298;-0.258819045;0.965925826;4.513876285
17:22:28.183758;0.483689729;1.012157269;1.62100558;-2.198703971;-3.098007679;-0.309016994;0.951056516;4.491869192
17:22:28.194357;0.485637098;0.848301241;1.649213938;-2.153983822;-3.04485774;-0.35836795;0.933580426;4.469862099
17:22:28.204937;0.483597947;0.641255698;1.67561878;-2.109440737;-2.990921974;-0.406736643;0.913545458;4.447855006
17:22:28.215773;0.481650578;0.477015643;1.698301461;-2.068499072;-2.939321041;-0.4539905;0.891006524;4.425847913
17:22:28.226720;0.477661399;0.307676377;1.717687562;-2.030680063;-2.888471603;-0.5;0.866025404;4.40384082
17:22:28.237104;0.473448135;0.168688678;1.734448294;-1.995138551;-2.83968401;-0.544639035;0.838670568;4.381833728
17:22:28.247357;0.461090639;-0.101115022;1.747416425;-1.963942477;-2.796856403;-0.587785252;0.809016994;4.359826635
17:22:28.258401;0.4498325;-0.30318897;1.757586502;-1.936020645;-2.751090765;-0.629320391;0.777145961;4.337819542
17:22:28.269047;0.440880199;-0.397194691;1.76714708;-1.906054492;-2.706525803;-0.669130606;0.743144825;4.315812449
17:22:28.280648;0.432893471;-0.465605802;1.77451577;-1.879553484;-2.663237095;-0.707106781;0.707106781;4.293805356
17:22:28.290227;0.429141109;-0.446210604;1.780596597;-1.855378121;-2.619875431;-0.743144825;0.669130606;4.271798263
17:22:28.301015;0.429416166;-0.351507651;1.786168472;-1.831840374;-2.574286461;-0.777145961;0.629320391;4.24979117
17:22:28.311723;0.430688088;-0.257729924;1.791747296;-1.806876208;-2.527440786;-0.809016994;0.587785252;4.227784077
17:22:28.322454;0.432169189;-0.178628726;1.796855903;-1.782478272;-2.485654116;-0.838670568;0.544639035;4.205776984
17:22:28.332872;0.443264375;0.058943087;1.802171877;-1.757378339;-2.44543767;-0.866025404;0.5;4.183769891
17:22:28.343584;0.451132979;0.202913106;1.806831026;-1.734486722;-2.409276485;-0.891006524;0.4539905;4.161762798
17:22:28.353481;0.4564519;0.261862325;1.811309211;-1.710672762;-2.371789217;-0.913545458;0.406736643;4.139755706
17:22:28.364161;0.46182836;0.311380103;1.815215945;-1.687629234;-2.335829258;-0.933580426;0.35836795;4.117748613
17:22:28.375218;0.465880045;0.325264562;1.818547335;-1.664965814;-2.299283266;-0.951056516;0.309016994;4.09574152
17:22:28.385739;0.472248827;0.383208278;1.821232819;-1.643432874;-2.263578415;-0.965925826;0.258819045;4.073734427
17:22:28.395047;0.478619683;0.433071343;1.823273169;-1.623037988;-2.225996017;-0.978147601;0.207911691;4.051727334
17:22:28.406256;0.482922416;0.427125421;1.824751545;-1.602100897;-2.186760426;-0.987688341;0.156434465;4.029720241
17:22:28.417021;0.483596115;0.354228848;1.825498945;-1.581724248;-2.147574186;-0.994521895;0.104528463;4.007713148
17:22:28.427056;0.48229434;0.258512161;1.825543285;-1.562569331;-2.108496428;-0.998629535;0.052335956;3.985706055
17:22:28.437554;0.497364996;0.506143763;1.824925166;-1.544807803;-2.070986509;-1;-1.22E-16;3.963698962
17:22:28.447499;0.495323887;0.365642319;1.823664246;-1.527105466;-2.032331228;-0.998243732;-0.059240628;3.941691869
17:22:28.459607;0.496238038;0.309861798;1.821756304;-1.509803316;-1.993886113;-0.992981096;-0.118273171;3.919684777
17:22:28.468483;0.493947361;0.202401944;1.819423252;-1.493799541;-1.95302403;-0.984230578;-0.176890275;3.897677684
17:22:28.479040;0.483362263;-0.041736453;1.816721065;-1.477602487;-1.917461157;-0.972022914;-0.234886046;3.875670591
17:22:28.490125;0.454752674;-0.558273883;1.814146827;-1.460385739;-1.881952763;-0.956400984;-0.292056771;3.853663498
17:22:28.499998;0.447493533;-0.590749072;1.811570943;-1.444700287;-1.846546531;-0.937419661;-0.348201635;3.831656405
17:22:28.510688;0.444030911;-0.537046177;1.808526774;-1.428293914;-1.815033913;-0.915145617;-0.403123429;3.809649312
17:22:28.521298;0.437016952;-0.562917525;1.805405683;-1.41239615;-1.788010359;-0.889657091;-0.456629237;3.787642219
17:22:28.533739;0.422373593;-0.719213476;1.802406874;-1.395746187;-1.766344428;-0.861043612;-0.508531119;3.765635126
17:22:28.542966;0.404635202;-0.900837352;1.799857012;-1.378662827;-1.752263784;-0.829405685;-0.558646766;3.743628033
17:22:28.553534;0.38452977;-1.101765025;1.798039499;-1.361498588;-1.747698665;-0.794854441;-0.606800146;3.72162094
17:22:28.564776;0.365401481;-1.236170387;1.796887268;-1.343266902;-1.745988846;-0.757511242;-0.652822118;3.699613848
17:22:28.575283;0.349495767;-1.279241807;1.796310711;-1.324156097;-1.736673117;-0.717507257;-0.696551029;3.677606755
17:22:28.586057;0.331481132;-1.364669821;1.796540528;-1.304960681;-1.716953278;-0.674983002;-0.737833279;3.655599662
17:22:28.596144;0.311359152;-1.489711004;1.797748445;-1.2855794;-1.682784319;-0.630087844;-0.776523863;3.633592569
17:22:28.607168;0.289229118;-1.600836981;1.800343675;-1.263518581;-1.640552998;-0.582979479;-0.812486878;3.611585476
17:22:28.617106;0.268076244;-1.674611532;1.8042333;-1.240273626;-1.59527874;-0.533823378;-0.845596004;3.589578383
17:22:28.627778;0.224689596;-2.196567432;1.811156852;-1.215043817;-1.54584825;-0.482792203;-0.875734942;3.56757129
17:22:28.637474;0.20143325;-2.210502705;1.819918921;-1.187650238;-1.490070939;-0.430065202;-0.90279783;3.545564197
17:22:28.648065;0.176031978;-2.272160009;1.830590205;-1.158571447;-1.426805735;-0.375827582;-0.926689607;3.523557104
17:22:28.657876;0.150605473;-2.307695117;1.843853816;-1.126239173;-1.352472901;-0.320269854;-0.947326354;3.501550011
17:22:28.669366;0.119844838;-2.408785517;1.861037731;-1.088799028;-1.265193701;-0.263587166;-0.964635582;3.479542919
17:22:28.680443;0.091124397;-2.464997366;1.880922603;-1.048936531;-1.171632051;-0.205978619;-0.978556492;3.457535826
17:22:28.690724;0.063272147;-2.513201103;1.90317965;-1.007204633;-1.07530129;-0.147646564;-0.989040187;3.435528733
17:22:28.700031;0.03336199;-2.603076236;1.928509658;-0.962531715;-0.980460286;-0.088795895;-0.996049843;3.41352164
17:22:28.711095;0.006571234;-2.562497419;1.960014113;-0.909324549;-0.884793162;-0.029633328;-0.999560837;3.391514547
17:22:28.721116;-0.023225668;-2.641649106;1.992179035;-0.85725465;-0.785151482;0.029633328;-0.999560837;3.369507454
17:22:28.732499;-0.04905092;-2.602871309;2.029193501;-0.79902512;-0.683697283;0.088795895;-0.996049843;3.347500361
17:22:28.743113;-0.07583524;-2.580315374;2.070431719;-0.735736815;-0.582584143;0.147646564;-0.989040187;3.325493268
17:22:28.754189;-0.099734463;-2.498492418;2.115494942;-0.667633478;-0.485731423;0.205978619;-0.978556492;3.303486175
17:22:28.765080;-0.124894748;-2.459663385;2.163094139;-0.596673684;-0.397241861;0.263587166;-0.964635582;3.281479082
17:22:28.774681;-0.148683751;-2.437582227;2.209539516;-0.528086954;-0.316583395;0.320269854;-0.947326354;3.259471989
17:22:28.785594;-0.188738253;-2.675769563;2.26611477;-0.446805158;-0.240804389;0.375827582;-0.926689607;3.237464897
17:22:28.796330;-0.204428148;-2.42995555;2.321364688;-0.366675072;-0.171110019;0.430065202;-0.90279783;3.215457804
17:22:28.807165;-0.215712811;-2.154561612;2.374324534;-0.288549784;-0.098756753;0.482792203;-0.875734942;3.193450711
17:22:28.817739;-0.226096718;-1.928559026;2.422617517;-0.215944527;-0.024141479;0.533823378;-0.845596004;3.171443618
17:22:28.827864;-0.232089621;-1.657759469;2.469421932;-0.143623331;0.056592803;0.582979479;-0.812486878;3.149436525
17:22:28.838762;-0.242060458;-1.521847531;2.51330267;-0.074344474;0.136442497;0.630087844;-0.776523863;3.127429432
17:22:28.849292;-0.250992897;-1.381026067;2.558037836;-0.001907126;0.224180773;0.674983002;-0.737833279;3.105422339
17:22:28.858770;-0.263278272;-1.348780568;2.598077596;0.064101173;0.305158228;0.717507257;-0.696551029;3.083415246
17:22:28.870370;-0.272547484;-1.249028856;2.639471396;0.134055812;0.387250245;0.757511242;-0.652822118;3.061408153
17:22:28.881024;-0.280703246;-1.153925519;2.677437377;0.200055379;0.462307781;0.794854441;-0.606800146;3.03940106
17:22:28.891688;-0.291035459;-1.113267452;2.715179819;0.267106817;0.531387866;0.829405685;-0.558646766;3.017393968
17:22:28.902015;-0.297424657;-1.00750726;2.750937577;0.332744739;0.588205516;0.861043612;-0.508531119;2.995386875
17:22:28.913236;-0.300906792;-0.872326412;2.782883888;0.393748718;0.639840484;0.889657091;-0.456629237;2.973379782
17:22:28.924015;-0.302038447;-0.719101185;2.812751255;0.453431569;0.692392886;0.915145617;-0.403123429;2.951372689
17:22:28.935626;-0.301260885;-0.560810217;2.840263306;0.511321238;0.741918743;0.937419661;-0.348201635;2.929365596
17:22:28.944598;-0.300043786;-0.424516713;2.863973785;0.563803097;0.8017748;0.956400984;-0.292056771;2.907358503
17:22:28.954519;-0.290914051;-0.165589793;2.88535141;0.615344323;0.862137735;0.972022914;-0.234886046;2.88535141
17:22:28.966211;-0.289021999;-0.09729658;2.905697475;0.666841021;0.92317754;0.984230578;-0.176890275;2.905697475
17:22:28.976412;-0.283896183;0.021431398;2.923422712;0.714666025;0.97394377;0.992981096;-0.118273171;2.923422712
17:22:28.986493;-0.276460143;0.154514288;2.940026052;0.763009747;1.024201274;0.998243732;-0.059240628;2.940026052
17:22:28.997390;-0.256286166;0.51227182;2.952416335;0.805985599;1.081886411;1;0;2.952416335
17:22:29.008373;-0.240062207;0.712749497;2.96276858;0.848017167;1.146040559;0.998243732;0.059240628;2.96276858
17:22:29.018992;-0.222275632;0.897152369;2.971008325;0.888536713;1.211644173;0.992981096;0.118273171;2.971008325
17:22:29.029565;-0.196849018;1.209806205;2.976018518;0.924275163;1.279279947;0.984230578;0.176890275;2.976018518
17:22:29.039664;-0.167655243;1.508559988;2.978307065;0.958710546;1.344751716;0.972022914;0.234886046;2.978307065
17:22:29.050159;-0.146468754;1.625757509;2.979061772;0.989593768;1.40543282;0.956400984;0.292056771;2.979061772
17:22:29.062101;-0.090561161;2.263501467;2.974178291;1.019273691;1.462089777;0.937419661;0.348201635;2.974178291
17:22:29.071967;-0.063543236;2.346288082;2.968783611;1.04386262;1.514725089;0.915145617;0.403123429;2.968783611
17:22:29.082704;-0.051378696;2.104588408;2.963576431;1.070366298;1.563957334;0.889657091;0.456629237;2.963576431
17:22:29.093349;-0.024940586;2.178887076;2.957358746;1.095757006;1.625426412;0.861043612;0.508531119;2.957358746
17:22:29.104245;0.005355052;2.306659733;2.949827115;1.119979792;1.708229303;0.829405685;0.558646766;2.949827115
17:22:29.114470;0.072848637;3.082705068;2.937439693;1.139702715;1.798514485;0.794854441;0.606800146;2.937439693
17:22:29.125813;0.108948053;3.137819964;2.924037967;1.15780256;1.873799562;0.757511242;0.652822118;2.924037967
17:22:29.135803;0.145009004;3.221377561;2.910305269;1.17365409;1.932944179;0.717507257;0.696551029;2.910305269
17:22:29.147296;0.174927969;3.150988564;2.895653121;1.18926889;1.995424986;0.674983002;0.737833279;2.895653121
17:22:29.157339;0.18512702;2.710923049;2.881767069;1.206372217;2.06211257;0.630087844;0.776523863;2.881767069
17:22:29.167329;0.249043391;3.349915364;2.864525202;1.220222997;2.132623911;0.582979479;0.812486878;2.864525202
17:22:29.178127;0.282074312;3.336027717;2.847926816;1.232382255;2.196884394;0.533823378;0.845596004;2.847926816
17:22:29.188222;0.313154685;3.286886456;2.830892946;1.243903793;2.238737583;0.482792203;0.875734942;2.830892946
17:22:29.199759;0.336067099;3.054434353;2.812820774;1.256261401;2.287112951;0.430065202;0.90279783;2.812820774
17:22:29.210821;0.360162212;2.855197748;2.793445443;1.269699124;2.338448763;0.375827582;0.926689607;2.793445443
17:22:29.220001;0.383256303;2.740914476;2.776914003;1.28133074;2.393766165;0.320269854;0.947326354;2.776914003
17:22:29.230885;0.409665655;2.703575923;2.759907288;1.292946651;2.447058678;0.263587166;0.964635582;2.759907288
17:22:29.241113;0.429644828;2.552958621;2.743367216;1.304590789;2.492599726;0.205978619;0.978556492;2.743367216
17:22:29.251335;0.449935199;2.44341031;2.727304475;1.316205169;2.541737318;0.147646564;0.989040187;2.727304475
17:22:29.262113;0.469956964;2.321260466;2.710344449;1.328946781;2.601305246;0.088795895;0.996049843;2.710344449
17:22:29.273489;0.459769121;1.660411133;2.696186892;1.34280521;2.680908203;0.029633328;0.999560837;2.696186892
17:22:29.283525;0.477472672;1.677994381;2.682783981;1.356634951;2.76804781;-0.029633328;0.999560837;2.682783981
17:22:29.293683;0.484041512;1.46742222;2.669886346;1.371858811;2.851327896;-0.088795895;0.996049843;2.669886346
17:22:29.304305;0.49340736;1.344854528;2.65742834;1.38859196;2.934333086;-0.147646564;0.989040187;2.65742834
17:22:29.314016;0.507644464;1.358626276;2.646730667;1.404601581;3.017090559;-0.205978619;0.978556492;2.646730667
17:22:29.324518;0.50662428;1.066763525;2.637248728;1.421887702;3.102458954;-0.263587166;0.964635582;2.637248728
17:22:29.334101;0.511801471;0.954203626;2.62875418;1.440440701;-3.10232687;-0.320269854;0.947326354;2.62875418
17:22:29.344915;0.512821654;0.782406587;2.621255899;1.461065812;-3.029945612;-0.375827582;0.926689607;2.621255899
17:22:29.355390;0.517425705;0.717320708;2.615422396;1.481611017;-2.972302675;-0.430065202;0.90279783;2.615422396
17:22:29.365047;0.514247568;0.510734924;2.610951601;1.503453609;-2.923539639;-0.482792203;0.875734942;2.610951601
17:22:29.376265;0.50912794;0.314389654;2.607673875;1.528537448;-2.873611212;-0.533823378;0.845596004;2.607673875
17:22:29.387523;0.49973694;0.073320165;2.606044811;1.554384307;-2.827119827;-0.582979479;0.812486878;2.606044811
17:22:29.396957;0.490370675;-0.119631158;2.605890146;1.581609114;-2.78072381;-0.630087844;0.776523863;2.605890146
17:22:29.408052;0.479961218;-0.293177697;2.607158419;1.610355851;-2.7352705;-0.674983002;0.737833279;2.607158419
17:22:29.417994;0.469819141;-0.425160669;2.609834578;1.640788295;-2.692092419;-0.717507257;0.696551029;2.609834578
17:22:29.429246;0.462835963;-0.472496519;2.613884046;1.672394573;-2.649371147;-0.757511242;0.652822118;2.613884046
17:22:29.438867;0.462100698;-0.392563;2.61919935;1.704124699;-2.607335091;-0.794854441;0.606800146;2.61919935
17:22:29.449560;0.460400983;-0.347528236;2.626012304;1.737566988;-2.560289145;-0.829405685;0.558646766;2.626012304
17:22:29.461462;0.4639516;-0.213013403;2.635266757;1.775555298;-2.51258707;-0.861043612;0.508531119;2.635266757
17:22:29.471198;0.47504518;0.037405398;2.646738334;1.815221327;-2.463269234;-0.889657091;0.456629237;2.646738334
17:22:29.481110;0.488168505;0.290470679;2.660127283;1.855338507;-2.419856071;-0.915145617;0.403123429;2.660127283
17:22:29.492008;0.502106814;0.490367555;2.677599685;1.901646485;-2.380826473;-0.937419661;0.348201635;2.677599685
17:22:29.501754;0.512736914;0.603327904;2.69685687;1.947973726;-2.350249529;-0.956400984;0.292056771;2.69685687
17:22:29.512338;0.516995441;0.56724102;2.718732847;1.997115151;-2.322675705;-0.972022914;0.234886046;2.718732847
17:22:29.522116;0.525326659;0.618590778;2.743809412;2.049805033;-2.297514439;-0.984230578;0.176890275;2.743809412
17:22:29.533087;0.538805215;0.729835395;2.776752713;2.114413642;-2.273708344;-0.992981096;0.118273171;2.776752713
17:22:29.544545;0.549381267;0.77961661;2.812048779;2.179902609;-2.247356892;-0.998243732;0.059240628;2.812048779
17:22:29.554800;0.555922508;0.748873739;2.849857712;2.247295063;-2.21621871;-1;-1.22E-16;2.849857712
17:22:29.565629;0.556679896;0.613368672;2.891241284;2.319147969;-2.178693056;-0.99833905;-0.057611984;2.891241284
17:22:29.575700;0.545253683;0.278016205;2.934312092;2.393514218;-2.136444807;-0.993361719;-0.115032586;2.934312092
17:22:29.586195;0.531456828;-0.049358658;2.975452905;2.464654782;-2.090799093;-0.985084539;-0.172071062;2.975452905
17:22:29.597108;0.514439428;-0.351451712;3.019331848;2.541232413;-2.03730464;-0.973535008;-0.228537936;3.019331848
17:22:29.607655;0.500523064;-0.551030477;3.060775653;2.614027681;-1.976565719;-0.958751492;-0.284245629;3.060775653
17:22:29.617795;0.486848245;-0.711456244;3.101115692;2.685501566;-1.9120332;-0.940783099;-0.339009086;3.101115692
17:22:29.627817;0.479016632;-0.715272028;3.144585008;2.762447081;-1.855214477;-0.91968952;-0.39264639;3.144585008
17:22:29.638984;0.478022204;-0.590509623;3.190580413;2.842881231;-1.813071489;-0.895540824;-0.444979362;3.190580413
17:22:29.649009;0.45320845;-0.962450467;3.230498257;2.915311269;-1.789520383;-0.868417232;-0.495834157;3.230498257
17:22:29.658947;0.435359902;-1.122971334;3.268666149;2.986338009;-1.780313373;-0.838408845;-0.545041841;3.268666149
17:22:29.669480;0.419253909;-1.206177641;3.306739471;3.058816201;-1.786699533;-0.805615349;-0.592438951;3.306739471
17:22:29.680789;0.405637182;-1.217185724;3.345040812;3.133023771;-1.798382163;-0.770145679;-0.637868038;3.345040812
17:22:29.691198;0.392761669;-1.22229703;3.38087278;-3.07948883;-1.799889803;-0.732117662;-0.681178191;3.38087278
17:22:29.701805;0.398875038;-0.863016883;3.420395656;-3.003755162;-1.78489852;-0.691657625;-0.72222554;3.420395656
17:22:29.713554;0.38313419;-0.964268725;3.460728859;-2.923871275;-1.757987499;-0.64889997;-0.760873727;3.460728859
17:22:29.723011;0.365038443;-1.128907217;3.493642099;-2.855756724;-1.727231145;-0.603986735;-0.796994369;3.493642099
17:22:29.733715;0.344100168;-1.309428618;3.52392611;-2.789309381;-1.697420955;-0.557067117;-0.830467475;3.52392611
17:22:29.744306;0.321943671;-1.473879481;3.55108293;-2.72538489;-1.66690731;-0.508296978;-0.861181852;3.55108293
17:22:29.754465;0.299849662;-1.583277117;3.576230511;-2.661276982;-1.623152018;-0.457838327;-0.88903547;3.576230511
17:22:29.766053;0.277869219;-1.645394011;3.599443765;-2.596423705;-1.566155076;-0.405858783;-0.913935801;3.599443765
17:22:29.778350;0.237880092;-2.108079471;3.613711676;-2.545725661;-1.49836874;-0.352531018;-0.935800129;3.613711676
17:22:29.787081;0.234827584;-1.743161293;3.629272383;-2.491170565;-1.429869652;-0.29803218;-0.954555823;3.629272383
17:22:29.797683;0.209636462;-1.880145802;3.640743013;-2.441987642;-1.360592008;-0.242543309;-0.970140579;3.640743013
17:22:29.807922;0.156831136;-2.553333898;3.64462173;-2.401443863;-1.288995385;-0.186248733;-0.982502626;3.64462173
17:22:29.818149;0.129302586;-2.5609072;3.645633042;-2.361708345;-1.215953231;-0.129335458;-0.991600897;3.645633042
17:22:29.828324;0.101781028;-2.593316082;3.643817497;-2.326686703;-1.138295412;-0.071992543;-0.99740517;3.643817497
17:22:29.839192;0.073119542;-2.64035495;3.639196646;-2.294408931;-1.05392313;-0.014410477;-0.999896164;3.639196646
17:22:29.850393;0.034162244;-2.886227784;3.630700782;-2.266312126;-0.955931842;0.04321946;-0.999065603;3.630700782
17:22:29.858485;0.0331428;-2.329223364;3.623252322;-2.237226925;-0.851497352;0.100705826;-0.994916246;3.623252322
17:22:29.869886;0.007680821;-2.333040206;3.61296792;-2.208282332;-0.748146653;0.157857657;-0.987461878;3.61296792
17:22:29.880554;-0.041664381;-2.773595884;3.597617815;-2.184411777;-0.64806211;0.214485101;-0.97672726;3.597617815
17:22:29.891239;-0.064365243;-2.649167058;3.581351234;-2.162805357;-0.557552338;0.270400048;-0.962748053;3.581351234
17:22:29.902367;-0.087017284;-2.537979337;3.563251726;-2.142248063;-0.475168496;0.325416752;-0.945570694;3.563251726
17:22:29.912350;-0.109918854;-2.482908589;3.54494337;-2.124583861;-0.393642366;0.379352455;-0.925252244;3.54494337
17:22:29.924115;-0.127787467;-2.292300579;3.522856898;-2.105396156;-0.314042777;0.432027987;-0.901860199;3.522856898
17:22:29.935140;-0.142333085;-2.100196582;3.501625114;-2.088268314;-0.232052267;0.483268365;-0.875472265;3.501625114
17:22:29.945156;-0.154904914;-1.928309229;3.481442244;-2.073074272;-0.154456884;0.532903375;-0.846176101;3.481442244
17:22:29.954453;-0.166202786;-1.766547169;3.460885935;-2.058600431;-0.074002557;0.580768133;-0.814069024;3.460885935
17:22:29.965232;-0.177107358;-1.615190056;3.438407111;-2.043826519;-0.000981708;0.626703638;-0.779257692;3.438407111
17:22:29.976695;-0.190378718;-1.543875898;3.415739126;-2.03035859;0.077708155;0.670557296;-0.741857744;3.415739126
17:22:29.986781;-0.191397186;-1.253784026;3.392692047;-2.01629185;0.172209084;0.71218343;-0.70199342;3.392692047
17:22:29.997433;-0.231335201;-1.794259585;3.368356156;-2.006501256;0.257817775;0.751443763;-0.659797144;3.368356156
17:22:30.008228;-0.246634177;-1.720125904;3.341568111;-1.997234811;0.330643326;0.788207875;-0.615409088;3.341568111
17:22:30.018731;-0.256443651;-1.560882836;3.314719856;-1.988747424;0.38507542;0.82235364;-0.568976705;3.314719856
17:22:30.029480;-0.266550483;-1.442225394;3.287890422;-1.981094082;0.440009773;0.853767629;-0.520654239;3.287890422
17:22:30.039615;-0.271668137;-1.247611861;3.259870228;-1.973402623;0.47682637;0.882345487;-0.470602212;3.259870228
17:22:30.051012;-0.275846868;-1.075213755;3.232113625;-1.965984879;0.514475763;0.907992283;-0.418986891;3.232113625
17:22:30.061072;-0.275276776;-0.848917148;3.206590012;-1.958891963;0.575356126;0.930622819;-0.365979738;3.206590012
17:22:30.071911;-0.273628158;-0.647851605;3.180560033;-1.951260979;0.637953758;0.95016192;-0.311756837;3.180560033
17:22:30.082420;-0.271212755;-0.473879987;3.154313407;-1.943046678;0.708588898;0.966544679;-0.256498312;3.154313407
17:22:30.093161;-0.266012133;-0.281216992;3.129514455;-1.934460768;0.776970029;0.979716673;-0.200387725;3.129514455
17:22:30.103189;-0.259993297;-0.111675987;3.105619233;-1.925232791;0.858617485;0.989634147;-0.14361147;3.105619233
17:22:30.113773;-0.25166738;0.075308894;3.083896504;-1.91565707;0.9286502;0.996264157;-0.086358152;3.083896504
17:22:30.123889;-0.238813263;0.304395679;3.06267553;-1.904517534;0.996979892;0.999584676;-0.028817961;3.06267553
17:22:30.134672;-0.222290176;0.571662664;3.043952075;-1.892492768;1.068149686;0.999584676;0.028817961;3.043952075
17:22:30.145298;-0.225404039;0.399823409;3.024141096;-1.87944689;1.133291483;0.996264157;0.086358152;3.024141096
17:22:30.155880;-0.228459601;0.262846108;3.004957809;-1.866318128;1.192169666;0.989634147;0.14361147;3.004957809
17:22:30.166127;-0.152599103;1.624294007;2.991242033;-1.847865345;1.266337633;0.979716673;0.200387725;2.991242033
17:22:30.176904;-0.128075751;1.77776627;2.979993406;-1.828500648;1.335553527;0.966544679;0.256498312;2.979993406
17:22:30.187443;-0.104597018;1.872253014;2.97027095;-1.807180744;1.373488903;0.95016192;0.311756837;2.97027095
17:22:30.198062;-0.082787064;1.906993757;2.961918019;-1.783915421;1.400757551;0.930622819;0.365979738;2.961918019
17:22:30.208299;-0.030941751;2.550382943;2.956652791;-1.759238033;1.446767926;0.907992283;0.418986891;2.956652791
17:22:30.219091;-0.002547373;2.569828592;2.95249562;-1.731708977;1.517846107;0.882345487;0.470602212;2.95249562
17:22:30.230045;0.027507965;2.614845749;2.94961482;-1.702855514;1.582830906;0.853767629;0.520654239;2.94961482
17:22:30.239795;0.054521958;2.625188202;2.947815271;-1.674782744;1.651456833;0.82235364;0.568976705;2.947815271
17:22:30.250447;0.090596973;2.781529642;2.946875079;-1.644514064;1.718505383;0.788207875;0.615409088;2.946875079
17:22:30.261033;0.125599677;2.888974911;2.946542237;-1.613768153;1.806515336;0.751443763;0.659797144;2.946542237
17:22:30.271705;0.155414112;2.867644875;2.946483848;-1.582252706;1.911630988;0.71218343;0.70199342;2.946483848
17:22:30.282487;0.191319347;2.961150006;2.946484437;-1.550531292;2.007656097;0.670557296;0.741857744;2.946484437
17:22:30.293592;0.220093634;2.90927144;2.946318864;-1.519317049;2.072105646;0.626703638;0.779257692;2.946318864
17:22:30.302609;0.246847919;2.857890078;2.945875462;-1.490043326;2.133188486;0.580768133;0.814069024;2.945875462
17:22:30.312734;0.276812418;2.881431097;2.944963743;-1.461294477;2.192453384;0.532903375;0.846176101;2.944963743
17:22:30.322824;0.278850621;2.345503871;2.944143038;-1.432374295;2.258468151;0.483268365;0.875472265;2.944143038
17:22:30.332980;0.330698768;2.905704126;2.941988478;-1.404879289;2.31268692;0.432027987;0.901860199;2.941988478
17:22:30.344896;0.329679717;2.306615444;2.939911567;-1.37356006;2.378407955;0.379352455;0.925252244;2.939911567
17:22:30.355883;0.325602535;1.770113494;2.938527759;-1.343063679;2.433213234;0.325416752;0.945570694;2.938527759
17:22:30.365841;0.322543682;1.355555379;2.937809269;-1.314089416;2.494186163;0.270400048;0.962748053;2.937809269
17:22:30.375881;0.407802854;2.661064884;2.932601126;-1.287552585;2.555110931;0.214485101;0.97672726;2.932601126
17:22:30.387359;0.426809954;2.487881948;2.926918761;-1.262215116;2.628567696;0.157857657;0.987461878;2.926918761
17:22:30.397243;0.452067235;2.490156808;2.920463267;-1.239124539;2.709881067;0.100705826;0.994916246;2.920463267
17:22:30.407393;0.459676606;2.13288468;2.91365068;-1.2143988;2.785512447;0.04321946;0.999065603;2.91365068
17:22:30.418907;0.470063214;1.896232571;2.906574975;-1.189645427;2.853585243;-0.014410477;0.999896164;2.906574975
17:22:30.429746;0.478152361;1.668657965;2.899572426;-1.165682406;2.916475773;-0.071992543;0.99740517;2.899572426
17:22:30.440582;0.484586039;1.453753475;2.892386713;-1.141509017;2.987850666;-0.129335458;0.991600897;2.892386713
17:22:30.451365;0.490737717;1.27741173;2.885081322;-1.117749737;3.053045511;-0.186248733;0.982502626;2.885081322
17:22:30.462224;0.494611899;1.093650698;2.877662373;-1.094040197;3.114654303;-0.242543309;0.970140579;2.877662373
17:22:30.472918;0.496877218;0.917120297;2.870240158;-1.070607275;-3.100339651;-0.29803218;0.954555823;2.870240158
17:22:30.483707;0.496545164;0.72753869;2.862872775;-1.047058018;-3.032105207;-0.352531018;0.935800129;2.862872775
17:22:30.494256;0.494282134;0.537089582;2.856154401;-1.024978036;-2.967144489;-0.405858783;0.913935801;2.856154401
17:22:30.504212;0.490085456;0.349254783;2.849455862;-1.001900741;-2.917379379;-0.457838327;0.88903547;2.849455862
17:22:30.514974;0.483625533;0.160441905;2.842899952;-0.977545372;-2.869400024;-0.508296978;0.861181852;2.842899952
17:22:30.525287;0.476193402;-0.008513601;2.836755377;-0.952847873;-2.823799372;-0.557067117;0.830467475;2.836755377
17:22:30.536589;0.467782086;-0.161553563;2.831033957;-0.927760357;-2.768888712;-0.603986735;0.796994369;2.831033957
17:22:30.546197;0.466762124;-0.149500259;2.825178782;-0.905135884;-2.707995653;-0.64889997;0.760873727;2.825178782
17:22:30.557563;0.449184503;-0.448984791;2.820498864;-0.879686799;-2.659744024;-0.691657625;0.72222554;2.820498864
17:22:30.567692;0.445214119;-0.431829805;2.81526585;-0.854115517;-2.623354912;-0.732117662;0.681178191;2.81526585
17:22:30.579353;0.445464944;-0.340861083;2.808931907;-0.829799685;-2.597732782;-0.770145679;0.637868038;2.808931907
17:22:30.589187;0.450273587;-0.177739032;2.801379577;-0.808938314;-2.566199064;-0.805615349;0.592438951;2.801379577
17:22:30.599795;0.458998522;0.027561432;2.791483228;-0.790087678;-2.532096148;-0.838408845;0.545041841;2.791483228
17:22:30.610645;0.473292869;0.286647489;2.777883951;-0.773598789;-2.486263275;-0.868417232;0.495834157;2.777883951
17:22:30.621423;0.489649758;0.534477801;2.760969977;-0.760823202;-2.440400362;-0.895540824;0.444979362;2.760969977
17:22:30.630739;0.500530061;0.643027216;2.742757279;-0.751240739;-2.398084402;-0.91968952;0.39264639;2.742757279
17:22:30.646260;0.513210538;0.678383081;2.711053597;-0.740764414;-2.364360094;-0.940783099;0.339009086;2.711053597
17:22:30.656966;0.520545402;0.6872454;2.688731515;-0.735684209;-2.337909937;-0.958751492;0.284245629;2.688731515
17:22:30.667374;0.524906825;0.631961517;2.664514945;-0.73148503;-2.312584162;-0.973535008;0.228537936;2.664514945
17:22:30.677931;0.530557203;0.613381123;2.639696602;-0.728504271;-2.284470558;-0.985084539;0.172071062;2.639696602
17:22:30.688657;0.53580447;0.591445356;2.614355255;-0.726479034;-2.248283863;-0.993361719;0.115032586;2.614355255
17:22:30.698934;0.534784437;0.454240341;2.588560556;-0.72421757;-2.205652475;-0.99833905;0.057611984;2.588560556
17:22:30.709642;0.533764328;0.343788947;2.564176121;-0.721788757;-2.156288385;-1;-1.22E-16;2.564176121
17:22:30.719858;0.531689532;0.234835243;2.540712895;-0.718902404;-2.108923674;-0.99821013;-0.059804154;2.540712895
17:22:30.730638;0.51589162;-0.113721254;2.519740194;-0.713367612;-2.062653303;-0.992846926;-0.119394225;2.519740194
17:22:30.741426;0.500668345;-0.391007836;2.501962386;-0.705665918;-2.018868685;-0.983929589;-0.178556895;2.501962386
17:22:30.750406;0.483463955;-0.640471634;2.486363528;-0.695073084;-1.970462561;-0.971490038;-0.237080378;2.486363528
17:22:30.761479;0.466586986;-0.822511014;2.472889929;-0.681559072;-1.921682715;-0.955572806;-0.294755174;2.472889929
17:22:30.772161;0.455513672;-0.877864587;2.461920302;-0.667673695;-1.877788186;-0.936234871;-0.351374824;2.461920302
17:22:30.782860;0.456809483;-0.678205361;2.449743523;-0.653426185;-1.843736649;-0.913545458;-0.406736643;2.449743523
17:22:30.793728;0.455860147;-0.560408023;2.437649875;-0.639517392;-1.826676965;-0.887585789;-0.46064245;2.437649875
17:22:30.805954;0.445163983;-0.613098098;2.424707837;-0.620894857;-1.823781371;-0.858448794;-0.512899277;2.424707837
17:22:30.815891;0.428204235;-0.827322594;2.416937857;-0.604287219;-1.834779382;-0.826238774;-0.563320058;2.416937857
17:22:30.826816;0.434325034;-0.540555316;2.407682855;-0.589197386;-1.851543427;-0.791071035;-0.611724299;2.407682855
17:22:30.836242;0.434325034;-0.432444252;2.397996327;-0.574591456;-1.865839481;-0.753071466;-0.657938726;2.397996327
17:22:30.846735;0.387836879;-1.26511134;2.395262169;-0.553081812;-1.861394644;-0.712376097;-0.701797903;2.395262169
17:22:30.857532;0.365786368;-1.428355032;2.394933326;-0.528034592;-1.834211588;-0.669130606;-0.743144825;2.394933326
17:22:30.867993;0.351035974;-1.424125643;2.395607181;-0.502251963;-1.797498107;-0.623489802;-0.781831482;2.395607181
17:22:30.878670;0.327991849;-1.571393995;2.398594324;-0.473694843;-1.752456188;-0.575617066;-0.817719386;2.398594324
17:22:30.888079;0.303986224;-1.731188845;2.403576087;-0.444394528;-1.698322177;-0.52568377;-0.850680066;2.403576087
17:22:30.899500;0.258873215;-2.210694873;2.414854642;-0.406788397;-1.634589911;-0.473868662;-0.880595532;2.414854642
17:22:30.910341;0.236783598;-2.179002707;2.426941868;-0.368640316;-1.570872784;-0.420357228;-0.907358695;2.426941868
17:22:30.919882;0.207516201;-2.324291363;2.440409182;-0.330655118;-1.504366875;-0.365341024;-0.930873749;2.440409182
17:22:30.931348;0.18226345;-2.319180549;2.456352994;-0.287810811;-1.430496812;-0.309016994;-0.951056516;2.456352994
17:22:30.942069;0.151851288;-2.426225186;2.473769166;-0.244126943;-1.350354314;-0.251586764;-0.967834748;2.473769166
17:22:30.952686;0.121294012;-2.521976767;2.49279628;-0.19897451;-1.264892101;-0.193255918;-0.981148383;2.49279628
17:22:30.962661;0.091714969;-2.571357368;2.513588567;-0.151437173;-1.176153898;-0.134233266;-0.990949762;2.513588567
17:22:30.974177;0.063160844;-2.588068932;2.535598998;-0.102269754;-1.080422163;-0.074730094;-0.997203797;2.535598998
17:22:30.984312;0.033497721;-2.616523787;2.559005545;-0.051183923;-0.983748913;-0.014959407;-0.999888102;2.559005545
17:22:30.995738;0.00368686;-2.640517505;2.583560151;0.001386676;-0.886144102;0.04486483;-0.998993067;2.583560151
17:22:31.005778;-0.026082736;-2.701348784;2.607456503;0.051526657;-0.785362959;0.104528463;-0.994521895;2.607456503
17:22:31.016467;-0.025061925;-2.141586793;2.627280651;0.098769176;-0.684653938;0.163817911;-0.986490594;2.627280651
17:22:31.027355;-0.024041167;-1.694310775;2.642945421;0.14281337;-0.58514297;0.222520934;-0.974927912;2.642945421
17:22:31.037407;-0.125289294;-3.335520162;2.673521956;0.200579315;-0.490725785;0.280427389;-0.959875242;2.673521956
17:22:31.048147;-0.148168971;-3.099025243;2.704623826;0.260261834;-0.407060772;0.337329987;-0.941386467;2.704623826
17:22:31.058248;-0.168027521;-2.846735202;2.734949318;0.319984685;-0.33490774;0.393025032;-0.919527773;2.734949318
17:22:31.069044;-0.186916239;-2.6247625;2.764089714;0.379031127;-0.259710044;0.447313148;-0.894377408;2.764089714
17:22:31.081214;-0.201462823;-2.35262506;2.792628954;0.439547972;-0.182229608;0.5;-0.866025404;2.792628954
17:22:31.091724;-0.215077745;-2.136443523;2.81718513;0.494137115;-0.102032974;0.550896981;-0.834573254;2.81718513
17:22:31.102503;-0.226356881;-1.92367864;2.839367755;0.546063849;-0.019683816;0.599821895;-0.800133548;2.839367755
17:22:31.113224;-0.238169269;-1.760425788;2.86024576;0.597342947;0.054097049;0.646599601;-0.762829572;2.86024576
17:22:31.123975;-0.250371138;-1.634676675;2.879934799;0.647980634;0.133066654;0.691062649;-0.722794864;2.879934799
17:22:31.136172;-0.262550209;-1.500309703;2.90123986;0.705853579;0.208110705;0.733051872;-0.680172738;2.90123986
17:22:31.146048;-0.2727756;-1.402932672;2.916800177;0.75076785;0.305924088;0.772416959;-0.63511577;2.916800177
17:22:31.156084;-0.281557127;-1.296675446;2.931193373;0.794621208;0.388626426;0.809016994;-0.587785252;2.931193373
17:22:31.166729;-0.288454512;-1.173614258;2.94439736;0.837565769;0.459943414;0.842720959;-0.538350616;2.94439736
17:22:31.176588;-0.28641615;-0.898413183;2.955332176;0.878211339;0.525274456;0.873408201;-0.486988824;2.955332176
17:22:31.187437;-0.28331962;-0.660161341;2.964676615;0.918856025;0.587223172;0.900968868;-0.433883739;2.964676615
17:22:31.197201;-0.291485007;-0.690279356;2.973135892;0.957217391;0.642196774;0.9253043;-0.379225463;2.973135892
17:22:31.207692;-0.288494954;-0.493963886;2.980204154;0.994840864;0.709492743;0.946327384;-0.323209657;2.980204154
17:22:31.218364;-0.283294382;-0.295923102;2.985871241;1.031770784;0.797903359;0.963962861;-0.266036846;2.985871241
17:22:31.229086;-0.283294382;-0.236738481;2.990943873;1.069178686;0.866935194;0.978147601;-0.207911691;2.990943873
17:22:31.240690;-0.253797497;0.360306588;2.992629225;1.102972136;0.925046802;0.988830826;-0.149042266;2.992629225
17:22:31.250454;-0.236265657;0.617750168;2.992714882;1.134903606;0.974155426;0.995974294;-0.089639309;2.992714882
17:22:31.260917;-0.240344644;0.415871543;2.993353914;1.166715098;1.03742218;0.999552432;-0.029915466;2.993353914
17:22:31.271489;-0.217302021;0.76539812;2.99252221;1.197759509;1.095522046;0.999552432;0.029915466;2.99252221
17:22:31.282407;-0.1643735;1.589905963;2.988470994;1.226089564;1.172614098;0.995974294;0.089639309;2.988470994
17:22:31.292531;-0.132461591;1.902620718;2.98369945;1.251534945;1.258095503;0.988830826;0.149042266;2.98369945
17:22:31.302604;-0.1111371;1.920210834;2.978632792;1.278403459;1.322007418;0.978147601;0.207911691;2.978632792
17:22:31.313330;-0.088336883;1.987469767;2.973943875;1.303786434;1.37331903;0.963962861;0.266036846;2.973943875
17:22:31.324040;-0.069094512;1.951428271;2.96944915;1.330930731;1.428544641;0.946327384;0.323209657;2.96944915
17:22:31.333564;-0.070114875;1.540903215;2.96657001;1.357976845;1.490297794;0.9253043;0.379225463;2.96657001
17:22:31.344267;-0.069094512;1.252989407;2.96474796;1.386016038;1.559346795;0.900968868;0.433883739;2.96474796
17:22:31.353774;-0.06603352;1.062939988;2.963711891;1.414950267;1.635052562;0.873408201;0.486988824;2.963711891
17:22:31.364367;-0.06093232;0.951003662;2.963232114;1.444508735;1.710230112;0.842720959;0.538350616;2.963232114
17:22:31.374943;0.100965831;3.799139057;2.959613395;1.472448467;1.785760522;0.809016994;0.587785252;2.959613395
17:22:31.385754;0.137948111;3.739240419;2.956878504;1.500973288;1.852772355;0.772416959;0.63511577;2.956878504
17:22:31.396440;0.173939039;3.653288382;2.955041175;1.531281002;1.889997005;0.733051872;0.680172738;2.955041175
17:22:31.406689;0.209910341;3.584288649;2.954232908;1.562597631;1.954010725;0.691062649;0.722794864;2.954232908
17:22:31.417364;0.273895101;4.131404558;2.954457386;1.592732157;2.016964197;0.646599601;0.762829572;2.954457386
17:22:31.426980;0.303905452;3.897707593;2.955729173;1.623934358;2.090956688;0.599821895;0.800133548;2.955729173
17:22:31.437150;0.327895551;3.590288565;2.957925176;1.656179149;2.154080868;0.550896981;0.834573254;2.957925176
17:22:31.447211;0.346858093;3.247392696;2.960815415;1.688985452;2.211230755;0.5;0.866025404;2.960815415
17:22:31.458666;0.367047309;2.973078673;2.964523995;1.724580874;2.261727095;0.447313148;0.894377408;2.964523995
17:22:31.468939;0.390104264;2.836307578;2.968577387;1.758513456;2.330878496;0.393025032;0.919527773;2.968577387
17:22:31.478411;0.412365261;2.698641021;2.973269482;1.793995773;2.402398348;0.337329987;0.941386467;2.973269482
17:22:31.489368;0.432627955;2.529588592;2.978607862;1.831870315;2.455922604;0.280427389;0.959875242;2.978607862
17:22:31.500817;0.43835485;2.129691872;2.983332078;1.868799814;2.490227461;0.222520934;0.974927912;2.983332078
17:22:31.511445;0.451247473;1.943146757;2.987812934;1.905439566;2.546222925;0.163817911;0.986490594;2.987812934
17:22:31.520953;0.462857652;1.784990047;2.991696409;1.939446084;2.616547823;0.104528463;0.994521895;2.991696409
17:22:31.531095;0.475538818;1.679752971;2.995377822;1.97328533;2.712802649;0.04486483;0.998993067;2.995377822
17:22:31.541726;0.473498107;1.303396445;2.997642778;2.005819271;2.820592403;-0.014959407;0.999888102;2.997642778
17:22:31.551775;0.486622669;1.288042271;2.999875798;2.040139511;2.911664486;-0.074730094;0.997203797;2.999875798
17:22:31.563206;0.489859827;1.090439783;3.000979283;2.073617298;2.983763456;-0.134233266;0.990949762;3.000979283
17:22:31.572844;0.491442144;0.90377144;3.000850152;2.103714914;3.060852289;-0.193255918;0.981148383;3.000850152
17:22:31.583376;0.491442144;0.723017152;2.999499527;2.132575579;-3.138052464;-0.251586764;0.967834748;2.999499527
17:22:31.593455;0.492462539;0.597825424;2.996998819;2.161597084;-3.057409048;-0.309016994;0.951056516;2.996998819
17:22:31.604073;0.492462539;0.478260339;2.993549765;2.188399309;-2.992001534;-0.365341024;0.930873749;2.993549765
17:22:31.614723;0.493482925;0.402013865;2.989153935;2.215462544;-2.927820444;-0.420357228;0.907358695;2.989153935
17:22:31.624093;0.472521456;-0.093543149;2.981539149;2.237994742;-2.86758256;-0.473868662;0.880595532;2.981539149
17:22:31.634984;0.472521456;-0.074834519;2.972802678;2.261710161;-2.811733484;-0.52568377;0.850680066;2.972802678
17:22:31.645689;0.458014662;-0.347144759;2.962505924;2.281385321;-2.759425163;-0.575617066;0.817719386;2.962505924
17:22:31.655695;0.448612494;-0.453032035;2.950259622;2.30084882;-2.710608959;-0.623489802;0.781831482;2.950259622
17:22:31.665838;0.438213775;-0.568959757;2.937660211;2.317893861;-2.662465811;-0.669130606;0.743144825;2.937660211
17:22:31.676790;0.428637608;-0.641438121;2.924072193;2.334440299;-2.614351273;-0.712376097;0.701797903;2.924072193
17:22:31.687026;0.431183057;-0.462902893;2.912026749;2.351958524;-2.565142155;-0.753071466;0.657938726;2.912026749
17:22:31.697058;0.430192659;-0.388593802;2.900306849;2.37174276;-2.515219212;-0.791071035;0.611724299;2.900306849
17:22:31.708680;0.438016144;-0.16477427;2.891608611;2.394057889;-2.46653986;-0.826238774;0.563320058;2.891608611
17:22:31.719505;0.453374828;0.152112639;2.887202777;2.420909611;-2.420779467;-0.858448794;0.512899277;2.887202777
17:22:31.729370;0.472728065;0.505290636;2.887926493;2.450768349;-2.375742912;-0.887585789;0.46064245;2.887926493
17:22:31.739917;0.481547161;0.567906801;2.892160002;2.4861443;-2.339128733;-0.913545458;0.406736643;2.892160002
17:22:31.749803;0.493181643;0.678439991;2.90023294;2.524285667;-2.306024075;-0.936234871;0.351374824;2.90023294
17:22:31.759912;0.503588043;0.748475452;2.911828698;2.565279802;-2.281718254;-0.955572806;0.294755174;2.911828698
17:22:31.770522;0.510933116;0.738038732;2.9273487;2.611596227;-2.256795406;-0.971490038;0.237080378;2.9273487
17:22:31.780573;0.517464139;0.719566231;2.945444422;2.659391974;-2.233301163;-0.983929589;0.178556895;2.945444422
17:22:31.792674;0.526746606;0.752855838;2.968082842;2.713005571;-2.200679779;-0.992846926;0.119394225;2.968082842
17:22:31.802638;0.525423656;0.577739647;2.993316028;2.770368011;-2.163506269;-0.99821013;0.059804154;2.993316028
17:22:31.812697;0.525423656;0.462191718;3.019111059;2.826605173;-2.116143227;-1;-1.22E-16;3.019111059
17:22:31.822184;0.51076945;0.079483076;3.043996571;2.882098219;-2.063310385;-0.99821013;-0.059804154;3.043996571
17:22:31.833398;0.509750029;0.044002774;3.071763853;2.941698806;-2.010924101;-0.992846926;-0.119394225;3.071763853
17:22:31.844123;0.493333513;-0.266883359;3.09971629;3.003186956;-1.954379678;-0.983929589;-0.178556895;3.09971629
17:22:31.854727;0.490274528;-0.269756669;3.129761882;3.067107221;-1.900479078;-0.971490038;-0.237080378;3.129761882
17:22:31.865471;0.485175186;-0.311573206;3.160650191;3.131487778;-1.847656131;-0.955572806;-0.294755174;3.160650191
17:22:31.876461;0.478034383;-0.381337937;3.192965644;-3.085033865;-1.806877613;-0.936234871;-0.351374824;3.192965644
17:22:31.886397;0.471912591;-0.420214088;3.225804681;-3.018070505;-1.779441476;-0.913545458;-0.406736643;3.225804681
17:22:31.897285;0.436375491;-1.038126327;3.252156685;-2.958925502;-1.764536738;-0.887585789;-0.46064245;3.252156685
17:22:31.906803;0.431134521;-0.934596502;3.279833809;-2.8983633;-1.767543793;-0.858448794;-0.512899277;3.279833809
17:22:31.917686;0.394342766;-1.442630413;3.304094874;-2.839248915;-1.780023098;-0.826238774;-0.563320058;3.304094874
17:22:31.927806;0.37956835;-1.445961945;3.327372229;-2.782404177;-1.786340117;-0.791071035;-0.611724299;3.327372229
17:22:31.937642;0.365985541;-1.419628455;3.351340669;-2.723927006;-1.782233;-0.753071466;-0.657938726;3.351340669
17:22:31.948279;0.342945572;-1.592127532;3.373192133;-2.668132951;-1.758074522;-0.712376097;-0.701797903;3.373192133
17:22:31.958259;0.317793836;-1.750396301;3.394233323;-2.61138764;-1.726224542;-0.669130606;-0.743144825;3.394233323
17:22:31.969531;0.314154779;-1.46727822;3.418126703;-2.550474342;-1.686633706;-0.623489802;-0.781831482;3.418126703
17:22:31.980522;0.287989686;-1.671161064;3.439147559;-2.493379411;-1.645444036;-0.575617066;-0.817719386;3.439147559
17:22:31.991409;0.263908769;-1.778408983;3.459323064;-2.435577988;-1.596865416;-0.52568377;-0.850680066;3.459323064
17:22:32.002302;0.241907579;-1.827367187;3.478275032;-2.378906937;-1.538079023;-0.473868662;-0.880595532;3.478275032
17:22:32.012230;0.218943266;-1.886043606;3.495836157;-2.323588607;-1.477950573;-0.420357228;-0.907358695;3.495836157
17:22:32.022980;0.191794604;-2.012070765;3.511464349;-2.270159219;-1.40809226;-0.365341024;-0.930873749;3.511464349
17:22:32.034215;0.162501473;-2.165163345;3.524751065;-2.219770684;-1.336427569;-0.309016994;-0.951056516;3.524751065
17:22:32.044278;0.130008086;-2.342726424;3.535936503;-2.171012954;-1.260812283;-0.251586764;-0.967834748;3.535936503
17:22:32.055720;0.096393311;-2.503558462;3.545050506;-2.124081454;-1.182984471;-0.193255918;-0.981148383;3.545050506
17:22:32.065599;0.063785932;-2.650463796;3.551910473;-2.081489847;-1.096830726;-0.134233266;-0.990949762;3.551910473
17:22:32.076190;0.060725132;-2.178335213;3.56027349;-2.035571987;-1.003734589;-0.074730094;-0.997203797;3.56027349
17:22:32.086706;0.000441417;-2.873805816;3.564314742;-1.993561861;-0.904132068;-0.014959407;-0.999888102;3.564314742
17:22:32.097311;-0.029270001;-2.857636422;3.567248135;-1.952697055;-0.801977217;0.04486483;-0.998993067;3.567248135
17:22:32.107453;-0.086638343;-3.36113954;3.567093421;-1.914781233;-0.697360694;0.104528463;-0.994521895;3.567093421
17:22:32.119117;-0.118383906;-3.276530064;3.566140923;-1.877198384;-0.595869064;0.163817911;-0.986490594;3.566140923
17:22:32.128878;-0.145534757;-3.160370544;3.564799383;-1.842630174;-0.499410421;0.222520934;-0.974927912;3.564799383
17:22:32.139609;-0.16934969;-2.979869402;3.563106551;-1.806732941;-0.405064762;0.280427389;-0.959875242;3.563106551
17:22:32.151298;-0.187729392;-2.747598196;3.561466;-1.772370132;-0.315064669;0.337329987;-0.941386467;3.561466
17:22:32.159722;-0.203552011;-2.497357578;3.559810437;-1.736376736;-0.233011544;0.393025032;-0.919527773;3.559810437
17:22:32.170910;-0.216043958;-2.235817217;3.558342034;-1.700473645;-0.154907286;0.447313148;-0.894377408;3.558342034
17:22:32.180647;-0.226261582;-1.991599301;3.557150894;-1.665841049;-0.086386539;0.5;-0.866025404;3.557150894
17:22:32.191212;-0.236135695;-1.781266445;3.556179925;-1.629449305;-0.006237984;0.550896981;-0.834573254;3.556179925
17:22:32.201810;-0.244424524;-1.579969631;3.555595552;-1.591992322;0.078114189;0.599821895;-0.800133548;3.555595552
17:22:32.212199;-0.254283029;-1.447028559;3.555561074;-1.553729512;0.174497992;0.646599601;-0.762829572;3.555561074
17:22:32.223018;-0.266880115;-1.406452972;3.556263165;-1.517024279;0.271729648;0.691062649;-0.722794864;3.556263165
17:22:32.233924;-0.266880115;-1.125162378;3.557939551;-1.476578378;0.36733833;0.733051872;-0.680172738;3.557939551
17:22:32.244591;-0.2658599;-0.880970161;3.560646201;-1.435967853;0.457799762;0.772416959;-0.63511577;3.560646201
17:22:32.255332;-0.264839715;-0.685787129;3.564652374;-1.393682267;0.541710675;0.809016994;-0.587785252;3.564652374
17:22:32.264958;-0.307731049;-1.377147483;3.57171721;-1.349674972;0.610750556;0.842720959;-0.538350616;3.57171721
17:22:32.275257;-0.306710897;-1.081460954;3.580482835;-1.304892263;0.668295324;0.873408201;-0.486988824;3.580482835
17:22:32.285429;-0.314122999;-1.012318456;3.591825367;-1.257423939;0.720941961;0.900968868;-0.433883739;3.591825367
17:22:32.295976;-0.311235769;-0.752526823;3.605445878;-1.207557692;0.763313472;0.9253043;-0.379225463;3.605445878
17:22:32.305634;-0.30511948;-0.481099838;3.621397402;-1.155054741;0.805230379;0.946327384;-0.323209657;3.621397402
17:22:32.317048;-0.298087366;-0.256424522;3.641368235;-1.095328163;0.83572489;0.963962861;-0.266036846;3.641368235
17:22:32.327432;-0.2874604;-0.010589474;3.663953724;-1.032842113;0.881896794;0.978147601;-0.207911691;3.663953724
17:22:32.338471;-0.272230113;0.266860592;3.689142175;-0.966983099;0.929525137;0.988830826;-0.149042266;3.689142175
17:22:32.348587;-0.256238931;0.526501979;3.714366911;-0.903938634;1.002808928;0.995974294;-0.089639309;3.714366911
17:22:32.359366;-0.258279202;0.382013352;3.74432565;-0.835151022;1.072549224;0.999552432;-0.029915466;3.74432565
17:22:32.370302;-0.237940313;0.680500976;3.777072808;-0.761602297;1.150545835;0.999552432;0.029915466;3.777072808
17:22:32.380908;-0.218183605;0.917824841;3.810528669;-0.688006812;1.212660074;0.995974294;0.089639309;3.810528669
17:22:32.391457;-0.193180393;1.199180111;3.845099932;-0.61226823;1.280847788;0.988830826;0.149042266;3.845099932
17:22:32.402308;-0.161570648;1.553586213;3.878576083;-0.53771154;1.338771105;0.978147601;0.207911691;3.878576083
17:22:32.413218;-0.111218337;2.185865724;3.907885782;-0.466829788;1.400853157;0.963962861;0.266036846;3.907885782
17:22:32.425175;-0.08763284;2.183943512;3.938330671;-0.393872464;1.460582495;0.946327384;0.323209657;3.938330671
17:22:32.434135;-0.064293943;2.207952931;3.967243441;-0.324922848;1.520581603;0.9253043;0.379225463;3.967243441
17:22:32.444293;-0.037110308;2.287220012;3.996536042;-0.254071549;1.586281896;0.900968868;0.433883739;3.996536042
17:22:32.454083;-0.007052267;2.426883554;4.023621454;-0.186617092;1.644627929;0.873408201;0.486988824;4.023621454
17:22:32.465021;-0.002970984;2.019351068;4.055764438;-0.112118887;1.710069656;0.842720959;0.538350616;4.055764438
17:22:32.475845;0.00519216;1.765139389;4.092081774;-0.03136312;1.778851271;0.809016994;0.587785252;4.092081774
17:22:32.487562;0.103109559;3.088651417;4.113372652;0.037844639;1.863923907;0.772416959;0.63511577;4.113372652
17:22:32.498037;0.135001245;3.079356705;4.131324953;0.099007596;1.953059554;0.733051872;0.680172738;4.131324953
17:22:32.507705;0.170996417;3.157519918;4.146669691;0.15728057;2.022835493;0.691062649;0.722794864;4.146669691
17:22:32.518762;0.230897946;3.688513723;4.154734481;0.208116265;2.084728241;0.646599601;0.762829572;4.154734481
17:22:32.529490;0.267989347;3.640786763;4.161012662;0.259092528;2.125394106;0.599821895;0.800133548;4.161012662
17:22:32.540317;0.294074156;3.389101086;4.167569191;0.311239361;2.171036243;0.550896981;0.834573254;4.167569191
17:22:32.550354;0.318007746;3.163050208;4.174049823;0.361907545;2.230968714;0.5;0.866025404;4.174049823
17:22:32.561168;0.345323087;3.037904028;4.179649332;0.412468586;2.284674406;0.447313148;0.894377408;4.179649332
17:22:32.572842;0.365540565;2.801907086;4.185449821;0.463779019;2.337639332;0.393025032;0.919527773;4.185449821
17:22:32.583456;0.382531429;2.54049187;4.19190235;0.517838252;2.395046473;0.337329987;0.941386467;4.19190235
17:22:32.594222;0.393636473;2.250918407;4.198465597;0.567037832;2.452916145;0.280427389;0.959875242;4.198465597
17:22:32.604877;0.407588834;2.061442396;4.205093038;0.618636912;2.508311272;0.222520934;0.974927912;4.205093038
17:22:32.614456;0.420528653;1.906147716;4.21087417;0.666791778;2.564694166;0.163817911;0.986490594;4.21087417
17:22:32.624545;0.417467527;1.465310967;4.21850006;0.717705898;2.641747236;0.104528463;0.994521895;4.21850006
17:22:32.636308;0.415426848;1.134616719;4.227591637;0.772597856;2.729984283;0.04486483;0.998993067;4.227591637
17:22:32.646971;0.415426848;0.907693375;4.236859554;0.827788411;2.832130432;-0.014959407;0.999888102;4.236859554
17:22:32.657970;0.458694102;1.519282058;4.239680322;0.876850748;2.940252542;-0.074730094;0.997203797;4.239680322
17:22:32.667439;0.461603768;1.272954125;4.242009395;0.922078407;3.044093847;-0.134233266;0.990949762;4.242009395
17:22:32.677999;0.463540337;1.056210752;4.243952733;0.967442735;3.131457329;-0.193255918;0.981148383;4.243952733
17:22:32.687852;0.46320764;0.838363846;4.245527671;1.011781596;-3.082741261;-0.251586764;0.967834748;4.245527671
17:22:32.698586;0.460942321;0.625703249;4.246797377;1.05581412;-3.020955563;-0.309016994;0.951056516;4.246797377
17:22:32.709532;0.456741692;0.423710421;4.247848956;1.10329702;-2.966861725;-0.365341024;0.930873749;4.247848956
17:22:32.720680;0.45124626;0.240448952;4.248515321;1.151357242;-2.91592598;-0.420357228;0.907358695;4.248515321
17:22:32.731354;0.443809608;0.056174373;4.248826506;1.198070859;-2.863737822;-0.473868662;0.880595532;4.248826506
17:22:32.742086;0.436675931;-0.087683555;4.248715615;1.243668362;-2.814574718;-0.52568377;0.850680066;4.248715615
17:22:32.752440;0.429225472;-0.210686561;4.248225183;1.288223678;-2.761787891;-0.575617066;0.817719386;4.248225183
17:22:32.762914;0.42820523;-0.188731353;4.247118299;1.330062792;-2.711007118;-0.623489802;0.781831482;4.247118299
17:22:32.773624;0.412116494;-0.44838696;4.246174954;1.37506669;-2.65823698;-0.669130606;0.743144825;4.246174954
17:22:32.784425;0.41042858;-0.390644116;4.244889742;1.4186616;-2.610819817;-0.712376097;0.701797903;4.244889742
17:22:32.794367;0.41042858;-0.312515293;4.243502636;1.46120871;-2.565115929;-0.753071466;0.657938726;4.243502636
17:22:32.804845;0.411448765;-0.231124148;4.242219655;1.505758551;-2.519045115;-0.791071035;0.611724299;4.242219655
17:22:32.815173;0.411448765;-0.184899318;4.241485707;1.547837886;-2.467567682;-0.826238774;0.563320058;4.241485707
17:22:32.825517;0.444135861;0.474126321;4.241472638;1.592399777;-2.414005518;-0.858448794;0.512899277;4.241472638
17:22:32.837174;0.444135861;0.379301057;4.242867256;1.64008003;-2.37259841;-0.887585789;0.46064245;4.242867256
17:22:32.846735;0.468348902;0.762847354;4.246279885;1.688233097;-2.342035294;-0.913545458;0.406736643;4.246279885
17:22:32.857774;0.472941184;0.701235394;4.251524598;1.736380088;-2.326437235;-0.936234871;0.351374824;4.251524598
17:22:32.866937;0.477191231;0.645150033;4.258932032;1.786762343;-2.312191725;-0.955572806;0.294755174;4.258932032
17:22:32.878029;0.483736358;0.639205615;4.269436157;1.842614146;-2.298583031;-0.971490038;0.237080378;4.269436157
17:22:32.889777;0.515837151;1.067288229;4.286111929;1.908688934;-2.273375034;-0.983929589;0.178556895;4.286111929
17:22:32.899910;0.517568066;0.888057952;4.30385473;1.969869664;-2.241007328;-0.992846926;0.119394225;4.30385473
17:22:32.910525;0.511378079;0.595487481;4.325492924;2.037969636;-2.195326567;-0.99821013;0.059804154;4.325492924
17:22:32.921101;0.500916214;0.275278152;4.348789674;2.106387108;-2.144455194;-1;-1.22E-16;4.348789674
17:22:32.931743;0.494355374;0.097927683;4.375854263;2.180253838;-2.098084688;-0.997203797;-0.074730094;4.375854263
17:22:32.942375;0.488447442;-0.03373298;4.405778599;2.25646599;-2.056126356;-0.988830826;-0.149042266;4.405778599
17:22:32.952910;0.478617987;-0.212724449;4.43886198;2.33635207;-2.005621672;-0.974927912;-0.222520934;4.43886198
17:22:32.963515;0.467801295;-0.373555547;4.475281203;2.420177302;-1.947304487;-0.955572806;-0.294755174;4.475281203
17:22:32.974114;0.45956747;-0.454909754;4.515209657;2.507533858;-1.896823525;-0.930873749;-0.365341024;4.515209657
17:22:32.984790;0.445586378;-0.62665141;4.558536086;2.599142003;-1.856504679;-0.900968868;-0.433883739;4.558536086
17:22:32.995084;0.438443598;-0.633836506;4.607023032;2.697027203;-1.837360859;-0.866025404;-0.5;4.607023032
17:22:33.006240;0.438443598;-0.507069205;4.661612801;2.801536328;-1.833047986;-0.826238774;-0.563320058;4.661612801
17:22:33.017434;0.439464006;-0.38674827;4.722559701;2.913123908;-1.843944073;-0.781831482;-0.623489802;4.722559701
17:22:33.027574;0.398411054;-1.113700493;4.777172022;3.01621989;-1.857159376;-0.733051872;-0.680172738;4.777172022
17:22:33.037778;0.387586782;-1.099878532;4.835614579;3.124462894;-1.872092247;-0.680172738;-0.733051872;4.835614579
17:22:33.047528;0.373874647;-1.152133709;4.894198605;-3.051133396;-1.880942345;-0.623489802;-0.781831482;4.894198605
17:22:33.057895;0.329646001;-1.749637981;4.951220661;-2.941520702;-1.867268205;-0.563320058;-0.826238774;4.951220661
17:22:33.068876;0.317679673;-1.636226515;5.006715689;-2.835647206;-1.839048743;-0.5;-0.866025404;5.006715689
17:22:33.079786;0.293531281;-1.751267448;5.064764684;-2.722611726;-1.800848961;-0.433883739;-0.900968868;5.064764684
17:22:33.089425;0.293531281;-1.401013959;5.122647903;-2.611241226;-1.753195167;-0.365341024;-0.930873749;5.122647903
17:22:33.100701;0.226049212;-2.384074632;5.170130163;-2.508777783;-1.69729948;-0.294755174;-0.955572806;5.170130163
17:22:33.112457;0.222989462;-1.964563508;5.218053289;-2.405386881;-1.630980015;-0.222520934;-0.974927912;5.218053289
17:22:33.121914;0.197710367;-2.026206114;5.263384852;-2.301764458;-1.567032099;-0.149042266;-0.988830826;5.263384852
17:22:33.132711;0.16819422;-2.167652625;5.30197702;-2.206127847;-1.493623853;-0.074730094;-0.997203797;5.30197702
17:22:33.144165;0.138607142;-2.28254307;5.335068805;-2.115648076;-1.419130087;6.12E-17;-1;5.335068805
17:22:33.154723;0.109925598;-2.367679726;5.362337437;-2.031732017;-1.337621331;0.074730094;-0.997203797;5.362337437
17:22:33.164916;0.078039858;-2.511628413;5.383738279;-1.954838601;-1.253153324;0.149042266;-0.988830826;5.383738279
17:22:33.175631;0.04408648;-2.647766964;5.40061633;-1.880607497;-1.164454699;0.222520934;-0.974927912;5.40061633
17:22:33.185395;0.043066085;-2.138471131;5.414031871;-1.812715133;-1.068193555;0.294755174;-0.955572806;5.414031871
17:22:33.196091;0.043066085;-1.710776905;5.424866958;-1.745299684;-0.97773385;0.365341024;-0.930873749;5.424866958
17:22:33.206591;-0.046845607;-3.074247722;5.429627085;-1.683318563;-0.874675333;0.433883739;-0.900968868;5.429627085
17:22:33.217428;-0.073679563;-2.957285911;5.431869832;-1.622535552;-0.776673198;0.5;-0.866025404;5.431869832
17:22:33.228323;-0.098621161;-2.831841805;5.432315465;-1.56394239;-0.678544343;0.563320058;-0.826238774;5.432315465
17:22:33.238308;-0.124515855;-2.777773172;5.432008582;-1.509334149;-0.586323321;0.623489802;-0.781831482;5.432008582
17:22:33.248454;-0.170336146;-3.072861167;5.43248427;-1.450336998;-0.491717368;0.680172738;-0.733051872;5.43248427
17:22:33.259897;-0.188014537;-2.783586364;5.434717565;-1.389047168;-0.394885659;0.733051872;-0.680172738;5.434717565
17:22:33.270491;-0.199607868;-2.442143477;5.439698305;-1.325506154;-0.304101467;0.781831482;-0.623489802;5.439698305
17:22:33.280117;-0.212936068;-2.217073295;5.448144328;-1.261961235;-0.216506124;0.826238774;-0.563320058;5.448144328
17:22:33.293164;-0.2252696;-1.973064878;5.464939986;-1.177673765;-0.138986826;0.866025404;-0.5;5.464939986
17:22:33.303134;-0.233611948;-1.734680404;5.486271111;-1.097870536;-0.067461818;0.900968868;-0.433883739;5.486271111
17:22:33.313719;-0.244554966;-1.597322135;5.514836224;-1.011869732;0.020235848;0.930873749;-0.365341024;5.514836224
17:22:33.324023;-0.255836445;-1.495743231;5.551935074;-0.917477174;0.109125145;0.955572806;-0.294755174;5.551935074
17:22:33.334604;-0.268644754;-1.450840449;5.597698876;-0.815551084;0.199808285;0.974927912;-0.222520934;5.597698876
17:22:33.345471;-0.27891612;-1.35009929;5.658181775;-0.694044272;0.28661257;0.988830826;-0.149042266;5.658181775
17:22:33.354930;-0.287700636;-1.25402812;5.725334276;-0.569411983;0.369882017;0.997203797;-0.074730094;5.725334276
17:22:33.365985;-0.286680451;-0.983735158;5.804238453;-0.430157399;0.438127607;1;0;5.804238453
17:22:33.376872;-0.282600052;-0.710486146;5.893035509;-0.278978209;0.504549503;0.997203797;0.074730094;5.893035509
17:22:33.386779;-0.299764092;-0.907359372;5.988233599;-0.123623533;0.588014722;0.988830826;0.149042266;5.988233599
17:22:33.396705;-0.301628007;-0.761481752;6.092262711;0.043662462;0.657285094;0.974927912;0.222520934;6.092262711
17:22:33.407749;-0.297079172;-0.519144239;6.193809925;0.207277774;0.720237672;0.955572806;0.294755174;6.193809925
17:22:33.417017;-0.287126791;-0.218005432;6.292250787;0.368700635;0.782554567;0.930873749;0.365341024;6.292250787
17:22:33.428152;-0.277741849;0.003584392;6.389238311;0.532559574;0.854850054;0.900968868;0.433883739;6.389238311
17:22:33.438197;-0.266123598;0.219590219;6.478616917;0.690928533;0.908105135;0.866025404;0.5;6.478616917
17:22:33.449363;-0.250889518;0.459024945;6.556497993;0.838899859;0.964389503;0.826238774;0.563320058;6.556497993
17:22:33.460747;-0.230431077;0.741462661;6.622161798;0.976616052;1.028307796;0.781831482;0.623489802;6.622161798
17:22:33.470783;-0.207400551;1.036557875;6.671931511;1.095446228;1.108089924;0.733051872;0.680172738;6.671931511
17:22:33.481276;-0.207400551;0.8292463;6.711106951;1.202005498;1.179924607;0.680172738;0.733051872;6.711106951
17:22:33.490889;-0.152181265;1.760401014;6.737803076;1.296404661;1.261027455;0.623489802;0.781831482;6.737803076
17:22:33.501467;-0.126534948;1.89914157;6.756735813;1.385854974;1.328082919;0.563320058;0.826238774;6.756735813
17:22:33.511604;-0.101259451;2.019384775;6.767755397;1.465237322;1.388323665;0.5;0.866025404;6.767755397
17:22:33.521822;-0.076303923;2.075764731;6.772848499;1.543754147;1.437546134;0.433883739;0.900968868;6.772848499
17:22:33.531979;-0.052858251;2.126349873;6.772348184;1.611445457;1.493364215;0.365341024;0.930873749;6.772348184
17:22:33.542884;-0.025564306;2.243296183;6.767684481;1.674942734;1.563659906;0.294755174;0.955572806;6.767684481
17:22:33.552081;-0.025564306;1.794636946;6.758835106;1.734591813;1.638836384;0.222520934;0.974927912;6.758835106
17:22:33.562829;-0.018421629;1.567349697;6.745208975;1.79424143;1.728273749;0.149042266;0.988830826;6.745208975
17:22:33.575206;0.080151389;2.947369093;6.731479439;1.858960051;1.810701847;0.074730094;0.997203797;6.731479439
17:22:33.585282;0.080151389;2.357895274;6.715901925;1.911445784;1.896063447;6.12E-17;1;6.715901925
17:22:33.594973;0.093435476;2.148798762;6.69792083;1.961354065;1.977017045;-0.074730094;0.997203797;6.69792083
17:22:33.605571;0.217439452;4.180992889;6.686881723;2.017734307;2.051263809;-0.149042266;0.988830826;6.686881723
17:22:33.617291;0.250562876;3.91887359;6.673936413;2.081882531;2.095831871;-0.222520934;0.974927912;6.673936413
17:22:33.627801;0.284817241;3.772411976;6.662208785;2.141837005;2.131184101;-0.294755174;0.955572806;6.662208785
17:22:33.638483;0.314949547;3.588341588;6.651375007;2.201335273;2.181785107;-0.365341024;0.930873749;6.651375007
17:22:33.648466;0.314949547;2.870673271;6.638728662;2.255830556;2.231143236;-0.433883739;0.900968868;6.638728662
17:22:33.658325;0.33806679;2.755690137;6.627555061;2.311450803;2.29202199;-0.5;0.866025404;6.627555061
17:22:33.668269;0.36120413;2.656496133;6.618596965;2.370307026;2.364069223;-0.563320058;0.826238774;6.618596965
17:22:33.679291;0.383497301;2.542580493;6.612771618;2.435152261;2.425424814;-0.623489802;0.781831482;6.612771618
17:22:33.689801;0.40051864;2.362482313;6.610908724;2.501824147;2.474604368;-0.680172738;0.733051872;6.610908724
17:22:33.700456;0.417790677;2.215040559;6.614177275;2.575362873;2.530084848;-0.733051872;0.680172738;6.614177275
17:22:33.710533;0.436855059;2.132463486;6.624134352;2.655338542;2.594637632;-0.781831482;0.623489802;6.624134352
17:22:33.721901;0.46252306;2.19509603;6.642940248;2.743762805;2.663228035;-0.826238774;0.563320058;6.642940248
17:22:33.731844;0.480317598;2.088119854;6.670504722;2.842670992;2.734104395;-0.866025404;0.5;6.670504722
17:22:33.742608;0.487422955;1.806821681;6.703749651;2.94561871;2.814731836;-0.900968868;0.433883739;6.703749651
17:22:33.752766;0.492563719;1.545363398;6.742643267;3.053697792;2.8921628;-0.930873749;0.365341024;6.742643267
17:22:33.763476;0.497745266;1.334804666;6.788544683;-3.112420303;2.967579126;-0.955572806;0.294755174;6.788544683
17:22:33.774361;0.497745266;1.067843733;6.836994745;-2.995197643;3.051565647;-0.974927912;0.222520934;6.836994745
17:22:33.782919;0.497745266;0.854274986;6.888995214;-2.874061863;3.126199722;-0.988830826;0.149042266;6.888995214
17:22:33.793337;0.497745266;0.683419989;6.944758773;-2.747265037;-3.095359564;-0.997203797;0.074730094;6.944758773
17:22:33.804769;0.501259353;0.611843688;7.005531367;-2.611198407;-3.03719449;-1;-1.22E-16;7.005531367
17:22:33.814724;0.498986675;0.446905797;7.06489178;-2.476717845;-2.974942207;-0.998736957;-0.050244318;7.06489178
17:22:33.826137;0.493480026;0.256048755;7.122154805;-2.342465227;-2.910260677;-0.994951017;-0.100361715;7.122154805
17:22:33.837333;0.486040679;0.068625175;7.174799132;-2.211733523;-2.851173401;-0.988651745;-0.150225589;7.174799132
17:22:33.847772;0.477900662;-0.096223791;7.220436226;-2.08855384;-2.794146061;-0.979855052;-0.199709981;7.220436226
17:22:33.858641;0.469468476;-0.235345245;7.258412439;-1.973479256;-2.744747877;-0.968583161;-0.248689887;7.258412439
17:22:33.869337;0.459336349;-0.381126405;7.288178043;-1.867281303;-2.697222233;-0.954864545;-0.297041582;7.288178043
17:22:33.879057;0.448452153;-0.515769112;7.309661458;-1.770443244;-2.650017262;-0.938733858;-0.344642923;7.309661458
17:22:33.889407;0.448069052;-0.420037681;7.323741786;-1.680827267;-2.606241941;-0.920231847;-0.391373667;7.323741786
17:22:33.900367;0.450956723;-0.281275391;7.3303366;-1.596942345;-2.563473701;-0.899405252;-0.437115767;7.3303366
17:22:33.911637;0.450196678;-0.239024163;7.328893378;-1.518816616;-2.524175882;-0.87630668;-0.481753674;7.328893378
17:22:33.920685;0.450196678;-0.19121933;7.320380106;-1.453444627;-2.485317469;-0.850994482;-0.52517463;7.320380106
17:22:33.931268;0.461687312;0.074788739;7.30509911;-1.394935263;-2.445314884;-0.823532598;-0.567268949;7.30509911
17:22:33.940851;0.477507913;0.372597751;7.283229381;-1.343008428;-2.4047544;-0.793990399;-0.607930298;7.283229381
17:22:33.951901;0.49607647;0.65767806;7.254588297;-1.29657662;-2.362755537;-0.762442511;-0.647055962;7.254588297
17:22:33.962358;0.50443871;0.679522708;7.218933315;-1.253318428;-2.322558641;-0.728968627;-0.684547106;7.218933315
17:22:33.972184;0.51004842;0.655209016;7.182381868;-1.217471828;-2.285940647;-0.693653306;-0.720309025;7.182381868
17:22:33.983377;0.516198135;0.637765975;7.140447071;-1.181868164;-2.257856131;-0.656585756;-0.754251381;7.140447071
17:22:33.994332;0.517218529;0.529125003;7.098069815;-1.14742299;-2.232349396;-0.617859613;-0.786288432;7.098069815
17:22:34.005138;0.538571859;0.81954233;7.055118224;-1.114105728;-2.206920624;-0.577572703;-0.816339251;7.055118224
17:22:34.015367;0.536531005;0.615393241;7.017722865;-1.080131805;-2.171466351;-0.535826795;-0.844327926;7.017722865
17:22:34.026242;0.534460736;0.454484388;6.98210638;-1.039138617;-2.125263691;-0.492727342;-0.870183755;6.98210638
17:22:34.036308;0.528342288;0.248875257;6.953608378;-0.993312371;-2.075843334;-0.448383216;-0.893841424;6.953608378
17:22:34.046519;0.481804695;-0.711476278;6.937253596;-0.938678589;-2.023070812;-0.402906436;-0.915241173;6.937253596
17:22:34.056689;0.473583064;-0.732447907;6.927549804;-0.878567916;-1.968828321;-0.356411879;-0.934328942;6.927549804
17:22:34.066747;0.455497634;-0.94362552;6.925625966;-0.810447719;-1.908465505;-0.309016994;-0.951056516;6.925625966
17:22:34.078118;0.446166945;-0.939787689;6.930273386;-0.735878133;-1.850458384;-0.260841506;-0.965381639;6.930273386
17:22:34.087089;0.444126163;-0.792340779;6.940113768;-0.656167583;-1.799593687;-0.21200711;-0.977268124;6.940113768
17:22:34.098124;0.4467285;-0.584099025;6.954510566;-0.569128683;-1.764993668;-0.162637165;-0.986685944;6.954510566
17:22:34.108725;0.434182516;-0.699799495;6.975882557;-0.472596458;-1.749054551;-0.112856385;-0.993611311;6.975882557
17:22:34.120099;0.434182516;-0.559839596;6.999449216;-0.376291053;-1.751263022;-0.06279052;-0.998026728;6.999449216
17:22:34.129537;0.41320012;-0.846969425;7.029290085;-0.272695551;-1.771617651;-0.01256604;-0.999921044;7.029290085
17:22:34.139439;0.403338724;-0.865306206;7.061479911;-0.166487179;-1.793609977;0.037690183;-0.999289473;7.061479911
17:22:34.150178;0.359904626;-1.550049279;7.100429418;-0.055828314;-1.802605867;0.087851197;-0.996133609;7.100429418
17:22:34.160759;0.335689753;-1.700116802;7.143077081;0.061789818;-1.784285069;0.137790291;-0.990461426;7.143077081
17:22:34.171015;0.311529565;-1.839238077;7.184236665;0.175197658;-1.744496942;0.187381315;-0.982287251;7.184236665
17:22:34.180691;0.288160274;-1.933350282;7.224012365;0.287866963;-1.692741394;0.236498997;-0.971631733;7.224012365
17:22:34.191049;0.302437882;-1.263863867;7.253132716;0.390079774;-1.631919861;0.285019262;-0.958521789;7.253132716
17:22:34.200631;0.304476657;-0.970805913;7.274007551;0.484481124;-1.572064877;0.332819545;-0.942990536;7.274007551
17:22:34.210697;0.302437882;-0.81687647;7.287369164;0.571640293;-1.511299133;0.379779096;-0.925077207;7.287369164
17:22:34.222163;0.221890548;-2.066230855;7.308827541;0.676330547;-1.4550457;0.425779292;-0.904827052;7.308827541
17:22:34.232934;0.221890548;-1.652984684;7.318705502;0.76010625;-1.401198268;0.470703932;-0.882291226;7.318705502
17:22:34.243444;0.21985128;-1.359495993;7.321570001;0.843432871;-1.35255599;0.514439534;-0.857526656;7.321570001
17:22:34.254123;0.21679197;-1.14794972;7.318493917;0.914572156;-1.297415853;0.556875616;-0.830595899;7.318493917
17:22:34.263975;0.111248827;-2.903571834;7.323833312;0.997763085;-1.228810072;0.597904983;-0.801566985;7.323833312
17:22:34.274149;0.111248827;-2.322857467;7.323472817;1.071571273;-1.155779243;0.63742399;-0.770513243;7.323472817
17:22:34.285630;0.047203432;-3.052130705;7.325452977;1.152141776;-1.077111483;0.675332808;-0.737513117;7.325452977
17:22:34.295606;0.044142791;-2.498790653;7.323937257;1.229170588;-0.992309809;0.711535677;-0.70264997;7.323937257
17:22:34.306020;0.043122523;-2.019293994;7.320655443;1.299632731;-0.895367444;0.745941145;-0.666011867;7.320655443
17:22:34.318654;-0.044146676;-3.049689652;7.320889155;1.388957257;-0.796956956;0.778462302;-0.627691361;7.320889155
17:22:34.328969;-0.069257342;-2.93833679;7.32079931;1.462609253;-0.688170671;0.809016994;-0.587785252;7.32079931
17:22:34.338305;-0.094086261;-2.825043996;7.320764364;1.53920899;-0.584952295;0.83752804;-0.546394347;7.320764364
17:22:34.349841;-0.118359288;-2.706030626;7.320799345;1.618929716;-0.485310078;0.863923417;-0.503623202;7.320799345
17:22:34.360543;-0.141274041;-2.594270015;7.320748436;1.697004338;-0.407739669;0.888136449;-0.459579861;7.320748436
17:22:34.371088;-0.163432944;-2.482454061;7.320240233;1.776200666;-0.324196488;0.910105971;-0.414375581;7.320240233
17:22:34.382231;-0.200337915;-2.628155784;7.317664216;1.857745006;-0.256459534;0.929776486;-0.368124553;7.317664216
17:22:34.393687;-0.215708407;-2.390825228;7.313573928;1.931660707;-0.189989865;0.947098305;-0.32094361;7.313573928
17:22:34.403455;-0.225033394;-2.097271214;7.307852526;1.999795542;-0.125924066;0.962027672;-0.272951936;7.307852526
17:22:34.413391;-0.224033186;-1.658049131;7.300559143;2.066419058;-0.06496688;0.974526873;-0.224270761;7.300559143
17:22:34.423679;-0.246408136;-1.751775513;7.288130039;2.130736741;0.016320307;0.984564335;-0.175023059;7.288130039
17:22:34.434016;-0.258749134;-1.644594274;7.271711178;2.188211349;0.093727395;0.992114701;-0.125333234;7.271711178
17:22:34.445252;-0.271003685;-1.549369335;7.249567131;2.242218021;0.198702812;0.9971589;-0.075326806;7.249567131
17:22:34.455978;-0.271003685;-1.239495468;7.222182377;2.294047083;0.297352016;0.999684189;-0.025130095;7.222182377
17:22:34.466496;-0.294601024;-1.434331327;7.187747803;2.336419677;0.392291903;0.999684189;0.025130095;7.187747803
17:22:34.477563;-0.31096034;-1.429771381;7.143087872;2.374809568;0.459603995;0.9971589;0.075326806;7.143087872
17:22:34.489045;-0.31507628;-1.220056992;7.096872524;2.405474422;0.531658173;0.992114701;0.125333234;7.096872524
17:22:34.499811;-0.315423774;-0.982424823;7.046463782;2.432111753;0.593434513;0.984564335;0.175023059;7.046463782
17:22:34.510114;-0.311878065;-0.721026373;6.992808275;2.455145028;0.660227895;0.974526873;0.224270761;6.992808275
17:22:34.521294;-0.307944041;-0.501843999;6.938427314;2.473863772;0.712459087;0.962027672;0.272951936;6.938427314
17:22:34.531409;-0.303723872;-0.317659555;6.883727586;2.488762028;0.775889277;0.947098305;0.32094361;6.883727586
17:22:34.542255;-0.296259404;-0.125089426;6.818415458;2.502716515;0.84421128;0.929776486;0.368124553;6.818415458
17:22:34.552462;-0.28554885;0.111277468;6.759554317;2.512667195;0.91544199;0.910105971;0.414375581;6.759554317
17:22:34.562921;-0.268316803;0.431077463;6.700582657;2.521507578;0.987075925;0.888136449;0.459579861;6.700582657
17:22:34.573679;-0.249844475;0.693578316;6.638121112;2.529707449;1.055291176;0.863923417;0.503623202;6.638121112
17:22:34.583546;-0.252903626;0.49412456;6.575174795;2.5333139;1.112667203;0.83752804;0.546394347;6.575174795
17:22:34.594235;-0.200127538;1.408644663;6.515201614;2.541520044;1.181526303;0.809016994;0.587785252;6.515201614
17:22:34.605117;-0.174633923;1.567616635;6.448722105;2.550038548;1.256618261;0.778462302;0.627691361;6.448722105
17:22:34.616600;-0.174633923;1.254093308;6.382533288;2.553430832;1.321003318;0.745941145;0.666011867;6.382533288
17:22:34.626777;-0.134707503;1.741595209;6.319670552;2.559261566;1.377442002;0.711535677;0.70264997;6.319670552
17:22:34.637842;-0.083791063;2.335671648;6.261587792;2.569157398;1.433248162;0.675332808;0.737513117;6.261587792
17:22:34.648903;-0.057223276;2.380263095;6.20641441;2.57871847;1.488018036;0.63742399;0.770513243;6.20641441
17:22:34.658276;-0.0278075;2.476987206;6.153258587;2.589040341;1.528123975;0.597904983;0.801566985;6.153258587
17:22:34.668980;-0.026786414;2.000712168;6.09504479;2.596231757;1.573677897;0.556875616;0.830595899;6.09504479
17:22:34.680262;0.009665291;2.290599947;6.0410474;2.606347049;1.639005899;0.514439534;0.857526656;6.0410474
17:22:34.689534;0.048078386;2.595386482;5.993692604;2.619590125;1.731242776;0.470703932;0.882291226;5.993692604
17:22:34.700831;0.080261393;2.677178027;5.946998182;2.636852707;1.832212448;0.425779292;0.904827052;5.946998182
17:22:34.711762;0.119531852;2.866338707;5.90529105;2.659381966;1.925684929;0.379779096;0.925077207;5.90529105
17:22:34.722486;0.151610977;2.892038641;5.868935368;2.68608662;1.994101048;0.332819545;0.942990536;5.868935368
17:22:34.732464;0.183724324;2.95009472;5.840030478;2.716260439;2.069924116;0.285019262;0.958521789;5.840030478
17:22:34.742368;0.216862106;2.997621693;5.816686554;2.753504298;2.150783539;0.236498997;0.971631733;5.816686554
17:22:34.753096;0.301296219;4.068404405;5.810248277;2.805839804;2.203369141;0.187381315;0.982287251;5.810248277
17:22:34.763508;0.324459387;3.690479773;5.808973446;2.866327363;2.248326302;0.137790291;0.990461426;5.808973446
17:22:34.773671;0.322418574;2.913466529;5.80884043;2.927116232;2.290789604;0.087851197;0.996133609;5.80884043
17:22:34.784488;0.346803486;2.811621485;5.815454569;2.992678151;2.341696739;0.037690183;0.999289473;5.815454569
17:22:34.794307;0.366909423;2.64824969;5.828012135;3.063913417;2.396179676;-0.01256604;0.999921044;5.828012135
17:22:34.805180;0.384202302;2.443843242;5.847009619;-3.138201292;2.452121496;-0.06279052;0.998026728;5.847009619
17:22:34.815471;0.403295459;2.318677797;5.871607178;-3.052069555;2.513173819;-0.112856385;0.993611311;5.871607178
17:22:34.825825;0.413199246;2.047464224;5.899111194;-2.964015185;2.570591211;-0.162637165;0.986685944;5.899111194
17:22:34.835262;0.427963932;1.931028275;5.929799724;-2.873731108;2.633154154;-0.21200711;0.977268124;5.929799724
17:22:34.847041;0.432286089;1.626053668;5.963422473;-2.776826762;2.720453024;-0.260841506;0.965381639;5.963422473
17:22:34.857912;0.432286089;1.300842935;5.99873501;-2.674419099;2.815664053;-0.309016994;0.951056516;5.99873501
17:22:34.868035;0.441434977;1.209178716;6.033916781;-2.573905408;2.909296751;-0.356411879;0.934328942;6.033916781
17:22:34.878797;0.448599585;1.105375445;6.067398787;-2.477609783;2.996177673;-0.402906436;0.915241173;6.067398787
17:22:34.889923;0.455597393;1.015791307;6.100841128;-2.379407264;3.079361916;-0.448383216;0.893841424;6.100841128
17:22:34.899757;0.456566712;0.831839848;6.130345573;-2.288173072;-3.114691973;-0.492727342;0.870183755;6.130345573
17:22:34.910122;0.456228945;0.658769188;6.157225395;-2.199370704;-3.038038969;-0.535826795;0.844327926;6.157225395
17:22:34.919923;0.453955842;0.482023832;6.181202464;-2.113053966;-2.97268033;-0.577572703;0.816339251;6.181202464
17:22:34.930216;0.443259618;0.188702492;6.202776561;-2.024209125;-2.918357134;-0.617859613;0.786288432;6.202776561
17:22:34.942655;0.443259618;0.150961994;6.222240199;-1.93309426;-2.874162197;-0.656585756;0.754251381;6.222240199
17:22:34.952322;0.432767251;-0.082369798;6.235862563;-1.855122037;-2.826522827;-0.693653306;0.720309025;6.235862563
17:22:34.962676;0.424308159;-0.230803644;6.246133656;-1.780821097;-2.776303768;-0.728968627;0.684547106;6.246133656
17:22:34.973610;0.416430371;-0.334887734;6.253465133;-1.707947978;-2.725458145;-0.762442511;0.647055962;6.253465133
17:22:34.983526;0.42416292;-0.124656726;6.258148738;-1.635726143;-2.67478466;-0.793990399;0.607930298;6.258148738
17:22:34.994430;0.430992692;0.025732994;6.259616858;-1.566110025;-2.624667645;-0.823532598;0.567268949;6.259616858
17:22:35.005245;0.427336182;-0.047166087;6.257777794;-1.500391519;-2.577349663;-0.850994482;0.52517463;6.257777794
17:22:35.016852;0.424657805;-0.086270528;6.252732605;-1.436399061;-2.535762072;-0.87630668;0.481753674;6.252732605
17:22:35.027016;0.436598142;0.154520475;6.244602096;-1.377771952;-2.496888638;-0.899405252;0.437115767;6.244602096
17:22:35.037988;0.436598142;0.12361638;6.234346501;-1.324099723;-2.458976269;-0.920231847;0.391373667;6.234346501
17:22:35.048288;0.456208089;0.472727445;6.220653758;-1.27245638;-2.419097424;-0.938733858;0.344642923;6.220653758
17:22:35.058812;0.459497338;0.439180936;6.204420145;-1.221688685;-2.379273176;-0.954864545;0.297041582;6.204420145
17:22:35.069578;0.460485982;0.370277864;6.1871963;-1.1742053;-2.342009783;-0.968583161;0.248689887;6.1871963
17:22:35.079892;0.462786728;0.340061454;6.168763572;-1.12779145;-2.311230421;-0.979855052;0.199709981;6.168763572
17:22:35.090389;0.483246545;0.661910177;6.14811798;-1.083798182;-2.286192417;-0.988651745;0.150225589;6.14811798
17:22:35.100484;0.487512601;0.61148603;6.127325746;-1.040694805;-2.2619946;-0.994951017;0.100361715;6.127325746
17:22:35.111733;0.489474869;0.525201435;6.105965036;-0.995399101;-2.229098082;-0.998736957;0.050244318;6.105965036
17:22:35.123383;0.489474869;0.420161148;6.085967297;-0.949878027;-2.190651894;-1;-1.22E-16;6.085967297
17:22:35.132744;0.488832572;0.324058728;6.067642962;-0.903530153;-2.155235529;-0.997269173;-0.073852527;6.067642962
17:22:35.144079;0.486867276;0.222677633;6.051045029;-0.855001871;-2.119914532;-0.989091608;-0.147301698;6.051045029
17:22:35.154519;0.486867276;0.178142106;6.036581918;-0.806040561;-2.078444719;-0.975511968;-0.219946358;6.036581918
17:22:35.165339;0.489473867;0.190905149;6.023212074;-0.75445241;-2.034643412;-0.95660442;-0.291389747;6.023212074
17:22:35.176042;0.466773948;-0.263777258;6.014868336;-0.697188375;-1.994569063;-0.932472229;-0.361241666;6.014868336
17:22:35.186513;0.456572674;-0.409145922;6.009906109;-0.640236937;-1.9611727;-0.903247199;-0.429120609;6.009906109
17:22:35.197344;0.445475213;-0.547663686;6.007831049;-0.58178716;-1.941076875;-0.869088946;-0.494655843;6.007831049
17:22:35.207392;0.445475213;-0.438130949;6.006529999;-0.517536153;-1.924711585;-0.830184031;-0.557489439;6.006529999
17:22:35.217303;0.439504567;-0.469105764;6.006935504;-0.456652487;-1.910414934;-0.786744938;-0.617278221;6.006935504
17:22:35.228998;0.406357569;-0.986488032;6.013643822;-0.384753597;-1.89148438;-0.739008917;-0.673695644;6.013643822
17:22:35.237981;0.388320296;-1.140102216;6.022861383;-0.313666458;-1.881540298;-0.687236686;-0.726433574;6.022861383
17:22:35.248326;0.370243763;-1.269277364;6.034364531;-0.241144587;-1.876039743;-0.631711006;-0.775203976;6.034364531
17:22:35.258567;0.384525428;-0.732253548;6.042002594;-0.172598025;-1.866913199;-0.57273514;-0.819740483;6.042002594
17:22:35.268670;0.345386883;-1.332417576;6.055847542;-0.095332585;-1.848582029;-0.510631193;-0.859799851;6.055847542
17:22:35.279433;0.3242831;-1.461019209;6.071583921;-0.014813918;-1.815881968;-0.445738356;-0.895163291;6.071583921
17:22:35.290119;0.31024095;-1.430698331;6.086938892;0.065738192;-1.787202716;-0.37841105;-0.92563766;6.086938892
17:22:35.303079;0.267086696;-1.84983233;6.10936251;0.162794708;-1.753449202;-0.309016994;-0.951056516;6.10936251
17:22:35.313048;0.248085899;-1.838697162;6.127312495;0.245544744;-1.713261247;-0.237935195;-0.971281032;6.127312495
17:22:35.323706;0.229032786;-1.841864312;6.14319729;0.324466474;-1.657431364;-0.165553876;-0.986200747;6.14319729
17:22:35.334082;0.208827668;-1.846728869;6.157981576;0.405848512;-1.593373895;-0.092268359;-0.995734176;6.157981576
17:22:35.344830;0.180291731;-2.032223565;6.171196389;0.482478519;-1.530019283;-0.018478905;-0.99982925;6.171196389
17:22:35.355279;0.151727919;-2.172109523;6.183392033;0.559273276;-1.458099246;0.055411475;-0.998463604;6.183392033
17:22:35.365886;0.127212206;-2.202252493;6.193365596;0.634566384;-1.386592746;0.128999217;-0.991644696;6.193365596
17:22:35.376741;0.100497174;-2.264978874;6.201250295;0.708263172;-1.307490349;0.201882409;-0.979409768;6.201250295
17:22:35.387183;0.074828076;-2.31467669;6.206707438;0.77708402;-1.227187872;0.27366299;-0.961825643;6.206707438
17:22:35.397213;0.048117315;-2.350405972;6.210447064;0.847340786;-1.141629815;0.343948919;-0.938988361;6.210447064
17:22:35.407317;0.02130884;-2.399443574;6.212315532;0.913367436;-1.050733924;0.412356317;-0.911022649;6.212315532
17:22:35.418641;-0.004410617;-2.395281199;6.212584486;0.980814071;-0.955321312;0.478511569;-0.878081248;6.212584486
17:22:35.430354;-0.032082743;-2.433082199;6.211671386;1.046423002;-0.856361866;0.542053356;-0.840344072;6.211671386
17:22:35.439226;-0.053761343;-2.375393705;6.209591876;1.107124675;-0.761585951;0.602634636;-0.798017227;6.209591876
17:22:35.450243;-0.076666317;-2.328192485;6.2066723;1.170673638;-0.669050515;0.659924535;-0.75133189;6.2066723
17:22:35.459851;-0.093434218;-2.195502053;6.20321067;1.229711872;-0.578884721;0.713610154;-0.700543038;6.20321067
17:22:35.469940;-0.132005056;-2.519442421;6.200802598;1.290005738;-0.489472717;0.763398283;-0.645928062;6.200802598
17:22:35.481398;-0.148415185;-2.296841387;6.197876706;1.359413746;-0.405534625;0.809016994;-0.587785252;6.197876706
17:22:35.491489;-0.161110909;-2.089183869;6.195531386;1.419577988;-0.325621665;0.850217136;-0.526432163;6.195531386
17:22:35.502351;-0.173110203;-1.908043079;6.193756253;1.480609921;-0.246879011;0.886773686;-0.462203884;6.193756253
17:22:35.512282;-0.185485286;-1.772225293;6.19283794;1.542055003;-0.172400683;0.918486986;-0.395451207;6.19283794
17:22:35.523020;-0.197464304;-1.641443865;6.192925006;1.608476956;-0.096025221;0.945183828;-0.326538713;6.192925006
17:22:35.533554;-0.209812795;-1.546886422;6.194062037;1.675055895;-0.016050192;0.966718404;-0.255842778;6.194062037
17:22:35.544728;-0.2207651;-1.430385739;6.196229293;1.747579117;0.062545165;0.9829731;-0.183749518;6.196229293
17:22:35.555205;-0.231782557;-1.352750838;6.198655661;1.81551961;0.145203501;0.993859137;-0.110652682;6.198655661
17:22:35.565040;-0.241725584;-1.277730484;6.200742935;1.880660022;0.224774286;0.99931706;-0.036951499;6.200742935
17:22:35.577181;-0.248343387;-1.145875334;6.202055793;1.948332008;0.308831662;0.99931706;0.036951499;6.202055793
17:22:35.586465;-0.254951829;-1.040530848;6.201535602;2.014007396;0.383032262;0.993859137;0.110652682;6.201535602
17:22:35.597937;-0.257807001;-0.885249559;6.198472848;2.07796887;0.454792321;0.9829731;0.183749518;6.198472848
17:22:35.607754;-0.259598018;-0.742231341;6.192252009;2.136960828;0.523102462;0.966718404;0.255842778;6.192252009
17:22:35.619316;-0.261492155;-0.628720461;6.181695953;2.1934981;0.59367615;0.945183828;0.326538713;6.181695953
17:22:35.630002;-0.254831053;-0.37989117;6.167379212;2.24601623;0.667485118;0.918486986;0.395451207;6.167379212
17:22:35.640287;-0.250161835;-0.217277988;6.148718827;2.293738485;0.743336439;0.886773686;0.462203884;6.148718827
17:22:35.650671;-0.240827573;0.011610266;6.127729805;2.334550262;0.823615134;0.850217136;0.526432163;6.127729805
17:22:35.661527;-0.221678229;0.377308602;6.103670134;2.374139184;0.899194062;0.809016994;0.587785252;6.103670134
17:22:35.672979;-0.204485824;0.601351549;6.07380806;2.414185305;0.978231549;0.763398283;0.645928062;6.07380806
17:22:35.682863;-0.187639057;0.815051878;6.044776734;2.446288862;1.053842545;0.713610154;0.700543038;6.044776734
17:22:35.693138;-0.16890067;1.016395117;6.013042259;2.476570935;1.13355279;0.659924535;0.75133189;6.013042259
17:22:35.703689;-0.144291243;1.281494117;5.979396028;2.505939605;1.214445591;0.602634636;0.798017227;5.979396028
17:22:35.714676;-0.119493093;1.483493467;5.943564175;2.534626699;1.288871884;0.542053356;0.840344072;5.943564175
17:22:35.724710;-0.094765023;1.645394016;5.906847162;2.561812674;1.351065159;0.478511569;0.878081248;5.906847162
17:22:35.734807;-0.071688295;1.773570498;5.871706436;2.586119418;1.408778906;0.412356317;0.911022649;5.871706436
17:22:35.745314;-0.050964847;1.828628424;5.835767489;2.609392171;1.462039828;0.343948919;0.938988361;5.835767489
17:22:35.755750;-0.023370581;1.986975819;5.798977617;2.633866887;1.518030763;0.27366299;0.961825643;5.798977617
17:22:35.765924;0.031179653;2.637344647;5.767942383;2.663056712;1.583666801;0.201882409;0.979409768;5.767942383
17:22:35.776836;0.064393786;2.716815597;5.73709024;2.695168636;1.650828242;0.128999217;0.991644696;5.73709024
17:22:35.787309;0.097546494;2.831499815;5.71072363;2.726479545;1.718279839;0.055411475;0.998463604;5.71072363
17:22:35.798526;0.135724923;2.979209063;5.686227751;2.762927068;1.79617703;-0.018478905;0.99982925;5.686227751
17:22:35.808147;0.163665265;2.937123998;5.66494501;2.798920302;1.883742213;-0.092268359;0.995734176;5.66494501
17:22:35.818695;0.19880438;3.024231667;5.646676914;2.839581543;1.975709915;-0.165553876;0.986200747;5.646676914
17:22:35.829136;0.201865757;2.480007267;5.627093655;2.876932016;2.058687687;-0.237935195;0.971281032;5.627093655
17:22:35.838319;0.229855706;2.537238084;5.610901224;2.917598017;2.133337259;-0.309016994;0.951056516;5.610901224
17:22:35.849979;0.266090452;2.692222468;5.599099227;2.967115913;2.20570302;-0.37841105;0.92563766;5.599099227
17:22:35.861615;0.297189903;2.72862687;5.592300784;3.020864531;2.272401333;-0.445738356;0.895163291;5.592300784
17:22:35.870781;0.325446748;2.740800531;5.590305782;3.075508857;2.335870028;-0.510631193;0.859799851;5.590305782
17:22:35.881806;0.373624542;3.076757751;5.597162845;-3.139854706;2.382563591;-0.57273514;0.819740483;5.597162845
17:22:35.892530;0.395957811;2.854033574;5.607865395;-3.065414857;2.420565128;-0.631711006;0.775203976;5.607865395
17:22:35.903435;0.415016227;2.657768811;5.620127124;-2.996019078;2.46426177;-0.687236686;0.726433574;5.620127124
17:22:35.913204;0.432254262;2.466895402;5.634707658;-2.924489521;2.512661934;-0.739008917;0.673695644;5.634707658
17:22:35.924075;0.449275147;2.296308679;5.652235275;-2.84744467;2.567285538;-0.786744938;0.617278221;5.652235275
17:22:35.933918;0.466611753;2.181060296;5.671093921;-2.771520893;2.629265785;-0.830184031;0.557489439;5.671093921
17:22:35.944561;0.476262165;1.926188732;5.691527037;-2.69061797;2.699407578;-0.869088946;0.494655843;5.691527037
17:22:35.955376;0.489009345;1.773776452;5.713445264;-2.606256058;2.774138927;-0.903247199;0.429120609;5.713445264
17:22:35.965379;0.508885785;1.813708492;5.735319409;-2.526724478;2.850154161;-0.932472229;0.361241666;5.735319409
17:22:35.976577;0.506846297;1.413543931;5.756745927;-2.442666292;2.928446293;-0.95660442;0.291389747;5.756745927
17:22:35.986092;0.513979061;1.272478824;5.775944887;-2.365390668;3.006719112;-0.975511968;0.219946358;5.775944887
17:22:35.997286;0.519773559;1.127439124;5.795185865;-2.284891605;3.082341194;-0.989091608;0.147301698;5.795185865
17:22:36.006751;0.526921316;1.041444532;5.812930729;-2.207664152;-3.129635096;-0.997269173;0.073852527;5.812930729
17:22:36.018145;0.527583063;0.845444045;5.829726165;-2.128169815;-3.059371471;-1;-1.22E-16;5.829726165
17:22:36.028223;0.527642766;0.677491517;5.844268865;-2.052287393;-2.991592407;-0.998507803;-0.054609215;5.844268865
17:22:36.038733;0.52440468;0.478184912;5.856343707;-1.980833982;-2.933866262;-0.994035667;-0.109055455;5.856343707
17:22:36.048749;0.521892441;0.332660202;5.866550987;-1.911591423;-2.88208437;-0.986596938;-0.163176231;5.866550987
17:22:36.058761;0.515760447;0.148973193;5.875110513;-1.841573578;-2.838069201;-0.976213815;-0.216810024;5.875110513
17:22:36.068988;0.506369792;-0.067291736;5.881336959;-1.776140372;-2.798410892;-0.962917287;-0.269796771;5.881336959
17:22:36.079586;0.495984386;-0.247527268;5.885950927;-1.708431565;-2.755733728;-0.946747036;-0.321978339;5.885950927
17:22:36.090315;0.487650397;-0.353728192;5.88871614;-1.642642491;-2.713130236;-0.927751319;-0.373198996;5.88871614
17:22:36.101159;0.479517909;-0.444497929;5.889729637;-1.58232194;-2.668423414;-0.905986827;-0.423305882;5.889729637
17:22:36.110384;0.47887138;-0.368382404;5.889260682;-1.523219695;-2.621365309;-0.881518515;-0.472149456;5.889260682
17:22:36.120824;0.481526561;-0.241988283;5.887205097;-1.465960495;-2.573120832;-0.854419405;-0.51958395;5.887205097
17:22:36.131151;0.479885054;-0.226073519;5.883562943;-1.410118294;-2.526687622;-0.824770371;-0.565467802;5.883562943
17:22:36.142277;0.482201718;-0.138363524;5.877736452;-1.351825434;-2.484005213;-0.792659899;-0.609664075;5.877736452
17:22:36.152253;0.492388906;0.090793476;5.870207012;-1.299955065;-2.44382143;-0.758183818;-0.652040872;5.870207012
17:22:36.163869;0.504576781;0.288682829;5.859195266;-1.244796112;-2.404769182;-0.721445018;-0.692471722;5.859195266
17:22:36.173130;0.510200957;0.342416711;5.847394101;-1.197531156;-2.365444183;-0.682553143;-0.730835964;5.847394101
17:22:36.185136;0.513490348;0.329453978;5.831545613;-1.144184545;-2.329964399;-0.641624261;-0.767019105;5.831545613
17:22:36.195163;0.519536586;0.381650657;5.81610015;-1.099991599;-2.297068357;-0.598780521;-0.800913159;5.81610015
17:22:36.206061;0.525881297;0.429174005;5.799176996;-1.057411866;-2.266460896;-0.554149783;-0.832416973;5.799176996
17:22:36.216682;0.529804597;0.417462868;5.780648663;-1.014648752;-2.235074759;-0.507865245;-0.861436529;5.780648663
17:22:36.227276;0.534064547;0.413636973;5.761133437;-0.972447411;-2.198512077;-0.460065038;-0.887885218;5.761133437
17:22:36.238066;0.54188094;0.47796517;5.740863339;-0.931581531;-2.159385204;-0.410891815;-0.91168411;5.740863339
17:22:36.248048;0.537366255;0.292909554;5.722421998;-0.892174305;-2.119211912;-0.36049233;-0.932762178;5.722421998
17:22:36.258601;0.533494637;0.161028485;5.70413234;-0.850110158;-2.078244209;-0.309016994;-0.951056516;5.70413234
17:22:36.268528;0.529240767;0.048060407;5.687163534;-0.807080061;-2.036466122;-0.25661943;-0.966512529;5.687163534
17:22:36.278852;0.524000899;-0.063415075;5.672086054;-0.763726098;-1.991868854;-0.203456013;-0.979084088;5.672086054
17:22:36.289466;0.517701562;-0.175044814;5.658902467;-0.719492505;-1.94598496;-0.149685403;-0.988733675;5.658902467
17:22:36.300530;0.510159446;-0.279791321;5.646855348;-0.670527136;-1.900952101;-0.095468073;-0.995432492;5.646855348
17:22:36.311218;0.50193022;-0.375512365;5.636833305;-0.619331171;-1.863771439;-0.040965829;-0.999160548;5.636833305
17:22:36.322004;0.481669808;-0.677407257;5.630771232;-0.564839763;-1.830992103;0.013658674;-0.999906716;5.630771232
17:22:36.332282;0.473939676;-0.694502383;5.626545864;-0.512031236;-1.80640316;0.068242413;-0.997668769;5.626545864
17:22:36.342097;0.462327919;-0.785577054;5.624261084;-0.457509064;-1.791470766;0.122622491;-0.992453387;5.624261084
17:22:36.353110;0.430153553;-1.224125548;5.627227609;-0.39376775;-1.779763818;0.176636614;-0.984276133;5.627227609
17:22:36.363387;0.433211584;-0.922822703;5.628804138;-0.331243745;-1.768611312;0.230123585;-0.973161413;5.628804138
17:22:36.374288;0.420272058;-0.975447579;5.631763875;-0.266852383;-1.756121516;0.282923777;-0.959142396;5.631763875
17:22:36.384382;0.423329211;-0.720595487;5.632670742;-0.208321201;-1.738612294;0.334879612;-0.942260922;5.632670742
17:22:36.394962;0.39868001;-1.065948295;5.636532232;-0.14770785;-1.714060187;0.385836035;-0.922567371;5.636532232
17:22:36.405845;0.38678618;-1.074145433;5.640785689;-0.082865655;-1.688186646;0.435640972;-0.900120516;5.640785689
17:22:36.416587;0.369915701;-1.169100975;5.645714053;-0.016469639;-1.665192485;0.484145785;-0.874987348;5.645714053
17:22:36.426488;0.353177576;-1.257503693;5.650573934;0.047072522;-1.636598229;0.531205717;-0.847242873;5.650573934
17:22:36.436997;0.347804269;-1.112720947;5.653097958;0.106513844;-1.598886013;0.576680322;-0.816969893;5.653097958
17:22:36.448329;0.334233541;-1.140850667;5.654758995;0.169395897;-1.550274611;0.620433886;-0.784258754;5.654758995
17:22:36.457397;0.300551056;-1.577306541;5.658604421;0.230579705;-1.495264292;0.662335832;-0.749207078;5.658604421
17:22:36.469154;0.278454791;-1.675370959;5.662232947;0.294704289;-1.440550208;0.702261108;-0.711919474;5.662232947
17:22:36.479800;0.278454791;-1.340296767;5.661125171;0.350765553;-1.38540566;0.74009056;-0.672507222;5.661125171
17:22:36.489913;0.231918436;-1.88113267;5.663603802;0.418402385;-1.329568505;0.775711291;-0.631087944;5.663603802
17:22:36.500726;0.209627504;-1.911131791;5.66414046;0.481103475;-1.264919996;0.809016994;-0.587785252;5.66414046
17:22:36.511507;0.185136661;-2.013403044;5.663540781;0.537768245;-1.19914186;0.839908273;-0.542728378;5.663540781
17:22:36.520961;0.162661181;-2.05353034;5.661630334;0.593344836;-1.1287992;0.868292936;-0.496051789;5.661630334
17:22:36.532689;0.140203759;-2.055362027;5.657999212;0.651339616;-1.054196715;0.894086271;-0.447894786;5.657999212
17:22:36.542263;0.121910219;-2.005948646;5.652676001;0.703232071;-0.975848734;0.917211302;-0.39840109;5.652676001
17:22:36.552978;0.10472062;-1.936890293;5.645437861;0.754471412;-0.896554232;0.937599013;-0.347718408;5.645437861
17:22:36.563892;0.087474924;-1.866381792;5.636093478;0.806530795;-0.816835642;0.95518856;-0.295997997;5.636093478
17:22:36.574913;0.073098654;-1.756786583;5.624857794;0.856694726;-0.73627156;0.96992745;-0.243394213;5.624857794
17:22:36.584195;0.03633239;-2.131979919;5.615803068;0.904524624;-0.660210133;0.981771694;-0.190064044;5.615803068
17:22:36.594505;0.018490311;-2.054073644;5.605902856;0.952079901;-0.585324526;0.990685946;-0.136166649;5.605902856
17:22:36.605345;0.018490311;-1.643258915;5.593661429;0.997242584;-0.514738381;0.996643602;-0.08186288;5.593661429
17:22:36.615520;-0.002190697;-1.695584985;5.580998437;1.045241794;-0.442692041;0.999626881;-0.027314799;5.580998437
17:22:36.625682;-0.015707449;-1.624749368;5.569116323;1.089537984;-0.370972186;0.999626881;0.027314799;5.569116323
17:22:36.637049;-0.043361185;-1.811034024;5.557853876;1.138464528;-0.302324265;0.996643602;0.08186288;5.557853876
17:22:36.648111;-0.0544766;-1.655698887;5.546894097;1.187172044;-0.233536303;0.990685946;0.136166649;5.546894097
17:22:36.658696;-0.065272746;-1.525636424;5.536559669;1.236346335;-0.170805037;0.981771694;0.190064044;5.536559669
17:22:36.669660;-0.074025679;-1.381222248;5.526956377;1.286997897;-0.099458948;0.96992745;0.243394213;5.526956377
17:22:36.679869;-0.084119633;-1.29136678;5.518729191;1.338588127;-0.026382586;0.95518856;0.295997997;5.518729191
17:22:36.690522;-0.093204088;-1.213482837;5.512484221;1.38789569;0.055712141;0.937599013;0.347718408;5.512484221
17:22:36.700550;-0.102293213;-1.148698328;5.507726983;1.439437061;0.132797599;0.917211302;0.39840109;5.507726983
17:22:36.711069;-0.111022228;-1.083766043;5.504557074;1.494592229;0.205144942;0.894086271;0.447894786;5.504557074
17:22:36.722042;-0.1201071;-1.03369206;5.50316177;1.553193047;0.280030876;0.868292936;0.496051789;5.50316177
17:22:36.733169;-0.129192198;-0.992691839;5.503496656;1.613860504;0.348073065;0.839908273;0.542728378;5.503496656
17:22:36.744054;-0.138276022;-0.963216773;5.505169101;1.674681743;0.415807575;0.809016994;0.587785252;5.505169101
17:22:36.754516;-0.146958594;-0.930593958;5.507681199;1.736947894;0.475609243;0.775711291;0.631087944;5.507681199
17:22:36.764774;-0.15402992;-0.877924268;5.510325409;1.797975233;0.537901759;0.74009056;0.672507222;5.510325409
17:22:36.775080;-0.154198147;-0.705675333;5.512679487;1.855917631;0.595873833;0.702261108;0.711919474;5.512679487
17:22:36.789960;-0.155061185;-0.580973134;5.514290667;1.915442378;0.65246284;0.662335832;0.749207078;5.514290667
17:22:36.797379;-0.155061185;-0.464778507;5.514326094;1.979407785;0.717451394;0.620433886;0.784258754;5.514326094
17:22:36.808000;-0.154648377;-0.364020611;5.512073646;2.0354975;0.789318264;0.576680322;0.816969893;5.512073646
17:22:36.817974;-0.146010515;-0.128049383;5.507848918;2.089613575;0.875454366;0.531205717;0.847242873;5.507848918
17:22:36.828792;-0.139146478;0.033237816;5.501442602;2.138906943;0.947636843;0.484145785;0.874987348;5.501442602
17:22:36.838814;-0.133632248;0.135436339;5.492293543;2.185455976;1.021300435;0.435640972;0.900120516;5.492293543
17:22:36.849067;-0.127871811;0.222403196;5.480300127;2.228883988;1.086839318;0.385836035;0.922567371;5.480300127
17:22:36.860262;-0.119767702;0.326064247;5.464272035;2.272732285;1.155923128;0.334879612;0.942260922;5.464272035
17:22:36.869634;-0.111354915;0.42409185;5.446339953;2.311032621;1.222256184;0.282923777;0.959142396;5.446339953
17:22:36.880776;-0.100016715;0.559983653;5.426269914;2.346819969;1.282685518;0.230123585;0.973161413;5.426269914
17:22:36.890992;-0.063365646;1.176189134;5.40817569;2.383259644;1.345261812;0.176636614;0.984276133;5.40817569
17:22:36.900232;-0.039487265;1.402885418;5.389336711;2.420238792;1.39974618;0.122622491;0.992453387;5.389336711
17:22:36.911624;-0.011414668;1.642950237;5.370094286;2.459014277;1.453539848;0.068242413;0.997668769;5.370094286
17:22:36.922393;0.016236498;1.827865096;5.351287285;2.497943561;1.505222321;0.013658674;0.999906716;5.351287285
17:22:36.933270;0.046003487;2.013734601;5.333383348;2.537719621;1.566767812;-0.040965829;0.999160548;5.333383348
17:22:36.944071;0.073118784;2.108108662;5.31592898;2.57835555;1.63420403;-0.095468073;0.995432492;5.31592898
17:22:36.954748;0.101760995;2.224299238;5.30001953;2.618987005;1.700808525;-0.149685403;0.988733675;5.30001953
17:22:36.964290;0.127013185;2.280058566;5.285759923;2.658127145;1.766634226;-0.203456013;0.979084088;5.285759923
17:22:36.975601;0.149123047;2.230841408;5.270827413;2.700574854;1.834806323;-0.25661943;0.966512529;5.270827413
17:22:36.985411;0.140897921;1.622057155;5.25202203;2.734996578;1.918647647;-0.309016994;0.951056516;5.25202203
17:22:36.997943;0.193786293;2.344136899;5.240373093;2.776377658;2.009393454;-0.36049233;0.932762178;5.240373093
17:22:37.005590;0.193786293;1.875309519;5.225584913;2.81484138;2.103624344;-0.410891815;0.91168411;5.225584913
17:22:37.016946;0.248602744;2.503736553;5.218219776;2.86452975;2.155483246;-0.460065038;0.887885218;5.218219776
17:22:37.027708;0.26834497;2.375828341;5.211939468;2.913481042;2.209556818;-0.507865245;0.861436529;5.211939468
17:22:37.037882;0.298299533;2.492589846;5.209185172;2.96346541;2.240892172;-0.554149783;0.832416973;5.209185172
17:22:37.048104;0.327237299;2.565745195;5.20963534;3.016657412;2.288560152;-0.598780521;0.800913159;5.20963534
17:22:37.058643;0.354276877;2.557878113;5.21308712;3.075887939;2.338368177;-0.641624261;0.767019105;5.21308712
17:22:37.068104;0.383223011;2.621446649;5.219599693;3.134908955;2.385160685;-0.682553143;0.730835964;5.219599693
17:22:37.078613;0.427039661;2.923832439;5.233006511;-3.079464047;2.426522017;-0.721445018;0.692471722;5.233006511
17:22:37.088983;0.450943484;2.810102491;5.247684464;-3.011596766;2.467417479;-0.758183818;0.652040872;5.247684464
17:22:37.098984;0.469751054;2.62151588;5.263099486;-2.94324284;2.510841131;-0.792659899;0.609664075;5.263099486
17:22:37.109696;0.488524835;2.443768616;5.28050382;-2.868718143;2.56213975;-0.824770371;0.565467802;5.28050382
17:22:37.119765;0.50527403;2.286749242;5.297113745;-2.798699653;2.608256817;-0.854419405;0.51958395;5.297113745
17:22:37.130873;0.517984321;2.072708366;5.314001436;-2.726377745;2.664956093;-0.881518515;0.472149456;5.314001436
17:22:37.141369;0.529667321;1.88208318;5.330455709;-2.65438298;2.724297523;-0.905986827;0.423305882;5.330455709
17:22:37.152079;0.53909885;1.680034372;5.346757586;-2.580325922;2.793705702;-0.927751319;0.373198996;5.346757586
17:22:37.162774;0.547496157;1.501618313;5.362051661;-2.507967464;2.870203733;-0.946747036;0.321978339;5.362051661
17:22:37.173730;0.553644806;1.316818607;5.376385037;-2.436478122;2.953573227;-0.962917287;0.269796771;5.376385037
17:22:37.183348;0.560791831;1.195097087;5.389457384;-2.369081874;3.034215689;-0.976213815;0.216810024;5.389457384
17:22:37.194797;0.565868651;1.048525694;5.402881655;-2.296389569;3.106109381;-0.986596938;0.163176231;5.402881655
17:22:37.205014;0.569213099;0.900002342;5.415268841;-2.224864673;-3.111199379;-0.994035667;0.109055455;5.415268841
17:22:37.215570;0.572126023;0.776969757;5.426047405;-2.158650556;-3.050555229;1;0;0
17:22:37.226556;0.572449334;0.627638424;5.436225852;-2.090544216;-2.992583752;1;0;0
17:22:37.237285;0.572449334;0.502110739;5.445536537;-2.022054392;-2.935530424;1;0;0
17:22:37.247193;0.572449334;0.401688591;5.453573875;-1.956468325;-2.88546896;1;0;0
17:22:37.258454;0.575579141;0.380907476;5.46080203;-1.891882213;-2.840744734;1;0;0
17:22:37.268978;0.573673825;0.269382074;5.466955435;-1.82681852;-2.80067873;1;0;0
17:22:37.278578;0.564571358;0.03477719;5.471218624;-1.767463963;-2.760216951;1;0;0
17:22:37.289361;0.556418615;-0.133246687;5.474247208;-1.709032346;-2.72112298;1;0;0
17:22:37.299504;0.547255486;-0.275387041;5.476220488;-1.647611066;-2.680936337;1;0;0
17:22:37.310463;0.537070096;-0.421874641;5.476996204;-1.591486342;-2.6369102;1;0;0
17:22:37.320573;0.526571072;-0.546055195;5.476889586;-1.53644862;-2.591583729;1;0;0
17:22:37.331538;0.518334868;-0.587683645;5.475905684;-1.4776267;-2.54341507;1;0;0
17:22:37.341286;0.509804012;-0.639134042;5.4742908;-1.423961794;-2.494556427;1;0;0
17:22:37.351225;0.505538124;-0.592758985;5.471852536;-1.369070794;-2.446089983;1;0;0
17:22:37.361899;0.504302614;-0.498743197;5.468668041;-1.317163592;-2.399242163;1;0;0
17:22:37.371982;0.504430328;-0.396610001;5.464291079;-1.262984088;-2.35308814;1;0;0
17:22:37.383712;0.505434216;-0.300208876;5.458252689;-1.20482;-2.309796095;1;0;0
17:22:37.396436;0.508696317;-0.180443079;5.451334955;-1.152149149;-2.267786026;1;0;0
17:22:37.405247;0.509710028;-0.124322204;5.444019069;-1.104329622;-2.228061676;1;0;0
17:22:37.416039;0.511970982;-0.056444883;5.43548441;-1.055676041;-2.190603971;1;0;0
17:22:37.426843;0.512973707;-0.026656184;5.42597037;-1.006318174;-2.152325869;1;0;0
17:22:37.436693;0.513231008;-0.016243321;5.416672023;-0.960716109;-2.114808559;1;0;0
17:22:37.447472;0.514244477;0.00643625;5.406769975;-0.91416564;-2.078178167;1;0;0
17:22:37.457973;0.5152577;0.024044186;5.396438448;-0.866566789;-2.040728092;1;0;0
17:22:37.468940;0.516528495;0.042687136;5.385993844;-0.818584293;-2.000821829;1;0;0
17:22:37.479336;0.5185537;0.073544939;5.376117861;-0.773135417;-1.959640384;1;0;0
17:22:37.489875;0.517549093;0.040123445;5.366413567;-0.725167349;-1.917078614;1;0;0
17:22:37.500104;0.517549093;0.032098756;5.357735437;-0.67950368;-1.874505877;1;0;0
17:22:37.510819;0.521725468;0.103187759;5.348345921;-0.631206536;-1.835760832;1;0;0
17:22:37.521625;0.520720344;0.063982017;5.339638206;-0.582059025;-1.797285557;1;0;0
17:22:37.531436;0.514423375;-0.07340481;5.332951647;-0.53480508;-1.758034706;1;0;0
17:22:37.542325;0.498553823;-0.358609618;5.328973346;-0.482361814;-1.716809154;1;0;0
17:22:37.553174;0.491110472;-0.424521183;5.32609463;-0.427616511;-1.676026464;1;0;0
17:22:37.563164;0.48784213;-0.40056384;5.323337497;-0.373264329;-1.638502836;1;0;0
17:22:37.573884;0.484803796;-0.380543977;5.320570142;-0.322214714;-1.602761388;1;0;0
17:22:37.584667;0.478724941;-0.419160924;5.317836968;-0.26857814;-1.569436789;1;0;0
17:22:37.593987;0.475459515;-0.400186175;5.314585659;-0.218296429;-1.541337729;1;0;0
17:22:37.604667;0.46498068;-0.518220803;5.311667725;-0.164995294;-1.520705581;1;0;0
17:22:37.615807;0.452476736;-0.651589315;5.309253257;-0.111375493;-1.506510854;1;0;0
17:22:37.626879;0.443121945;-0.692151887;5.3061353;-0.056377209;-1.494762421;1;0;0
17:22:37.637557;0.4370085;-0.666796098;5.301407331;-0.003752076;-1.47827065;1;0;0
17:22:37.647118;0.418386273;-0.901848932;5.29779702;0.046216341;-1.454429388;1;0;0
17:22:37.657097;0.400741278;-1.070956336;5.294508359;0.096410819;-1.421596766;1;0;0
17:22:37.667116;0.380931542;-1.250116997;5.291635132;0.146854021;-1.385385633;1;0;0
17:22:37.678670;0.367379807;-1.251031689;5.287197155;0.199550349;-1.346435547;1;0;0
17:22:37.689442;0.33117592;-1.673212213;5.28570143;0.254987759;-1.303700924;1;0;0
17:22:37.699365;0.321714078;-1.526549698;5.281590179;0.304069924;-1.25577426;1;0;0
17:22:37.710002;0.306122813;-1.514416092;5.27569831;0.354326563;-1.203359604;1;0;0
17:22:37.720158;0.29988507;-1.335118104;5.26693402;0.398777782;-1.148451328;1;0;0
17:22:37.730287;0.289470056;-1.273755208;5.256055729;0.441193072;-1.08939302;1;0;0
17:22:37.740808;0.286413839;-1.079661595;5.24203428;0.480069125;-1.030288696;1;0;0
17:22:37.750394;0.277042147;-1.049475713;5.226196744;0.517051088;-0.975399256;1;0;0
17:22:37.761210;0.268779811;-0.993609839;5.207319496;0.554143805;-0.925111473;1;0;0
17:22:37.771164;0.259412708;-0.97025148;5.186805718;0.589153516;-0.875865936;1;0;0
17:22:37.781785;0.250103484;-0.960873847;5.166088524;0.620626861;-0.830651045;1;0;0
17:22:37.791684;0.240788107;-0.947200968;5.143438161;0.651780621;-0.784634829;1;0;0
17:22:37.802936;0.230423394;-0.95271497;5.11940517;0.682312231;-0.740471065;1;0;0
17:22:37.813382;0.213801985;-1.077910202;5.095784005;0.712469066;-0.696041882;1;0;0
17:22:37.823708;0.204433757;-1.047355015;5.072273623;0.740443074;-0.653256357;1;0;0
17:22:37.833401;0.196055803;-1.003933989;5.048128461;0.767361372;-0.610973239;1;0;0
17:22:37.844750;0.184638492;-1.018888343;5.02264509;0.795175521;-0.568566442;1;0;0
17:22:37.853908;0.177302694;-0.960527407;4.997784691;0.820866148;-0.52620858;1;0;0
17:22:37.864619;0.177302694;-0.768421925;4.971283539;0.845237969;-0.481136203;1;0;0
17:22:37.874632;0.177302694;-0.61473754;4.942469309;0.869203061;-0.435699582;1;0;0
17:22:37.885842;0.155308223;-0.903763353;4.915671107;0.895036455;-0.392914653;1;0;0
17:22:37.896482;0.149013334;-0.842221089;4.889189851;0.920330261;-0.356230974;1;0;0
17:22:37.907190;0.142696557;-0.791155476;4.862440149;0.946059808;-0.321669549;1;0;0
17:22:37.918034;0.13639806;-0.750171273;4.836176703;0.971897535;-0.284932792;1;0;0
17:22:37.928232;0.129052691;-0.738293598;4.810948232;0.997959978;-0.245679915;1;0;0
17:22:37.941003;0.121665972;-0.737362638;4.787953126;1.02328855;-0.203475922;1;0;0
17:22:37.948973;0.112223933;-0.77476747;4.765908571;1.050037156;-0.148213252;1;0;0
17:22:37.958547;0.101677686;-0.827229895;4.745475117;1.077964831;-0.089967117;1;0;0
17:22:37.970029;0.093138203;-0.820566532;4.725356743;1.108780943;-0.020522282;1;0;0
17:22:37.979901;0.079437889;-0.927016536;4.708431967;1.139624788;0.043480489;1;0;0
17:22:37.990785;0.043415851;-1.406339551;4.694719319;1.176867933;0.082749203;1;0;0
17:22:38.001618;0.024203287;-1.479030982;4.68353356;1.21658574;0.067950502;1;0;0
17:22:38.011417;0.006025551;-1.543926849;4.675295943;1.25551179;0.016853258;1;0;0
17:22:38.023089;-0.010078154;-1.547839524;4.66877011;1.297106559;-0.035171229;1;0;0
17:22:38.031495;-0.021014082;-1.454755335;4.663780208;1.339260519;-0.085931338;1;0;0
17:22:38.042805;-0.024327315;-1.226591381;4.659575933;1.384254172;-0.109291166;1;0;0
17:22:38.052223;-0.022264982;-0.940313377;4.656347226;1.42793061;-0.075674966;1;0;0
17:22:38.063298;-0.013811015;-0.589897448;4.653724885;1.473786203;0.036620814;1;0;0
17:22:38.073236;-0.005336078;-0.304536168;4.652061816;1.519239613;0.223651618;1;0;0
17:22:38.084300;0.001089558;-0.123944586;4.65141323;1.568538605;0.455216676;1;0;0
17:22:38.095048;6.92E-05;-0.117800608;4.651908928;1.619944854;0.691915631;1;0;0
17:22:38.105666;0.007519011;0.048114634;4.653379192;1.670111198;0.892986119;1;0;0
17:22:38.115654;0.006480105;0.019319458;4.655522957;1.722697622;1.046335459;1;0;0
17:22:38.126480;0.003348544;-0.042435815;4.657768727;1.775322478;1.153915286;1;0;0
17:22:38.139402;-0.011543521;-0.307582293;4.658908921;1.827167739;1.21412611;1;0;0
17:22:38.148764;-0.008483196;-0.188126724;4.659425317;1.876904125;1.255002856;1;0;0
17:22:38.158908;-0.015112759;-0.27914159;4.658296362;1.923795826;1.28408277;1;0;0
17:22:38.168320;-0.022542068;-0.370861778;4.65514356;1.967539018;1.287957191;1;0;0
17:22:38.179392;-0.022771836;-0.30105081;4.650040806;2.011459956;1.26388824;1;0;0
17:22:38.190292;-0.031445301;-0.400476218;4.641667738;2.053573485;1.222594976;1;0;0
17:22:38.201051;-0.027603884;-0.249176893;4.631510536;2.093446649;1.202893853;1;0;0
17:22:38.210963;-0.026591292;-0.180070985;4.619413673;2.129961896;1.190083861;1;0;0
17:22:38.221688;-0.024552291;-0.103557015;4.605852295;2.16284789;1.211566687;1;0;0
17:22:38.232581;-0.023532961;-0.063674355;4.589250884;2.195138761;1.253419399;1;0;0
17:22:38.242595;-0.023540119;-0.051077105;4.570584308;2.224116642;1.34496367;1;0;0
17:22:38.252756;-0.022521026;-0.020763151;4.550248669;2.250029969;1.47977066;1;0;0
17:22:38.263903;-0.022527941;-0.016738481;4.526141524;2.274979851;1.634040117;1;0;0
17:22:38.274728;-0.023790505;-0.036777079;4.4994708;2.297038074;1.73736167;1;0;0
17:22:38.285377;-0.023736046;-0.028416203;4.470528337;2.316681952;1.764412522;1;0;0
17:22:38.295331;-0.022716287;-0.00251189;4.441980257;2.333081457;1.719339371;1;0;0
17:22:38.305220;-0.020677154;0.037037821;4.411209944;2.348545629;1.610344291;1;0;0
17:22:38.316203;-0.020677154;0.029630256;4.380282017;2.36189279;1.460736394;1;0;0
17:22:38.325571;-0.024009191;-0.042444021;4.347837206;2.373414161;1.279139519;1;0;0
17:22:38.337664;-0.02299023;-0.016320676;4.310019823;2.385624411;1.122017026;1;0;0
17:22:38.348171;-0.026565428;-0.078830902;4.273296233;2.395556128;0.981479645;1;0;0
17:22:38.358699;-0.027592117;-0.083005525;4.238155243;2.404237951;0.851994157;1;0;0
17:22:38.369553;-0.029890244;-0.109578827;4.201407433;2.412412945;0.696960747;1;0;0
17:22:38.379657;-0.032954001;-0.148193275;4.16607702;2.419434652;0.526843727;1;0;0
17:22:38.390555;-0.031105467;-0.084309961;4.129000359;2.427134765;0.39305678;1;0;0
17:22:38.401405;-0.030088114;-0.048771745;4.092055017;2.434971875;0.285021424;1;0;0
17:22:38.410608;-0.032126738;-0.079376241;4.057711527;2.441794611;0.24181211;1;0;0
17:22:38.421480;-0.031108243;-0.043272037;4.023959674;2.448732425;0.213387579;1;0;0
17:22:38.430771;-0.033410537;-0.080214909;3.990019281;2.45525585;0.214621261;1;0;0
17:22:38.441508;-0.034428387;-0.083900592;3.955531102;2.461760371;0.21157822;1;0;0
17:22:38.452259;-0.03646245;-0.106900085;3.921397941;2.467904165;0.200656623;1;0;0
17:22:38.461813;-0.037749777;-0.110440425;3.887150442;2.473993354;0.181218028;1;0;0
17:22:38.472736;-0.039782459;-0.128702923;3.853891003;2.479729371;0.143865258;1;0;0
17:22:38.482400;-0.039782459;-0.102962338;3.821104662;2.485687906;0.110624939;1;0;0
17:22:38.492558;-0.043103768;-0.14818874;3.788315827;2.491296701;0.079541847;1;0;0
17:22:38.502029;-0.043103768;-0.118550992;3.756241329;2.497213293;0.070046872;1;0;0
17:22:38.512744;-0.043103768;-0.094840793;3.724825989;2.503477763;0.069204256;1;0;0
17:22:38.523122;-0.044118553;-0.096021604;3.693919448;2.509934492;0.071314126;1;0;0
17:22:38.533013;-0.044118553;-0.076817283;3.663609049;2.51683592;0.074336231;1;0;0
17:22:38.543603;-0.042088421;-0.023133802;3.633037531;2.524920161;0.081508659;1;0;0
17:22:38.553717;-0.043106755;-0.038640409;3.604400051;2.532888589;0.089933284;1;0;0
17:22:38.563616;-0.04412525;-0.050243998;3.575167108;2.541480703;0.091780894;1;0;0
17:22:38.573966;-0.04412525;-0.040195198;3.54699139;2.550516668;0.097176015;1;0;0
17:22:38.584287;-0.046159252;-0.071761959;3.519700503;2.559516908;0.101713508;1;0;0
17:22:38.595233;-0.047178064;-0.077550511;3.493414094;2.568705069;0.106941573;1;0;0
17:22:38.605866;-0.04819285;-0.081491629;3.466919022;2.57852188;0.100303769;1;0;0
17:22:38.615036;-0.050226039;-0.105328963;3.441588705;2.588187967;0.088555947;1;0;0
17:22:38.625632;-0.050301138;-0.085713172;3.416472114;2.598590155;0.078328818;1;0;0
17:22:38.637004;-0.052612757;-0.111800255;3.390878204;2.609396382;0.06348639;1;0;0
17:22:38.648035;-0.052332884;-0.084333447;3.365543226;2.621088876;0.055526897;1;0;0
17:22:38.657782;-0.052332884;-0.067466758;3.342853774;2.63233037;0.050454617;1;0;0
17:22:38.668770;-0.054364213;-0.091330341;3.31872319;2.644422283;0.052492775;1;0;0
17:22:38.680289;-0.054364213;-0.073064273;3.293945239;2.657674572;0.050778285;1;0;0
17:22:38.690450;-0.055382601;-0.077930894;3.271809107;2.669863756;0.049698576;1;0;0
17:22:38.701596;-0.055382601;-0.062344715;3.249428011;2.682791696;0.055584971;1;0;0
17:22:38.711509;-0.055382601;-0.049875772;3.228939115;2.695095164;0.05761952;1;0;0
17:22:38.722082;-0.056676892;-0.064112563;3.207414977;2.707977312;0.065078273;1;0;0
17:22:38.733913;-0.055658504;-0.034278404;3.18396033;2.722783747;0.073542841;1;0;0
17:22:38.744999;-0.055658504;-0.027422723;3.16293777;2.736240842;0.088802889;1;0;0
17:22:38.755211;-0.055658504;-0.021938179;3.143607244;2.748657874;0.103742607;1;0;0
17:22:38.764957;-0.054640265;0.00266225;3.124547541;2.761174597;0.115661763;1;0;0
17:22:38.775646;-0.054640265;0.0021298;3.104733894;2.773971536;0.133251935;1;0;0
17:22:38.785150;-0.053345974;0.027270707;3.085768584;2.786344985;0.150792107;1;0;0
17:22:38.796422;-0.052327885;0.041364928;3.066308484;2.798925407;0.159871161;1;0;0
17:22:38.806811;-0.051233819;0.052676043;3.045404707;2.812165059;0.170596614;1;0;0
17:22:38.817720;-0.051233819;0.042140834;3.024601897;2.824514189;0.177682251;1;0;0
17:22:38.828572;-0.050215007;0.053940028;3.005258888;2.83554273;0.182032153;1;0;0
17:22:38.840302;-0.050215007;0.043152022;2.981575733;2.847931427;0.185818091;1;0;0
17:22:38.850742;-0.050215007;0.034521618;2.960516432;2.857928926;0.182731494;1;0;0
17:22:38.861478;-0.049196352;0.046683922;2.938695007;2.867625159;0.180396333;1;0;0
17:22:38.872264;-0.047159523;0.075406561;2.916725016;2.876992212;0.175330937;1;0;0
17:22:38.882731;-0.047159523;0.060325249;2.894261788;2.885477072;0.171053618;1;0;0
17:22:38.893498;-0.046141352;0.06763357;2.871748742;2.893267876;0.161409661;1;0;0
17:22:38.904177;-0.046141352;0.054106856;2.848235074;2.900392067;0.155506924;1;0;0
17:22:38.915055;-0.044843094;0.067349731;2.824305688;2.907066338;0.154103473;1;0;0
17:22:38.925135;-0.044843094;0.053879785;2.80140923;2.912624142;0.149714157;1;0;0
17:22:38.935692;-0.043825257;0.062125017;2.776985017;2.91805068;0.140269235;1;0;0
17:22:38.947485;-0.043825257;0.049700013;2.751704238;2.922907546;0.128604531;1;0;0
17:22:38.956718;-0.04280759;0.059592972;2.727820374;2.927140407;0.114714198;1;0;0
17:22:38.966679;-0.04280759;0.047674378;2.703342858;2.930927841;0.101264417;1;0;0
17:22:38.977535;-0.041790095;0.057131858;2.678163505;2.93457951;0.088359907;1;0;0
17:22:38.987483;-0.041790095;0.045705486;2.654161851;2.937631694;0.08380457;1;0;0
17:22:38.998055;-0.039481889;0.08239735;2.630699116;2.940784304;0.085143328;1;0;0
17:22:39.008170;-0.037452983;0.10432834;2.606388753;2.944137279;0.086936571;1;0;0
17:22:39.019472;-0.037365361;0.085082444;2.581363216;2.94717536;0.089465126;1;0;0
17:22:39.029883;-0.035058758;0.113860685;2.558419101;2.950119574;0.094814241;1;0;0
17:22:39.039981;-0.033023313;0.13069653;2.535289271;2.953166344;0.095157743;1;0;0
17:22:39.050712;-0.032011379;0.12458426;2.512592997;2.955976347;0.103257626;1;0;0
17:22:39.060507;-0.029981441;0.139200972;2.48977756;2.958846847;0.109214418;1;0;0
17:22:39.071112;-0.028690351;0.13520349;2.465783731;2.961687749;0.115851179;1;0;0
17:22:39.081897;-0.028690351;0.108162792;2.442013402;2.964008467;0.11622446;1;0;0
17:22:39.092559;-0.026661185;0.124445685;2.418310418;2.966317267;0.107074507;1;0;0
17:22:39.102544;-0.025644305;0.119754344;2.396002038;2.968247245;0.09737552;1;0;0
17:22:39.112620;-0.023343593;0.141412913;2.373889535;2.970196084;0.088539474;1;0;0
17:22:39.123177;-0.022327101;0.132492849;2.350823929;2.97193448;0.079110108;1;0;0
17:22:39.133441;-0.022327101;0.105994279;2.328445149;2.973126093;0.064830728;1;0;0
17:22:39.144479;-0.020294711;0.12211055;2.30442127;2.974335666;0.054682031;1;0;0
17:22:39.154424;-0.018166453;0.136907735;2.280641061;2.975436861;0.044038665;1;0;0
17:22:39.165041;-0.017896575;0.114659859;2.257365418;2.976017869;0.038432062;1;0;0
17:22:39.174950;-0.017896575;0.091727887;2.234828703;2.976097405;0.021302702;1;0;0
17:22:39.185608;-0.017896575;0.07338231;2.210729405;2.975700476;0.004573663;1;0;0
17:22:39.196995;-0.018913492;0.039629185;2.186221361;2.974631361;-0.016270168;1;0;0
17:22:39.209342;-0.019924787;0.014178154;2.159298736;2.972784778;-0.038418494;1;0;0
17:22:39.218874;-0.019924787;0.011342523;2.134711819;2.970728474;-0.062281225;1;0;0
17:22:39.229485;-0.020023882;0.007188566;2.109983891;2.968309762;-0.077526964;1;0;0
17:22:39.239472;-0.020023882;0.005750853;2.084865741;2.965534802;-0.087865189;1;0;0
17:22:39.250426;-0.021039978;-0.01547065;2.060765583;2.962421582;-0.101242043;1;0;0
17:22:39.260841;-0.020769696;-0.007413278;2.034902335;2.958861982;-0.105318628;1;0;0
17:22:39.270543;-0.01975935;0.01411369;2.011168776;2.955522892;-0.104024813;1;0;0
17:22:39.280766;-0.01874846;0.031276557;1.987553133;2.952133142;-0.096655689;1;0;0
17:22:39.291530;-0.017470139;0.048576717;1.962480068;2.948496346;-0.089573294;1;0;0
17:22:39.302837;-0.015447561;0.076880718;1.938298777;2.945066704;-0.075811222;1;0;0
17:22:39.313528;-0.015451763;0.061427134;1.913617204;2.941283218;-0.062490251;1;0;0
17:22:39.323055;-0.014176596;0.074467768;1.890955495;2.937777528;-0.051929142;1;0;0
17:22:39.334034;-0.014180885;0.059495137;1.866549335;2.93375092;-0.045578815;1;0;0
17:22:39.344478;-0.01418484;0.047517757;1.843866331;2.929795986;-0.034279581;1;0;0
17:22:39.354375;-0.013933568;0.042888201;1.820799922;2.925622223;-0.031228706;1;0;0
17:22:39.365409;-0.013933568;0.03431056;1.797980527;2.921316125;-0.034923233;1;0;0
17:22:39.375681;-0.012920219;0.047401607;1.775604827;2.917089294;-0.042399;1;0;0
17:22:39.385407;-0.012667876;0.042903358;1.753422622;2.912781655;-0.053826705;1;0;0
17:22:39.395272;-0.013685322;0.014531415;1.730821367;2.908092381;-0.06580162;1;0;0
17:22:39.405818;-0.012765264;0.029823299;1.708903848;2.903565229;-0.07418412;1;0;0
17:22:39.415625;-0.011750808;0.044011843;1.687402067;2.899159397;-0.075318724;1;0;0
17:22:39.425402;-0.011750808;0.035209475;1.665977678;2.894656004;-0.074867204;1;0;0
17:22:39.435821;-0.013535377;-0.00603645;1.643642049;2.889587879;-0.082527034;1;0;0
17:22:39.446581;-0.014552698;-0.023963446;1.62090161;2.884203967;-0.089328669;1;0;0
17:22:39.458284;-0.014555681;-0.019225898;1.59801869;2.878735923;-0.098065428;1;0;0
17:22:39.468276;-0.015573348;-0.035082635;1.576232618;2.873345642;-0.103664301;1;0;0
17:22:39.478235;-0.015573348;-0.028066108;1.554232511;2.867883255;-0.106123492;1;0;0
17:22:39.489167;-0.014558329;-0.002391324;1.53361897;2.862892565;-0.103073046;1;0;0
17:22:39.499004;-0.014558329;-0.00191306;1.512162877;2.857677474;-0.092527919;1;0;0
17:22:39.510058;-0.01659417;-0.039262308;1.490345075;2.852059549;-0.083052158;1;0;0
17:22:39.520041;-0.01761234;-0.051230332;1.469699044;2.846618863;-0.076828629;1;0;0
17:22:39.530951;-0.018630674;-0.059633033;1.447911203;2.840762556;-0.070387267;1;0;0
17:22:39.541382;-0.019727362;-0.069493729;1.427973242;2.835300377;-0.06606587;1;0;0
17:22:39.552121;-0.019727362;-0.055594983;1.407719326;2.829807484;-0.068339951;1;0;0
17:22:39.562209;-0.019727362;-0.044475986;1.388404208;2.824623497;-0.071715884;1;0;0
17:22:39.572881;-0.019727362;-0.035580789;1.368256005;2.819274633;-0.070256583;1;0;0
17:22:39.583487;-0.020744986;-0.046743443;1.347556403;2.813694201;-0.070306845;1;0;0
17:22:39.594390;-0.020744986;-0.037394755;1.328879549;2.808727923;-0.064064108;1;0;0
17:22:39.603988;-0.021760005;-0.050066273;1.310670743;2.803814765;-0.052996833;1;0;0
17:22:39.614650;-0.021760005;-0.040053019;1.292782541;2.799061095;-0.03536782;1;0;0
17:22:39.625009;-0.022777787;-0.050967301;1.273895123;2.793976916;-0.028702229;1;0;0
17:22:39.636197;-0.022777787;-0.040773841;1.255447331;2.789102381;-0.028084302;1;0;0
17:22:39.646309;-0.024810234;-0.072307169;1.237833554;2.784256491;-0.032892372;1;0;0
17:22:39.656332;-0.023795722;-0.037791309;1.220993347;2.779854687;-0.033682607;1;0;0
17:22:39.667333;-0.024813811;-0.048940133;1.203062592;2.775115906;-0.035928853;1;0;0
17:22:39.677899;-0.025832051;-0.058154018;1.185611686;2.77046462;-0.031506125;1;0;0
17:22:39.687490;-0.024817031;-0.026369594;1.169760534;2.766475817;-0.021008838;1;0;0
17:22:39.697775;-0.024817031;-0.021095675;1.153885501;2.762570018;-0.009496723;1;0;0
17:22:39.709969;-0.025590476;-0.030284525;1.136343089;2.758238466;0.001532722;1;0;0
17:22:39.720660;-0.025590476;-0.02422762;1.120412526;2.754410154;0.005763779;1;0;0
17:22:39.731173;-0.026609155;-0.038517457;1.104754725;2.7505978;0.010895068;1;0;0
17:22:39.741982;-0.026609155;-0.030813966;1.089509835;2.746991111;0.013271498;1;0;0
17:22:39.752027;-0.027627976;-0.044794766;1.075108928;2.743538122;0.014805761;1;0;0
17:22:39.762279;-0.028891454;-0.060178994;1.060431213;2.739944136;0.013780484;1;0;0
17:22:39.771993;-0.028960214;-0.049478086;1.046198634;2.736562468;0.011991166;1;0;0
17:22:39.783862;-0.029975233;-0.058150956;1.031262204;2.732981821;0.01151433;1;0;0
17:22:39.795836;-0.029975233;-0.046520765;1.015650617;2.729382956;0.009331518;1;0;0
17:22:39.806128;-0.030993162;-0.05626589;1.001609184;2.726120754;0.00859142;1;0;0
17:22:39.816249;-0.030993162;-0.045012712;0.987654094;2.723006698;0.01263079;1;0;0
17:22:39.827095;-0.030993162;-0.03601017;0.974183342;2.720123049;0.018071201;1;0;0
17:22:39.838047;-0.030993162;-0.028808136;0.961115973;2.717441705;0.022080371;1;0;0
17:22:39.848659;-0.032007674;-0.043189307;0.948956511;2.714902267;0.027854037;1;0;0
17:22:39.858789;-0.033025741;-0.053316678;0.935980699;2.712152458;0.029160911;1;0;0
17:22:39.869866;-0.033025741;-0.042653342;0.923886146;2.709708003;0.033044513;1;0;0
17:22:39.880317;-0.033025741;-0.034122674;0.912433273;2.707499355;0.031932455;1;0;0
17:22:39.889980;-0.033025741;-0.027298139;0.901241943;2.705441368;0.037618052;1;0;0
17:22:39.901630;-0.035057945;-0.056943771;0.888274368;2.70283274;0.036481578;1;0;0
17:22:39.911360;-0.035057945;-0.045555017;0.877259483;2.700736851;0.037738383;1;0;0
17:22:39.921738;-0.035057945;-0.036444013;0.866182525;2.698740492;0.038356293;1;0;0
17:22:39.932500;-0.035057945;-0.029155211;0.855186411;2.696869232;0.044250477;1;0;0
17:22:39.942832;-0.035057945;-0.023324169;0.84498924;2.695232306;0.047478624;1;0;0
17:22:39.952821;-0.035057945;-0.018659335;0.834952845;2.69371347;0.050596297;1;0;0
17:22:39.963401;-0.035057945;-0.014927468;0.824454226;2.692222354;0.052937489;1;0;0
17:22:39.973826;-0.035057945;-0.011941974;0.814324487;2.690877862;0.054524112;1;0;0
17:22:39.985038;-0.035057945;-0.009553579;0.804366368;2.68964579;0.059181523;1;0;0
17:22:39.995877;-0.036071437;-0.026534269;0.794479074;2.688335818;0.061064836;1;0;0
17:22:40.006605;-0.038102751;-0.058821507;0.784358487;2.686745893;0.058529705;1;0;0
17:22:40.016672;-0.038102751;-0.047057206;0.774744322;2.685344025;0.051629551;1;0;0
17:22:40.027257;-0.038102751;-0.037645765;0.765705288;2.684121347;0.047988359;1;0;0
17:22:40.037958;-0.038102751;-0.030116612;0.75652295;2.682972595;0.04336543;1;0;0
17:22:40.049843;-0.040133683;-0.05881193;0.746168282;2.681407902;0.031996027;1;0;0
17:22:40.059245;-0.04115228;-0.067147494;0.737249607;2.680007234;0.022676399;1;0;0
17:22:40.070040;-0.04115228;-0.053717995;0.728588277;2.678748428;0.019331645;1;0;0
17:22:40.081044;-0.04115228;-0.042974396;0.719488231;2.677531753;0.022813214;1;0;0
17:22:40.090756;-0.042171004;-0.054609855;0.711092016;2.676339229;0.021388533;1;0;0
17:22:40.100983;-0.042171004;-0.043687884;0.702364486;2.675201071;0.02019852;1;0;0
17:22:40.110991;-0.042171004;-0.034950307;0.694364645;2.674246583;0.021296669;1;0;0
17:22:40.122078;-0.043189854;-0.048198951;0.686376287;2.673208937;0.021998102;1;0;0
17:22:40.132803;-0.043189854;-0.038559161;0.678291627;2.67224816;0.026059994;1;0;0
17:22:40.142046;-0.042177389;-0.011395309;0.670610756;2.671588092;0.034847479;1;0;0
17:22:40.152172;-0.042177389;-0.009116247;0.663329936;2.671024735;0.046078566;1;0;0
17:22:40.162560;-0.043196362;-0.027534519;0.656005735;2.670342033;0.052536886;1;0;0
17:22:40.173505;-0.043196362;-0.022027615;0.6479592;2.669667849;0.057378877;1;0;0
17:22:40.183579;-0.043196362;-0.017622092;0.640889179;2.669138204;0.062979288;1;0;0
17:22:40.194260;-0.04522792;-0.054218798;0.633595984;2.668298299;0.061830312;1;0;0
17:22:40.203861;-0.045483136;-0.048434319;0.626447024;2.667505521;0.055406902;1;0;0
17:22:40.213887;-0.046496044;-0.058831044;0.619271362;2.666612445;0.0433001;1;0;0
17:22:40.224429;-0.046496044;-0.047064835;0.612274212;2.665815338;0.039194163;1;0;0
17:22:40.235298;-0.046496044;-0.037651868;0.605044828;2.665065116;0.030673932;1;0;0
17:22:40.246652;-0.047515257;-0.047765157;0.597168114;2.664132964;0.021514369;1;0;0
17:22:40.256940;-0.047515257;-0.038212126;0.590433251;2.663407827;0.019326637;1;0;0
17:22:40.266935;-0.047515257;-0.030569701;0.583421368;2.662719765;0.023918677;1;0;0
17:22:40.278604;-0.046247132;-0.001174544;0.57673793;2.662355586;0.033756342;1;0;0
17:22:40.289503;-0.046247132;-0.000939636;0.57019677;2.662039187;0.041673698;1;0;0
17:22:40.299070;-0.047266462;-0.020989301;0.564037999;2.661593249;0.050335024;1;0;0
17:22:40.309740;-0.047266462;-0.016791441;0.557937306;2.661191535;0.055431653;1;0;0
17:22:40.321524;-0.047266462;-0.013433153;0.550807087;2.660768643;0.059045233;1;0;0
17:22:40.332868;-0.046253997;0.007795822;0.544692351;2.660635564;0.06614133;1;0;0
17:22:40.342415;-0.046253997;0.006236658;0.539126897;2.660529435;0.070304185;1;0;0
17:22:40.353419;-0.046253997;0.004989326;0.533272551;2.660431098;0.076175697;1;0;0
17:22:40.363553;-0.045241019;0.022710832;0.527647206;2.660546759;0.07791201;1;0;0
17:22:40.374843;-0.045241019;0.018168666;0.522121215;2.660653443;0.085322753;1;0;0
17:22:40.385180;-0.045241019;0.014534933;0.516654791;2.66075148;0.089070857;1;0;0
17:22:40.395101;-0.045241019;0.011627946;0.51155981;2.660835519;0.090353452;1;0;0
17:22:40.406549;-0.045241019;0.009302357;0.506170124;2.660916084;0.08996892;1;0;0
17:22:40.416038;-0.04397571;0.032424874;0.501372227;2.661221052;0.085464962;1;0;0
17:22:40.427551;-0.04397571;0.025939899;0.496335366;2.661511157;0.077702709;1;0;0
17:22:40.437523;-0.04397571;0.020751919;0.491332952;2.661770209;0.072791435;1;0;0
17:22:40.448714;-0.04397571;0.016601535;0.486430902;2.661997184;0.067447238;1;0;0
17:22:40.459449;-0.04397571;0.013281228;0.481336614;2.662206025;0.065772161;1;0;0
17:22:40.470101;-0.04397571;0.010624983;0.476415578;2.662382605;0.062964022;1;0;0
17:22:40.480262;-0.044995154;-0.010514455;0.471284062;2.662332061;0.061631378;1;0;0
17:22:40.491432;-0.045001672;-0.008531336;0.466123738;2.662273354;0.055430099;1;0;0
17:22:40.503177;-0.045001672;-0.006825069;0.461145792;2.662209909;0.040815577;1;0;0
17:22:40.512421;-0.046074461;-0.025391538;0.455923214;2.661923286;0.029776586;1;0;0
17:22:40.523062;-0.045060915;-0.000252924;0.451272928;2.661856572;0.021871768;1;0;0
17:22:40.536112;-0.046079655;-0.017354334;0.445633335;2.661544058;0.01266554;1;0;0
17:22:40.545300;-0.045065602;0.006188659;0.441088897;2.661479348;0.014279335;1;0;0
17:22:40.555101;-0.046084448;-0.014193395;0.436139833;2.661198772;0.011771916;1;0;0
17:22:40.565673;-0.046084448;-0.011354716;0.431511626;2.660940364;0.015802981;1;0;0
17:22:40.575896;-0.046084448;-0.009083773;0.426645117;2.6606717;0.017286465;1;0;0
17:22:40.587324;-0.046084448;-0.007267018;0.421771383;2.660404724;0.016099924;1;0;0
17:22:40.597745;-0.046084448;-0.005813615;0.417220365;2.660156444;0.017536586;1;0;0
17:22:40.608617;-0.047103397;-0.023247303;0.412204575;2.659685236;0.011821986;1;0;0
17:22:40.618561;-0.046088841;0.000640546;0.407647926;2.659452124;0.013823755;1;0;0
17:22:40.630113;-0.046088841;0.000512437;0.403020672;2.659213074;0.012980491;1;0;0
17:22:40.639989;-0.046088841;0.00040995;0.398646391;2.658984498;0.017844319;1;0;0
17:22:40.650526;-0.046088841;0.00032796;0.394164113;2.658747277;0.017378755;1;0;0
17:22:40.661398;-0.046088841;0.000262368;0.389903529;2.65851867;0.021768909;1;0;0
17:22:40.671527;-0.046088841;0.000209894;0.385481348;2.658277915;0.023440555;1;0;0
17:22:40.683315;-0.046088841;0.000167915;0.381048075;2.658032784;0.021717539;1;0;0
17:22:40.693071;-0.046088841;0.000134332;0.377005645;2.657805827;0.020693516;1;0;0
17:22:40.703760;-0.046088841;0.000107466;0.372730892;2.657562155;0.016107205;1;0;0
17:22:40.714745;-0.046088841;8.60E-05;0.368553956;2.657320349;0.018728675;1;0;0
17:22:40.724860;-0.046088841;6.88E-05;0.364618077;2.65708912;0.016180487;1;0;0
17:22:40.735718;-0.045069891;0.018757372;0.36062543;2.657047754;0.017480087;1;0;0
17:22:40.745812;-0.045069891;0.015005897;0.356876515;2.65699156;0.02032732;1;0;0
17:22:40.755351;-0.045069891;0.012004718;0.353222336;2.656921695;0.02526978;1;0;0
17:22:40.765792;-0.045069891;0.009603774;0.349429121;2.656834465;0.025009943;1;0;0
17:22:40.776668;-0.046084448;-0.012083016;0.34556745;2.656540056;0.024637407;1;0;0
17:22:40.786377;-0.046084448;-0.009666413;0.341737246;2.656249017;0.025160169;1;0;0
17:22:40.798579;-0.046084448;-0.00773313;0.337504759;2.65592846;0.018616194;1;0;0
17:22:40.808692;-0.046084448;-0.006186504;0.333820553;2.655650298;0.01552719;1;0;0
17:22:40.819262;-0.046084448;-0.004949203;0.329984003;2.6553615;0.010645348;1;0;0
17:22:40.829469;-0.046084448;-0.003959363;0.326402097;2.655092703;0.008903003;1;0;0
17:22:40.839000;-0.046084448;-0.00316749;0.32285413;2.654827304;0.006299069;1;0;0
17:22:40.850239;-0.046084448;-0.002533992;0.319139843;2.65455046;0.010224566;1;0;0
17:22:40.860054;-0.046084448;-0.002027194;0.315685745;2.654294025;0.012780788;1;0;0
17:22:40.870823;-0.046084448;-0.001621755;0.312127437;2.654031006;0.016628573;1;0;0
17:22:40.881178;-0.046084448;-0.001297404;0.30847913;2.653762702;0.01999763;1;0;0
17:22:40.891327;-0.046084448;-0.001037923;0.305144858;2.653518863;0.017383788;1;0;0
17:22:40.901941;-0.046084448;-0.000830339;0.301828008;2.653277757;0.01488703;1;0;0
17:22:40.913077;-0.046084448;-0.000664271;0.298309555;2.653023782;0.013398944;1;0;0
17:22:40.923729;-0.046084448;-0.000531417;0.29480057;2.652772542;0.013934555;1;0;0
17:22:40.934213;-0.046084448;-0.000425133;0.291515797;2.652539429;0.017124588;1;0;0
17:22:40.945103;-0.046084448;-0.000340107;0.288150496;2.652302911;0.019882826;1;0;0
17:22:40.955149;-0.046084448;-0.000272085;0.285042899;2.652086793;0.022509063;1;0;0
17:22:40.965901;-0.046084448;-0.000217668;0.281772094;2.651861933;0.02423661;1;0;0
17:22:40.976443;-0.045069891;0.019061451;0.278802809;2.651849312;0.02295565;1;0;0
17:22:40.987045;-0.045065602;0.015330768;0.275865409;2.65182691;0.022871276;1;0;0
17:22:40.997069;-0.046084448;-0.007917554;0.272869857;2.651601477;0.023095246;1;0;0
17:22:41.007325;-0.046084448;-0.006334043;0.269803885;2.651375787;0.021042278;1;0;0
17:22:41.018316;-0.046084448;-0.005067235;0.266691351;2.65115204;0.018553086;1;0;0
17:22:41.028349;-0.046084448;-0.004053788;0.263664623;2.650939813;0.018628793;1;0;0
17:22:41.038895;-0.046084448;-0.00324303;0.260822311;2.650745478;0.015000513;1;0;0
17:22:41.049555;-0.046084448;-0.002594424;0.257897807;2.650550702;0.012487675;1;0;0
17:22:41.060592;-0.046084448;-0.002075539;0.254922521;2.65035812;0.009906466;1;0;0
17:22:41.070205;-0.0470985;-0.02168906;0.251989115;2.649991171;0.009126091;1;0;0
17:22:41.080336;-0.0470985;-0.017351248;0.249009028;2.649635044;0.008527125;1;0;0
17:22:41.090908;-0.04811745;-0.034029528;0.245987893;2.649117147;0.003181225;1;0;0
17:22:41.101016;-0.049130996;-0.04649153;0.242713938;2.648413824;-0.000788208;1;0;0
17:22:41.112220;-0.050150048;-0.056357849;0.239287788;2.647550557;-0.008373274;1;0;0
17:22:41.123385;-0.050150048;-0.04508628;0.23579085;2.646712994;-0.016949147;1;0;0
17:22:41.134393;-0.050150048;-0.036069024;0.232730176;2.646016175;-0.020959737;1;0;0
17:22:41.145175;-0.050150048;-0.028855219;0.229548051;2.645327679;-0.022747405;1;0;0
17:22:41.154334;-0.052188448;-0.061309387;0.226080561;2.644289767;-0.024618525;1;0;0
17:22:41.165832;-0.052188448;-0.049047509;0.222678624;2.643319919;-0.021144591;1;0;0
17:22:41.176905;-0.053458645;-0.0625626;0.219117301;2.642164379;-0.016213784;1;0;0
17:22:41.186157;-0.053458645;-0.05005008;0.215923209;2.641175149;-0.013541099;1;0;0
17:22:41.196490;-0.055246759;-0.075417459;0.212506514;2.639923792;-0.015996827;1;0;0
17:22:41.206489;-0.056511614;-0.085289263;0.208971683;2.638525092;-0.019430561;1;0;0
17:22:41.216763;-0.057531233;-0.088351201;0.205388622;2.637041765;-0.024534058;1;0;0
17:22:41.226972;-0.057531233;-0.070680961;0.201979015;2.635683772;-0.028175773;1;0;0
17:22:41.238328;-0.057531233;-0.056544769;0.198445831;2.634334047;-0.025321683;1;0;0
17:22:41.249634;-0.057531233;-0.045235815;0.195085739;2.633106981;-0.020492259;1;0;0
17:22:41.259269;-0.057531233;-0.036188652;0.192024383;2.632038841;-0.009439603;1;0;0
17:22:41.270729;-0.058550938;-0.048489196;0.188843668;2.630845763;-0.000907298;1;0;0
17:22:41.280086;-0.058550938;-0.038791357;0.185656307;2.629703594;0.012569411;1;0;0
17:22:41.291518;-0.058550938;-0.031033085;0.182661879;2.628681128;0.021622891;1;0;0
17:22:41.302403;-0.058550938;-0.024826468;0.17977099;2.627742127;0.029752672;1;0;0
17:22:41.312606;-0.058550938;-0.019861175;0.177126515;2.626925851;0.03349122;1;0;0
17:22:41.322153;-0.058550938;-0.01588894;0.174615867;2.626189659;0.037755728;1;0;0
17:22:41.334721;-0.059570728;-0.02992802;0.171555256;2.625179352;0.043686964;1;0;0
17:22:41.344964;-0.059570728;-0.023942416;0.169050261;2.624395833;0.046238914;1;0;0
17:22:41.354939;-0.059570728;-0.019153933;0.166568181;2.623659184;0.052460112;1;0;0
17:22:41.365069;-0.059570728;-0.015323146;0.164251203;2.623008127;0.055970464;1;0;0
17:22:41.375029;-0.059570728;-0.012258517;0.162010204;2.622412809;0.061674822;1;0;0
17:22:41.384423;-0.06058422;-0.029936343;0.159657982;2.621680062;0.058441479;1;0;0
17:22:41.394812;-0.06058422;-0.023949075;0.15738019;2.621007304;0.05697966;1;0;0
17:22:41.405535;-0.061597198;-0.038915039;0.154963756;2.620192329;0.048344288;1;0;0
17:22:41.416670;-0.061597198;-0.031132031;0.152671201;2.619457825;0.046274871;1;0;0
17:22:41.425460;-0.062609662;-0.044917887;0.150278141;2.618597367;0.03852785;1;0;0
17:22:41.435255;-0.063629536;-0.055984984;0.14777875;2.617613939;0.033105239;1;0;0
17:22:41.445532;-0.063884752;-0.049830562;0.145352996;2.616671701;0.028379917;1;0;0
17:22:41.456877;-0.063884752;-0.03986445;0.142876141;2.615754442;0.023974337;1;0;0
17:22:41.466414;-0.063884752;-0.03189156;0.140671872;2.614977983;0.0219716;1;0;0
17:22:41.477334;-0.063884752;-0.025513248;0.138549596;2.614267383;0.024098232;1;0;0
17:22:41.487123;-0.064904706;-0.040585598;0.136321221;2.613428544;0.029750725;1;0;0
17:22:41.497342;-0.064904706;-0.032468478;0.134169414;2.612656939;0.034766477;1;0;0
17:22:41.507162;-0.064904706;-0.025974783;0.13204519;2.611933896;0.040400751;1;0;0
17:22:41.518220;-0.064904706;-0.020779826;0.1300867;2.611302705;0.045954622;1;0;0
17:22:41.528996;-0.065917614;-0.035327806;0.127875623;2.610488522;0.04824847;1;0;0
17:22:41.540007;-0.065910048;-0.02812144;0.12578381;2.609759555;0.047997043;1;0;0
17:22:41.549823;-0.066921916;-0.042328989;0.123692412;2.60894096;0.044497613;1;0;0
17:22:41.560726;-0.065902042;-0.016238772;0.12165145;2.60831964;0.043463353;1;0;0
17:22:41.572097;-0.066913387;-0.031640847;0.119618961;2.607595428;0.044021145;1;0;0
17:22:41.582661;-0.066913387;-0.025312677;0.117757244;2.60696795;0.043870579;1;0;0
17:22:41.593570;-0.068184733;-0.045503987;0.115794012;2.606180399;0.041713957;1;0;0
17:22:41.602045;-0.068184733;-0.03640319;0.113917275;2.605462256;0.039590538;1;0;0
17:22:41.613360;-0.067164942;-0.009969545;0.112226956;2.604975965;0.043179233;1;0;0
17:22:41.623426;-0.066145237;0.011036025;0.110794074;2.604739233;0.044142857;1;0;0
17:22:41.635129;-0.066145237;0.00882882;0.109379217;2.604528809;0.047538657;1;0;0
17:22:41.646692;-0.066145237;0.007063056;0.107920438;2.604336249;0.04920904;1;0;0
17:22:41.657047;-0.065125619;0.024477918;0.106809377;2.604388059;0.064511791;1;0;0
17:22:41.667390;-0.06410609;0.039829807;0.105982227;2.604632389;0.075966984;1;0;0
17:22:41.679291;-0.06410609;0.031863846;0.105113623;2.604878341;0.089822575;1;0;0
17:22:41.688301;-0.065117338;0.00656109;0.10403566;2.604917645;0.091939241;1;0;0
17:22:41.699238;-0.065117338;0.005248872;0.103036952;2.604961565;0.089340776;1;0;0
17:22:41.709386;-0.0640979;0.023912995;0.102222252;2.605208296;0.088425659;1;0;0
17:22:41.719051;-0.0640979;0.019130396;0.101424648;2.605440198;0.080829293;1;0;0
17:22:41.729553;-0.0640979;0.015304317;0.100629661;2.605662829;0.075098172;1;0;0
17:22:41.740540;-0.0640979;0.012243454;0.099834875;2.605877778;0.06561628;1;0;0
17:22:41.750528;-0.0640979;0.009794763;0.099034485;2.606087323;0.063678987;1;0;0
17:22:41.761501;-0.063078556;0.025378083;0.098337602;2.606537347;0.058151003;1;0;0
17:22:41.771102;-0.063078556;0.020302467;0.097715183;2.60690668;0.059710532;1;0;0
17:22:41.781573;-0.062059307;0.036387493;0.097270215;2.607448253;0.058077503;1;0;0
17:22:41.791289;-0.062059307;0.029109994;0.09679101;2.607963474;0.055538908;1;0;0
17:22:41.801640;-0.061040156;0.042971223;0.0964753;2.608648489;0.057412356;1;0;0
17:22:41.811967;-0.061040156;0.034376978;0.096128717;2.60927183;0.05372585;1;0;0
17:22:41.822735;-0.061040156;0.027501583;0.095731824;2.609877536;0.054144848;1;0;0
17:22:41.832167;-0.060021104;0.042188584;0.095506111;2.610617228;0.056873333;1;0;0
17:22:41.843689;-0.060021104;0.033750867;0.095213001;2.611358112;0.05930816;1;0;0
17:22:41.853120;-0.060012873;0.027164195;0.094899774;2.612002;0.061314892;1;0;0
17:22:41.863640;-0.060012873;0.021731356;0.094548303;2.612607005;0.055981033;1;0;0
17:22:41.873539;-0.061023061;-0.002668244;0.093975443;2.612983846;0.046933841;1;0;0
17:22:41.884188;-0.061286975;-0.007198639;0.093317576;2.613302068;0.035842188;1;0;0
17:22:41.894598;-0.061286975;-0.005758911;0.092625875;2.613616667;0.021774404;1;0;0
17:22:41.905317;-0.061286975;-0.004607129;0.091973712;2.613896913;0.010631175;1;0;0
17:22:41.915366;-0.060268129;0.016305252;0.091502623;2.614360938;0.002869807;1;0;0
17:22:41.926301;-0.060268129;0.013044201;0.090973345;2.614829122;-0.000405353;1;0;0
17:22:41.937066;-0.059249389;0.0293595;0.090633167;2.615466619;0.000110102;1;0;0
17:22:41.946908;-0.059249389;0.0234876;0.090279639;2.616025841;0.00406148;1;0;0
17:22:41.957623;-0.059249389;0.01879008;0.089877491;2.61657448;0.008786346;1;0;0
17:22:41.968470;-0.058230758;0.033953088;0.089639483;2.617302964;0.016616348;1;0;0
17:22:41.979113;-0.058230758;0.02716247;0.089358474;2.617973294;0.020107022;1;0;0
17:22:41.990094;-0.058230758;0.021729976;0.089032294;2.618606162;0.025451083;1;0;0
17:22:42.001737;-0.058222842;0.017528385;0.088662286;2.619210251;0.022652408;1;0;0
17:22:42.011118;-0.058222842;0.014022708;0.088267098;2.619761344;0.019734461;1;0;0
17:22:42.021877;-0.058222842;0.011218167;0.087837299;2.620282842;0.013760754;1;0;0
17:22:42.032140;-0.056948323;0.033647799;0.087644963;2.620997016;0.01464445;1;0;0
17:22:42.043111;-0.056948323;0.026918239;0.087392799;2.621700781;0.01569508;1;0;0
17:22:42.053770;-0.055873686;0.041440552;0.087314161;2.622565367;0.018411893;1;0;0
17:22:42.063845;-0.054854356;0.053284925;0.087377467;2.623513214;0.020755831;1;0;0
17:22:42.075504;-0.054854356;0.04262794;0.087372591;2.624457865;0.022658858;1;0;0
17:22:42.086642;-0.053835144;0.052762116;0.087505429;2.625545981;0.026287157;1;0;0
17:22:42.097254;-0.053835144;0.042209693;0.08755572;2.626545075;0.027672667;1;0;0
17:22:42.108163;-0.053835144;0.033767754;0.087532664;2.627468826;0.029112225;1;0;0
17:22:42.119049;-0.053835144;0.027014203;0.087437017;2.628369404;0.023591271;1;0;0
17:22:42.130543;-0.052824956;0.040859294;0.087487862;2.629338369;0.021192428;1;0;0
17:22:42.139568;-0.051805862;0.052344663;0.087667176;2.630425815;0.017926622;1;0;0
17:22:42.150855;-0.051805862;0.04187573;0.087767739;2.631449039;0.016655281;1;0;0
17:22:42.161613;-0.051805862;0.033500584;0.087793768;2.632410873;0.015044822;1;0;0
17:22:42.171572;-0.050795144;0.045455058;0.087953451;2.633522846;0.015439875;1;0;0
17:22:42.182488;-0.049776171;0.055112283;0.088235319;2.634762398;0.022246942;1;0;0
17:22:42.193400;-0.049776171;0.044089826;0.088419787;2.635904635;0.02355391;1;0;0
17:22:42.203419;-0.049776171;0.035271861;0.088512889;2.636892985;0.021487262;1;0;0
17:22:42.215580;-0.049776171;0.028217489;0.088535683;2.637885799;0.014410282;1;0;0
17:22:42.224803;-0.049776171;0.022573991;0.088490159;2.63875037;0.009794674;1;0;0
17:22:42.235444;-0.049776171;0.018059193;0.088381247;2.639583168;0.001217773;1;0;0
17:22:42.246380;-0.048764924;0.033986046;0.088417092;2.640534114;-0.001971938;1;0;0
